name,name_normalized,score_dry,score_oily,score_combination,score_normal,score_sensitive,score_mature,score_pregnancy_safe,good_tags,avoid_tags,source,product_frequency,category,category_tr,description_tr,dry_effect,dry_reason_tr,oily_effect,oily_reason_tr,combination_effect,combination_reason_tr,normal_effect,normal_reason_tr,sensitive_effect,sensitive_reason_tr,mature_effect,mature_reason_tr,pregnancy_safe_effect,pregnancy_safe_reason_tr
"1,2-Hexanediol",12hexanediol,0,0,0,0,0,0,0,,,manual_v2,0,Preservative,Koruyucu / Nemlendirici,"Çift fonksiyonlu bileşen; hem antimikrobiyal koruyucu hem hafif nemlendirici olarak çalışır, diğer koruyucuların etkinliğini artırarak daha temiz formülasyonlara olanak tanır.",neutral,,neutral,,neutral,,neutral,,neutral,,neutral,,neutral,
1-Methylhydantoin-2-Imide,1methylhydantoin2imide,0,0,0,0,0,0,0,,,manual_v2,0,Preservative,Koruyucu Destekçi,Antimikrobiyal aktiviteyi destekleyen yardımcı koruyucu; formülasyonun mikrobiyal kontaminasyona karşı direncini artırarak ürün güvenliğini sağlar.,neutral,,neutral,,neutral,,neutral,,neutral,,neutral,,neutral,
2-Bromo-2-Nitropropane-1,2bromo2nitropropane1,0,0,0,0,0,0,0,,,top1000,55,Skincare Ingredient,Cilt Bakım Bileşeni,"2-bromo-2-nitropropane-1, kozmetik formülasyonlarda kullanılan yardımcı bileşen; ürünün doku, stabilite veya uygulama özelliklerine katkıda bulunur.",neutral,,neutral,,neutral,,neutral,,neutral,,neutral,,neutral,
2-Hexanediol,2hexanediol,0,0,0,0,0,0,0,,,top1000,329,Skincare Ingredient,Cilt Bakım Bileşeni,"2-hexanediol, kozmetik formülasyonlarda kullanılan yardımcı bileşen; ürünün doku, stabilite veya uygulama özelliklerine katkıda bulunur.",neutral,,neutral,,neutral,,neutral,,neutral,,neutral,,neutral,
2-Methylresorcinol,2methylresorcinol,0,0,0,0,0,0,0,,,top1000,35,Skincare Ingredient,Cilt Bakım Bileşeni,"2-methylresorcinol, kozmetik formülasyonlarda kullanılan yardımcı bileşen; ürünün doku, stabilite veya uygulama özelliklerine katkıda bulunur.",neutral,,neutral,,neutral,,neutral,,neutral,,neutral,,neutral,
2-Oleamido-1,2oleamido1,0,0,0,0,0,0,0,,,top1000,79,Skincare Ingredient,Cilt Bakım Bileşeni,"2-oleamido-1, kozmetik formülasyonlarda kullanılan yardımcı bileşen; ürünün doku, stabilite veya uygulama özelliklerine katkıda bulunur.",neutral,,neutral,,neutral,,neutral,,neutral,,neutral,,neutral,
"2-Oleamido-1,3-Octadecanediol",2oleamido13octadecanediol,2,0,0,0,2,0,0,Impaired skin barrier|Dry and dehydrated skin,,manual_v2,0,Ceramide,Seramid Benzeri Lipit,"Cildin doğal sfingolipitlerine benzeyen sentetik lipit; seramidlerle birlikte çalışarak cilt bariyerini güçlendirir, nem kaybını azaltır ve hassas cildin dayanıklılığını artırır.",beneficial,"Cildin doğal sfingolipitlerine benzeyen sentetik lipit; seramidlerle birlikte çalışarak cilt bariyerini güçlendirir, nem",neutral,,neutral,,neutral,,beneficial,"Cildin doğal sfingolipitlerine benzeyen sentetik lipit; seramidlerle birlikte çalışarak cilt bariyerini güçlendirir, nem",neutral,,neutral,
3-Diol,3diol,0,0,0,0,0,0,0,,,top1000,51,Skincare Ingredient,Cilt Bakım Bileşeni,"3-diol, kozmetik formülasyonlarda kullanılan yardımcı bileşen; ürünün doku, stabilite veya uygulama özelliklerine katkıda bulunur.",neutral,,neutral,,neutral,,neutral,,neutral,,neutral,,neutral,
3-O-Ethyl Ascorbic Acid,3oethylascorbicacid,1,1,1,1,1,2,0,Pigmentation|Radiance|Fine Lines|Anyone,,manual_v2,0,Vitamin C,C Vitamini (Etil Askorbik Asit),"C vitamininin en stabil ve etkili türevlerinden biri; hem yağda hem suda çözünür, doğrudan aktif form olarak çalışır, güçlü aydınlatma, antioksidan koruma ve kolajen sentezi desteği sağlar, tahriş riski düşüktür.",neutral,,neutral,,neutral,,neutral,,neutral,,beneficial,"C vitamininin en stabil ve etkili türevlerinden biri; hem yağda hem suda çözünür, doğrudan aktif form olarak çalışır, gü",neutral,
3-Octadecanediol,3octadecanediol,0,0,0,0,0,0,0,,,top1000,75,Skincare Ingredient,Cilt Bakım Bileşeni,"3-octadecanediol, kozmetik formülasyonlarda kullanılan yardımcı bileşen; ürünün doku, stabilite veya uygulama özelliklerine katkıda bulunur.",neutral,,neutral,,neutral,,neutral,,neutral,,neutral,,neutral,
5-Diamine,5diamine,0,0,0,0,0,0,0,,,top1000,44,Skincare Ingredient,Cilt Bakım Bileşeni,"5-diamine, kozmetik formülasyonlarda kullanılan yardımcı bileşen; ürünün doku, stabilite veya uygulama özelliklerine katkıda bulunur.",neutral,,neutral,,neutral,,neutral,,neutral,,neutral,,neutral,
Acacia Senegal Gum,acaciasenegalgum,0,0,0,0,0,0,0,,,top1000,68,Skincare Ingredient,Kıvam Artırıcı / Stabilizatör,"acacia senegal gum, formülasyona kıvam ve stabilite kazandıran polimer; ürünün dokusunu iyileştirir ve bileşenlerin homojen dağılmasını sağlar.",neutral,,neutral,,neutral,,neutral,,neutral,,neutral,,neutral,
Acetic Acid,aceticacid,0,0,0,0,0,0,0,,,top1000,58,Skincare Ingredient,Cilt Bakım Bileşeni,"acetic acid, kozmetik formülasyonlarda kullanılan yardımcı bileşen; ürünün doku, stabilite veya uygulama özelliklerine katkıda bulunur.",neutral,,neutral,,neutral,,neutral,,neutral,,neutral,,neutral,
Acetyl Cedrene,acetylcedrene,0,0,0,0,0,0,0,,,top1000,28,Skincare Ingredient,Cilt Bakım Bileşeni,"acetyl cedrene, kozmetik formülasyonlarda kullanılan yardımcı bileşen; ürünün doku, stabilite veya uygulama özelliklerine katkıda bulunur.",neutral,,neutral,,neutral,,neutral,,neutral,,neutral,,neutral,
Acetyl Dipeptide-1 Cetyl Ester,acetyldipeptide1cetylester,1,0,0,0,3,1,0,Redness|Impaired skin barrier,,manual_v2,0,Peptide,Peptit (Calmosensine),"Sentetik dipeptit türevi; sinir uçlarındaki hassasiyeti azaltarak cildi yatıştırır, kızarıklık ve tahriş hissini hafifletir, hassas cilt formülasyonlarında tercih edilir.",neutral,,neutral,,neutral,,neutral,,beneficial,"Sentetik dipeptit türevi; sinir uçlarındaki hassasiyeti azaltarak cildi yatıştırır, kızarıklık ve tahriş hissini hafifle",neutral,,neutral,
Acetyl Hexapeptide-8,acetylhexapeptide8,0,0,0,0,0,3,0,Fine Lines|Wrinkles,,manual_v2,0,Peptide,Peptit (Argireline),Botoks benzeri etki gösteren nöropeptit; kas kasılmalarının yoğunluğunu azaltarak mimik çizgileri ve ifade kırışıklıklarının görünümünü hafifletir.,neutral,,neutral,,neutral,,neutral,,neutral,,beneficial,Botoks benzeri etki gösteren nöropeptit; kas kasılmalarının yoğunluğunu azaltarak mimik çizgileri ve ifade kırışıklıklar,neutral,
Acetyl Tributyl Citrate,acetyltributylcitrate,0,0,0,0,0,0,0,,,top1000,40,Skincare Ingredient,Cilt Bakım Bileşeni,"acetyl tributyl citrate, kozmetik formülasyonlarda kullanılan yardımcı bileşen; ürünün doku, stabilite veya uygulama özelliklerine katkıda bulunur.",neutral,,neutral,,neutral,,neutral,,neutral,,neutral,,neutral,
Acetylated Glycol Stearate,acetylatedglycolstearate,1,0,0,0,0,0,0,,,manual_v2,0,Emollient,Yumuşatıcı,Asetillenmiş glikol stearatı; cildi yumuşatan ve formülasyona kremsi doku kazandıran yumuşatıcı ester.,neutral,,neutral,,neutral,,neutral,,neutral,,neutral,,neutral,
Achillea Maritima Callus Lysate,achilleamaritimacalluslysate,0,0,0,0,0,3,0,Fine Lines|Wrinkles|Elasticity,,manual_v2,0,Botanical Extract,Bitki Kök Hücre Lizatı,Deniz civanperçeminin kök hücre kültüründen elde edilen biyoteknolojik ekstrakt; cildin kendi kök hücrelerini koruyarak yaşlanmayı yavaşlatır ve hücre yenilenmesini destekler.,neutral,,neutral,,neutral,,neutral,,neutral,,beneficial,Deniz civanperçeminin kök hücre kültüründen elde edilen biyoteknolojik ekstrakt; cildin kendi kök hücrelerini koruyarak ,neutral,
Acmella Oleracea Extract,acmellaoleraceaextract,0,0,0,0,0,3,0,Fine Lines|Wrinkles|Elasticity,,manual_v2,0,Botanical Extract,Bitkisel Ekstrakt (Jambu / Doğal Botoks),Jambu çiçeğinden elde edilen 'doğal botoks' olarak bilinen ekstrakt; spilanthol bileşeniyle kas mikro kasılmalarını gevşeterek ifade çizgilerini yumuşatır ve cildi sıkılaştırır.,neutral,,neutral,,neutral,,neutral,,neutral,,beneficial,Jambu çiçeğinden elde edilen 'doğal botoks' olarak bilinen ekstrakt; spilanthol bileşeniyle kas mikro kasılmalarını gevş,neutral,
Acrylamide/Sodium Acryloyldimethyltaurate Copolymer,acrylamidesodiumacryloyldimethyltauratecopolymer,0,0,0,0,0,0,0,,,manual_v2,0,Skincare Ingredient,Kıvam Artırıcı / Stabilizatör,"Sentetik kopolimer; formülasyona kremsi ve pürüzsüz kıvam kazandırır, emülsiyon stabilitesini sağlar.",neutral,,neutral,,neutral,,neutral,,neutral,,neutral,,neutral,
Acrylates Copolymer,acrylatescopolymer,0,0,0,0,0,0,0,,,top1000,367,Skincare Ingredient,Kıvam Artırıcı / Stabilizatör,"acrylates copolymer, formülasyona kıvam ve stabilite kazandıran polimer; ürünün dokusunu iyileştirir ve bileşenlerin homojen dağılmasını sağlar.",neutral,,neutral,,neutral,,neutral,,neutral,,neutral,,neutral,
Acrylates/C10-30 Alkyl Acrylate Crosspolymer,acrylatesc1030alkylacrylatecrosspolymer,0,0,0,0,0,0,0,,,top1000,455,Skincare Ingredient,Kıvam Artırıcı / Stabilizatör,"acrylates/c10-30 alkyl acrylate crosspolymer, formülasyona kıvam ve stabilite kazandıran polimer; ürünün dokusunu iyileştirir ve bileşenlerin homojen dağılmasını sağlar.",neutral,,neutral,,neutral,,neutral,,neutral,,neutral,,neutral,
Adansonia Digitata Seed Extract,adansoniadigitataseedextract,2,0,0,1,0,1,0,Dry and dehydrated skin|Radiance,,manual_v2,0,Botanical Extract,Bitkisel Ekstrakt (Baobab),"Afrika baobab ağacının tohumundan elde edilen ekstrakt; zengin C vitamini ve antioksidan içeriğiyle cildi besler, nemlendirir ve çevresel strese karşı koruma sağlar.",beneficial,"Afrika baobab ağacının tohumundan elde edilen ekstrakt; zengin C vitamini ve antioksidan içeriğiyle cildi besler, nemlen",neutral,,neutral,,neutral,,neutral,,neutral,,neutral,
Adenosine,adenosine,0,0,0,0,0,0,0,,,top1000,45,Skincare Ingredient,Cilt Bakım Bileşeni,"adenosine, kozmetik formülasyonlarda kullanılan yardımcı bileşen; ürünün doku, stabilite veya uygulama özelliklerine katkıda bulunur.",neutral,,neutral,,neutral,,neutral,,neutral,,neutral,,neutral,
Adipic Acid/Neopentyl Glycol/Trimellitic Anhydride Copolymer,adipicacidneopentylglycoltrimelliticanhydridecopolymer,1,0,0,0,0,0,0,,,top1000,28,Skincare Ingredient,Kıvam Artırıcı / Stabilizatör,"adipic acid/neopentyl glycol/trimellitic anhydride copolymer, formülasyona kıvam ve stabilite kazandıran polimer; ürünün dokusunu iyileştirir ve bileşenlerin homojen dağılmasını sağlar.",neutral,,neutral,,neutral,,neutral,,neutral,,neutral,,neutral,
Agua,agua,0,0,0,0,0,0,0,,,top1000,31,Skincare Ingredient,Cilt Bakım Bileşeni,"agua, kozmetik formülasyonlarda kullanılan yardımcı bileşen; ürünün doku, stabilite veya uygulama özelliklerine katkıda bulunur.",neutral,,neutral,,neutral,,neutral,,neutral,,neutral,,neutral,
Ahnfeltia Concinna Extract,ahnfeltiaconcinnaextract,1,0,0,0,0,0,0,Dry and dehydrated skin,,manual_v2,0,Botanical Extract,Deniz Yosunu Ekstrakt (Kırmızı Alg),Kırmızı deniz yosunu türünden elde edilen jel oluşturucu ekstrakt; doğal kıvam artırıcı olarak çalışırken cildi nemlendirir ve koruyucu film oluşturarak nem kaybını önler.,neutral,,neutral,,neutral,,neutral,,neutral,,neutral,,neutral,
Ahnfeltiopsis Concinna Extract,ahnfeltiopsisconcinnaextract,2,0,0,0,1,2,0,Dry and dehydrated skin|Fine Lines|Impaired skin barrier,,manual_v2,0,Botanical Extract,Deniz Yosunu Ekstrakt (Kırmızı Alg),"Kırmızı deniz yosunu türünden elde edilen ekstrakt; cildin nem bariyerini güçlendiren sülfatlı polisakkaritler içerir, hyalüronik asit üretimini desteklediği öne sürülür ve anti-aging formülasyonlarda kullanılır.",beneficial,"Kırmızı deniz yosunu türünden elde edilen ekstrakt; cildin nem bariyerini güçlendiren sülfatlı polisakkaritler içerir, h",neutral,,neutral,,neutral,,neutral,,beneficial,"Kırmızı deniz yosunu türünden elde edilen ekstrakt; cildin nem bariyerini güçlendiren sülfatlı polisakkaritler içerir, h",neutral,
Alanine,alanine,1,0,0,0,0,0,0,Dry and dehydrated skin,,top1000,47,Skincare Ingredient,Amino Asit / Protein,"alanine, cildin yapısal proteinlerini ve doğal nem faktörünü destekleyen amino asit veya protein bileşeni; nem tutmaya ve bariyer fonksiyonuna katkıda bulunur.",neutral,,neutral,,neutral,,neutral,,neutral,,neutral,,neutral,
Alcohol,alcohol,0,0,0,0,0,0,0,,,top1000,612,Skincare Ingredient,Cilt Bakım Bileşeni,"alcohol, kozmetik formülasyonlarda kullanılan yardımcı bileşen; ürünün doku, stabilite veya uygulama özelliklerine katkıda bulunur.",neutral,,neutral,,neutral,,neutral,,neutral,,neutral,,neutral,
Alcohol Denat,alcoholdenat,-2,0,-1,0,-2,-1,0,,Sensitive|Dry Dehydrated|Impaired skin barrier,manual_v2,243,Surfactant,Denatüre Alkol,"Çözücü ve penetrasyon artırıcı olarak kullanılan denatüre etil alkol; formülasyona hafif ve çabuk kuruyan doku kazandırır ancak cildin doğal lipid bariyerini bozarak kuruluk, tahriş ve hassasiyete yol açabilir.",caution,"Kurutucu etki yapabilir, nemlendiriciyle birlikte kullanılmalı",neutral,,caution,Karma ciltte dengesizlik yaratabilir,neutral,,caution,"Hassas ciltte tahriş ve kızarıklık yapabilir, dikkatli kullanılmalı",caution,Olgun ciltte tahriş yapabilir,neutral,
Algin,algin,0,0,0,0,0,0,0,,,top1000,35,Skincare Ingredient,Cilt Bakım Bileşeni,"algin, kozmetik formülasyonlarda kullanılan yardımcı bileşen; ürünün doku, stabilite veya uygulama özelliklerine katkıda bulunur.",neutral,,neutral,,neutral,,neutral,,neutral,,neutral,,neutral,
Allantoin,allantoin,2,0,1,1,2,1,0,Redness|Impaired skin barrier|Dry and dehydrated skin|Anyone,,manual_v2,631,Humectant,Yatıştırıcı / Nemlendirici,"Güçlü yatıştırıcı ve hücre yenileyici bileşen; cildi nemlendirir, tahriş olmuş dokuyu sakinleştirir, ölü deri hücrelerinin dökülmesini kolaylaştırır ve yara iyileşmesini destekler.",beneficial,"Güçlü yatıştırıcı ve hücre yenileyici bileşen; cildi nemlendirir, tahriş olmuş dokuyu sakinleştirir, ölü deri hücrelerin",neutral,,neutral,,neutral,,beneficial,"Güçlü yatıştırıcı ve hücre yenileyici bileşen; cildi nemlendirir, tahriş olmuş dokuyu sakinleştirir, ölü deri hücrelerin",neutral,,neutral,
Aloe Barbadensis Extract,aloebarbadensisextract,1,0,0,0,0,0,0,,,top1000,27,Botanical Extract,Bitkisel Ekstrakt,"aloe barbadensis extract, bitkisel kaynaklı aktif ekstrakt; antioksidan, yatıştırıcı veya besleyici özellikler taşıyabilir ve formülasyona doğal etkinlik katar.",neutral,,neutral,,neutral,,neutral,,neutral,,neutral,,neutral,
Aloe Barbadensis Leaf Extract,aloebarbadensisleafextract,1,0,0,0,0,0,0,,,top1000,230,Botanical Extract,Bitkisel Ekstrakt,"aloe barbadensis leaf extract, bitkisel kaynaklı aktif ekstrakt; antioksidan, yatıştırıcı veya besleyici özellikler taşıyabilir ve formülasyona doğal etkinlik katar.",neutral,,neutral,,neutral,,neutral,,neutral,,neutral,,neutral,
Aloe Barbadensis Leaf Juice,aloebarbadensisleafjuice,1,0,0,0,0,0,0,,,top1000,632,Botanical Extract,Bitkisel Ekstrakt,"aloe barbadensis leaf juice, bitkisel kaynaklı aktif ekstrakt; antioksidan, yatıştırıcı veya besleyici özellikler taşıyabilir ve formülasyona doğal etkinlik katar.",neutral,,neutral,,neutral,,neutral,,neutral,,neutral,,neutral,
Aloe Barbadensis Leaf Juice Powder,aloebarbadensisleafjuicepowder,1,0,0,0,0,0,0,,,top1000,238,Botanical Extract,Bitkisel Ekstrakt,"aloe barbadensis leaf juice powder, bitkisel kaynaklı aktif ekstrakt; antioksidan, yatıştırıcı veya besleyici özellikler taşıyabilir ve formülasyona doğal etkinlik katar.",neutral,,neutral,,neutral,,neutral,,neutral,,neutral,,neutral,
Aloe Barbadensis Leaf Polysaccharides,aloebarbadensisleafpolysaccharides,2,0,0,0,2,0,0,Dry and dehydrated skin|Redness|Impaired skin barrier,,manual_v2,0,Botanical Extract,Aloe Vera Polisakkaritleri,"Aloe vera yaprağından izole edilen konsantre polisakkaritler; yoğun nemlendirme ve yatıştırma sağlar, cilt bariyerini destekler ve iltihaplanmayı azaltır.",beneficial,"Aloe vera yaprağından izole edilen konsantre polisakkaritler; yoğun nemlendirme ve yatıştırma sağlar, cilt bariyerini de",neutral,,neutral,,neutral,,beneficial,"Aloe vera yaprağından izole edilen konsantre polisakkaritler; yoğun nemlendirme ve yatıştırma sağlar, cilt bariyerini de",neutral,,neutral,
Aloe Barbadensis Leaf Powder,aloebarbadensisleafpowder,2,0,0,0,1,0,0,Dry and dehydrated skin|Redness,,manual_v2,0,Botanical Extract,Aloe Vera Pudrası,"Aloe vera yaprağının kurutulmuş ve öğütülmüş formu; konsantre polisakkarit içeriğiyle yoğun nemlendirme ve yatıştırma sağlar, suyla aktive olarak cildi nemlendirir.",beneficial,Aloe vera yaprağının kurutulmuş ve öğütülmüş formu; konsantre polisakkarit içeriğiyle yoğun nemlendirme ve yatıştırma sa,neutral,,neutral,,neutral,,neutral,,neutral,,neutral,
Aloe Barbadensis Leaf Water,aloebarbadensisleafwater,1,0,0,0,1,0,0,Redness|Anyone,,manual_v2,0,Botanical Extract,Aloe Vera Suyu,"Aloe vera yaprağından elde edilen distile su; hafif nemlendirici ve yatıştırıcı özellikler taşır, formülasyona tazeleyici etki katar.",neutral,,neutral,,neutral,,neutral,,neutral,,neutral,,neutral,
Aloe Ferox Leaf Extract,aloeferoxleafextract,2,0,0,0,2,0,0,Dry and dehydrated skin|Redness|Impaired skin barrier,,manual_v2,0,Botanical Extract,Bitkisel Ekstrakt (Cape Aloe),"Güney Afrika'ya özgü yabani aloe türünden elde edilen ekstrakt; klasik aloe vera'ya göre daha yüksek aktif bileşen konsantrasyonu taşır, güçlü yatıştırıcı, nemlendirici ve yara iyileştirici özellikler gösterir.",beneficial,Güney Afrika'ya özgü yabani aloe türünden elde edilen ekstrakt; klasik aloe vera'ya göre daha yüksek aktif bileşen konsa,neutral,,neutral,,neutral,,beneficial,Güney Afrika'ya özgü yabani aloe türünden elde edilen ekstrakt; klasik aloe vera'ya göre daha yüksek aktif bileşen konsa,neutral,,neutral,
Aloe Vera Extract,aloeveraextract,2,0,1,1,2,0,0,Dry and dehydrated skin|Redness|Impaired skin barrier|Anyone,,manual_v2,0,Botanical Extract,Bitkisel Ekstrakt (Aloe Vera),"Aloe vera bitkisinin jel ekstresi; zengin polisakkarit içeriğiyle cildi yoğun nemlendirir, güneş yanığını yatıştırır, iltihaplanmayı azaltır ve yara iyileşmesini destekler.",beneficial,"Aloe vera bitkisinin jel ekstresi; zengin polisakkarit içeriğiyle cildi yoğun nemlendirir, güneş yanığını yatıştırır, il",neutral,,neutral,,neutral,,beneficial,"Aloe vera bitkisinin jel ekstresi; zengin polisakkarit içeriğiyle cildi yoğun nemlendirir, güneş yanığını yatıştırır, il",neutral,,neutral,
Alpha Arbutin,alphaarbutin,0,0,0,1,1,1,0,Pigmentation|Radiance|Anyone,,manual_v2,0,Skincare Ingredient,Aydınlatıcı,"Ayı üzümünden elde edilen doğal aydınlatıcı; hidrokinonun güvenli alternatifi olarak tirozinaz enzimini inhibe eder, leke ve ton eşitsizliğini azaltır, hassas ciltler dahil güvenle kullanılır.",neutral,,neutral,,neutral,,neutral,,neutral,,neutral,,neutral,
Alpha-Glucan Oligosaccharide,alphaglucanoligosaccharide,2,0,0,0,0,0,0,Dry and dehydrated skin,,top1000,33,Humectant,Nemlendirici,"alpha-glucan oligosaccharide, nemlendirici özellikli bileşen; ciltte nem tutarak hidrasyonu artırır ve kuruluğa bağlı gerginlik hissini azaltır.",beneficial,"alpha-glucan oligosaccharide, nemlendirici özellikli bileşen; ciltte nem tutarak hidrasyonu artırır ve kuruluğa bağlı ge",neutral,,neutral,,neutral,,neutral,,neutral,,neutral,
Alpha-Isomethyl Ionone,alphaisomethylionone,0,0,0,0,-1,0,0,,Sensitive,top1000,988,Fragrance Allergen,Koku Alerjeni,"alpha-isomethyl ionone, kozmetik ürünlerde koku bileşeni olarak kullanılan ve AB mevzuatına göre etiketlenmesi zorunlu olan potansiyel alerjen; hassas ciltlerde alerjik reaksiyon, kızarıklık veya kontakt dermatit riski taşır.",neutral,,neutral,,neutral,,neutral,,caution,"Hassas ciltte tahriş ve kızarıklık yapabilir, dikkatli kullanılmalı",neutral,,neutral,
Alpha-Isomethyl Lonone,alphaisomethyllonone,0,0,0,0,0,0,0,,,top1000,125,Skincare Ingredient,Cilt Bakım Bileşeni,"alpha-isomethyl lonone, kozmetik formülasyonlarda kullanılan yardımcı bileşen; ürünün doku, stabilite veya uygulama özelliklerine katkıda bulunur.",neutral,,neutral,,neutral,,neutral,,neutral,,neutral,,neutral,
Alumina,alumina,0,0,0,0,0,0,0,,,top1000,183,Skincare Ingredient,Cilt Bakım Bileşeni,"alumina, kozmetik formülasyonlarda kullanılan yardımcı bileşen; ürünün doku, stabilite veya uygulama özelliklerine katkıda bulunur.",neutral,,neutral,,neutral,,neutral,,neutral,,neutral,,neutral,
Aluminium Chlorohydrate,aluminiumchlorohydrate,0,0,0,0,0,0,0,,,top1000,37,Skincare Ingredient,Cilt Bakım Bileşeni,"aluminium chlorohydrate, kozmetik formülasyonlarda kullanılan yardımcı bileşen; ürünün doku, stabilite veya uygulama özelliklerine katkıda bulunur.",neutral,,neutral,,neutral,,neutral,,neutral,,neutral,,neutral,
Aluminum Chlorohydrate,aluminumchlorohydrate,0,0,0,0,0,0,0,,,top1000,271,Skincare Ingredient,Cilt Bakım Bileşeni,"aluminum chlorohydrate, kozmetik formülasyonlarda kullanılan yardımcı bileşen; ürünün doku, stabilite veya uygulama özelliklerine katkıda bulunur.",neutral,,neutral,,neutral,,neutral,,neutral,,neutral,,neutral,
Aluminum Hydroxide,aluminumhydroxide,0,0,0,0,0,0,0,,,top1000,178,Skincare Ingredient,Cilt Bakım Bileşeni,"aluminum hydroxide, kozmetik formülasyonlarda kullanılan yardımcı bileşen; ürünün doku, stabilite veya uygulama özelliklerine katkıda bulunur.",neutral,,neutral,,neutral,,neutral,,neutral,,neutral,,neutral,
Aluminum Sesquichlorohydrate,aluminumsesquichlorohydrate,0,0,0,0,0,0,0,,,top1000,55,Skincare Ingredient,Cilt Bakım Bileşeni,"aluminum sesquichlorohydrate, kozmetik formülasyonlarda kullanılan yardımcı bileşen; ürünün doku, stabilite veya uygulama özelliklerine katkıda bulunur.",neutral,,neutral,,neutral,,neutral,,neutral,,neutral,,neutral,
Aluminum Starch Octenylsuccinate,aluminumstarchoctenylsuccinate,0,2,1,0,0,0,0,Oily|Texture,,manual_v2,0,Skincare Ingredient,Yağ Emici / Doku Düzenleyici,"Modifiye alüminyum nişasta; ciltte fazla yağı emerek mat bir görünüm sağlar, formülasyona ipeksi ve pudra benzeri bir doku kazandırır.",neutral,,beneficial,"Modifiye alüminyum nişasta; ciltte fazla yağı emerek mat bir görünüm sağlar, formülasyona ipeksi ve pudra benzeri bir do",neutral,,neutral,,neutral,,neutral,,neutral,
Aluminum Zirconium Tetrachlorohydrex Gly,aluminumzirconiumtetrachlorohydrexgly,0,0,0,0,0,0,0,,,top1000,29,Skincare Ingredient,Cilt Bakım Bileşeni,"aluminum zirconium tetrachlorohydrex gly, kozmetik formülasyonlarda kullanılan yardımcı bileşen; ürünün doku, stabilite veya uygulama özelliklerine katkıda bulunur.",neutral,,neutral,,neutral,,neutral,,neutral,,neutral,,neutral,
Aminomethyl Propanol,aminomethylpropanol,0,0,0,0,0,0,0,,,top1000,129,Skincare Ingredient,pH Düzenleyici,"aminomethyl propanol, formülasyonun pH değerini ayarlayarak aktif bileşenlerin optimum etkinliğini ve ürünün cilt uyumluluğunu sağlar.",neutral,,neutral,,neutral,,neutral,,neutral,,neutral,,neutral,
Ammonium Acryloyldimethyltaurate/VP Copolymer,ammoniumacryloyldimethyltauratevpcopolymer,0,0,0,0,0,0,0,,,manual_v2,0,Skincare Ingredient,Kıvam Artırıcı / Stabilizatör,"Sentetik akrilik kopolimer; formülasyona pürüzsüz jel kıvamı kazandırır, emülsiyon stabilitesini sağlar ve ürünün ciltte eşit dağılmasına yardımcı olur.",neutral,,neutral,,neutral,,neutral,,neutral,,neutral,,neutral,
Ammonium Chloride,ammoniumchloride,0,0,0,0,0,0,0,,,top1000,47,Skincare Ingredient,Cilt Bakım Bileşeni,"ammonium chloride, kozmetik formülasyonlarda kullanılan yardımcı bileşen; ürünün doku, stabilite veya uygulama özelliklerine katkıda bulunur.",neutral,,neutral,,neutral,,neutral,,neutral,,neutral,,neutral,
Ammonium Hydroxide,ammoniumhydroxide,0,0,0,0,0,0,0,,,top1000,80,Skincare Ingredient,Cilt Bakım Bileşeni,"ammonium hydroxide, kozmetik formülasyonlarda kullanılan yardımcı bileşen; ürünün doku, stabilite veya uygulama özelliklerine katkıda bulunur.",neutral,,neutral,,neutral,,neutral,,neutral,,neutral,,neutral,
Ammonium Lauryl Sulfate,ammoniumlaurylsulfate,-2,1,0,0,-2,-1,0,,Sensitive|Dry Dehydrated|Impaired skin barrier,top1000,185,Surfactant,Yüzey Aktif Madde (Sert),"ammonium lauryl sulfate, güçlü anyonik temizleyici; etkili köpürme sağlar ancak cildin doğal lipid bariyerini sıyırarak kuruluk ve tahrişe neden olabilir.",caution,"Kurutucu etki yapabilir, nemlendiriciyle birlikte kullanılmalı",neutral,,neutral,,neutral,,caution,"Hassas ciltte tahriş ve kızarıklık yapabilir, dikkatli kullanılmalı",caution,Olgun ciltte tahriş yapabilir,neutral,
Ammonium Polyacryloyldimethyl Taurate,ammoniumpolyacryloyldimethyltaurate,0,0,0,0,0,0,0,,,top1000,41,Skincare Ingredient,Kıvam Artırıcı / Stabilizatör,"ammonium polyacryloyldimethyl taurate, formülasyona kıvam ve stabilite kazandıran polimer; ürünün dokusunu iyileştirir ve bileşenlerin homojen dağılmasını sağlar.",neutral,,neutral,,neutral,,neutral,,neutral,,neutral,,neutral,
Ammonium Sulfate,ammoniumsulfate,0,0,0,0,0,0,0,,,top1000,42,Skincare Ingredient,Cilt Bakım Bileşeni,"ammonium sulfate, kozmetik formülasyonlarda kullanılan yardımcı bileşen; ürünün doku, stabilite veya uygulama özelliklerine katkıda bulunur.",neutral,,neutral,,neutral,,neutral,,neutral,,neutral,,neutral,
Amodimethicone,amodimethicone,1,0,0,0,0,0,0,Texture,,top1000,263,Silicone,Silikon,"amodimethicone, silikon bazlı bileşen; ciltte veya saçta pürüzsüz bir yüzey oluşturarak dokuyu iyileştirir, nem kaybını azaltır ve ürüne ipeksi bir uygulama hissi kazandırır.",neutral,,neutral,,neutral,,neutral,,neutral,,neutral,,neutral,
Amyl Cinnamal,amylcinnamal,0,0,0,0,-1,0,0,,Sensitive,top1000,222,Fragrance Allergen,Koku Alerjeni,"amyl cinnamal, kozmetik ürünlerde koku bileşeni olarak kullanılan ve AB mevzuatına göre etiketlenmesi zorunlu olan potansiyel alerjen; hassas ciltlerde alerjik reaksiyon, kızarıklık veya kontakt dermatit riski taşır.",neutral,,neutral,,neutral,,neutral,,caution,"Hassas ciltte tahriş ve kızarıklık yapabilir, dikkatli kullanılmalı",neutral,,neutral,
Andrographis Paniculata Leaf Extract,andrographispaniculataleafextract,0,0,0,0,2,1,0,Redness|Impaired skin barrier,,manual_v2,0,Botanical Extract,Bitkisel Ekstrakt (Hint Ekinezya),"Güneydoğu Asya geleneksel tıbbında 'kral otu' olarak bilinen bitkinin yaprak ekstresi; güçlü anti-inflamatuar ve antioksidan özellikler taşır, cildi çevresel strese karşı korur ve yatıştırıcı etki gösterir.",neutral,,neutral,,neutral,,neutral,,beneficial,Güneydoğu Asya geleneksel tıbbında 'kral otu' olarak bilinen bitkinin yaprak ekstresi; güçlü anti-inflamatuar ve antioks,neutral,,neutral,
Anethole,anethole,0,0,0,0,0,0,0,,,top1000,67,Skincare Ingredient,Cilt Bakım Bileşeni,"anethole, kozmetik formülasyonlarda kullanılan yardımcı bileşen; ürünün doku, stabilite veya uygulama özelliklerine katkıda bulunur.",neutral,,neutral,,neutral,,neutral,,neutral,,neutral,,neutral,
Anhydroxylitol,anhydroxylitol,0,0,0,0,0,0,0,,,top1000,55,Skincare Ingredient,Cilt Bakım Bileşeni,"anhydroxylitol, kozmetik formülasyonlarda kullanılan yardımcı bileşen; ürünün doku, stabilite veya uygulama özelliklerine katkıda bulunur.",neutral,,neutral,,neutral,,neutral,,neutral,,neutral,,neutral,
Anise Alcohol,anisealcohol,0,0,0,0,-1,0,0,,Sensitive,top1000,53,Fragrance Allergen,Koku Alerjeni,"anise alcohol, kozmetik ürünlerde koku bileşeni olarak kullanılan ve AB mevzuatına göre etiketlenmesi zorunlu olan potansiyel alerjen; hassas ciltlerde alerjik reaksiyon, kızarıklık veya kontakt dermatit riski taşır.",neutral,,neutral,,neutral,,neutral,,caution,"Hassas ciltte tahriş ve kızarıklık yapabilir, dikkatli kullanılmalı",neutral,,neutral,
Anthemis Nobilis (Chamomile) Flower Extract,anthemisnobilischamomileflowerextract,1,0,0,0,2,0,0,Redness|Impaired skin barrier,,manual_v2,0,Botanical Extract,Bitkisel Ekstrakt (Roma Papatyası),"Roma papatyası çiçeğinden elde edilen yatıştırıcı ekstrakt; bisabolol ve apigenin bileşenleriyle cildi sakinleştirir, kızarıklığı azaltır ve anti-inflamatuar etki gösterir.",neutral,,neutral,,neutral,,neutral,,beneficial,"Roma papatyası çiçeğinden elde edilen yatıştırıcı ekstrakt; bisabolol ve apigenin bileşenleriyle cildi sakinleştirir, kı",neutral,,neutral,
Anthocyanins,anthocyanins,0,0,0,1,0,1,0,Radiance,,manual_v2,0,Antioxidant,Antioksidan (Antosiyanin),"Mor-kırmızı meyve ve sebzelerde bulunan güçlü flavonoid pigmentler; antioksidan kapasitesi C vitamininden yüksektir, serbest radikalleri nötralize eder ve cildi çevresel hasara karşı korur.",neutral,,neutral,,neutral,,neutral,,neutral,,neutral,,neutral,
Aphloia Theiformis Leaf Extract,aphloiatheiformisleafextract,0,0,0,1,1,1,0,Radiance|Impaired skin barrier,,manual_v2,0,Botanical Extract,Bitkisel Ekstrakt (Fandamane),"Madagaskar'a özgü Fandamane bitkisinden elde edilen nadir ekstrakt; güçlü antioksidan ve antimikrobiyal özellikler taşır, cildi çevresel kirlilik ve mavi ışık hasarına karşı korur.",neutral,,neutral,,neutral,,neutral,,neutral,,neutral,,neutral,
Aqua/Water/Eau,aquawatereau,0,0,0,0,0,0,0,,,manual_v2,31,Solvent,Çözücü,Kozmetik formülasyonların evrensel taşıyıcısı; tüm suda çözünür bileşenlerin çözünmesini sağlar ve ürünün cilde uygulanabilir kıvamda olmasına olanak tanır.,neutral,,neutral,,neutral,,neutral,,neutral,,neutral,,neutral,
Arachidic Acid,arachidicacid,0,0,0,0,0,0,0,,,top1000,46,Skincare Ingredient,Cilt Bakım Bileşeni,"arachidic acid, kozmetik formülasyonlarda kullanılan yardımcı bileşen; ürünün doku, stabilite veya uygulama özelliklerine katkıda bulunur.",neutral,,neutral,,neutral,,neutral,,neutral,,neutral,,neutral,
Arachidyl Alcohol,arachidylalcohol,0,0,0,0,0,0,0,,,top1000,62,Skincare Ingredient,Cilt Bakım Bileşeni,"arachidyl alcohol, kozmetik formülasyonlarda kullanılan yardımcı bileşen; ürünün doku, stabilite veya uygulama özelliklerine katkıda bulunur.",neutral,,neutral,,neutral,,neutral,,neutral,,neutral,,neutral,
Arachidyl Glucoside,arachidylglucoside,1,0,0,0,0,0,0,Anyone,,top1000,50,Surfactant,Yüzey Aktif Madde (Nazik),"arachidyl glucoside, nazik temizleyici yüzey aktif madde; cildi fazla kurutmadan etkili temizlik sağlar ve hassas cilt formülasyonlarında tercih edilir.",neutral,,neutral,,neutral,,neutral,,neutral,,neutral,,neutral,
Argan Oil,arganoil,2,0,0,1,0,1,0,Dry and dehydrated skin|Fine Lines|Radiance,,manual_v2,0,Oil / Lipid,Bitkisel Yağ (Argan),"Fas argan ağacından elde edilen değerli yağ; E vitamini ve yağ asitleri bakımından çok zengin olup cildi besler, elastikiyeti artırır ve saç bakımında da yoğun olarak kullanılır.",beneficial,"Fas argan ağacından elde edilen değerli yağ; E vitamini ve yağ asitleri bakımından çok zengin olup cildi besler, elastik",neutral,,neutral,,neutral,,neutral,,neutral,,neutral,
Argania Spinosa (Argan) Kernel Oil,arganiaspinosaargankerneloil,2,-1,0,1,0,1,0,Dry and dehydrated skin,Oily,top1000,39,Oil / Lipid,Bitkisel Yağ,"argania spinosa (argan) kernel oil, esansiyel yağ asitleri ve vitaminler bakımından zengin bitkisel yağ; cildi besler, nem bariyerini güçlendirir ve yumuşatıcı etki sağlar.",beneficial,"argania spinosa (argan) kernel oil, esansiyel yağ asitleri ve vitaminler bakımından zengin bitkisel yağ; cildi besler, n",caution,Gözenekleri tıkayabilir veya yağlanmayı artırabilir,neutral,,neutral,,neutral,,neutral,,neutral,
Argania Spinosa Kernel Oil,arganiaspinosakerneloil,2,-1,0,1,0,1,0,Dry and dehydrated skin,Oily,top1000,325,Oil / Lipid,Bitkisel Yağ,"argania spinosa kernel oil, esansiyel yağ asitleri ve vitaminler bakımından zengin bitkisel yağ; cildi besler, nem bariyerini güçlendirir ve yumuşatıcı etki sağlar.",beneficial,"argania spinosa kernel oil, esansiyel yağ asitleri ve vitaminler bakımından zengin bitkisel yağ; cildi besler, nem bariy",caution,Gözenekleri tıkayabilir veya yağlanmayı artırabilir,neutral,,neutral,,neutral,,neutral,,neutral,
Arginine,arginine,1,0,0,0,0,0,0,Dry and dehydrated skin,,top1000,244,Skincare Ingredient,Amino Asit / Protein,"arginine, cildin yapısal proteinlerini ve doğal nem faktörünü destekleyen amino asit veya protein bileşeni; nem tutmaya ve bariyer fonksiyonuna katkıda bulunur.",neutral,,neutral,,neutral,,neutral,,neutral,,neutral,,neutral,
Artemisia Absinthium Extract,artemisiaabsinthiumextract,0,0,0,0,2,0,-1,Redness|Impaired skin barrier,Pregnancy,manual_v2,0,Botanical Extract,Bitkisel Ekstrakt (Pelin Otu),"Pelin otu bitkisinden elde edilen ekstrakt; güçlü anti-inflamatuar ve antimikrobiyal özellikler taşır, cildi yatıştırır ve K-beauty formülasyonlarında hassas cilt bakımında sıkça tercih edilir.",neutral,,neutral,,neutral,,neutral,,beneficial,"Pelin otu bitkisinden elde edilen ekstrakt; güçlü anti-inflamatuar ve antimikrobiyal özellikler taşır, cildi yatıştırır ",neutral,,caution,"Hamilelikte önerilmez, doktora danışın"
Artemisia Capillaris Extract,artemisiacapillarisextract,0,1,0,0,2,0,0,Redness|Acne|Impaired skin barrier,,manual_v2,0,Botanical Extract,Bitkisel Ekstrakt (Yavşan Otu),"Geleneksel Doğu Asya tıbbında yüzyıllardır kullanılan yavşan otu ekstresi; güçlü anti-inflamatuar ve antioksidan özellikler taşır, hassas ve tahriş olmuş cildi yatıştırır, akne sonrası kızarıklığı azaltır.",neutral,,neutral,,neutral,,neutral,,beneficial,Geleneksel Doğu Asya tıbbında yüzyıllardır kullanılan yavşan otu ekstresi; güçlü anti-inflamatuar ve antioksidan özellik,neutral,,neutral,
Ascorbic Acid,ascorbicacid,1,1,1,2,-2,3,0,Pigmentation|Radiance|Fine Lines|Wrinkles,Sensitive|Impaired skin barrier,manual_v2,200,Vitamin C,C Vitamini (L-Askorbik Asit),"En etkili ve en çok araştırılmış C vitamini formu; güçlü antioksidan koruma sağlar, kolajen sentezini uyarır, hiperpigmentasyonu azaltır, ancak düşük pH'ı nedeniyle hassas ciltlerde tahriş yapabilir.",neutral,,neutral,,neutral,,beneficial,"En etkili ve en çok araştırılmış C vitamini formu; güçlü antioksidan koruma sağlar, kolajen sentezini uyarır, hiperpigme",caution,"Hassas ciltte tahriş ve kızarıklık yapabilir, dikkatli kullanılmalı",beneficial,"En etkili ve en çok araştırılmış C vitamini formu; güçlü antioksidan koruma sağlar, kolajen sentezini uyarır, hiperpigme",neutral,
Ascorbyl Glucoside,ascorbylglucoside,1,1,1,1,1,2,0,Pigmentation|Radiance|Fine Lines,,manual_v2,74,Vitamin C,C Vitamini (Stabil Form),"C vitamininin stabil ve suda çözünür formu; ciltte enzimler tarafından aktif askorbik asite dönüşür, daha nazik etki profili sayesinde hassas ciltler dahil geniş kullanım alanına sahiptir.",neutral,,neutral,,neutral,,neutral,,neutral,,beneficial,"C vitamininin stabil ve suda çözünür formu; ciltte enzimler tarafından aktif askorbik asite dönüşür, daha nazik etki pro",neutral,
Ascorbyl Palmitate,ascorbylpalmitate,1,0,0,0,0,0,0,Texture,,top1000,309,Emollient,Yumuşatıcı Ester,"ascorbyl palmitate, yağ asidi esteri; cildi yumuşatır, formülasyona hafif ve pürüzsüz bir doku kazandırır.",neutral,,neutral,,neutral,,neutral,,neutral,,neutral,,neutral,
Asparagopsis Armata Extract,asparagopsisarmataextract,0,2,1,0,0,0,0,Acne|Enlarged Pores|Oily,,manual_v2,0,Botanical Extract,Deniz Yosunu Ekstrakt (Kırmızı Alg),"Kırmızı deniz yosunu türünden elde edilen antimikrobiyal ekstrakt; cildin mikrobiyomunu dengeler, gözenek sıkılaştırıcı etki gösterir ve yağ üretimini düzenlemeye yardımcı olur.",neutral,,beneficial,"Kırmızı deniz yosunu türünden elde edilen antimikrobiyal ekstrakt; cildin mikrobiyomunu dengeler, gözenek sıkılaştırıcı ",neutral,,neutral,,neutral,,neutral,,neutral,
Aspartic Acid,asparticacid,1,0,0,0,0,0,0,Dry and dehydrated skin,,top1000,33,Skincare Ingredient,Amino Asit / Protein,"aspartic acid, cildin yapısal proteinlerini ve doğal nem faktörünü destekleyen amino asit veya protein bileşeni; nem tutmaya ve bariyer fonksiyonuna katkıda bulunur.",neutral,,neutral,,neutral,,neutral,,neutral,,neutral,,neutral,
Astrocaryum Murumuru Seed Butter,astrocaryummurumuruseedbutter,2,0,0,0,1,1,0,,,top1000,27,Skincare Ingredient,Cilt Bakım Bileşeni,"astrocaryum murumuru seed butter, kozmetik formülasyonlarda kullanılan yardımcı bileşen; ürünün doku, stabilite veya uygulama özelliklerine katkıda bulunur.",beneficial,Kuru cilt için faydalı bileşen,neutral,,neutral,,neutral,,neutral,,neutral,,neutral,
Avena Sativa (Oat) Kernel Extract,avenasativaoatkernelextract,2,0,0,0,3,0,0,Redness|Impaired skin barrier|Dry and dehydrated skin,,manual_v2,0,Botanical Extract,Bitkisel Ekstrakt (Yulaf),"Yulaf tanesinden elde edilen ekstrakt; avenanthramide bileşeniyle güçlü anti-inflamatuar etki gösterir, kaşıntıyı azaltır, hassas ve atopik cildi yatıştırır, FDA onaylı cilt koruyucudur.",beneficial,"Yulaf tanesinden elde edilen ekstrakt; avenanthramide bileşeniyle güçlü anti-inflamatuar etki gösterir, kaşıntıyı azaltı",neutral,,neutral,,neutral,,beneficial,"Yulaf tanesinden elde edilen ekstrakt; avenanthramide bileşeniyle güçlü anti-inflamatuar etki gösterir, kaşıntıyı azaltı",neutral,,neutral,
Avena Sativa (Oat) Kernel Flour,avenasativaoatkernelflour,0,0,0,0,0,0,0,,,top1000,34,Skincare Ingredient,Cilt Bakım Bileşeni,"avena sativa (oat) kernel flour, kozmetik formülasyonlarda kullanılan yardımcı bileşen; ürünün doku, stabilite veya uygulama özelliklerine katkıda bulunur.",neutral,,neutral,,neutral,,neutral,,neutral,,neutral,,neutral,
Avena Sativa Kernel Extract,avenasativakernelextract,1,0,0,0,0,0,0,,,top1000,34,Botanical Extract,Bitkisel Ekstrakt,"avena sativa kernel extract, bitkisel kaynaklı aktif ekstrakt; antioksidan, yatıştırıcı veya besleyici özellikler taşıyabilir ve formülasyona doğal etkinlik katar.",neutral,,neutral,,neutral,,neutral,,neutral,,neutral,,neutral,
Avene Thermal Spring Water (Avene Aqua),avenethermalspringwateraveneaqua,1,0,0,0,2,0,0,Redness|Impaired skin barrier|Anyone,,manual_v2,0,Skincare Ingredient,Termal Su,"Fransa'nın Avène bölgesinden çıkan termal kaynak suyu; zengin mineral ve iz element içeriğiyle cildi yatıştırır, kızarıklığı azaltır ve hassas cilt bariyerini destekler, dermatolojik çalışmalarla etkinliği kanıtlanmıştır.",neutral,,neutral,,neutral,,neutral,,beneficial,"Fransa'nın Avène bölgesinden çıkan termal kaynak suyu; zengin mineral ve iz element içeriğiyle cildi yatıştırır, kızarık",neutral,,neutral,
Azelaic Acid,azelaicacid,0,3,2,1,1,1,0,Acne|Redness|Pigmentation|Texture,,manual_v2,0,Acid,Azelaik Asit,"Tahıllardan elde edilen çok fonksiyonlu dikarboksilik asit; anti-bakteriyel, anti-inflamatuar ve melanin üretimini düzenleyici etkileriyle akne, rozasea ve hiperpigmentasyon tedavisinde kullanılır.",neutral,,beneficial,"Tahıllardan elde edilen çok fonksiyonlu dikarboksilik asit; anti-bakteriyel, anti-inflamatuar ve melanin üretimini düzen",beneficial,"Tahıllardan elde edilen çok fonksiyonlu dikarboksilik asit; anti-bakteriyel, anti-inflamatuar ve melanin üretimini düzen",neutral,,neutral,,neutral,,neutral,
Azurants Optiques,azurantsoptiques,0,0,0,0,0,0,0,,,top1000,28,Skincare Ingredient,Cilt Bakım Bileşeni,"azurants optiques, kozmetik formülasyonlarda kullanılan yardımcı bileşen; ürünün doku, stabilite veya uygulama özelliklerine katkıda bulunur.",neutral,,neutral,,neutral,,neutral,,neutral,,neutral,,neutral,
BIS-PEG-18 Methyl Ether Dimethyl Silane,bispeg18methyletherdimethylsilane,0,0,0,0,0,0,0,Texture,,manual_v2,0,Silicone,Silikon (Hibrit),"PEG modifiye hibrit silikon; formülasyonun yayılabilirliğini artırır, ciltte ipeksi ve hafif bir his bırakır, su bazlı ve yağ bazlı fazları bağlar.",neutral,,neutral,,neutral,,neutral,,neutral,,neutral,,neutral,
Bakuchiol,bakuchiol,1,1,1,1,2,3,0,Fine Lines|Wrinkles|Pigmentation|Redness,,manual_v2,0,Retinoid,Bitkisel Retinol Alternatifi,Babchi bitkisinden elde edilen doğal bileşen; retinole benzer anti-aging etki gösterdiği klinik çalışmalarla desteklenmiş olup tahriş riski olmadan kırışıklık ve leke görünümünü azaltır.,neutral,,neutral,,neutral,,neutral,,beneficial,Babchi bitkisinden elde edilen doğal bileşen; retinole benzer anti-aging etki gösterdiği klinik çalışmalarla desteklenmi,beneficial,Babchi bitkisinden elde edilen doğal bileşen; retinole benzer anti-aging etki gösterdiği klinik çalışmalarla desteklenmi,neutral,
Bambusa Vulgaris Extract,bambusavulgarisextract,1,0,0,0,0,1,0,Elasticity|Radiance,,manual_v2,0,Botanical Extract,Bitkisel Ekstrakt (Bambu),"Bambu bitkisinden elde edilen silika ve mineral bakımından zengin ekstrakt; cildi sıkılaştırıcı ve antioksidan etki gösterir, nem bariyerini destekler ve cildin elastikiyetini artırmaya yardımcı olur.",neutral,,neutral,,neutral,,neutral,,neutral,,neutral,,neutral,
Beeswax,beeswax,1,0,0,0,0,0,0,,,top1000,67,Skincare Ingredient,Cilt Bakım Bileşeni,"beeswax, kozmetik formülasyonlarda kullanılan yardımcı bileşen; ürünün doku, stabilite veya uygulama özelliklerine katkıda bulunur.",neutral,,neutral,,neutral,,neutral,,neutral,,neutral,,neutral,
Behentrimonium Chloride,behentrimoniumchloride,0,0,0,0,0,0,0,,,top1000,344,Skincare Ingredient,Cilt Bakım Bileşeni,"behentrimonium chloride, kozmetik formülasyonlarda kullanılan yardımcı bileşen; ürünün doku, stabilite veya uygulama özelliklerine katkıda bulunur.",neutral,,neutral,,neutral,,neutral,,neutral,,neutral,,neutral,
Behentrimonium Methosulfate,behentrimoniummethosulfate,0,0,0,0,0,0,0,,,top1000,79,Skincare Ingredient,Cilt Bakım Bileşeni,"behentrimonium methosulfate, kozmetik formülasyonlarda kullanılan yardımcı bileşen; ürünün doku, stabilite veya uygulama özelliklerine katkıda bulunur.",neutral,,neutral,,neutral,,neutral,,neutral,,neutral,,neutral,
Behenyl Alcohol,behenylalcohol,1,0,0,0,0,0,0,,,manual_v2,208,Emollient,Yağlı Alkol (Yumuşatıcı),"Bitkisel kaynaklı uzun zincirli yağlı alkol; formülasyona zengin ve kremsi bir kıvam kazandırır, ciltte koruyucu ve yumuşatıcı etki gösterir.",neutral,,neutral,,neutral,,neutral,,neutral,,neutral,,neutral,
Bentonite,bentonite,0,1,0,0,0,0,0,,,top1000,73,Mineral,Mineral,"bentonite, mineral bazlı bileşen; formülasyonun fiziksel özelliklerine katkıda bulunur veya ciltte koruyucu/düzenleyici etki gösterir.",neutral,,neutral,,neutral,,neutral,,neutral,,neutral,,neutral,
Benzalkonium Chloride,benzalkoniumchloride,0,0,0,0,0,0,0,,,top1000,35,Skincare Ingredient,Cilt Bakım Bileşeni,"benzalkonium chloride, kozmetik formülasyonlarda kullanılan yardımcı bileşen; ürünün doku, stabilite veya uygulama özelliklerine katkıda bulunur.",neutral,,neutral,,neutral,,neutral,,neutral,,neutral,,neutral,
Benzoic Acid,benzoicacid,0,0,0,0,0,0,0,,,top1000,628,Skincare Ingredient,Cilt Bakım Bileşeni,"benzoic acid, kozmetik formülasyonlarda kullanılan yardımcı bileşen; ürünün doku, stabilite veya uygulama özelliklerine katkıda bulunur.",neutral,,neutral,,neutral,,neutral,,neutral,,neutral,,neutral,
Benzophenone-1,benzophenone1,0,0,0,0,0,0,0,,,top1000,28,Skincare Ingredient,Cilt Bakım Bileşeni,"benzophenone-1, kozmetik formülasyonlarda kullanılan yardımcı bileşen; ürünün doku, stabilite veya uygulama özelliklerine katkıda bulunur.",neutral,,neutral,,neutral,,neutral,,neutral,,neutral,,neutral,
Benzophenone-3,benzophenone3,0,0,0,0,0,0,0,,,top1000,45,Skincare Ingredient,Cilt Bakım Bileşeni,"benzophenone-3, kozmetik formülasyonlarda kullanılan yardımcı bileşen; ürünün doku, stabilite veya uygulama özelliklerine katkıda bulunur.",neutral,,neutral,,neutral,,neutral,,neutral,,neutral,,neutral,
Benzophenone-4,benzophenone4,0,0,0,0,0,0,0,,,top1000,163,Skincare Ingredient,Cilt Bakım Bileşeni,"benzophenone-4, kozmetik formülasyonlarda kullanılan yardımcı bileşen; ürünün doku, stabilite veya uygulama özelliklerine katkıda bulunur.",neutral,,neutral,,neutral,,neutral,,neutral,,neutral,,neutral,
Benzotriazolyl Dodecyl P-Cresol,benzotriazolyldodecylpcresol,0,0,0,0,0,0,0,,,top1000,37,Skincare Ingredient,Cilt Bakım Bileşeni,"benzotriazolyl dodecyl p-cresol, kozmetik formülasyonlarda kullanılan yardımcı bileşen; ürünün doku, stabilite veya uygulama özelliklerine katkıda bulunur.",neutral,,neutral,,neutral,,neutral,,neutral,,neutral,,neutral,
Benzoyl Peroxide,benzoylperoxide,-2,3,1,0,-2,0,-1,Acne|Blackheads,Sensitive|Dry Dehydrated|Impaired skin barrier|Pregnancy,manual_v2,0,Skincare Ingredient,Akne Tedavisi,"Güçlü antibakteriyel akne ilacı; akneye neden olan P. acnes bakterilerini öldürür ve gözeneklerdeki tıkanıklığı açar, ancak ciddi kuruluk, soyulma ve hassas ciltte yoğun tahriş yapabilir.",caution,"Kurutucu etki yapabilir, nemlendiriciyle birlikte kullanılmalı",beneficial,"Güçlü antibakteriyel akne ilacı; akneye neden olan P. acnes bakterilerini öldürür ve gözeneklerdeki tıkanıklığı açar, an",neutral,,neutral,,caution,"Hassas ciltte tahriş ve kızarıklık yapabilir, dikkatli kullanılmalı",neutral,,caution,"Hamilelikte kullanımı önerilmez, doktorunuza danışın"
Benzyl Alcohol,benzylalcohol,0,0,0,0,0,0,0,,,top1000,2460,Preservative,Koruyucu (Nazik),"benzyl alcohol, modern ve daha nazik koruyucu; formülasyonu bakteri ve küf oluşumundan koruyarak ürün güvenliğini sağlar.",neutral,,neutral,,neutral,,neutral,,neutral,,neutral,,neutral,
Benzyl Benzoate,benzylbenzoate,0,0,0,0,-1,0,0,,Sensitive,top1000,514,Fragrance Allergen,Koku Alerjeni,"benzyl benzoate, kozmetik ürünlerde koku bileşeni olarak kullanılan ve AB mevzuatına göre etiketlenmesi zorunlu olan potansiyel alerjen; hassas ciltlerde alerjik reaksiyon, kızarıklık veya kontakt dermatit riski taşır.",neutral,,neutral,,neutral,,neutral,,caution,"Hassas ciltte tahriş ve kızarıklık yapabilir, dikkatli kullanılmalı",neutral,,neutral,
Benzyl Cinnamate,benzylcinnamate,0,0,0,0,-1,0,0,,Sensitive,top1000,50,Fragrance Allergen,Koku Alerjeni,"benzyl cinnamate, kozmetik ürünlerde koku bileşeni olarak kullanılan ve AB mevzuatına göre etiketlenmesi zorunlu olan potansiyel alerjen; hassas ciltlerde alerjik reaksiyon, kızarıklık veya kontakt dermatit riski taşır.",neutral,,neutral,,neutral,,neutral,,caution,"Hassas ciltte tahriş ve kızarıklık yapabilir, dikkatli kullanılmalı",neutral,,neutral,
Benzyl Salicylate,benzylsalicylate,0,0,0,0,-1,0,0,,Sensitive,top1000,1369,Fragrance Allergen,Koku Alerjeni,"benzyl salicylate, kozmetik ürünlerde koku bileşeni olarak kullanılan ve AB mevzuatına göre etiketlenmesi zorunlu olan potansiyel alerjen; hassas ciltlerde alerjik reaksiyon, kızarıklık veya kontakt dermatit riski taşır.",neutral,,neutral,,neutral,,neutral,,caution,"Hassas ciltte tahriş ve kızarıklık yapabilir, dikkatli kullanılmalı",neutral,,neutral,
Beta-Caryophyllene,betacaryophyllene,0,0,0,0,0,0,0,,,top1000,30,Skincare Ingredient,Cilt Bakım Bileşeni,"beta-caryophyllene, kozmetik formülasyonlarda kullanılan yardımcı bileşen; ürünün doku, stabilite veya uygulama özelliklerine katkıda bulunur.",neutral,,neutral,,neutral,,neutral,,neutral,,neutral,,neutral,
Beta-Glucan,betaglucan,3,0,1,1,2,2,0,Dry and dehydrated skin|Redness|Impaired skin barrier|Fine Lines|Anyone,,manual_v2,0,Skincare Ingredient,Bağışıklık Destekçi / Nemlendirici,"Yulaf veya mantarlardan elde edilen doğal polisakkarit; cildin doğal bağışıklık yanıtını güçlendirir, derin nemlendirme sağlar, kızarıklığı yatıştırır ve yaşlanma karşıtı etki gösterir.",beneficial,"Yulaf veya mantarlardan elde edilen doğal polisakkarit; cildin doğal bağışıklık yanıtını güçlendirir, derin nemlendirme ",neutral,,neutral,,neutral,,beneficial,"Yulaf veya mantarlardan elde edilen doğal polisakkarit; cildin doğal bağışıklık yanıtını güçlendirir, derin nemlendirme ",beneficial,"Yulaf veya mantarlardan elde edilen doğal polisakkarit; cildin doğal bağışıklık yanıtını güçlendirir, derin nemlendirme ",neutral,
Beta-Sitosterol,betasitosterol,0,0,0,0,0,0,0,,,top1000,43,Skincare Ingredient,Cilt Bakım Bileşeni,"beta-sitosterol, kozmetik formülasyonlarda kullanılan yardımcı bileşen; ürünün doku, stabilite veya uygulama özelliklerine katkıda bulunur.",neutral,,neutral,,neutral,,neutral,,neutral,,neutral,,neutral,
Betaine,betaine,2,0,0,0,1,0,0,Dry and dehydrated skin|Impaired skin barrier,,manual_v2,241,Humectant,Nemlendirici / Osmoprotektör,Şeker pancarından elde edilen amino asit türevi; hücrelerin osmotik dengesini koruyarak stres koşullarında bile cildin nem seviyesini sabit tutar ve tahriş eşiğini yükseltir.,beneficial,Şeker pancarından elde edilen amino asit türevi; hücrelerin osmotik dengesini koruyarak stres koşullarında bile cildin n,neutral,,neutral,,neutral,,neutral,,neutral,,neutral,
Betula Alba (Birch) Bark Extract,betulaalbabirchbarkextract,0,1,0,0,0,1,0,Texture|Radiance,,manual_v2,0,Botanical Extract,Bitkisel Ekstrakt (Huş Ağacı),"Huş ağacı kabuğundan elde edilen ekstrakt; betulin ve betulinik asit içerir, yatıştırıcı ve arındırıcı özellikler taşır, cildin doğal yenilenme sürecini destekler.",neutral,,neutral,,neutral,,neutral,,neutral,,neutral,,neutral,
Bha,bha,0,0,0,0,0,1,0,Radiance,,top1000,29,Antioxidant,Antioksidan,"bha, antioksidan bileşen; serbest radikalleri nötralize ederek hücreleri oksidatif hasardan korur ve formülasyonun stabilitesine katkıda bulunur.",neutral,,neutral,,neutral,,neutral,,neutral,,neutral,,neutral,
Bht,bht,0,0,0,0,0,1,0,Radiance,,top1000,897,Antioxidant,Antioksidan,"bht, antioksidan bileşen; serbest radikalleri nötralize ederek hücreleri oksidatif hasardan korur ve formülasyonun stabilitesine katkıda bulunur.",neutral,,neutral,,neutral,,neutral,,neutral,,neutral,,neutral,
Bifida Ferment Lysate,bifidafermentlysate,2,0,1,1,2,3,0,Impaired skin barrier|Redness|Fine Lines|Anyone,,manual_v2,0,Prebiotic / Probiotic,Probiyotik Lizat (Bifidus),"Bifidus bakterisinin fermantasyon ürünü; cildin doğal savunma mekanizmasını güçlendirir, bariyer onarımını hızlandırır, UV hasarına karşı koruma sağlar ve cildin yenilenme kapasitesini artırır.",beneficial,"Bifidus bakterisinin fermantasyon ürünü; cildin doğal savunma mekanizmasını güçlendirir, bariyer onarımını hızlandırır, ",neutral,,neutral,,neutral,,beneficial,"Bifidus bakterisinin fermantasyon ürünü; cildin doğal savunma mekanizmasını güçlendirir, bariyer onarımını hızlandırır, ",beneficial,"Bifidus bakterisinin fermantasyon ürünü; cildin doğal savunma mekanizmasını güçlendirir, bariyer onarımını hızlandırır, ",neutral,
Biosaccharide Gum-1,biosaccharidegum1,2,0,0,0,2,0,0,Dry and dehydrated skin|Redness|Impaired skin barrier,,manual_v2,0,Humectant,Nemlendirici / Yatıştırıcı,"Biyoteknoloji ile üretilen doğal polisakkarit; cildi nemlendirir, tahriş ve kızarıklığı azaltır, araştırmalarda anti-inflamatuar etkisi kanıtlanmıştır.",beneficial,"Biyoteknoloji ile üretilen doğal polisakkarit; cildi nemlendirir, tahriş ve kızarıklığı azaltır, araştırmalarda anti-inf",neutral,,neutral,,neutral,,beneficial,"Biyoteknoloji ile üretilen doğal polisakkarit; cildi nemlendirir, tahriş ve kızarıklığı azaltır, araştırmalarda anti-inf",neutral,,neutral,
Biotin,biotin,0,0,0,0,0,0,0,,,top1000,97,Skincare Ingredient,Cilt Bakım Bileşeni,"biotin, kozmetik formülasyonlarda kullanılan yardımcı bileşen; ürünün doku, stabilite veya uygulama özelliklerine katkıda bulunur.",neutral,,neutral,,neutral,,neutral,,neutral,,neutral,,neutral,
Bis-Aminopropyl Dimethicone,bisaminopropyldimethicone,1,0,0,0,0,0,0,Texture,,top1000,32,Silicone,Silikon,"bis-aminopropyl dimethicone, silikon bazlı bileşen; ciltte veya saçta pürüzsüz bir yüzey oluşturarak dokuyu iyileştirir, nem kaybını azaltır ve ürüne ipeksi bir uygulama hissi kazandırır.",neutral,,neutral,,neutral,,neutral,,neutral,,neutral,,neutral,
Bis-Diglyceryl Polyacyladipate-2,bisdiglycerylpolyacyladipate2,1,0,0,0,0,0,0,Texture,,top1000,92,Emollient,Yumuşatıcı Ester,"bis-diglyceryl polyacyladipate-2, yağ asidi esteri; cildi yumuşatır, formülasyona hafif ve pürüzsüz bir doku kazandırır.",neutral,,neutral,,neutral,,neutral,,neutral,,neutral,,neutral,
Bis-Ethylhexyloxyphenol Methoxyphenyl Triazine,bisethylhexyloxyphenolmethoxyphenyltriazine,0,0,0,0,0,0,0,,,top1000,253,Skincare Ingredient,Cilt Bakım Bileşeni,"bis-ethylhexyloxyphenol methoxyphenyl triazine, kozmetik formülasyonlarda kullanılan yardımcı bileşen; ürünün doku, stabilite veya uygulama özelliklerine katkıda bulunur.",neutral,,neutral,,neutral,,neutral,,neutral,,neutral,,neutral,
Bis-PEG/PPG-16/16 PEG/PPG-16/16 Dimethicone,bispegppg1616pegppg1616dimethicone,1,0,0,0,0,0,0,Texture,,manual_v2,0,Silicone,Silikon (Emülgatör),"Silikon bazlı emülgatör; su ve silikon fazlarını bir arada tutarak stabil ve hafif formülasyonlar oluşturulmasını sağlar, ciltte pürüzsüz bir uygulama hissi bırakır.",neutral,,neutral,,neutral,,neutral,,neutral,,neutral,,neutral,
Bisabolol,bisabolol,1,0,0,0,3,0,0,Redness|Impaired skin barrier|Anyone,,manual_v2,0,Skincare Ingredient,Yatıştırıcı (Bisabolol),"Papatya bitkisinden elde edilen doğal yatıştırıcı; güçlü anti-inflamatuar ve antimikrobiyal özellikler taşır, kızarıklığı azaltır, tahriş olmuş cildi sakinleştirir ve aktif bileşenlerin penetrasyonunu artırır.",neutral,,neutral,,neutral,,neutral,,beneficial,"Papatya bitkisinden elde edilen doğal yatıştırıcı; güçlü anti-inflamatuar ve antimikrobiyal özellikler taşır, kızarıklığ",neutral,,neutral,
Bixa Orellana Seed Extract,bixaorellanaseedextract,0,0,0,0,0,1,0,Radiance,,manual_v2,0,Botanical Extract,Bitkisel Ekstrakt (Annatto),"Annatto bitkisinin tohumundan elde edilen karotenoid bakımından zengin ekstrakt; güçlü antioksidan koruma sağlar, serbest radikalleri nötralize eder ve cildi UV kaynaklı hasara karşı destekler.",neutral,,neutral,,neutral,,neutral,,neutral,,neutral,,neutral,
Blue 1,blue1,0,0,0,0,0,0,0,,,top1000,35,Skincare Ingredient,Cilt Bakım Bileşeni,"blue 1, kozmetik formülasyonlarda kullanılan yardımcı bileşen; ürünün doku, stabilite veya uygulama özelliklerine katkıda bulunur.",neutral,,neutral,,neutral,,neutral,,neutral,,neutral,,neutral,
Blue 1 (Ci 42090),blue1ci42090,0,0,0,0,0,0,0,,,top1000,45,Skincare Ingredient,Renklendirici,"blue 1 (ci 42090), formülasyona renk veren kozmetik pigment; ürünün görsel çekiciliğini artırır, cilt bakım faydası yoktur.",neutral,,neutral,,neutral,,neutral,,neutral,,neutral,,neutral,
Boron Nitride,boronnitride,0,0,0,0,0,0,0,,,top1000,42,Skincare Ingredient,Cilt Bakım Bileşeni,"boron nitride, kozmetik formülasyonlarda kullanılan yardımcı bileşen; ürünün doku, stabilite veya uygulama özelliklerine katkıda bulunur.",neutral,,neutral,,neutral,,neutral,,neutral,,neutral,,neutral,
Brassica Campestris/Aleurites Fordi Oil Copolymer,brassicacampestrisaleuritesfordioilcopolymer,1,0,0,0,0,0,0,,,manual_v2,0,Skincare Ingredient,Film Oluşturucu,"Bitkisel yağlardan elde edilen kopolimer; ciltte ince koruyucu bir film oluşturarak nem kaybını önler, güneş filtrelerinin suya dayanıklılığını ve etkinliğini artırır.",neutral,,neutral,,neutral,,neutral,,neutral,,neutral,,neutral,
Butane,butane,0,0,0,0,0,0,0,,,top1000,519,Skincare Ingredient,Cilt Bakım Bileşeni,"butane, kozmetik formülasyonlarda kullanılan yardımcı bileşen; ürünün doku, stabilite veya uygulama özelliklerine katkıda bulunur.",neutral,,neutral,,neutral,,neutral,,neutral,,neutral,,neutral,
Butyl Acetate,butylacetate,0,0,0,0,0,0,0,,,top1000,62,Skincare Ingredient,Cilt Bakım Bileşeni,"butyl acetate, kozmetik formülasyonlarda kullanılan yardımcı bileşen; ürünün doku, stabilite veya uygulama özelliklerine katkıda bulunur.",neutral,,neutral,,neutral,,neutral,,neutral,,neutral,,neutral,
Butyl Methoxydibenzoylmethane,butylmethoxydibenzoylmethane,0,0,0,0,0,0,0,,,top1000,467,Skincare Ingredient,Cilt Bakım Bileşeni,"butyl methoxydibenzoylmethane, kozmetik formülasyonlarda kullanılan yardımcı bileşen; ürünün doku, stabilite veya uygulama özelliklerine katkıda bulunur.",neutral,,neutral,,neutral,,neutral,,neutral,,neutral,,neutral,
Butylene Glycol,butyleneglycol,2,0,0,0,0,0,0,Dry and dehydrated skin|Anyone,,manual_v2,795,Humectant,Nemlendirici / Çözücü,"Çok yönlü hafif nemlendirici; hem çözücü hem nem tutucu olarak çalışır, diğer bileşenlerin cilde penetrasyonunu artırır ve formülasyona kaygan bir doku kazandırır.",beneficial,"Çok yönlü hafif nemlendirici; hem çözücü hem nem tutucu olarak çalışır, diğer bileşenlerin cilde penetrasyonunu artırır ",neutral,,neutral,,neutral,,neutral,,neutral,,neutral,
Butylene Glycol Dicaprylate/Dicaprate,butyleneglycoldicaprylatedicaprate,1,0,0,0,0,0,0,Texture,,top1000,63,Emollient,Yumuşatıcı Ester,"butylene glycol dicaprylate/dicaprate, yağ asidi esteri; cildi yumuşatır, formülasyona hafif ve pürüzsüz bir doku kazandırır.",neutral,,neutral,,neutral,,neutral,,neutral,,neutral,,neutral,
Butyloctyl Salicylate,butyloctylsalicylate,0,0,0,0,0,0,0,,,manual_v2,0,Emollient,Yumuşatıcı / UV Çözücü,"Salisilik asit esteri; güneş filtrelerini çözen ve ciltte yayılmasını kolaylaştıran hafif yumuşatıcı, SPF formülasyonlarının etkinliğini artırır.",neutral,,neutral,,neutral,,neutral,,neutral,,neutral,,neutral,
Butylparaben,butylparaben,0,0,0,0,-1,0,-1,,Sensitive|Pregnancy,top1000,59,Preservative,Koruyucu,"butylparaben, formülasyonu mikrobiyal kontaminasyondan koruyan koruyucu madde; ürünün güvenli raf ömrünü sağlar.",neutral,,neutral,,neutral,,neutral,,caution,"Hassas ciltte tahriş ve kızarıklık yapabilir, dikkatli kullanılmalı",neutral,,caution,"Hamilelikte kullanımı önerilmez, doktorunuza danışın"
Butylphenyl Methylpropional,butylphenylmethylpropional,0,0,0,0,-1,0,0,,Sensitive,top1000,644,Fragrance Allergen,Koku Alerjeni,"butylphenyl methylpropional, kozmetik ürünlerde koku bileşeni olarak kullanılan ve AB mevzuatına göre etiketlenmesi zorunlu olan potansiyel alerjen; hassas ciltlerde alerjik reaksiyon, kızarıklık veya kontakt dermatit riski taşır.",neutral,,neutral,,neutral,,neutral,,caution,"Hassas ciltte tahriş ve kızarıklık yapabilir, dikkatli kullanılmalı",neutral,,neutral,
Butyrospermum Parkii (Shea) Butter,butyrospermumparkiisheabutter,2,0,0,0,1,1,0,,,top1000,356,Skincare Ingredient,Cilt Bakım Bileşeni,"butyrospermum parkii (shea) butter, kozmetik formülasyonlarda kullanılan yardımcı bileşen; ürünün doku, stabilite veya uygulama özelliklerine katkıda bulunur.",beneficial,Kuru cilt için faydalı bileşen,neutral,,neutral,,neutral,,neutral,,neutral,,neutral,
Butyrospermum Parkii Butter,butyrospermumparkiibutter,3,-1,0,1,1,1,0,Dry and dehydrated skin|Impaired skin barrier,Oily,manual_v2,0,Emollient,Shea Yağı,"Afrika shea ağacının meyvesinden elde edilen zengin yumuşatıcı; yağ asitleri, vitaminler ve fitosterollerle dolu olup cildi derinden besler, nem bariyerini onarır ve anti-inflamatuar etki gösterir.",beneficial,"Afrika shea ağacının meyvesinden elde edilen zengin yumuşatıcı; yağ asitleri, vitaminler ve fitosterollerle dolu olup ci",caution,Gözenekleri tıkayabilir veya yağlanmayı artırabilir,neutral,,neutral,,neutral,,neutral,,neutral,
Butyrospermum Parkii Butter / Shea Butter,butyrospermumparkiibuttersheabutter,2,0,0,0,1,1,0,,,top1000,89,Skincare Ingredient,Cilt Bakım Bileşeni,"butyrospermum parkii butter / shea butter, kozmetik formülasyonlarda kullanılan yardımcı bileşen; ürünün doku, stabilite veya uygulama özelliklerine katkıda bulunur.",beneficial,Kuru cilt için faydalı bileşen,neutral,,neutral,,neutral,,neutral,,neutral,,neutral,
C10-18 Triglycerides,c1018triglycerides,0,0,0,0,0,0,0,,,top1000,45,Skincare Ingredient,Cilt Bakım Bileşeni,"c10-18 triglycerides, kozmetik formülasyonlarda kullanılan yardımcı bileşen; ürünün doku, stabilite veya uygulama özelliklerine katkıda bulunur.",neutral,,neutral,,neutral,,neutral,,neutral,,neutral,,neutral,
C12-13 Alkyl Lactate,c1213alkyllactate,0,0,0,0,0,0,0,,,top1000,31,Skincare Ingredient,Cilt Bakım Bileşeni,"c12-13 alkyl lactate, kozmetik formülasyonlarda kullanılan yardımcı bileşen; ürünün doku, stabilite veya uygulama özelliklerine katkıda bulunur.",neutral,,neutral,,neutral,,neutral,,neutral,,neutral,,neutral,
C12-15 Alkyl Benzoate,c1215alkylbenzoate,0,0,0,0,0,0,0,,,top1000,510,Skincare Ingredient,Cilt Bakım Bileşeni,"c12-15 alkyl benzoate, kozmetik formülasyonlarda kullanılan yardımcı bileşen; ürünün doku, stabilite veya uygulama özelliklerine katkıda bulunur.",neutral,,neutral,,neutral,,neutral,,neutral,,neutral,,neutral,
C12-20 Alkyl Glucoside,c1220alkylglucoside,1,0,0,0,0,0,0,Anyone,,top1000,34,Surfactant,Yüzey Aktif Madde (Nazik),"c12-20 alkyl glucoside, nazik temizleyici yüzey aktif madde; cildi fazla kurutmadan etkili temizlik sağlar ve hassas cilt formülasyonlarında tercih edilir.",neutral,,neutral,,neutral,,neutral,,neutral,,neutral,,neutral,
C12-22 Alkyl Acrylate/Hydroxyethylacrylate Copolymer,c1222alkylacrylatehydroxyethylacrylatecopolymer,0,0,0,0,0,0,0,,,manual_v2,0,Skincare Ingredient,Film Oluşturucu / Stabilizatör,Akrilik kopolimer; ciltte su geçirmez ve esnek bir film oluşturarak güneş koruyucu formülasyonların suya ve tere dayanıklılığını artırır.,neutral,,neutral,,neutral,,neutral,,neutral,,neutral,,neutral,
C13-14 Isoparaffin,c1314isoparaffin,0,0,0,0,0,0,0,,,top1000,73,Skincare Ingredient,Cilt Bakım Bileşeni,"c13-14 isoparaffin, kozmetik formülasyonlarda kullanılan yardımcı bileşen; ürünün doku, stabilite veya uygulama özelliklerine katkıda bulunur.",neutral,,neutral,,neutral,,neutral,,neutral,,neutral,,neutral,
C14-22 Alcohols,c1422alcohols,0,0,0,0,0,0,0,,,top1000,35,Skincare Ingredient,Cilt Bakım Bileşeni,"c14-22 alcohols, kozmetik formülasyonlarda kullanılan yardımcı bileşen; ürünün doku, stabilite veya uygulama özelliklerine katkıda bulunur.",neutral,,neutral,,neutral,,neutral,,neutral,,neutral,,neutral,
C15-19 Alkane,c1519alkane,0,0,0,0,0,0,0,,,top1000,48,Skincare Ingredient,Cilt Bakım Bileşeni,"c15-19 alkane, kozmetik formülasyonlarda kullanılan yardımcı bileşen; ürünün doku, stabilite veya uygulama özelliklerine katkıda bulunur.",neutral,,neutral,,neutral,,neutral,,neutral,,neutral,,neutral,
C18-36 Acid Triglyceride,c1836acidtriglyceride,0,0,0,0,0,0,0,,,top1000,33,Skincare Ingredient,Cilt Bakım Bileşeni,"c18-36 acid triglyceride, kozmetik formülasyonlarda kullanılan yardımcı bileşen; ürünün doku, stabilite veya uygulama özelliklerine katkıda bulunur.",neutral,,neutral,,neutral,,neutral,,neutral,,neutral,,neutral,
C20-22 Alcohols,c2022alcohols,1,0,0,0,0,0,0,,,manual_v2,0,Emollient,Yağlı Alkol (Yumuşatıcı),"Uzun zincirli yağlı alkol karışımı (kurutucu alkol DEĞİL); formülasyona kremsi kıvam kazandırır, cildi yumuşatır ve emülsiyon stabilitesine katkıda bulunur.",neutral,,neutral,,neutral,,neutral,,neutral,,neutral,,neutral,
C20-22 Alkyl Phosphate,c2022alkylphosphate,0,0,0,0,0,0,0,,,manual_v2,0,Skincare Ingredient,Emülgatör,Uzun zincirli alkil fosfat esteri; formülasyonda yağ ve su fazlarını bir arada tutarak stabil ve kremsi emülsiyonlar oluşturulmasını sağlar.,neutral,,neutral,,neutral,,neutral,,neutral,,neutral,,neutral,
CI 40800,ci40800,0,0,0,0,0,0,0,,,manual_v2,0,Skincare Ingredient,Renklendirici (Beta-Karoten),"Beta-karoten pigmenti; ürüne turuncu-sarı renk veren doğal kaynaklı renklendirici, aynı zamanda hafif antioksidan özellik taşır.",neutral,,neutral,,neutral,,neutral,,neutral,,neutral,,neutral,
CI 77288,ci77288,0,0,0,0,0,0,0,,,manual_v2,0,Skincare Ingredient,Renklendirici (Krom Oksit),"Krom oksit yeşili; ürüne yeşil renk kazandıran inorganik mineral pigment, renk düzeltici ürünlerde kızarıklığı kamuflaj etmek için kullanılır.",neutral,,neutral,,neutral,,neutral,,neutral,,neutral,,neutral,
Caesalpinia Spinosa Fruit Extract,caesalpiniaspinosafruitextract,0,1,0,0,0,2,0,Enlarged Pores|Fine Lines|Elasticity,,manual_v2,0,Botanical Extract,Bitkisel Ekstrakt (Tara Meyvesi),"Tara ağacı meyvesinden elde edilen tanen bakımından zengin ekstrakt; anlık sıkılaştırma etkisi gösterir, gözenekleri sıkılaştırır ve cildin yüzeyini pürüzsüzleştirir.",neutral,,neutral,,neutral,,neutral,,neutral,,beneficial,"Tara ağacı meyvesinden elde edilen tanen bakımından zengin ekstrakt; anlık sıkılaştırma etkisi gösterir, gözenekleri sık",neutral,
Caesalpinia Spinosa Gum,caesalpiniaspinosagum,1,0,0,0,0,1,0,Fine Lines|Elasticity,,manual_v2,0,Skincare Ingredient,Doğal Kıvam Artırıcı / Film Oluşturucu,"Tara ağacından elde edilen doğal galaktomannan gam; ciltte sıkılaştırıcı film oluşturarak anlık germe etkisi sağlar, nemlendirici özellik taşır ve doğal kozmetikte sentetik polimerlerin alternatifi olarak kullanılır.",neutral,,neutral,,neutral,,neutral,,neutral,,neutral,,neutral,
Caffeine,caffeine,0,1,0,0,0,1,0,Enlarged Pores|Radiance|Fine Lines,,manual_v2,137,Antioxidant,Antioksidan / Vazokonstriktör,"Ciltte mikro dolaşımı artıran ve şişliği azaltan aktif bileşen; göz altı morlukları ve şişliklerine karşı etkili, ayrıca antioksidan koruma sağlar ve selülit görünümünü azaltmaya yardımcı olur.",neutral,,neutral,,neutral,,neutral,,neutral,,neutral,,neutral,
Calamine,calamine,0,1,0,0,1,0,0,Redness|Anyone,,manual_v2,0,Mineral,Mineral (Kalamin),"Çinko oksit ve demir oksit karışımından oluşan klasik cilt yatıştırıcı; kaşıntıyı azaltır, hafif antiseptik etki gösterir, güneş yanığı ve böcek sokması gibi cilt tahrişlerinde rahatlatıcı soğutma hissi sağlar.",neutral,,neutral,,neutral,,neutral,,neutral,,neutral,,neutral,
Calcium Aluminum Borosilicate,calciumaluminumborosilicate,0,1,0,0,0,0,0,,,top1000,92,Mineral,Mineral,"calcium aluminum borosilicate, mineral bazlı bileşen; formülasyonun fiziksel özelliklerine katkıda bulunur veya ciltte koruyucu/düzenleyici etki gösterir.",neutral,,neutral,,neutral,,neutral,,neutral,,neutral,,neutral,
Calcium Carbonate,calciumcarbonate,1,0,0,0,0,0,0,,,top1000,186,Mineral,Mineral,"calcium carbonate, mineral bazlı bileşen; formülasyonun fiziksel özelliklerine katkıda bulunur veya ciltte koruyucu/düzenleyici etki gösterir.",neutral,,neutral,,neutral,,neutral,,neutral,,neutral,,neutral,
Calcium Chloride,calciumchloride,0,0,0,0,0,0,0,,,top1000,70,Mineral,Mineral,"calcium chloride, mineral bazlı bileşen; formülasyonun fiziksel özelliklerine katkıda bulunur veya ciltte koruyucu/düzenleyici etki gösterir.",neutral,,neutral,,neutral,,neutral,,neutral,,neutral,,neutral,
Calcium Gluconate,calciumgluconate,0,0,0,0,0,0,0,,,top1000,69,Mineral,Mineral,"calcium gluconate, mineral bazlı bileşen; formülasyonun fiziksel özelliklerine katkıda bulunur veya ciltte koruyucu/düzenleyici etki gösterir.",neutral,,neutral,,neutral,,neutral,,neutral,,neutral,,neutral,
Calcium Glycerophosphate,calciumglycerophosphate,0,0,0,0,0,0,0,,,top1000,44,Mineral,Mineral,"calcium glycerophosphate, mineral bazlı bileşen; formülasyonun fiziksel özelliklerine katkıda bulunur veya ciltte koruyucu/düzenleyici etki gösterir.",neutral,,neutral,,neutral,,neutral,,neutral,,neutral,,neutral,
Calcium Hydroxide,calciumhydroxide,0,0,0,0,0,0,0,,,top1000,72,Mineral,Mineral,"calcium hydroxide, mineral bazlı bileşen; formülasyonun fiziksel özelliklerine katkıda bulunur veya ciltte koruyucu/düzenleyici etki gösterir.",neutral,,neutral,,neutral,,neutral,,neutral,,neutral,,neutral,
Calcium Pantothenate,calciumpantothenate,0,0,0,0,0,0,0,,,top1000,31,Mineral,Mineral,"calcium pantothenate, mineral bazlı bileşen; formülasyonun fiziksel özelliklerine katkıda bulunur veya ciltte koruyucu/düzenleyici etki gösterir.",neutral,,neutral,,neutral,,neutral,,neutral,,neutral,,neutral,
Calcium Sodium Borosilicate,calciumsodiumborosilicate,0,1,0,0,0,0,0,,,top1000,75,Mineral,Mineral,"calcium sodium borosilicate, mineral bazlı bileşen; formülasyonun fiziksel özelliklerine katkıda bulunur veya ciltte koruyucu/düzenleyici etki gösterir.",neutral,,neutral,,neutral,,neutral,,neutral,,neutral,,neutral,
Calendula Officinalis Flower Extract,calendulaofficinalisflowerextract,1,0,0,0,0,0,0,,,top1000,175,Botanical Extract,Bitkisel Ekstrakt,"calendula officinalis flower extract, bitkisel kaynaklı aktif ekstrakt; antioksidan, yatıştırıcı veya besleyici özellikler taşıyabilir ve formülasyona doğal etkinlik katar.",neutral,,neutral,,neutral,,neutral,,neutral,,neutral,,neutral,
Camellia Oleifera Seed Oil,camelliaoleiferaseedoil,2,-1,0,1,0,1,0,Dry and dehydrated skin,Oily,top1000,43,Oil / Lipid,Bitkisel Yağ,"camellia oleifera seed oil, esansiyel yağ asitleri ve vitaminler bakımından zengin bitkisel yağ; cildi besler, nem bariyerini güçlendirir ve yumuşatıcı etki sağlar.",beneficial,"camellia oleifera seed oil, esansiyel yağ asitleri ve vitaminler bakımından zengin bitkisel yağ; cildi besler, nem bariy",caution,Gözenekleri tıkayabilir veya yağlanmayı artırabilir,neutral,,neutral,,neutral,,neutral,,neutral,
Camellia Sinensis (Green Tea) Leaf Extract,camelliasinensisgreentealeafextract,1,2,1,1,1,2,0,Acne|Redness|Fine Lines|Radiance|Oily,,manual_v2,0,Botanical Extract,Bitkisel Ekstrakt (Yeşil Çay),"Yeşil çay yaprağından elde edilen EGCG polifenolü bakımından zengin ekstrakt; güçlü antioksidan koruma sağlar, UV hasarını azaltır, iltihaplanmayı yatıştırır ve yağ üretimini dengelemeye yardımcı olur.",neutral,,beneficial,"Yeşil çay yaprağından elde edilen EGCG polifenolü bakımından zengin ekstrakt; güçlü antioksidan koruma sağlar, UV hasarı",neutral,,neutral,,neutral,,beneficial,"Yeşil çay yaprağından elde edilen EGCG polifenolü bakımından zengin ekstrakt; güçlü antioksidan koruma sağlar, UV hasarı",neutral,
Camellia Sinensis Leaf Extract,camelliasinensisleafextract,2,-1,0,1,0,1,0,Dry and dehydrated skin,Oily,top1000,192,Oil / Lipid,Bitkisel Yağ,"camellia sinensis leaf extract, esansiyel yağ asitleri ve vitaminler bakımından zengin bitkisel yağ; cildi besler, nem bariyerini güçlendirir ve yumuşatıcı etki sağlar.",beneficial,"camellia sinensis leaf extract, esansiyel yağ asitleri ve vitaminler bakımından zengin bitkisel yağ; cildi besler, nem b",caution,Gözenekleri tıkayabilir veya yağlanmayı artırabilir,neutral,,neutral,,neutral,,neutral,,neutral,
Camellia Sinensis Leaf Water,camelliasinensisleafwater,3,-1,0,1,0,1,0,,,manual_v2,0,Botanical Extract,Bitkisel Hidrosol (Yeşil Çay),"Yeşil çay yapraklarının damıtılmasıyla elde edilen aromatik su; hafif antioksidan ve yatıştırıcı özellikler taşır, formülasyona ferahlatıcı etki katar.",beneficial,Kuru cilt için faydalı bileşen,caution,Gözenekleri tıkayabilir veya yağlanmayı artırabilir,neutral,,neutral,,neutral,,neutral,,neutral,
Camphor,camphor,0,0,0,0,0,0,0,,,top1000,80,Skincare Ingredient,Cilt Bakım Bileşeni,"camphor, kozmetik formülasyonlarda kullanılan yardımcı bileşen; ürünün doku, stabilite veya uygulama özelliklerine katkıda bulunur.",neutral,,neutral,,neutral,,neutral,,neutral,,neutral,,neutral,
Cananga Odorata Flower Oil,canangaodoratafloweroil,0,0,0,0,0,0,0,,,top1000,27,Skincare Ingredient,Cilt Bakım Bileşeni,"cananga odorata flower oil, kozmetik formülasyonlarda kullanılan yardımcı bileşen; ürünün doku, stabilite veya uygulama özelliklerine katkıda bulunur.",neutral,,neutral,,neutral,,neutral,,neutral,,neutral,,neutral,
Candelilla Cera,candelillacera,1,0,0,0,0,0,0,,,top1000,46,Skincare Ingredient,Cilt Bakım Bileşeni,"candelilla cera, kozmetik formülasyonlarda kullanılan yardımcı bileşen; ürünün doku, stabilite veya uygulama özelliklerine katkıda bulunur.",neutral,,neutral,,neutral,,neutral,,neutral,,neutral,,neutral,
Cannabis Sativa Seed Oil,cannabissativaseedoil,2,-1,0,1,0,1,0,Dry and dehydrated skin,Oily,top1000,35,Oil / Lipid,Bitkisel Yağ,"cannabis sativa seed oil, esansiyel yağ asitleri ve vitaminler bakımından zengin bitkisel yağ; cildi besler, nem bariyerini güçlendirir ve yumuşatıcı etki sağlar.",beneficial,"cannabis sativa seed oil, esansiyel yağ asitleri ve vitaminler bakımından zengin bitkisel yağ; cildi besler, nem bariyer",caution,Gözenekleri tıkayabilir veya yağlanmayı artırabilir,neutral,,neutral,,neutral,,neutral,,neutral,
Canola Oil,canolaoil,0,0,0,0,0,0,0,,,top1000,61,Skincare Ingredient,Cilt Bakım Bileşeni,"canola oil, kozmetik formülasyonlarda kullanılan yardımcı bileşen; ürünün doku, stabilite veya uygulama özelliklerine katkıda bulunur.",neutral,,neutral,,neutral,,neutral,,neutral,,neutral,,neutral,
Capric Acid,capricacid,1,0,0,0,0,0,0,,,top1000,53,Oil / Lipid,Yağ Asidi,"capric acid, doğal yağ asidi; cildin lipid bariyerini destekler, yumuşatıcı etki gösterir ve formülasyonun kıvamına katkıda bulunur.",neutral,,neutral,,neutral,,neutral,,neutral,,neutral,,neutral,
Caprylhydroxamic Acid,caprylhydroxamicacid,0,0,0,0,0,0,0,,,top1000,90,Skincare Ingredient,Cilt Bakım Bileşeni,"caprylhydroxamic acid, kozmetik formülasyonlarda kullanılan yardımcı bileşen; ürünün doku, stabilite veya uygulama özelliklerine katkıda bulunur.",neutral,,neutral,,neutral,,neutral,,neutral,,neutral,,neutral,
Caprylic Acid,caprylicacid,1,0,0,0,0,0,0,,,top1000,55,Oil / Lipid,Yağ Asidi,"caprylic acid, doğal yağ asidi; cildin lipid bariyerini destekler, yumuşatıcı etki gösterir ve formülasyonun kıvamına katkıda bulunur.",neutral,,neutral,,neutral,,neutral,,neutral,,neutral,,neutral,
Caprylic/Capric Triglyceride,capryliccaprictriglyceride,2,0,0,1,1,0,0,Dry and dehydrated skin|Anyone,,manual_v2,1010,Emollient,Yumuşatıcı (Hindistancevizi Türevi),"Hindistancevizi yağından elde edilen hafif yumuşatıcı ester; cildi yumuşatır, nem kaybını önler, formülasyona ipeksi doku katar ve gözenek tıkama riski düşüktür.",beneficial,"Hindistancevizi yağından elde edilen hafif yumuşatıcı ester; cildi yumuşatır, nem kaybını önler, formülasyona ipeksi dok",neutral,,neutral,,neutral,,neutral,,neutral,,neutral,
Capryloyl Glycine,capryloylglycine,0,2,1,0,0,0,0,Acne|Enlarged Pores|Oily,,manual_v2,0,Skincare Ingredient,Yağ Düzenleyici / Antimikrobiyal,"Kaprilik asit ve glisin amino asidinin estere; cildin yağ üretimini dengelemeye yardımcı olur, antimikrobiyal etki gösterir ve gözenek görünümünü azaltır.",neutral,,beneficial,"Kaprilik asit ve glisin amino asidinin estere; cildin yağ üretimini dengelemeye yardımcı olur, antimikrobiyal etki göste",neutral,,neutral,,neutral,,neutral,,neutral,
Capryloyl Salicylic Acid,capryloylsalicylicacid,-1,2,1,0,-1,0,0,,,top1000,43,Skincare Ingredient,Cilt Bakım Bileşeni,"capryloyl salicylic acid, kozmetik formülasyonlarda kullanılan yardımcı bileşen; ürünün doku, stabilite veya uygulama özelliklerine katkıda bulunur.",caution,"Kurutucu etki yapabilir, nemlendiriciyle kullanılmalı",beneficial,Yağlı cilt için faydalı bileşen,neutral,,neutral,,caution,Hassas ciltte tahriş ve kızarıklık yapabilir,neutral,,neutral,
Caprylyl Dimethicone Ethoxy Glucoside,caprylyldimethiconeethoxyglucoside,2,0,0,0,0,0,0,,,manual_v2,0,Skincare Ingredient,Emülgatör (Silikon-Şeker Hibrit),"Silikon ve şeker bazlı hibrit emülgatör; mineral güneş filtrelerinin (zinc oxide, titanium dioxide) ciltte eşit dağılmasını sağlar ve beyaz iz oluşumunu azaltır.",beneficial,Kuru cilt için faydalı bileşen,neutral,,neutral,,neutral,,neutral,,neutral,,neutral,
Caprylyl Glycol,caprylylglycol,1,0,0,0,0,0,0,,,manual_v2,1418,Preservative,Koruyucu Destekçi / Nemlendirici,Antimikrobiyal ve nemlendirici özellikler taşıyan çok fonksiyonlu bileşen; diğer koruyucuların etkinliğini artırarak formülasyonda daha düşük koruyucu kullanımına olanak sağlar.,neutral,,neutral,,neutral,,neutral,,neutral,,neutral,,neutral,
Caprylyl Methicone,caprylylmethicone,1,0,0,0,0,0,0,Texture,,manual_v2,0,Silicone,Silikon (Ultra Hafif),"Ultra hafif uçucu silikon; ciltte neredeyse hiç kalıntı bırakmadan buharlaşır, formülasyona ipeksi ve kuru bir dokunuş kazandırır, özellikle güneş koruyucularda tercih edilir.",neutral,,neutral,,neutral,,neutral,,neutral,,neutral,,neutral,
Caprylyl/Capryl Glucoside,caprylylcaprylglucoside,1,0,0,0,0,0,0,Anyone,,top1000,156,Surfactant,Yüzey Aktif Madde (Nazik),"caprylyl/capryl glucoside, nazik temizleyici yüzey aktif madde; cildi fazla kurutmadan etkili temizlik sağlar ve hassas cilt formülasyonlarında tercih edilir.",neutral,,neutral,,neutral,,neutral,,neutral,,neutral,,neutral,
Caramel,caramel,2,0,0,0,0,0,0,Dry and dehydrated skin,,top1000,171,Humectant,Nemlendirici,"caramel, nemlendirici özellikli bileşen; ciltte nem tutarak hidrasyonu artırır ve kuruluğa bağlı gerginlik hissini azaltır.",beneficial,"caramel, nemlendirici özellikli bileşen; ciltte nem tutarak hidrasyonu artırır ve kuruluğa bağlı gerginlik hissini azalt",neutral,,neutral,,neutral,,neutral,,neutral,,neutral,
Carbomer,carbomer,0,0,0,0,0,0,0,,,manual_v2,1376,Skincare Ingredient,Kıvam Artırıcı,"Sentetik polimer; formülasyona şeffaf jel kıvamı kazandırır, aktif bileşenlerin ciltte eşit dağılmasını sağlar ve ürünün stabilitesini artırır.",neutral,,neutral,,neutral,,neutral,,neutral,,neutral,,neutral,
Carnosine,carnosine,0,0,0,0,0,0,0,,,top1000,37,Skincare Ingredient,Cilt Bakım Bileşeni,"carnosine, kozmetik formülasyonlarda kullanılan yardımcı bileşen; ürünün doku, stabilite veya uygulama özelliklerine katkıda bulunur.",neutral,,neutral,,neutral,,neutral,,neutral,,neutral,,neutral,
Carrageenan,carrageenan,0,0,0,0,0,0,0,,,top1000,170,Skincare Ingredient,Kıvam Artırıcı / Stabilizatör,"carrageenan, formülasyona kıvam ve stabilite kazandıran polimer; ürünün dokusunu iyileştirir ve bileşenlerin homojen dağılmasını sağlar.",neutral,,neutral,,neutral,,neutral,,neutral,,neutral,,neutral,
Carthamus Tinctorius (Safflower) Seed Oil,carthamustinctoriussafflowerseedoil,2,-1,0,1,0,1,0,Dry and dehydrated skin,Oily,top1000,41,Oil / Lipid,Bitkisel Yağ,"carthamus tinctorius (safflower) seed oil, esansiyel yağ asitleri ve vitaminler bakımından zengin bitkisel yağ; cildi besler, nem bariyerini güçlendirir ve yumuşatıcı etki sağlar.",beneficial,"carthamus tinctorius (safflower) seed oil, esansiyel yağ asitleri ve vitaminler bakımından zengin bitkisel yağ; cildi be",caution,Gözenekleri tıkayabilir veya yağlanmayı artırabilir,neutral,,neutral,,neutral,,neutral,,neutral,
Carvone,carvone,0,0,0,0,0,0,0,,,top1000,57,Skincare Ingredient,Cilt Bakım Bileşeni,"carvone, kozmetik formülasyonlarda kullanılan yardımcı bileşen; ürünün doku, stabilite veya uygulama özelliklerine katkıda bulunur.",neutral,,neutral,,neutral,,neutral,,neutral,,neutral,,neutral,
Cellulose,cellulose,0,0,0,0,0,0,0,,,top1000,87,Skincare Ingredient,Cilt Bakım Bileşeni,"cellulose, kozmetik formülasyonlarda kullanılan yardımcı bileşen; ürünün doku, stabilite veya uygulama özelliklerine katkıda bulunur.",neutral,,neutral,,neutral,,neutral,,neutral,,neutral,,neutral,
Cellulose Gum,cellulosegum,0,0,0,0,0,0,0,,,top1000,713,Skincare Ingredient,Kıvam Artırıcı / Stabilizatör,"cellulose gum, formülasyona kıvam ve stabilite kazandıran polimer; ürünün dokusunu iyileştirir ve bileşenlerin homojen dağılmasını sağlar.",neutral,,neutral,,neutral,,neutral,,neutral,,neutral,,neutral,
Centaurea Cyanus Flower Water,centaureacyanusflowerwater,1,0,0,0,0,0,0,,,top1000,28,Botanical Extract,Bitkisel Ekstrakt,"centaurea cyanus flower water, bitkisel kaynaklı aktif ekstrakt; antioksidan, yatıştırıcı veya besleyici özellikler taşıyabilir ve formülasyona doğal etkinlik katar.",neutral,,neutral,,neutral,,neutral,,neutral,,neutral,,neutral,
Centella Asiatica Extract,centellaasiaticaextract,2,1,1,1,3,2,0,Redness|Impaired skin barrier|Acne|Fine Lines|Anyone,,manual_v2,58,Botanical Extract,Bitkisel Ekstrakt (Cica),"Geleneksel tıpta yüzyıllardır kullanılan güçlü onarıcı bitki; madecassoside ve asiaticoside bileşenleriyle cilt bariyerini onarır, iltihaplanmayı azaltır ve yara iyileşmesini hızlandırır.",beneficial,Geleneksel tıpta yüzyıllardır kullanılan güçlü onarıcı bitki; madecassoside ve asiaticoside bileşenleriyle cilt bariyeri,neutral,,neutral,,neutral,,beneficial,Geleneksel tıpta yüzyıllardır kullanılan güçlü onarıcı bitki; madecassoside ve asiaticoside bileşenleriyle cilt bariyeri,beneficial,Geleneksel tıpta yüzyıllardır kullanılan güçlü onarıcı bitki; madecassoside ve asiaticoside bileşenleriyle cilt bariyeri,neutral,
Cera Alba,ceraalba,1,0,0,0,0,0,0,,,top1000,199,Skincare Ingredient,Cilt Bakım Bileşeni,"cera alba, kozmetik formülasyonlarda kullanılan yardımcı bileşen; ürünün doku, stabilite veya uygulama özelliklerine katkıda bulunur.",neutral,,neutral,,neutral,,neutral,,neutral,,neutral,,neutral,
Cera Alba (Beeswax),ceraalbabeeswax,1,0,0,0,0,0,0,,,top1000,50,Skincare Ingredient,Cilt Bakım Bileşeni,"cera alba (beeswax), kozmetik formülasyonlarda kullanılan yardımcı bileşen; ürünün doku, stabilite veya uygulama özelliklerine katkıda bulunur.",neutral,,neutral,,neutral,,neutral,,neutral,,neutral,,neutral,
Cera Microcristallina,ceramicrocristallina,1,0,0,0,0,0,0,,,top1000,158,Skincare Ingredient,Cilt Bakım Bileşeni,"cera microcristallina, kozmetik formülasyonlarda kullanılan yardımcı bileşen; ürünün doku, stabilite veya uygulama özelliklerine katkıda bulunur.",neutral,,neutral,,neutral,,neutral,,neutral,,neutral,,neutral,
Ceramide,ceramide,3,0,1,1,3,2,0,Dry and dehydrated skin|Impaired skin barrier|Redness|Anyone,,manual_v2,0,Ceramide,Seramid (Genel),"Cilt bariyerinin temel lipid yapı taşı; interselüler çimento görevi görerek hücreler arası boşlukları doldurur, transepidermal su kaybını önler ve cildin dış etkenlere karşı savunma hattını güçlendirir.",beneficial,"Cilt bariyerinin temel lipid yapı taşı; interselüler çimento görevi görerek hücreler arası boşlukları doldurur, transepi",neutral,,neutral,,neutral,,beneficial,"Cilt bariyerinin temel lipid yapı taşı; interselüler çimento görevi görerek hücreler arası boşlukları doldurur, transepi",beneficial,"Cilt bariyerinin temel lipid yapı taşı; interselüler çimento görevi görerek hücreler arası boşlukları doldurur, transepi",neutral,
Ceramide 3,ceramide3,3,0,1,1,3,2,0,Dry and dehydrated skin|Impaired skin barrier|Redness|Anyone,,manual_v2,0,Ceramide,Seramid (Ceramide NP),"Ceramide NP'nin eski adlandırmasıyla bilinen seramid türü; cilt bariyerinin temel yapı taşlarından biri olup bariyer onarımını hızlandırır, transepidermal su kaybını azaltır ve cildin dış etkenlere karşı savunmasını güçlendirir.",beneficial,Ceramide NP'nin eski adlandırmasıyla bilinen seramid türü; cilt bariyerinin temel yapı taşlarından biri olup bariyer ona,neutral,,neutral,,neutral,,beneficial,Ceramide NP'nin eski adlandırmasıyla bilinen seramid türü; cilt bariyerinin temel yapı taşlarından biri olup bariyer ona,beneficial,Ceramide NP'nin eski adlandırmasıyla bilinen seramid türü; cilt bariyerinin temel yapı taşlarından biri olup bariyer ona,neutral,
Ceramide AP,ceramideap,3,0,1,1,3,2,0,Dry and dehydrated skin|Impaired skin barrier|Redness|Anyone,,manual_v2,69,Ceramide,Seramid,Cilt bariyerinin onarımında kritik rol oynayan seramid türü; lipit tabakasını yeniden yapılandırarak nem kaybını önler ve hassas cildin dayanıklılığını artırır.,beneficial,Cilt bariyerinin onarımında kritik rol oynayan seramid türü; lipit tabakasını yeniden yapılandırarak nem kaybını önler v,neutral,,neutral,,neutral,,beneficial,Cilt bariyerinin onarımında kritik rol oynayan seramid türü; lipit tabakasını yeniden yapılandırarak nem kaybını önler v,beneficial,Cilt bariyerinin onarımında kritik rol oynayan seramid türü; lipit tabakasını yeniden yapılandırarak nem kaybını önler v,neutral,
Ceramide EOP,ceramideeop,3,0,1,1,3,2,0,Dry and dehydrated skin|Impaired skin barrier|Redness|Anyone,,manual_v2,59,Ceramide,Seramid,Cildin en dış katmanındaki lipid matriksin önemli bileşeni; diğer seramidlerle birlikte çalışarak bariyer bütünlüğünü sağlar ve cildin nem dengesini korur.,beneficial,Cildin en dış katmanındaki lipid matriksin önemli bileşeni; diğer seramidlerle birlikte çalışarak bariyer bütünlüğünü sa,neutral,,neutral,,neutral,,beneficial,Cildin en dış katmanındaki lipid matriksin önemli bileşeni; diğer seramidlerle birlikte çalışarak bariyer bütünlüğünü sa,beneficial,Cildin en dış katmanındaki lipid matriksin önemli bileşeni; diğer seramidlerle birlikte çalışarak bariyer bütünlüğünü sa,neutral,
Ceramide NP,ceramidenp,3,0,1,1,3,2,0,Dry and dehydrated skin|Impaired skin barrier|Redness|Anyone,,manual_v2,130,Ceramide,Seramid,"Cildin doğal lipid bariyerinin temel yapı taşlarından biri; bariyer onarımını hızlandırır, transepidermal su kaybını azaltır ve cildin dış etkenlere karşı savunmasını güçlendirir.",beneficial,"Cildin doğal lipid bariyerinin temel yapı taşlarından biri; bariyer onarımını hızlandırır, transepidermal su kaybını aza",neutral,,neutral,,neutral,,beneficial,"Cildin doğal lipid bariyerinin temel yapı taşlarından biri; bariyer onarımını hızlandırır, transepidermal su kaybını aza",beneficial,"Cildin doğal lipid bariyerinin temel yapı taşlarından biri; bariyer onarımını hızlandırır, transepidermal su kaybını aza",neutral,
Ceresin,ceresin,0,0,0,0,0,0,0,,,top1000,40,Skincare Ingredient,Cilt Bakım Bileşeni,"ceresin, kozmetik formülasyonlarda kullanılan yardımcı bileşen; ürünün doku, stabilite veya uygulama özelliklerine katkıda bulunur.",neutral,,neutral,,neutral,,neutral,,neutral,,neutral,,neutral,
Ceteareth-12,ceteareth12,0,0,0,0,0,0,0,,,top1000,68,Skincare Ingredient,Emülgatör,"ceteareth-12, yağ ve su fazlarını stabil bir şekilde bir arada tutan emülgatör; formülasyonun homojen yapısını korur ve kremsi doku oluşturur.",neutral,,neutral,,neutral,,neutral,,neutral,,neutral,,neutral,
Ceteareth-20,ceteareth20,0,0,0,0,0,0,0,,,top1000,313,Skincare Ingredient,Emülgatör,"ceteareth-20, yağ ve su fazlarını stabil bir şekilde bir arada tutan emülgatör; formülasyonun homojen yapısını korur ve kremsi doku oluşturur.",neutral,,neutral,,neutral,,neutral,,neutral,,neutral,,neutral,
Ceteareth-25,ceteareth25,0,0,0,0,0,0,0,,,top1000,88,Skincare Ingredient,Emülgatör,"ceteareth-25, yağ ve su fazlarını stabil bir şekilde bir arada tutan emülgatör; formülasyonun homojen yapısını korur ve kremsi doku oluşturur.",neutral,,neutral,,neutral,,neutral,,neutral,,neutral,,neutral,
Ceteareth-33,ceteareth33,0,0,0,0,0,0,0,,,top1000,55,Skincare Ingredient,Emülgatör,"ceteareth-33, yağ ve su fazlarını stabil bir şekilde bir arada tutan emülgatör; formülasyonun homojen yapısını korur ve kremsi doku oluşturur.",neutral,,neutral,,neutral,,neutral,,neutral,,neutral,,neutral,
Ceteareth-60 Myristyl Glycol,ceteareth60myristylglycol,1,0,0,0,0,0,0,,,top1000,48,Skincare Ingredient,Emülgatör,"ceteareth-60 myristyl glycol, yağ ve su fazlarını stabil bir şekilde bir arada tutan emülgatör; formülasyonun homojen yapısını korur ve kremsi doku oluşturur.",neutral,,neutral,,neutral,,neutral,,neutral,,neutral,,neutral,
Cetearyl Alcohol,cetearylalcohol,2,0,0,0,0,0,0,Dry and dehydrated skin|Anyone,,manual_v2,2035,Emollient,Yağlı Alkol (Yumuşatıcı),"Bitkisel kaynaklı yağlı alkol karışımı (kurutucu alkol DEĞİL); cildi yumuşatır, formülasyona kremsi kıvam verir ve emülsiyonu stabilize eder, hassas ciltler dahil tüm cilt tipleri için güvenlidir.",beneficial,"Bitkisel kaynaklı yağlı alkol karışımı (kurutucu alkol DEĞİL); cildi yumuşatır, formülasyona kremsi kıvam verir ve emüls",neutral,,neutral,,neutral,,neutral,,neutral,,neutral,
Cetearyl Ethylhexanoate,cetearylethylhexanoate,0,0,0,0,0,0,0,,,top1000,70,Skincare Ingredient,Cilt Bakım Bileşeni,"cetearyl ethylhexanoate, kozmetik formülasyonlarda kullanılan yardımcı bileşen; ürünün doku, stabilite veya uygulama özelliklerine katkıda bulunur.",neutral,,neutral,,neutral,,neutral,,neutral,,neutral,,neutral,
Cetearyl Glucoside,cetearylglucoside,1,0,0,0,0,0,0,Anyone,,top1000,146,Surfactant,Yüzey Aktif Madde (Nazik),"cetearyl glucoside, nazik temizleyici yüzey aktif madde; cildi fazla kurutmadan etkili temizlik sağlar ve hassas cilt formülasyonlarında tercih edilir.",neutral,,neutral,,neutral,,neutral,,neutral,,neutral,,neutral,
Cetearyl Isononanoate,cetearylisononanoate,0,0,0,0,0,0,0,,,top1000,60,Skincare Ingredient,Cilt Bakım Bileşeni,"cetearyl isononanoate, kozmetik formülasyonlarda kullanılan yardımcı bileşen; ürünün doku, stabilite veya uygulama özelliklerine katkıda bulunur.",neutral,,neutral,,neutral,,neutral,,neutral,,neutral,,neutral,
Cetearyl Olivate,cetearylolivate,0,0,0,0,0,0,0,,,top1000,68,Skincare Ingredient,Cilt Bakım Bileşeni,"cetearyl olivate, kozmetik formülasyonlarda kullanılan yardımcı bileşen; ürünün doku, stabilite veya uygulama özelliklerine katkıda bulunur.",neutral,,neutral,,neutral,,neutral,,neutral,,neutral,,neutral,
Ceteth-20,ceteth20,0,0,0,0,0,0,0,,,top1000,55,Skincare Ingredient,Cilt Bakım Bileşeni,"ceteth-20, kozmetik formülasyonlarda kullanılan yardımcı bileşen; ürünün doku, stabilite veya uygulama özelliklerine katkıda bulunur.",neutral,,neutral,,neutral,,neutral,,neutral,,neutral,,neutral,
Ceteth-24,ceteth24,0,0,0,0,0,0,0,,,manual_v2,0,Skincare Ingredient,Emülgatör,"Setil alkolün etoksillenmiş formu; yağ ve su fazlarını birleştiren emülgatör, formülasyonun homojen ve stabil kalmasını sağlar.",neutral,,neutral,,neutral,,neutral,,neutral,,neutral,,neutral,
Cetrimonium Bromide,cetrimoniumbromide,0,0,0,0,0,0,0,,,top1000,30,Skincare Ingredient,Cilt Bakım Bileşeni,"cetrimonium bromide, kozmetik formülasyonlarda kullanılan yardımcı bileşen; ürünün doku, stabilite veya uygulama özelliklerine katkıda bulunur.",neutral,,neutral,,neutral,,neutral,,neutral,,neutral,,neutral,
Cetrimonium Chloride,cetrimoniumchloride,0,0,0,0,0,0,0,,,top1000,409,Skincare Ingredient,Cilt Bakım Bileşeni,"cetrimonium chloride, kozmetik formülasyonlarda kullanılan yardımcı bileşen; ürünün doku, stabilite veya uygulama özelliklerine katkıda bulunur.",neutral,,neutral,,neutral,,neutral,,neutral,,neutral,,neutral,
Cetyl Alcohol,cetylalcohol,2,0,0,0,0,0,0,Dry and dehydrated skin|Anyone,,manual_v2,1113,Emollient,Yağlı Alkol (Yumuşatıcı),"Bitkisel kaynaklı yağlı alkol (kurutucu alkol DEĞİL); cildi yumuşatır, formülasyona kremsi doku verir ve emülgatör olarak yağ-su fazlarını bir arada tutar.",beneficial,"Bitkisel kaynaklı yağlı alkol (kurutucu alkol DEĞİL); cildi yumuşatır, formülasyona kremsi doku verir ve emülgatör olara",neutral,,neutral,,neutral,,neutral,,neutral,,neutral,
Cetyl Dimethicone,cetyldimethicone,1,0,0,0,0,0,0,Texture,,top1000,28,Silicone,Silikon,"cetyl dimethicone, silikon bazlı bileşen; ciltte veya saçta pürüzsüz bir yüzey oluşturarak dokuyu iyileştirir, nem kaybını azaltır ve ürüne ipeksi bir uygulama hissi kazandırır.",neutral,,neutral,,neutral,,neutral,,neutral,,neutral,,neutral,
Cetyl Esters,cetylesters,0,0,0,0,0,0,0,,,top1000,152,Skincare Ingredient,Cilt Bakım Bileşeni,"cetyl esters, kozmetik formülasyonlarda kullanılan yardımcı bileşen; ürünün doku, stabilite veya uygulama özelliklerine katkıda bulunur.",neutral,,neutral,,neutral,,neutral,,neutral,,neutral,,neutral,
Cetyl Ethylhexanoate,cetylethylhexanoate,0,0,0,0,0,0,0,,,top1000,32,Skincare Ingredient,Cilt Bakım Bileşeni,"cetyl ethylhexanoate, kozmetik formülasyonlarda kullanılan yardımcı bileşen; ürünün doku, stabilite veya uygulama özelliklerine katkıda bulunur.",neutral,,neutral,,neutral,,neutral,,neutral,,neutral,,neutral,
Cetyl PEG/PPG-10/1 Dimethicone,cetylpegppg101dimethicone,1,0,0,0,0,0,0,,,manual_v2,0,Skincare Ingredient,Emülgatör (Silikon Bazlı),"Silikon bazlı emülgatör; su ve silikon fazlarını bir arada tutarak stabil emülsiyonlar oluşturulmasını sağlar, ciltte pürüzsüz bir his bırakır.",neutral,,neutral,,neutral,,neutral,,neutral,,neutral,,neutral,
Cetyl Palmitate,cetylpalmitate,1,0,0,0,0,0,0,Texture,,top1000,187,Emollient,Yumuşatıcı Ester,"cetyl palmitate, yağ asidi esteri; cildi yumuşatır, formülasyona hafif ve pürüzsüz bir doku kazandırır.",neutral,,neutral,,neutral,,neutral,,neutral,,neutral,,neutral,
Cetylpyridinium Chloride,cetylpyridiniumchloride,0,0,0,0,0,0,0,,,top1000,106,Skincare Ingredient,Cilt Bakım Bileşeni,"cetylpyridinium chloride, kozmetik formülasyonlarda kullanılan yardımcı bileşen; ürünün doku, stabilite veya uygulama özelliklerine katkıda bulunur.",neutral,,neutral,,neutral,,neutral,,neutral,,neutral,,neutral,
Chamomile Extract,chamomileextract,1,0,0,0,2,0,0,Redness|Impaired skin barrier,,manual_v2,0,Botanical Extract,Bitkisel Ekstrakt (Papatya),"Papatya çiçeğinden elde edilen yatıştırıcı ekstrakt; bisabolol ve apigenin bileşenleriyle kızarıklığı azaltır, cildi sakinleştirir ve hassas cilt bakımında tercih edilen nazik bir aktiftir.",neutral,,neutral,,neutral,,neutral,,beneficial,"Papatya çiçeğinden elde edilen yatıştırıcı ekstrakt; bisabolol ve apigenin bileşenleriyle kızarıklığı azaltır, cildi sak",neutral,,neutral,
Chamomilla Recutita (Matricaria) Flower Extract,chamomillarecutitamatricariaflowerextract,1,0,0,0,0,0,0,,,top1000,92,Botanical Extract,Bitkisel Ekstrakt,"chamomilla recutita (matricaria) flower extract, bitkisel kaynaklı aktif ekstrakt; antioksidan, yatıştırıcı veya besleyici özellikler taşıyabilir ve formülasyona doğal etkinlik katar.",neutral,,neutral,,neutral,,neutral,,neutral,,neutral,,neutral,
Chamomilla Recutita Flower Extract,chamomillarecutitaflowerextract,1,0,0,0,0,0,0,,,top1000,182,Botanical Extract,Bitkisel Ekstrakt,"chamomilla recutita flower extract, bitkisel kaynaklı aktif ekstrakt; antioksidan, yatıştırıcı veya besleyici özellikler taşıyabilir ve formülasyona doğal etkinlik katar.",neutral,,neutral,,neutral,,neutral,,neutral,,neutral,,neutral,
Charcoal Powder,charcoalpowder,0,1,0,0,0,0,0,,,top1000,134,Skincare Ingredient,Cilt Bakım Bileşeni,"charcoal powder, kozmetik formülasyonlarda kullanılan yardımcı bileşen; ürünün doku, stabilite veya uygulama özelliklerine katkıda bulunur.",neutral,,neutral,,neutral,,neutral,,neutral,,neutral,,neutral,
Chenopodium Quinoa Seed Extract,chenopodiumquinoaseedextract,1,0,0,0,1,0,0,Impaired skin barrier|Anyone,,manual_v2,0,Botanical Extract,Bitkisel Ekstrakt (Kinoa),"Kinoa tohumundan elde edilen protein ve saponin bakımından zengin ekstrakt; cildin doğal savunma bariyerini güçlendirir, nemlendirme sağlar ve çevresel stres faktörlerine karşı koruyucu etki gösterir.",neutral,,neutral,,neutral,,neutral,,neutral,,neutral,,neutral,
Chlorhexidine Digluconate,chlorhexidinedigluconate,0,0,0,0,0,0,0,,,top1000,112,Skincare Ingredient,Cilt Bakım Bileşeni,"chlorhexidine digluconate, kozmetik formülasyonlarda kullanılan yardımcı bileşen; ürünün doku, stabilite veya uygulama özelliklerine katkıda bulunur.",neutral,,neutral,,neutral,,neutral,,neutral,,neutral,,neutral,
Chlorhexidine Dihydrochloride,chlorhexidinedihydrochloride,0,0,0,0,0,0,0,,,top1000,29,Skincare Ingredient,Cilt Bakım Bileşeni,"chlorhexidine dihydrochloride, kozmetik formülasyonlarda kullanılan yardımcı bileşen; ürünün doku, stabilite veya uygulama özelliklerine katkıda bulunur.",neutral,,neutral,,neutral,,neutral,,neutral,,neutral,,neutral,
Chlorphenesin,chlorphenesin,0,0,0,0,-1,0,-1,,Sensitive|Pregnancy,top1000,262,Preservative,Koruyucu,"chlorphenesin, formülasyonu mikrobiyal kontaminasyondan koruyan koruyucu madde; ürünün güvenli raf ömrünü sağlar.",neutral,,neutral,,neutral,,neutral,,caution,"Hassas ciltte tahriş ve kızarıklık yapabilir, dikkatli kullanılmalı",neutral,,caution,"Hamilelikte kullanımı önerilmez, doktorunuza danışın"
Cholesterol,cholesterol,2,0,0,0,2,1,0,,,top1000,107,Skincare Ingredient,Cilt Bakım Bileşeni,"cholesterol, kozmetik formülasyonlarda kullanılan yardımcı bileşen; ürünün doku, stabilite veya uygulama özelliklerine katkıda bulunur.",beneficial,Kuru cilt için faydalı bileşen,neutral,,neutral,,neutral,,beneficial,Hassas cilt için faydalı bileşen,neutral,,neutral,
Choleth-24,choleth24,0,0,0,0,0,0,0,,,manual_v2,0,Skincare Ingredient,Emülgatör,"Kolesterol türevi emülgatör; cildin doğal lipid yapısına uyumlu bileşen, formülasyonun stabilitesini ve cilt uyumluluğunu artırır.",neutral,,neutral,,neutral,,neutral,,neutral,,neutral,,neutral,
Chondrus Crispus (Carrageenan),chondruscrispuscarrageenan,0,0,0,0,0,0,0,,,top1000,28,Skincare Ingredient,Kıvam Artırıcı / Stabilizatör,"chondrus crispus (carrageenan), formülasyona kıvam ve stabilite kazandıran polimer; ürünün dokusunu iyileştirir ve bileşenlerin homojen dağılmasını sağlar.",neutral,,neutral,,neutral,,neutral,,neutral,,neutral,,neutral,
Chondrus Crispus Extract,chondruscrispusextract,1,0,0,0,0,0,0,,,top1000,34,Botanical Extract,Bitkisel Ekstrakt,"chondrus crispus extract, bitkisel kaynaklı aktif ekstrakt; antioksidan, yatıştırıcı veya besleyici özellikler taşıyabilir ve formülasyona doğal etkinlik katar.",neutral,,neutral,,neutral,,neutral,,neutral,,neutral,,neutral,
Chondrus Crispus Powder,chondruscrispuspowder,0,0,0,0,0,0,0,,,top1000,32,Skincare Ingredient,Cilt Bakım Bileşeni,"chondrus crispus powder, kozmetik formülasyonlarda kullanılan yardımcı bileşen; ürünün doku, stabilite veya uygulama özelliklerine katkıda bulunur.",neutral,,neutral,,neutral,,neutral,,neutral,,neutral,,neutral,
Ci 14700,ci14700,0,0,0,0,0,0,0,,,top1000,87,Skincare Ingredient,Renklendirici,"ci 14700, formülasyona renk veren kozmetik pigment; ürünün görsel çekiciliğini artırır, cilt bakım faydası yoktur.",neutral,,neutral,,neutral,,neutral,,neutral,,neutral,,neutral,
Ci 14700 / Red 4,ci14700red4,0,0,0,0,0,0,0,,,top1000,39,Skincare Ingredient,Renklendirici,"ci 14700 / red 4, formülasyona renk veren kozmetik pigment; ürünün görsel çekiciliğini artırır, cilt bakım faydası yoktur.",neutral,,neutral,,neutral,,neutral,,neutral,,neutral,,neutral,
Ci 14720,ci14720,0,0,0,0,0,0,0,,,top1000,42,Skincare Ingredient,Renklendirici,"ci 14720, formülasyona renk veren kozmetik pigment; ürünün görsel çekiciliğini artırır, cilt bakım faydası yoktur.",neutral,,neutral,,neutral,,neutral,,neutral,,neutral,,neutral,
Ci 15510,ci15510,0,0,0,0,0,0,0,,,top1000,32,Skincare Ingredient,Renklendirici,"ci 15510, formülasyona renk veren kozmetik pigment; ürünün görsel çekiciliğini artırır, cilt bakım faydası yoktur.",neutral,,neutral,,neutral,,neutral,,neutral,,neutral,,neutral,
Ci 15850,ci15850,0,0,0,0,0,0,0,,,top1000,50,Skincare Ingredient,Renklendirici,"ci 15850, formülasyona renk veren kozmetik pigment; ürünün görsel çekiciliğini artırır, cilt bakım faydası yoktur.",neutral,,neutral,,neutral,,neutral,,neutral,,neutral,,neutral,
Ci 15850 / Red 7,ci15850red7,0,0,0,0,0,0,0,,,top1000,61,Skincare Ingredient,Renklendirici,"ci 15850 / red 7, formülasyona renk veren kozmetik pigment; ürünün görsel çekiciliğini artırır, cilt bakım faydası yoktur.",neutral,,neutral,,neutral,,neutral,,neutral,,neutral,,neutral,
Ci 15985,ci15985,0,0,0,0,0,0,0,,,top1000,155,Skincare Ingredient,Renklendirici,"ci 15985, formülasyona renk veren kozmetik pigment; ürünün görsel çekiciliğini artırır, cilt bakım faydası yoktur.",neutral,,neutral,,neutral,,neutral,,neutral,,neutral,,neutral,
Ci 15985 / Yellow 6,ci15985yellow6,0,0,0,0,0,0,0,,,top1000,30,Skincare Ingredient,Renklendirici,"ci 15985 / yellow 6, formülasyona renk veren kozmetik pigment; ürünün görsel çekiciliğini artırır, cilt bakım faydası yoktur.",neutral,,neutral,,neutral,,neutral,,neutral,,neutral,,neutral,
Ci 15985 / Yellow 6 Lake,ci15985yellow6lake,0,0,0,0,0,0,0,,,top1000,48,Skincare Ingredient,Renklendirici,"ci 15985 / yellow 6 lake, formülasyona renk veren kozmetik pigment; ürünün görsel çekiciliğini artırır, cilt bakım faydası yoktur.",neutral,,neutral,,neutral,,neutral,,neutral,,neutral,,neutral,
Ci 16035,ci16035,0,0,0,0,0,0,0,,,top1000,88,Skincare Ingredient,Renklendirici,"ci 16035, formülasyona renk veren kozmetik pigment; ürünün görsel çekiciliğini artırır, cilt bakım faydası yoktur.",neutral,,neutral,,neutral,,neutral,,neutral,,neutral,,neutral,
Ci 16255,ci16255,0,0,0,0,0,0,0,,,top1000,63,Skincare Ingredient,Renklendirici,"ci 16255, formülasyona renk veren kozmetik pigment; ürünün görsel çekiciliğini artırır, cilt bakım faydası yoktur.",neutral,,neutral,,neutral,,neutral,,neutral,,neutral,,neutral,
Ci 17200,ci17200,0,0,0,0,0,0,0,,,top1000,257,Skincare Ingredient,Renklendirici,"ci 17200, formülasyona renk veren kozmetik pigment; ürünün görsel çekiciliğini artırır, cilt bakım faydası yoktur.",neutral,,neutral,,neutral,,neutral,,neutral,,neutral,,neutral,
Ci 17200 (Red 33),ci17200red33,0,0,0,0,0,0,0,,,top1000,39,Skincare Ingredient,Renklendirici,"ci 17200 (red 33), formülasyona renk veren kozmetik pigment; ürünün görsel çekiciliğini artırır, cilt bakım faydası yoktur.",neutral,,neutral,,neutral,,neutral,,neutral,,neutral,,neutral,
Ci 19140,ci19140,0,0,0,0,0,0,0,,,top1000,544,Skincare Ingredient,Renklendirici,"ci 19140, formülasyona renk veren kozmetik pigment; ürünün görsel çekiciliğini artırır, cilt bakım faydası yoktur.",neutral,,neutral,,neutral,,neutral,,neutral,,neutral,,neutral,
Ci 19140 / Yellow 5,ci19140yellow5,0,0,0,0,0,0,0,,,top1000,96,Skincare Ingredient,Renklendirici,"ci 19140 / yellow 5, formülasyona renk veren kozmetik pigment; ürünün görsel çekiciliğini artırır, cilt bakım faydası yoktur.",neutral,,neutral,,neutral,,neutral,,neutral,,neutral,,neutral,
Ci 19140 / Yellow 5 Lake,ci19140yellow5lake,0,0,0,0,0,0,0,,,top1000,54,Skincare Ingredient,Renklendirici,"ci 19140 / yellow 5 lake, formülasyona renk veren kozmetik pigment; ürünün görsel çekiciliğini artırır, cilt bakım faydası yoktur.",neutral,,neutral,,neutral,,neutral,,neutral,,neutral,,neutral,
Ci 28440,ci28440,0,0,0,0,0,0,0,,,top1000,31,Skincare Ingredient,Renklendirici,"ci 28440, formülasyona renk veren kozmetik pigment; ürünün görsel çekiciliğini artırır, cilt bakım faydası yoktur.",neutral,,neutral,,neutral,,neutral,,neutral,,neutral,,neutral,
Ci 42051,ci42051,0,0,0,0,0,0,0,,,top1000,90,Skincare Ingredient,Renklendirici,"ci 42051, formülasyona renk veren kozmetik pigment; ürünün görsel çekiciliğini artırır, cilt bakım faydası yoktur.",neutral,,neutral,,neutral,,neutral,,neutral,,neutral,,neutral,
Ci 42090,ci42090,0,0,0,0,0,0,0,,,top1000,478,Skincare Ingredient,Renklendirici,"ci 42090, formülasyona renk veren kozmetik pigment; ürünün görsel çekiciliğini artırır, cilt bakım faydası yoktur.",neutral,,neutral,,neutral,,neutral,,neutral,,neutral,,neutral,
Ci 42090 (Blue 1),ci42090blue1,0,0,0,0,0,0,0,,,top1000,35,Skincare Ingredient,Renklendirici,"ci 42090 (blue 1), formülasyona renk veren kozmetik pigment; ürünün görsel çekiciliğini artırır, cilt bakım faydası yoktur.",neutral,,neutral,,neutral,,neutral,,neutral,,neutral,,neutral,
Ci 42090 / Blue 1 Lake,ci42090blue1lake,0,0,0,0,0,0,0,,,top1000,50,Skincare Ingredient,Renklendirici,"ci 42090 / blue 1 lake, formülasyona renk veren kozmetik pigment; ürünün görsel çekiciliğini artırır, cilt bakım faydası yoktur.",neutral,,neutral,,neutral,,neutral,,neutral,,neutral,,neutral,
Ci 45380 / Red 22 Lake,ci45380red22lake,0,0,0,0,0,0,0,,,top1000,48,Skincare Ingredient,Renklendirici,"ci 45380 / red 22 lake, formülasyona renk veren kozmetik pigment; ürünün görsel çekiciliğini artırır, cilt bakım faydası yoktur.",neutral,,neutral,,neutral,,neutral,,neutral,,neutral,,neutral,
Ci 45410 / Red 28 Lake,ci45410red28lake,0,0,0,0,0,0,0,,,top1000,49,Skincare Ingredient,Renklendirici,"ci 45410 / red 28 lake, formülasyona renk veren kozmetik pigment; ürünün görsel çekiciliğini artırır, cilt bakım faydası yoktur.",neutral,,neutral,,neutral,,neutral,,neutral,,neutral,,neutral,
Ci 47005,ci47005,0,0,0,0,0,0,0,,,top1000,148,Skincare Ingredient,Renklendirici,"ci 47005, formülasyona renk veren kozmetik pigment; ürünün görsel çekiciliğini artırır, cilt bakım faydası yoktur.",neutral,,neutral,,neutral,,neutral,,neutral,,neutral,,neutral,
Ci 60730,ci60730,0,0,0,0,0,0,0,,,top1000,31,Skincare Ingredient,Renklendirici,"ci 60730, formülasyona renk veren kozmetik pigment; ürünün görsel çekiciliğini artırır, cilt bakım faydası yoktur.",neutral,,neutral,,neutral,,neutral,,neutral,,neutral,,neutral,
Ci 73360,ci73360,0,0,0,0,0,0,0,,,top1000,60,Skincare Ingredient,Renklendirici,"ci 73360, formülasyona renk veren kozmetik pigment; ürünün görsel çekiciliğini artırır, cilt bakım faydası yoktur.",neutral,,neutral,,neutral,,neutral,,neutral,,neutral,,neutral,
Ci 74160,ci74160,0,0,0,0,0,0,0,,,top1000,148,Skincare Ingredient,Renklendirici,"ci 74160, formülasyona renk veren kozmetik pigment; ürünün görsel çekiciliğini artırır, cilt bakım faydası yoktur.",neutral,,neutral,,neutral,,neutral,,neutral,,neutral,,neutral,
Ci 74260,ci74260,0,0,0,0,0,0,0,,,top1000,52,Skincare Ingredient,Renklendirici,"ci 74260, formülasyona renk veren kozmetik pigment; ürünün görsel çekiciliğini artırır, cilt bakım faydası yoktur.",neutral,,neutral,,neutral,,neutral,,neutral,,neutral,,neutral,
Ci 75470 / Carmine,ci75470carmine,0,0,0,0,0,0,0,,,top1000,56,Skincare Ingredient,Renklendirici,"ci 75470 / carmine, formülasyona renk veren kozmetik pigment; ürünün görsel çekiciliğini artırır, cilt bakım faydası yoktur.",neutral,,neutral,,neutral,,neutral,,neutral,,neutral,,neutral,
Ci 77007,ci77007,0,0,0,0,0,0,0,,,top1000,46,Skincare Ingredient,Renklendirici,"ci 77007, formülasyona renk veren kozmetik pigment; ürünün görsel çekiciliğini artırır, cilt bakım faydası yoktur.",neutral,,neutral,,neutral,,neutral,,neutral,,neutral,,neutral,
Ci 77491,ci77491,0,0,0,0,0,0,0,,,top1000,238,Skincare Ingredient,Renklendirici,"ci 77491, formülasyona renk veren kozmetik pigment; ürünün görsel çekiciliğini artırır, cilt bakım faydası yoktur.",neutral,,neutral,,neutral,,neutral,,neutral,,neutral,,neutral,
Ci 77491 / Iron Oxides,ci77491ironoxides,0,0,0,0,0,0,0,,,top1000,30,Mineral,Mineral,"ci 77491 / iron oxides, mineral bazlı bileşen; formülasyonun fiziksel özelliklerine katkıda bulunur veya ciltte koruyucu/düzenleyici etki gösterir.",neutral,,neutral,,neutral,,neutral,,neutral,,neutral,,neutral,
Ci 77492,ci77492,0,0,0,0,0,0,0,,,top1000,323,Skincare Ingredient,Renklendirici,"ci 77492, formülasyona renk veren kozmetik pigment; ürünün görsel çekiciliğini artırır, cilt bakım faydası yoktur.",neutral,,neutral,,neutral,,neutral,,neutral,,neutral,,neutral,
Ci 77499,ci77499,0,0,0,0,0,0,0,,,top1000,87,Skincare Ingredient,Renklendirici,"ci 77499, formülasyona renk veren kozmetik pigment; ürünün görsel çekiciliğini artırır, cilt bakım faydası yoktur.",neutral,,neutral,,neutral,,neutral,,neutral,,neutral,,neutral,
Ci 77499 / Iron Oxides,ci77499ironoxides,0,0,0,0,0,0,0,,,top1000,118,Mineral,Mineral,"ci 77499 / iron oxides, mineral bazlı bileşen; formülasyonun fiziksel özelliklerine katkıda bulunur veya ciltte koruyucu/düzenleyici etki gösterir.",neutral,,neutral,,neutral,,neutral,,neutral,,neutral,,neutral,
Ci 77891,ci77891,0,0,0,0,0,0,0,,,top1000,356,Skincare Ingredient,Renklendirici,"ci 77891, formülasyona renk veren kozmetik pigment; ürünün görsel çekiciliğini artırır, cilt bakım faydası yoktur.",neutral,,neutral,,neutral,,neutral,,neutral,,neutral,,neutral,
Ci 77891 / Titanium Dioxide,ci77891titaniumdioxide,0,0,0,1,1,0,1,,,top1000,120,Mineral,Mineral,"ci 77891 / titanium dioxide, mineral bazlı bileşen; formülasyonun fiziksel özelliklerine katkıda bulunur veya ciltte koruyucu/düzenleyici etki gösterir.",neutral,,neutral,,neutral,,neutral,,neutral,,neutral,,neutral,
Cinnamal,cinnamal,0,0,0,0,-1,0,0,,Sensitive,top1000,115,Fragrance Allergen,Koku Alerjeni,"cinnamal, kozmetik ürünlerde koku bileşeni olarak kullanılan ve AB mevzuatına göre etiketlenmesi zorunlu olan potansiyel alerjen; hassas ciltlerde alerjik reaksiyon, kızarıklık veya kontakt dermatit riski taşır.",neutral,,neutral,,neutral,,neutral,,caution,"Hassas ciltte tahriş ve kızarıklık yapabilir, dikkatli kullanılmalı",neutral,,neutral,
Cinnamyl Alcohol,cinnamylalcohol,0,0,0,0,-1,0,0,,Sensitive,top1000,122,Fragrance Allergen,Koku Alerjeni,"cinnamyl alcohol, kozmetik ürünlerde koku bileşeni olarak kullanılan ve AB mevzuatına göre etiketlenmesi zorunlu olan potansiyel alerjen; hassas ciltlerde alerjik reaksiyon, kızarıklık veya kontakt dermatit riski taşır.",neutral,,neutral,,neutral,,neutral,,caution,"Hassas ciltte tahriş ve kızarıklık yapabilir, dikkatli kullanılmalı",neutral,,neutral,
Citral,citral,0,0,0,0,-1,0,0,,Sensitive,top1000,1084,Fragrance Allergen,Koku Alerjeni,"citral, kozmetik ürünlerde koku bileşeni olarak kullanılan ve AB mevzuatına göre etiketlenmesi zorunlu olan potansiyel alerjen; hassas ciltlerde alerjik reaksiyon, kızarıklık veya kontakt dermatit riski taşır.",neutral,,neutral,,neutral,,neutral,,caution,"Hassas ciltte tahriş ve kızarıklık yapabilir, dikkatli kullanılmalı",neutral,,neutral,
Citric Acid,citricacid,0,1,0,0,0,0,0,Texture,,manual_v2,128,Skincare Ingredient,pH Düzenleyici / Hafif AHA,"Narenciye meyvelerinden elde edilen organik asit; formülasyonun pH'ını optimize eder, hafif peeling etkisi gösterebilir ve antioksidan özellik taşır.",neutral,,neutral,,neutral,,neutral,,neutral,,neutral,,neutral,
Citronellol,citronellol,0,0,0,0,-1,0,0,,Sensitive,top1000,2098,Fragrance Allergen,Koku Alerjeni,"citronellol, kozmetik ürünlerde koku bileşeni olarak kullanılan ve AB mevzuatına göre etiketlenmesi zorunlu olan potansiyel alerjen; hassas ciltlerde alerjik reaksiyon, kızarıklık veya kontakt dermatit riski taşır.",neutral,,neutral,,neutral,,neutral,,caution,"Hassas ciltte tahriş ve kızarıklık yapabilir, dikkatli kullanılmalı",neutral,,neutral,
Citrus Aurantium Dulcis (Orange) Peel Oil,citrusaurantiumdulcisorangepeeloil,0,0,0,0,0,0,0,,,top1000,67,Skincare Ingredient,Cilt Bakım Bileşeni,"citrus aurantium dulcis (orange) peel oil, kozmetik formülasyonlarda kullanılan yardımcı bileşen; ürünün doku, stabilite veya uygulama özelliklerine katkıda bulunur.",neutral,,neutral,,neutral,,neutral,,neutral,,neutral,,neutral,
Citrus Aurantium Peel Oil,citrusaurantiumpeeloil,0,0,0,0,0,0,0,,,top1000,54,Skincare Ingredient,Cilt Bakım Bileşeni,"citrus aurantium peel oil, kozmetik formülasyonlarda kullanılan yardımcı bileşen; ürünün doku, stabilite veya uygulama özelliklerine katkıda bulunur.",neutral,,neutral,,neutral,,neutral,,neutral,,neutral,,neutral,
Citrus Limon (Lemon) Peel Oil,citruslimonlemonpeeloil,0,0,0,0,0,0,0,,,top1000,50,Skincare Ingredient,Cilt Bakım Bileşeni,"citrus limon (lemon) peel oil, kozmetik formülasyonlarda kullanılan yardımcı bileşen; ürünün doku, stabilite veya uygulama özelliklerine katkıda bulunur.",neutral,,neutral,,neutral,,neutral,,neutral,,neutral,,neutral,
Citrus Limon Fruit Extract,citruslimonfruitextract,1,0,0,0,0,0,0,,,top1000,35,Botanical Extract,Bitkisel Ekstrakt,"citrus limon fruit extract, bitkisel kaynaklı aktif ekstrakt; antioksidan, yatıştırıcı veya besleyici özellikler taşıyabilir ve formülasyona doğal etkinlik katar.",neutral,,neutral,,neutral,,neutral,,neutral,,neutral,,neutral,
Citrus Limon Peel Oil,citruslimonpeeloil,0,0,0,0,0,0,0,,,top1000,59,Skincare Ingredient,Cilt Bakım Bileşeni,"citrus limon peel oil, kozmetik formülasyonlarda kullanılan yardımcı bileşen; ürünün doku, stabilite veya uygulama özelliklerine katkıda bulunur.",neutral,,neutral,,neutral,,neutral,,neutral,,neutral,,neutral,
Citrus Medica Limonum Fruit Extract,citrusmedicalimonumfruitextract,0,1,0,0,-1,0,0,Radiance|Texture,Sensitive,manual_v2,0,Botanical Extract,Bitkisel Ekstrakt (Limon),Limon meyvesinden elde edilen sitrik asit ve C vitamini bakımından zengin ekstrakt; hafif aydınlatıcı ve astrenjan etki gösterir ancak fotosensitivite riski taşıyabilir.,neutral,,neutral,,neutral,,neutral,,caution,Hassas ciltte tahriş yapabilir,neutral,,neutral,
Citrus Reticulata Fruit Water,citrusreticulatafruitwater,0,0,0,0,0,0,0,,,manual_v2,0,Botanical Extract,Bitkisel Hidrosol (Mandalina),"Mandalina meyvesinin damıtılmasıyla elde edilen aromatik su; hafif tonlayıcı ve ferahlatıcı etki sağlar, formülasyona doğal koku katar.",neutral,,neutral,,neutral,,neutral,,neutral,,neutral,,neutral,
Cl 19140,cl19140,0,0,0,0,0,0,0,,,top1000,38,Skincare Ingredient,Cilt Bakım Bileşeni,"cl 19140, kozmetik formülasyonlarda kullanılan yardımcı bileşen; ürünün doku, stabilite veya uygulama özelliklerine katkıda bulunur.",neutral,,neutral,,neutral,,neutral,,neutral,,neutral,,neutral,
Cl 42090,cl42090,0,0,0,0,0,0,0,,,top1000,28,Skincare Ingredient,Cilt Bakım Bileşeni,"cl 42090, kozmetik formülasyonlarda kullanılan yardımcı bileşen; ürünün doku, stabilite veya uygulama özelliklerine katkıda bulunur.",neutral,,neutral,,neutral,,neutral,,neutral,,neutral,,neutral,
Cl 77891,cl77891,0,0,0,0,0,0,0,,,top1000,48,Skincare Ingredient,Cilt Bakım Bileşeni,"cl 77891, kozmetik formülasyonlarda kullanılan yardımcı bileşen; ürünün doku, stabilite veya uygulama özelliklerine katkıda bulunur.",neutral,,neutral,,neutral,,neutral,,neutral,,neutral,,neutral,
Cocamide Dea,cocamidedea,0,0,0,0,0,0,0,Anyone,,top1000,157,Surfactant,Yüzey Aktif Madde (Nazik),"cocamide dea, nazik temizleyici yüzey aktif madde; cildi fazla kurutmadan etkili temizlik sağlar ve hassas cilt formülasyonlarında tercih edilir.",neutral,,neutral,,neutral,,neutral,,neutral,,neutral,,neutral,
Cocamide Mea,cocamidemea,0,0,0,0,0,0,0,Anyone,,top1000,521,Surfactant,Yüzey Aktif Madde (Nazik),"cocamide mea, nazik temizleyici yüzey aktif madde; cildi fazla kurutmadan etkili temizlik sağlar ve hassas cilt formülasyonlarında tercih edilir.",neutral,,neutral,,neutral,,neutral,,neutral,,neutral,,neutral,
Cocamide Mipa,cocamidemipa,0,0,0,0,0,0,0,Anyone,,top1000,164,Surfactant,Yüzey Aktif Madde (Nazik),"cocamide mipa, nazik temizleyici yüzey aktif madde; cildi fazla kurutmadan etkili temizlik sağlar ve hassas cilt formülasyonlarında tercih edilir.",neutral,,neutral,,neutral,,neutral,,neutral,,neutral,,neutral,
Cocamidopropyl Betaine,cocamidopropylbetaine,0,1,0,0,0,0,0,Anyone,,manual_v2,2714,Surfactant,Yüzey Aktif Madde (Nazik),"Hindistancevizi yağından elde edilen amfoterik temizleyici; SLS/SLES'in sert etkisini yumuşatmak için kullanılır, nazik köpürme sağlar ve hassas cilt temizleyicilerinde tercih edilir.",neutral,,neutral,,neutral,,neutral,,neutral,,neutral,,neutral,
Cocamidopropyl Dimethylamine,cocamidopropyldimethylamine,0,0,0,0,0,0,0,,,manual_v2,0,Surfactant,Yüzey Aktif Madde (Saç/Cilt Yumuşatıcı),"Hindistancevizi yağından elde edilen katyonik yüzey aktif madde; saç ve cilt yüzeyinde yumuşatıcı film oluşturur, statik elektriği azaltır ve temizleyici formülasyonlarda kondisyoner görevi görür.",neutral,,neutral,,neutral,,neutral,,neutral,,neutral,,neutral,
Cocamidopropyl Hydroxysultaine,cocamidopropylhydroxysultaine,0,0,0,0,0,0,0,Anyone,,top1000,86,Surfactant,Yüzey Aktif Madde (Nazik),"cocamidopropyl hydroxysultaine, nazik temizleyici yüzey aktif madde; cildi fazla kurutmadan etkili temizlik sağlar ve hassas cilt formülasyonlarında tercih edilir.",neutral,,neutral,,neutral,,neutral,,neutral,,neutral,,neutral,
Coceth-7,coceth7,0,0,0,0,0,0,0,,,manual_v2,0,Skincare Ingredient,Emülgatör,Hindistancevizi yağından türetilen non-iyonik emülgatör; formülasyonda yağ ve su fazlarını birleştirerek homojen ve stabil emülsiyonlar oluşturulmasını sağlar.,neutral,,neutral,,neutral,,neutral,,neutral,,neutral,,neutral,
Coco-Betaine,cocobetaine,1,0,0,0,0,0,0,Anyone,,top1000,375,Surfactant,Yüzey Aktif Madde (Nazik),"coco-betaine, nazik temizleyici yüzey aktif madde; cildi fazla kurutmadan etkili temizlik sağlar ve hassas cilt formülasyonlarında tercih edilir.",neutral,,neutral,,neutral,,neutral,,neutral,,neutral,,neutral,
Coco-Caprylate,cococaprylate,1,0,0,0,0,0,0,Texture,,top1000,77,Emollient,Yumuşatıcı Ester,"coco-caprylate, yağ asidi esteri; cildi yumuşatır, formülasyona hafif ve pürüzsüz bir doku kazandırır.",neutral,,neutral,,neutral,,neutral,,neutral,,neutral,,neutral,
Coco-Caprylate/Caprate,cococaprylatecaprate,1,0,0,0,0,0,0,Texture,,top1000,148,Emollient,Yumuşatıcı Ester,"coco-caprylate/caprate, yağ asidi esteri; cildi yumuşatır, formülasyona hafif ve pürüzsüz bir doku kazandırır.",neutral,,neutral,,neutral,,neutral,,neutral,,neutral,,neutral,
Coco-Glucoside,cocoglucoside,1,0,0,0,0,0,0,Anyone,,top1000,830,Surfactant,Yüzey Aktif Madde (Nazik),"coco-glucoside, nazik temizleyici yüzey aktif madde; cildi fazla kurutmadan etkili temizlik sağlar ve hassas cilt formülasyonlarında tercih edilir.",neutral,,neutral,,neutral,,neutral,,neutral,,neutral,,neutral,
Cocoglycerides,cocoglycerides,0,0,0,0,0,0,0,,,top1000,57,Skincare Ingredient,Cilt Bakım Bileşeni,"cocoglycerides, kozmetik formülasyonlarda kullanılan yardımcı bileşen; ürünün doku, stabilite veya uygulama özelliklerine katkıda bulunur.",neutral,,neutral,,neutral,,neutral,,neutral,,neutral,,neutral,
Coconut Acid,coconutacid,0,0,0,0,0,0,0,,,top1000,110,Skincare Ingredient,Cilt Bakım Bileşeni,"coconut acid, kozmetik formülasyonlarda kullanılan yardımcı bileşen; ürünün doku, stabilite veya uygulama özelliklerine katkıda bulunur.",neutral,,neutral,,neutral,,neutral,,neutral,,neutral,,neutral,
Coconut Alcohol,coconutalcohol,0,0,0,0,0,0,0,,,top1000,32,Skincare Ingredient,Cilt Bakım Bileşeni,"coconut alcohol, kozmetik formülasyonlarda kullanılan yardımcı bileşen; ürünün doku, stabilite veya uygulama özelliklerine katkıda bulunur.",neutral,,neutral,,neutral,,neutral,,neutral,,neutral,,neutral,
Coconut Oil,coconutoil,2,-2,-1,0,0,0,0,Dry and dehydrated skin,Oily|Combination,manual_v2,28,Oil / Lipid,Bitkisel Yağ (Hindistancevizi),Güçlü yumuşatıcı ve antimikrobiyal özelliklere sahip tropikal yağ; çok kuru cildi derinden besler ancak yüksek komedojenik potansiyeli nedeniyle yağlı ve akneye eğilimli ciltlerde gözenek tıkanmasına neden olabilir.,beneficial,Güçlü yumuşatıcı ve antimikrobiyal özelliklere sahip tropikal yağ; çok kuru cildi derinden besler ancak yüksek komedojen,caution,Gözenekleri tıkayabilir veya yağlanmayı artırabilir,caution,Karma ciltte dengesizlik yaratabilir,neutral,,neutral,,neutral,,neutral,
Cocos Nucifera (Coconut) Fruit Extract,cocosnuciferacoconutfruitextract,1,0,0,0,0,0,0,,,top1000,49,Botanical Extract,Bitkisel Ekstrakt,"cocos nucifera (coconut) fruit extract, bitkisel kaynaklı aktif ekstrakt; antioksidan, yatıştırıcı veya besleyici özellikler taşıyabilir ve formülasyona doğal etkinlik katar.",neutral,,neutral,,neutral,,neutral,,neutral,,neutral,,neutral,
Cocos Nucifera (Coconut) Oil,cocosnuciferacoconutoil,0,0,0,0,0,0,0,,,top1000,322,Skincare Ingredient,Cilt Bakım Bileşeni,"cocos nucifera (coconut) oil, kozmetik formülasyonlarda kullanılan yardımcı bileşen; ürünün doku, stabilite veya uygulama özelliklerine katkıda bulunur.",neutral,,neutral,,neutral,,neutral,,neutral,,neutral,,neutral,
Cocos Nucifera Fruit Extract,cocosnuciferafruitextract,1,0,0,0,0,0,0,,,top1000,38,Botanical Extract,Bitkisel Ekstrakt,"cocos nucifera fruit extract, bitkisel kaynaklı aktif ekstrakt; antioksidan, yatıştırıcı veya besleyici özellikler taşıyabilir ve formülasyona doğal etkinlik katar.",neutral,,neutral,,neutral,,neutral,,neutral,,neutral,,neutral,
Cocos Nucifera Oil,cocosnuciferaoil,0,0,0,0,0,0,0,,,top1000,297,Skincare Ingredient,Cilt Bakım Bileşeni,"cocos nucifera oil, kozmetik formülasyonlarda kullanılan yardımcı bileşen; ürünün doku, stabilite veya uygulama özelliklerine katkıda bulunur.",neutral,,neutral,,neutral,,neutral,,neutral,,neutral,,neutral,
Cocos Nucifera Oil / Coconut Oil,cocosnuciferaoilcoconutoil,2,-1,0,1,0,1,0,Dry and dehydrated skin,Oily,top1000,55,Oil / Lipid,Bitkisel Yağ,"cocos nucifera oil / coconut oil, esansiyel yağ asitleri ve vitaminler bakımından zengin bitkisel yağ; cildi besler, nem bariyerini güçlendirir ve yumuşatıcı etki sağlar.",beneficial,"cocos nucifera oil / coconut oil, esansiyel yağ asitleri ve vitaminler bakımından zengin bitkisel yağ; cildi besler, nem",caution,Gözenekleri tıkayabilir veya yağlanmayı artırabilir,neutral,,neutral,,neutral,,neutral,,neutral,
Coenzyme Q10,coenzymeq10,1,0,0,1,0,3,0,Fine Lines|Wrinkles|Radiance,,manual_v2,0,Antioxidant,Antioksidan (Koenzim Q10),Hücrelerin enerji üretiminde kritik rol oynayan doğal antioksidan; yaşla birlikte azalan üretiminin takviyesi cildin enerji metabolizmasını destekler ve kırışıklık oluşumunu yavaşlatır.,neutral,,neutral,,neutral,,neutral,,neutral,,beneficial,Hücrelerin enerji üretiminde kritik rol oynayan doğal antioksidan; yaşla birlikte azalan üretiminin takviyesi cildin ene,neutral,
Cola Acuminata (Kola) Seed Extract,colaacuminatakolaseedextract,0,0,0,0,0,1,0,Radiance,,manual_v2,0,Botanical Extract,Bitkisel Ekstrakt (Kola),Kola fıstığından elde edilen kafein bakımından zengin ekstrakt; mikro dolaşımı artırarak cildin canlılığını destekler ve antioksidan koruma sağlar.,neutral,,neutral,,neutral,,neutral,,neutral,,neutral,,neutral,
Collagen,collagen,2,0,0,0,0,1,0,Dry and dehydrated skin|Fine Lines,,manual_v2,0,Humectant,Kolajen (Nemlendirici),Cildin yapısal proteini; topikal uygulamada cildin derinlerine nüfuz edemez ancak yüzeyde film oluşturarak nemlendirici etki gösterir ve cildin daha dolgun görünmesini sağlar.,beneficial,Cildin yapısal proteini; topikal uygulamada cildin derinlerine nüfuz edemez ancak yüzeyde film oluşturarak nemlendirici ,neutral,,neutral,,neutral,,neutral,,neutral,,neutral,
Copernicia Cerifera (Carnauba) Wax,coperniciaceriferacarnaubawax,1,0,0,0,0,0,0,,,top1000,29,Skincare Ingredient,Cilt Bakım Bileşeni,"copernicia cerifera (carnauba) wax, kozmetik formülasyonlarda kullanılan yardımcı bileşen; ürünün doku, stabilite veya uygulama özelliklerine katkıda bulunur.",neutral,,neutral,,neutral,,neutral,,neutral,,neutral,,neutral,
Copernicia Cerifera Cera,coperniciaceriferacera,0,0,0,0,0,0,0,,,top1000,92,Skincare Ingredient,Cilt Bakım Bileşeni,"copernicia cerifera cera, kozmetik formülasyonlarda kullanılan yardımcı bileşen; ürünün doku, stabilite veya uygulama özelliklerine katkıda bulunur.",neutral,,neutral,,neutral,,neutral,,neutral,,neutral,,neutral,
Copernicia Cerifera Wax,coperniciaceriferawax,1,0,0,0,0,0,0,,,manual_v2,0,Emollient,Bitkisel Vaks (Karnauba),"Brezilya karnauba palmiyesinden elde edilen doğal sert vaks; formülasyona yapı ve stabilite kazandırır, ciltte ince koruyucu tabaka oluşturarak nem kaybını önler.",neutral,,neutral,,neutral,,neutral,,neutral,,neutral,,neutral,
Copper Gluconate,coppergluconate,0,0,0,0,0,0,0,,,top1000,27,Skincare Ingredient,Cilt Bakım Bileşeni,"copper gluconate, kozmetik formülasyonlarda kullanılan yardımcı bileşen; ürünün doku, stabilite veya uygulama özelliklerine katkıda bulunur.",neutral,,neutral,,neutral,,neutral,,neutral,,neutral,,neutral,
Copper Sulfate,coppersulfate,0,0,0,0,0,1,0,,,manual_v2,0,Mineral,Mineral (Bakır),"Bakır sülfat; iz element olarak cildin doğal enzimatik süreçlerini destekler, antimikrobiyal özellik taşır ve yara iyileşmesine katkıda bulunabilir.",neutral,,neutral,,neutral,,neutral,,neutral,,neutral,,neutral,
Copper Tripeptide-1,coppertripeptide1,1,0,0,0,1,4,0,Fine Lines|Wrinkles|Elasticity|Impaired skin barrier,,manual_v2,0,Peptide,Peptit (Bakır Peptit),"Bakır iyonuna bağlı güçlü sinyal peptidi; kolajen ve elastin üretimini uyarır, yara iyileşmesini hızlandırır, antioksidan koruma sağlar ve cilt yenilenmesini destekler.",neutral,,neutral,,neutral,,neutral,,neutral,,beneficial,"Bakır iyonuna bağlı güçlü sinyal peptidi; kolajen ve elastin üretimini uyarır, yara iyileşmesini hızlandırır, antioksida",neutral,
Coumarin,coumarin,0,0,0,0,-1,0,0,,Sensitive,top1000,1348,Fragrance Allergen,Koku Alerjeni,"coumarin, kozmetik ürünlerde koku bileşeni olarak kullanılan ve AB mevzuatına göre etiketlenmesi zorunlu olan potansiyel alerjen; hassas ciltlerde alerjik reaksiyon, kızarıklık veya kontakt dermatit riski taşır.",neutral,,neutral,,neutral,,neutral,,caution,"Hassas ciltte tahriş ve kızarıklık yapabilir, dikkatli kullanılmalı",neutral,,neutral,
Creatine,creatine,0,0,0,0,0,0,0,,,top1000,32,Skincare Ingredient,Cilt Bakım Bileşeni,"creatine, kozmetik formülasyonlarda kullanılan yardımcı bileşen; ürünün doku, stabilite veya uygulama özelliklerine katkıda bulunur.",neutral,,neutral,,neutral,,neutral,,neutral,,neutral,,neutral,
Cucumis Sativus (Cucumber) Fruit Extract,cucumissativuscucumberfruitextract,1,0,0,0,0,0,0,,,top1000,47,Botanical Extract,Bitkisel Ekstrakt,"cucumis sativus (cucumber) fruit extract, bitkisel kaynaklı aktif ekstrakt; antioksidan, yatıştırıcı veya besleyici özellikler taşıyabilir ve formülasyona doğal etkinlik katar.",neutral,,neutral,,neutral,,neutral,,neutral,,neutral,,neutral,
Curcuma Longa Root Extract,curcumalongarootextract,0,0,0,1,1,1,0,Pigmentation|Redness|Radiance|Acne,,manual_v2,0,Botanical Extract,Bitkisel Ekstrakt (Zerdeçal),"Zerdeçal kökünden elde edilen kurkumin bakımından zengin ekstrakt; güçlü anti-inflamatuar ve antioksidan özellikler taşır, hiperpigmentasyonu azaltır, cildi aydınlatır ve akne sonrası izlerin görünümünü hafifletir.",neutral,,neutral,,neutral,,neutral,,neutral,,neutral,,neutral,
Cyanocobalamin,cyanocobalamin,1,0,0,1,2,1,0,Redness|Impaired skin barrier|Radiance,,manual_v2,0,Skincare Ingredient,Aktif Bileşen (B12 Vitamini),"B12 vitamini; hücre yenilenmesini ve DNA sentezini destekler, anti-inflamatuar etki gösterir, klinik çalışmalarda atopik dermatit ve ekzema semptomlarını azalttığı gösterilmiştir, cildin pembe bir parlaklık kazanmasını sağlar.",neutral,,neutral,,neutral,,neutral,,beneficial,"B12 vitamini; hücre yenilenmesini ve DNA sentezini destekler, anti-inflamatuar etki gösterir, klinik çalışmalarda atopik",neutral,,neutral,
Cyclodextrin,cyclodextrin,0,0,0,0,0,0,0,,,top1000,37,Skincare Ingredient,Cilt Bakım Bileşeni,"cyclodextrin, kozmetik formülasyonlarda kullanılan yardımcı bileşen; ürünün doku, stabilite veya uygulama özelliklerine katkıda bulunur.",neutral,,neutral,,neutral,,neutral,,neutral,,neutral,,neutral,
Cyclohexasiloxane,cyclohexasiloxane,1,0,0,0,0,0,0,Texture,,top1000,92,Silicone,Silikon,"cyclohexasiloxane, silikon bazlı bileşen; ciltte veya saçta pürüzsüz bir yüzey oluşturarak dokuyu iyileştirir, nem kaybını azaltır ve ürüne ipeksi bir uygulama hissi kazandırır.",neutral,,neutral,,neutral,,neutral,,neutral,,neutral,,neutral,
Cyclomethicone,cyclomethicone,1,0,0,0,0,0,0,Texture,,manual_v2,98,Silicone,Silikon (Uçucu),"Uçucu silikon; ciltte hafif ve ipeksi bir his bırakıp hızla buharlaşır, ürünlere kaygan uygulama hissi kazandırır ve formülasyondaki diğer bileşenlerin eşit dağılmasını sağlar.",neutral,,neutral,,neutral,,neutral,,neutral,,neutral,,neutral,
Cyclopentasiloxane,cyclopentasiloxane,1,0,0,0,0,0,0,Texture,,manual_v2,471,Silicone,Silikon (Uçucu),"Hafif uçucu silikon; ciltte kalıntı bırakmadan buharlaşır, ipeksi bir uygulama hissi sağlar ve diğer aktif bileşenlerin cilde ulaşmasına yardımcı olur.",neutral,,neutral,,neutral,,neutral,,neutral,,neutral,,neutral,
Cymbopogon Citratus Leaf Oil,cymbopogoncitratusleafoil,0,0,0,0,-2,0,-1,,Sensitive|Pregnancy,manual_v2,0,Botanical Extract,Uçucu Yağ (Limon Otu),"Limon otu yapraklarından damıtılan uçucu yağ; antiseptik ve astrenjan özellikler taşır, gözenekleri sıkılaştırır ancak sitral içeriği nedeniyle hassas ciltlerde tahriş ve alerjik reaksiyon riski yüksektir.",neutral,,neutral,,neutral,,neutral,,caution,Hassas ciltte tahriş ve kızarıklık yapabilir,neutral,,caution,"Hamilelikte önerilmez, doktora danışın"
Cynara Scolymus (Artichoke) Leaf Extract,cynarascolymusartichokeleafextract,0,1,0,0,0,1,0,Enlarged Pores|Radiance,,manual_v2,0,Botanical Extract,Bitkisel Ekstrakt (Enginar),"Enginar yaprağından elde edilen antioksidan zengin ekstrakt; polifenoller ve klorojenik asit içerir, cildi serbest radikallere karşı korur ve gözenek sıkılaştırıcı etki gösterir.",neutral,,neutral,,neutral,,neutral,,neutral,,neutral,,neutral,
D-Limonene,dlimonene,0,0,0,0,-1,0,0,,Sensitive,top1000,37,Fragrance Allergen,Koku Alerjeni,"d-limonene, kozmetik ürünlerde koku bileşeni olarak kullanılan ve AB mevzuatına göre etiketlenmesi zorunlu olan potansiyel alerjen; hassas ciltlerde alerjik reaksiyon, kızarıklık veya kontakt dermatit riski taşır.",neutral,,neutral,,neutral,,neutral,,caution,"Hassas ciltte tahriş ve kızarıklık yapabilir, dikkatli kullanılmalı",neutral,,neutral,
Daucus Carota Sativa (Carrot) Root Extract,daucuscarotasativacarrotrootextract,1,0,0,1,0,1,0,Radiance|Fine Lines,,manual_v2,0,Botanical Extract,Bitkisel Ekstrakt (Havuç),"Havuç kökünden elde edilen beta-karoten bakımından zengin ekstrakt; güçlü antioksidan koruma sağlar, cilt tonunu canlandırır ve UV hasarına karşı cildin doğal savunmasını destekler.",neutral,,neutral,,neutral,,neutral,,neutral,,neutral,,neutral,
Daucus Carota Sativa Extract,daucuscarotasativaextract,1,0,0,1,0,1,0,Radiance|Fine Lines,,manual_v2,0,Botanical Extract,Bitkisel Ekstrakt (Havuç),"Havuçtan elde edilen beta-karoten ve antioksidan bakımından zengin ekstrakt; cilt tonunu canlandırır, UV hasarına karşı cildin doğal savunmasını destekler ve yaşlanma karşıtı etki gösterir.",neutral,,neutral,,neutral,,neutral,,neutral,,neutral,,neutral,
Deceth-3,deceth3,0,0,0,0,0,0,0,,,top1000,41,Skincare Ingredient,Cilt Bakım Bileşeni,"deceth-3, kozmetik formülasyonlarda kullanılan yardımcı bileşen; ürünün doku, stabilite veya uygulama özelliklerine katkıda bulunur.",neutral,,neutral,,neutral,,neutral,,neutral,,neutral,,neutral,
Decyl Glucoside,decylglucoside,0,1,0,0,2,0,0,Anyone,,manual_v2,527,Surfactant,Yüzey Aktif Madde (Çok Nazik),"Mısır glikozundan elde edilen çok nazik temizleyici; bebek ürünlerinde bile kullanılabilecek kadar yumuşak, biyolojik olarak parçalanabilir doğal yüzey aktif madde.",neutral,,neutral,,neutral,,neutral,,beneficial,"Mısır glikozundan elde edilen çok nazik temizleyici; bebek ürünlerinde bile kullanılabilecek kadar yumuşak, biyolojik ol",neutral,,neutral,
Decyl Oleate,decyloleate,1,0,0,0,0,0,0,Texture,,top1000,69,Emollient,Yumuşatıcı Ester,"decyl oleate, yağ asidi esteri; cildi yumuşatır, formülasyona hafif ve pürüzsüz bir doku kazandırır.",neutral,,neutral,,neutral,,neutral,,neutral,,neutral,,neutral,
Decylene Glycol,decyleneglycol,2,0,0,0,0,0,0,Dry and dehydrated skin,,top1000,71,Humectant,Nemlendirici,"decylene glycol, nemlendirici özellikli bileşen; ciltte nem tutarak hidrasyonu artırır ve kuruluğa bağlı gerginlik hissini azaltır.",beneficial,"decylene glycol, nemlendirici özellikli bileşen; ciltte nem tutarak hidrasyonu artırır ve kuruluğa bağlı gerginlik hissi",neutral,,neutral,,neutral,,neutral,,neutral,,neutral,
Dehydroacetic Acid,dehydroaceticacid,0,0,0,0,0,0,0,,,top1000,366,Preservative,Koruyucu (Nazik),"dehydroacetic acid, modern ve daha nazik koruyucu; formülasyonu bakteri ve küf oluşumundan koruyarak ürün güvenliğini sağlar.",neutral,,neutral,,neutral,,neutral,,neutral,,neutral,,neutral,
Dehydroxanthan Gum,dehydroxanthangum,0,0,0,0,0,0,0,,,top1000,27,Skincare Ingredient,Kıvam Artırıcı / Stabilizatör,"dehydroxanthan gum, formülasyona kıvam ve stabilite kazandıran polimer; ürünün dokusunu iyileştirir ve bileşenlerin homojen dağılmasını sağlar.",neutral,,neutral,,neutral,,neutral,,neutral,,neutral,,neutral,
Denatonium Benzoate,denatoniumbenzoate,0,0,0,0,0,0,0,,,top1000,37,Skincare Ingredient,Cilt Bakım Bileşeni,"denatonium benzoate, kozmetik formülasyonlarda kullanılan yardımcı bileşen; ürünün doku, stabilite veya uygulama özelliklerine katkıda bulunur.",neutral,,neutral,,neutral,,neutral,,neutral,,neutral,,neutral,
Dextrin,dextrin,0,0,0,0,0,0,0,,,top1000,27,Skincare Ingredient,Cilt Bakım Bileşeni,"dextrin, kozmetik formülasyonlarda kullanılan yardımcı bileşen; ürünün doku, stabilite veya uygulama özelliklerine katkıda bulunur.",neutral,,neutral,,neutral,,neutral,,neutral,,neutral,,neutral,
Diazolidinyl Urea,diazolidinylurea,1,0,0,0,0,0,0,,,top1000,86,Skincare Ingredient,Cilt Bakım Bileşeni,"diazolidinyl urea, kozmetik formülasyonlarda kullanılan yardımcı bileşen; ürünün doku, stabilite veya uygulama özelliklerine katkıda bulunur.",neutral,,neutral,,neutral,,neutral,,neutral,,neutral,,neutral,
Dibutyl Adipate,dibutyladipate,1,0,0,0,0,0,0,Texture,,manual_v2,0,Emollient,Yumuşatıcı Ester,"Hafif yapılı yumuşatıcı diester; ciltte yağsız ve kuru bir his bırakır, güneş koruyucu filtrelerini çözerek formülasyonun cilde düzgün yayılmasını sağlar.",neutral,,neutral,,neutral,,neutral,,neutral,,neutral,,neutral,
Dicaprylyl Carbonate,dicaprylylcarbonate,1,0,0,0,0,0,0,,,top1000,289,Skincare Ingredient,Cilt Bakım Bileşeni,"dicaprylyl carbonate, kozmetik formülasyonlarda kullanılan yardımcı bileşen; ürünün doku, stabilite veya uygulama özelliklerine katkıda bulunur.",neutral,,neutral,,neutral,,neutral,,neutral,,neutral,,neutral,
Dicaprylyl Ether,dicaprylylether,0,0,0,0,0,0,0,,,top1000,232,Skincare Ingredient,Cilt Bakım Bileşeni,"dicaprylyl ether, kozmetik formülasyonlarda kullanılan yardımcı bileşen; ürünün doku, stabilite veya uygulama özelliklerine katkıda bulunur.",neutral,,neutral,,neutral,,neutral,,neutral,,neutral,,neutral,
Diethylamino Hydroxybenzoyl Hexyl Benzoate,diethylaminohydroxybenzoylhexylbenzoate,0,0,0,0,0,0,0,,,top1000,174,Skincare Ingredient,Cilt Bakım Bileşeni,"diethylamino hydroxybenzoyl hexyl benzoate, kozmetik formülasyonlarda kullanılan yardımcı bileşen; ürünün doku, stabilite veya uygulama özelliklerine katkıda bulunur.",neutral,,neutral,,neutral,,neutral,,neutral,,neutral,,neutral,
Diethylhexyl Butamido Triazone,diethylhexylbutamidotriazone,0,0,0,0,0,0,0,,,top1000,85,Skincare Ingredient,Cilt Bakım Bileşeni,"diethylhexyl butamido triazone, kozmetik formülasyonlarda kullanılan yardımcı bileşen; ürünün doku, stabilite veya uygulama özelliklerine katkıda bulunur.",neutral,,neutral,,neutral,,neutral,,neutral,,neutral,,neutral,
Diethylhexyl Syringylidenemalonate,diethylhexylsyringylidenemalonate,0,0,0,0,0,0,0,,,manual_v2,0,Antioxidant,Antioksidan / UV Stabilizatör,"Sentetik antioksidan; formülasyondaki aktif bileşenleri ve yağları UV kaynaklı oksidasyona karşı korur, güneş koruyucu formülasyonların stabilitesini artırır.",neutral,,neutral,,neutral,,neutral,,neutral,,neutral,,neutral,
Diisopropyl Adipate,diisopropyladipate,1,0,0,0,0,0,0,Texture,,top1000,46,Emollient,Yumuşatıcı Ester,"diisopropyl adipate, yağ asidi esteri; cildi yumuşatır, formülasyona hafif ve pürüzsüz bir doku kazandırır.",neutral,,neutral,,neutral,,neutral,,neutral,,neutral,,neutral,
Diisopropyl Sebacate,diisopropylsebacate,1,0,0,0,0,0,0,Texture,,top1000,54,Emollient,Yumuşatıcı Ester,"diisopropyl sebacate, yağ asidi esteri; cildi yumuşatır, formülasyona hafif ve pürüzsüz bir doku kazandırır.",neutral,,neutral,,neutral,,neutral,,neutral,,neutral,,neutral,
Diisostearyl Malate,diisostearylmalate,1,0,0,0,0,0,0,Texture,,top1000,37,Emollient,Yumuşatıcı Ester,"diisostearyl malate, yağ asidi esteri; cildi yumuşatır, formülasyona hafif ve pürüzsüz bir doku kazandırır.",neutral,,neutral,,neutral,,neutral,,neutral,,neutral,,neutral,
Dimethicone,dimethicone,2,0,0,1,1,0,0,Dry and dehydrated skin|Texture|Anyone,,manual_v2,1925,Silicone,Silikon,"Ciltte ipeksi koruyucu bir tabaka oluşturan silikon; nem kaybını önler, pürüzsüz bir yüzey sağlar, diğer bileşenlerin tahriş potansiyelini azaltır ve makyaj altı baz olarak ideal çalışır.",beneficial,"Ciltte ipeksi koruyucu bir tabaka oluşturan silikon; nem kaybını önler, pürüzsüz bir yüzey sağlar, diğer bileşenlerin ta",neutral,,neutral,,neutral,,neutral,,neutral,,neutral,
Dimethicone Crosspolymer,dimethiconecrosspolymer,1,0,0,0,0,0,0,Texture,,top1000,68,Silicone,Silikon,"dimethicone crosspolymer, silikon bazlı bileşen; ciltte veya saçta pürüzsüz bir yüzey oluşturarak dokuyu iyileştirir, nem kaybını azaltır ve ürüne ipeksi bir uygulama hissi kazandırır.",neutral,,neutral,,neutral,,neutral,,neutral,,neutral,,neutral,
Dimethicone/Vinyl Dimethicone Crosspolymer,dimethiconevinyldimethiconecrosspolymer,1,0,0,0,0,0,0,Texture,,top1000,49,Silicone,Silikon,"dimethicone/vinyl dimethicone crosspolymer, silikon bazlı bileşen; ciltte veya saçta pürüzsüz bir yüzey oluşturarak dokuyu iyileştirir, nem kaybını azaltır ve ürüne ipeksi bir uygulama hissi kazandırır.",neutral,,neutral,,neutral,,neutral,,neutral,,neutral,,neutral,
Dimethiconol,dimethiconol,1,0,0,0,0,0,0,Texture,,top1000,451,Silicone,Silikon,"dimethiconol, silikon bazlı bileşen; ciltte veya saçta pürüzsüz bir yüzey oluşturarak dokuyu iyileştirir, nem kaybını azaltır ve ürüne ipeksi bir uygulama hissi kazandırır.",neutral,,neutral,,neutral,,neutral,,neutral,,neutral,,neutral,
Dimethyl Isosorbide,dimethylisosorbide,0,0,0,0,0,0,0,,,manual_v2,0,Skincare Ingredient,Penetrasyon Artırıcı,Mısır şekerinden elde edilen bitkisel çözücü; aktif bileşenlerin (özellikle niacinamide ve salicylic acid gibi) cildin derin katmanlarına daha etkili penetrasyonunu sağlar.,neutral,,neutral,,neutral,,neutral,,neutral,,neutral,,neutral,
Dipalmitoylethyl Hydroxyethylmonium Methosulfate,dipalmitoylethylhydroxyethylmoniummethosulfate,0,0,0,0,0,2,0,,,top1000,32,Skincare Ingredient,Cilt Bakım Bileşeni,"dipalmitoylethyl hydroxyethylmonium methosulfate, kozmetik formülasyonlarda kullanılan yardımcı bileşen; ürünün doku, stabilite veya uygulama özelliklerine katkıda bulunur.",neutral,,neutral,,neutral,,neutral,,neutral,,beneficial,Yaşlanma karşıtı faydalı bileşen,neutral,
Dipotassium Glycyrrhizate,dipotassiumglycyrrhizate,0,0,0,0,0,0,0,,,top1000,49,Mineral,Mineral,"dipotassium glycyrrhizate, mineral bazlı bileşen; formülasyonun fiziksel özelliklerine katkıda bulunur veya ciltte koruyucu/düzenleyici etki gösterir.",neutral,,neutral,,neutral,,neutral,,neutral,,neutral,,neutral,
Dipotassium Phosphate,dipotassiumphosphate,0,0,0,0,0,0,0,,,top1000,42,Mineral,Mineral,"dipotassium phosphate, mineral bazlı bileşen; formülasyonun fiziksel özelliklerine katkıda bulunur veya ciltte koruyucu/düzenleyici etki gösterir.",neutral,,neutral,,neutral,,neutral,,neutral,,neutral,,neutral,
Dipropylene Glycol,dipropyleneglycol,2,0,0,0,0,0,0,Dry and dehydrated skin,,top1000,291,Humectant,Nemlendirici,"dipropylene glycol, nemlendirici özellikli bileşen; ciltte nem tutarak hidrasyonu artırır ve kuruluğa bağlı gerginlik hissini azaltır.",beneficial,"dipropylene glycol, nemlendirici özellikli bileşen; ciltte nem tutarak hidrasyonu artırır ve kuruluğa bağlı gerginlik hi",neutral,,neutral,,neutral,,neutral,,neutral,,neutral,
Disodium Cocoamphodiacetate,disodiumcocoamphodiacetate,0,0,0,0,1,0,0,Anyone,,manual_v2,0,Surfactant,Yüzey Aktif Madde (Çok Nazik),"Hindistancevizi yağından elde edilen amfoterik temizleyici; en nazik yüzey aktif maddelerden biri olup bebek şampuanlarında bile kullanılır, göz yakmaz formül özelliği taşır.",neutral,,neutral,,neutral,,neutral,,neutral,,neutral,,neutral,
Disodium Cocoyl Glutamate,disodiumcocoylglutamate,0,0,0,0,0,0,0,Anyone,,top1000,149,Surfactant,Yüzey Aktif Madde (Nazik),"disodium cocoyl glutamate, nazik temizleyici yüzey aktif madde; cildi fazla kurutmadan etkili temizlik sağlar ve hassas cilt formülasyonlarında tercih edilir.",neutral,,neutral,,neutral,,neutral,,neutral,,neutral,,neutral,
Disodium Edta,disodiumedta,0,0,0,0,0,0,0,,,top1000,1763,Skincare Ingredient,Şelatör,"disodium edta, metal iyonlarını bağlayarak formülasyonun stabilitesini koruyan şelatlama ajanı; ürünün renk, koku ve etkinlik kaybını önler.",neutral,,neutral,,neutral,,neutral,,neutral,,neutral,,neutral,
Disodium Laureth Sulfosuccinate,disodiumlaurethsulfosuccinate,0,0,0,0,0,0,0,Anyone,,top1000,122,Surfactant,Yüzey Aktif Madde (Nazik),"disodium laureth sulfosuccinate, nazik temizleyici yüzey aktif madde; cildi fazla kurutmadan etkili temizlik sağlar ve hassas cilt formülasyonlarında tercih edilir.",neutral,,neutral,,neutral,,neutral,,neutral,,neutral,,neutral,
Disodium Lauryl Sulfosuccinate,disodiumlaurylsulfosuccinate,1,0,0,0,0,0,0,Texture,,top1000,51,Emollient,Yumuşatıcı Ester,"disodium lauryl sulfosuccinate, yağ asidi esteri; cildi yumuşatır, formülasyona hafif ve pürüzsüz bir doku kazandırır.",neutral,,neutral,,neutral,,neutral,,neutral,,neutral,,neutral,
Disodium Phosphate,disodiumphosphate,0,0,0,0,0,0,0,,,top1000,169,Skincare Ingredient,Cilt Bakım Bileşeni,"disodium phosphate, kozmetik formülasyonlarda kullanılan yardımcı bileşen; ürünün doku, stabilite veya uygulama özelliklerine katkıda bulunur.",neutral,,neutral,,neutral,,neutral,,neutral,,neutral,,neutral,
Disodium Pyrophosphate,disodiumpyrophosphate,0,0,0,0,0,0,0,,,top1000,66,Skincare Ingredient,Cilt Bakım Bileşeni,"disodium pyrophosphate, kozmetik formülasyonlarda kullanılan yardımcı bileşen; ürünün doku, stabilite veya uygulama özelliklerine katkıda bulunur.",neutral,,neutral,,neutral,,neutral,,neutral,,neutral,,neutral,
Disodium Stearoyl Glutamate,disodiumstearoylglutamate,0,0,0,0,0,0,0,,,top1000,74,Skincare Ingredient,Cilt Bakım Bileşeni,"disodium stearoyl glutamate, kozmetik formülasyonlarda kullanılan yardımcı bileşen; ürünün doku, stabilite veya uygulama özelliklerine katkıda bulunur.",neutral,,neutral,,neutral,,neutral,,neutral,,neutral,,neutral,
Distarch Phosphate,distarchphosphate,0,0,0,0,0,0,0,,,top1000,52,Skincare Ingredient,Cilt Bakım Bileşeni,"distarch phosphate, kozmetik formülasyonlarda kullanılan yardımcı bileşen; ürünün doku, stabilite veya uygulama özelliklerine katkıda bulunur.",neutral,,neutral,,neutral,,neutral,,neutral,,neutral,,neutral,
Disteardimonium Hectorite,disteardimoniumhectorite,0,0,0,0,0,0,0,,,top1000,311,Skincare Ingredient,Cilt Bakım Bileşeni,"disteardimonium hectorite, kozmetik formülasyonlarda kullanılan yardımcı bileşen; ürünün doku, stabilite veya uygulama özelliklerine katkıda bulunur.",neutral,,neutral,,neutral,,neutral,,neutral,,neutral,,neutral,
Distearyldimonium Chloride,distearyldimoniumchloride,0,0,0,0,0,0,0,,,top1000,48,Skincare Ingredient,Cilt Bakım Bileşeni,"distearyldimonium chloride, kozmetik formülasyonlarda kullanılan yardımcı bileşen; ürünün doku, stabilite veya uygulama özelliklerine katkıda bulunur.",neutral,,neutral,,neutral,,neutral,,neutral,,neutral,,neutral,
Dmdm Hydantoin,dmdmhydantoin,0,0,0,0,-1,0,-1,,Sensitive|Pregnancy,top1000,222,Preservative,Koruyucu,"dmdm hydantoin, formülasyonu mikrobiyal kontaminasyondan koruyan koruyucu madde; ürünün güvenli raf ömrünü sağlar.",neutral,,neutral,,neutral,,neutral,,caution,"Hassas ciltte tahriş ve kızarıklık yapabilir, dikkatli kullanılmalı",neutral,,caution,"Hamilelikte kullanımı önerilmez, doktorunuza danışın"
Drometrizole Trisiloxane,drometrizoletrisiloxane,1,0,0,0,0,0,0,Texture,,top1000,47,Silicone,Silikon,"drometrizole trisiloxane, silikon bazlı bileşen; ciltte veya saçta pürüzsüz bir yüzey oluşturarak dokuyu iyileştirir, nem kaybını azaltır ve ürüne ipeksi bir uygulama hissi kazandırır.",neutral,,neutral,,neutral,,neutral,,neutral,,neutral,,neutral,
EDTA,edta,0,0,0,0,0,0,0,,,manual_v2,124,Skincare Ingredient,Şelatör,"Metal iyonlarını bağlayarak formülasyonun stabilitesini koruyan şelatlama ajanı; ürünün rengini, kokusunu ve etkinliğini olumsuz etkileyen metal kontaminasyonunu önler.",neutral,,neutral,,neutral,,neutral,,neutral,,neutral,,neutral,
Eau),eau,0,0,0,0,0,0,0,,,top1000,126,Skincare Ingredient,Cilt Bakım Bileşeni,"eau), kozmetik formülasyonlarda kullanılan yardımcı bileşen; ürünün doku, stabilite veya uygulama özelliklerine katkıda bulunur.",neutral,,neutral,,neutral,,neutral,,neutral,,neutral,,neutral,
Ectoin,ectoin,2,0,1,1,2,2,0,Dry and dehydrated skin|Redness|Impaired skin barrier|Fine Lines,,manual_v2,0,Skincare Ingredient,Hücre Koruyucu,"Ekstremofil bakterilerden elde edilen doğal stres koruyucu molekül; hücreleri UV hasarı, kirlilik ve dehidrasyona karşı korur, cildin bağışıklık sistemini destekler ve inflamasyonu azaltır.",beneficial,"Ekstremofil bakterilerden elde edilen doğal stres koruyucu molekül; hücreleri UV hasarı, kirlilik ve dehidrasyona karşı ",neutral,,neutral,,neutral,,beneficial,"Ekstremofil bakterilerden elde edilen doğal stres koruyucu molekül; hücreleri UV hasarı, kirlilik ve dehidrasyona karşı ",beneficial,"Ekstremofil bakterilerden elde edilen doğal stres koruyucu molekül; hücreleri UV hasarı, kirlilik ve dehidrasyona karşı ",neutral,
Equisetum Arvense Extract,equisetumarvenseextract,1,0,0,0,0,0,0,,,top1000,27,Botanical Extract,Bitkisel Ekstrakt,"equisetum arvense extract, bitkisel kaynaklı aktif ekstrakt; antioksidan, yatıştırıcı veya besleyici özellikler taşıyabilir ve formülasyona doğal etkinlik katar.",neutral,,neutral,,neutral,,neutral,,neutral,,neutral,,neutral,
Eryngium Maritimum Extract,eryngiummaritimumextract,0,0,0,0,0,3,0,Fine Lines|Wrinkles|Elasticity,,manual_v2,0,Botanical Extract,Bitkisel Ekstrakt (Deniz Çiğdemi),"Kıyı şeridinde yetişen deniz çiğdemi bitkisinden elde edilen ekstrakt; cildin kök hücrelerini koruyarak yaşlanma sürecini yavaşlatır, cilt yenilenmesini destekler ve elastikiyeti artırır.",neutral,,neutral,,neutral,,neutral,,neutral,,beneficial,Kıyı şeridinde yetişen deniz çiğdemi bitkisinden elde edilen ekstrakt; cildin kök hücrelerini koruyarak yaşlanma sürecin,neutral,
Erythritol,erythritol,0,0,0,0,0,0,0,,,top1000,32,Skincare Ingredient,Cilt Bakım Bileşeni,"erythritol, kozmetik formülasyonlarda kullanılan yardımcı bileşen; ürünün doku, stabilite veya uygulama özelliklerine katkıda bulunur.",neutral,,neutral,,neutral,,neutral,,neutral,,neutral,,neutral,
Ethanolamine,ethanolamine,-2,0,0,0,-2,0,0,,,top1000,69,Skincare Ingredient,Cilt Bakım Bileşeni,"ethanolamine, kozmetik formülasyonlarda kullanılan yardımcı bileşen; ürünün doku, stabilite veya uygulama özelliklerine katkıda bulunur.",caution,"Kurutucu etki yapabilir, nemlendiriciyle kullanılmalı",neutral,,neutral,,neutral,,caution,Hassas ciltte tahriş ve kızarıklık yapabilir,neutral,,neutral,
Ethoxydiglycol,ethoxydiglycol,2,0,0,0,0,0,0,Dry and dehydrated skin,,top1000,27,Humectant,Nemlendirici,"ethoxydiglycol, nemlendirici özellikli bileşen; ciltte nem tutarak hidrasyonu artırır ve kuruluğa bağlı gerginlik hissini azaltır.",beneficial,"ethoxydiglycol, nemlendirici özellikli bileşen; ciltte nem tutarak hidrasyonu artırır ve kuruluğa bağlı gerginlik hissin",neutral,,neutral,,neutral,,neutral,,neutral,,neutral,
Ethyl Acetate,ethylacetate,0,0,0,0,0,0,0,,,top1000,77,Skincare Ingredient,Cilt Bakım Bileşeni,"ethyl acetate, kozmetik formülasyonlarda kullanılan yardımcı bileşen; ürünün doku, stabilite veya uygulama özelliklerine katkıda bulunur.",neutral,,neutral,,neutral,,neutral,,neutral,,neutral,,neutral,
Ethylated Ascorbic Acid,ethylatedascorbicacid,1,1,1,1,1,2,0,Pigmentation|Radiance|Fine Lines,,manual_v2,0,Vitamin C,C Vitamini (Etillenmiş),"C vitamininin hem yağda hem suda çözünür stabil türevi; doğrudan aktif form olarak çalışır, hızlı aydınlatma ve antioksidan etki sağlar.",neutral,,neutral,,neutral,,neutral,,neutral,,beneficial,"C vitamininin hem yağda hem suda çözünür stabil türevi; doğrudan aktif form olarak çalışır, hızlı aydınlatma ve antioksi",neutral,
Ethylhexyl Cocoate,ethylhexylcocoate,0,0,0,0,0,0,0,,,top1000,31,Skincare Ingredient,Cilt Bakım Bileşeni,"ethylhexyl cocoate, kozmetik formülasyonlarda kullanılan yardımcı bileşen; ürünün doku, stabilite veya uygulama özelliklerine katkıda bulunur.",neutral,,neutral,,neutral,,neutral,,neutral,,neutral,,neutral,
Ethylhexyl Methoxycinnamate,ethylhexylmethoxycinnamate,0,0,0,0,-1,0,-1,UV Protection,Sensitive|Pregnancy,manual_v2,275,Sunscreen Agent,Kimyasal Güneş Filtresi (Octinoxate),"Yaygın kullanılan kimyasal UVB filtresi; UV ışınlarını emerek ısıya dönüştürür, ancak hormonal etkileşim endişeleri ve hassas ciltlerde tahriş riski nedeniyle tartışmalı bir bileşendir.",neutral,,neutral,,neutral,,neutral,,caution,"Hassas ciltte tahriş ve kızarıklık yapabilir, dikkatli kullanılmalı",neutral,,caution,"Hamilelikte kullanımı önerilmez, doktorunuza danışın"
Ethylhexyl Palmitate,ethylhexylpalmitate,1,0,0,0,0,0,0,Texture,,top1000,213,Emollient,Yumuşatıcı Ester,"ethylhexyl palmitate, yağ asidi esteri; cildi yumuşatır, formülasyona hafif ve pürüzsüz bir doku kazandırır.",neutral,,neutral,,neutral,,neutral,,neutral,,neutral,,neutral,
Ethylhexyl Salicylate,ethylhexylsalicylate,0,0,0,0,0,0,-1,,,top1000,409,Skincare Ingredient,Cilt Bakım Bileşeni,"ethylhexyl salicylate, kozmetik formülasyonlarda kullanılan yardımcı bileşen; ürünün doku, stabilite veya uygulama özelliklerine katkıda bulunur.",neutral,,neutral,,neutral,,neutral,,neutral,,neutral,,caution,"Hamilelikte önerilmez, doktorunuza danışın"
Ethylhexyl Stearate,ethylhexylstearate,1,0,0,0,0,0,0,Texture,,top1000,168,Emollient,Yumuşatıcı Ester,"ethylhexyl stearate, yağ asidi esteri; cildi yumuşatır, formülasyona hafif ve pürüzsüz bir doku kazandırır.",neutral,,neutral,,neutral,,neutral,,neutral,,neutral,,neutral,
Ethylhexyl Sulfur,ethylhexylsulfur,-1,2,1,0,-1,0,0,Acne|Oily,Sensitive|Dry Dehydrated,manual_v2,0,Skincare Ingredient,Antimikrobiyal (Kükürt Türevi),"Organik kükürt bileşeni; antibakteriyel ve antifungal özellikler taşır, akne tedavisinde yağ üretimini dengelemeye yardımcı olur ve cilt yüzeyindeki bakteriyel aktiviteyi azaltır.",caution,Kurutucu etki yapabilir,beneficial,"Organik kükürt bileşeni; antibakteriyel ve antifungal özellikler taşır, akne tedavisinde yağ üretimini dengelemeye yardı",neutral,,neutral,,caution,Hassas ciltte tahriş yapabilir,neutral,,neutral,
Ethylhexyl Triazone,ethylhexyltriazone,0,0,0,0,0,0,0,,,top1000,265,Skincare Ingredient,Cilt Bakım Bileşeni,"ethylhexyl triazone, kozmetik formülasyonlarda kullanılan yardımcı bileşen; ürünün doku, stabilite veya uygulama özelliklerine katkıda bulunur.",neutral,,neutral,,neutral,,neutral,,neutral,,neutral,,neutral,
Ethylhexylglycerin,ethylhexylglycerin,1,0,0,0,0,0,0,,,manual_v2,1210,Preservative,Koruyucu Destekçi,Phenoxyethanol'ün etkinliğini artıran yardımcı koruyucu; aynı zamanda hafif yumuşatıcı özellik taşır ve formülasyonda daha düşük koruyucu kullanımına olanak sağlar.,neutral,,neutral,,neutral,,neutral,,neutral,,neutral,,neutral,
Ethylparaben,ethylparaben,0,0,0,0,-1,0,-1,,Sensitive|Pregnancy,top1000,157,Preservative,Koruyucu,"ethylparaben, formülasyonu mikrobiyal kontaminasyondan koruyan koruyucu madde; ürünün güvenli raf ömrünü sağlar.",neutral,,neutral,,neutral,,neutral,,caution,"Hassas ciltte tahriş ve kızarıklık yapabilir, dikkatli kullanılmalı",neutral,,caution,"Hamilelikte kullanımı önerilmez, doktorunuza danışın"
Etidronic Acid,etidronicacid,0,0,0,0,0,0,0,,,top1000,101,Skincare Ingredient,Şelatör,"etidronic acid, metal iyonlarını bağlayarak formülasyonun stabilitesini koruyan şelatlama ajanı; ürünün renk, koku ve etkinlik kaybını önler.",neutral,,neutral,,neutral,,neutral,,neutral,,neutral,,neutral,
Eucalyptol,eucalyptol,0,0,0,0,0,0,0,,,top1000,58,Skincare Ingredient,Cilt Bakım Bileşeni,"eucalyptol, kozmetik formülasyonlarda kullanılan yardımcı bileşen; ürünün doku, stabilite veya uygulama özelliklerine katkıda bulunur.",neutral,,neutral,,neutral,,neutral,,neutral,,neutral,,neutral,
Eucalyptus Globulus Leaf Extract,eucalyptusglobulusleafextract,1,0,0,0,0,0,0,,,top1000,32,Botanical Extract,Bitkisel Ekstrakt,"eucalyptus globulus leaf extract, bitkisel kaynaklı aktif ekstrakt; antioksidan, yatıştırıcı veya besleyici özellikler taşıyabilir ve formülasyona doğal etkinlik katar.",neutral,,neutral,,neutral,,neutral,,neutral,,neutral,,neutral,
Eucalyptus Globulus Leaf Oil,eucalyptusglobulusleafoil,0,0,0,0,0,0,0,,,top1000,77,Skincare Ingredient,Cilt Bakım Bileşeni,"eucalyptus globulus leaf oil, kozmetik formülasyonlarda kullanılan yardımcı bileşen; ürünün doku, stabilite veya uygulama özelliklerine katkıda bulunur.",neutral,,neutral,,neutral,,neutral,,neutral,,neutral,,neutral,
Eucalyptus Globulus Oil,eucalyptusglobulusoil,0,0,0,0,0,0,0,,,top1000,28,Skincare Ingredient,Cilt Bakım Bileşeni,"eucalyptus globulus oil, kozmetik formülasyonlarda kullanılan yardımcı bileşen; ürünün doku, stabilite veya uygulama özelliklerine katkıda bulunur.",neutral,,neutral,,neutral,,neutral,,neutral,,neutral,,neutral,
Eugenol,eugenol,0,0,0,0,-1,0,0,,Sensitive,top1000,577,Fragrance Allergen,Koku Alerjeni,"eugenol, kozmetik ürünlerde koku bileşeni olarak kullanılan ve AB mevzuatına göre etiketlenmesi zorunlu olan potansiyel alerjen; hassas ciltlerde alerjik reaksiyon, kızarıklık veya kontakt dermatit riski taşır.",neutral,,neutral,,neutral,,neutral,,caution,"Hassas ciltte tahriş ve kızarıklık yapabilir, dikkatli kullanılmalı",neutral,,neutral,
Euphorbia Cerifera (Candelilla) Wax,euphorbiaceriferacandelillawax,1,0,0,0,0,0,0,,,top1000,32,Skincare Ingredient,Cilt Bakım Bileşeni,"euphorbia cerifera (candelilla) wax, kozmetik formülasyonlarda kullanılan yardımcı bileşen; ürünün doku, stabilite veya uygulama özelliklerine katkıda bulunur.",neutral,,neutral,,neutral,,neutral,,neutral,,neutral,,neutral,
Farnesol,farnesol,0,0,0,0,-1,0,0,,Sensitive,top1000,131,Fragrance Allergen,Koku Alerjeni,"farnesol, kozmetik ürünlerde koku bileşeni olarak kullanılan ve AB mevzuatına göre etiketlenmesi zorunlu olan potansiyel alerjen; hassas ciltlerde alerjik reaksiyon, kızarıklık veya kontakt dermatit riski taşır.",neutral,,neutral,,neutral,,neutral,,caution,"Hassas ciltte tahriş ve kızarıklık yapabilir, dikkatli kullanılmalı",neutral,,neutral,
Ferulic Acid,ferulicacid,0,0,0,1,0,2,0,Pigmentation|Fine Lines|Radiance,,manual_v2,0,Antioxidant,Antioksidan (Ferulik Asit),"Bitkilerde bulunan güçlü fenolok asit; C ve E vitaminlerinin antioksidan etkinliğini iki katına çıkarır, UV korumasını artırır ve hiperpigmentasyonu azaltmaya yardımcı olur.",neutral,,neutral,,neutral,,neutral,,neutral,,beneficial,"Bitkilerde bulunan güçlü fenolok asit; C ve E vitaminlerinin antioksidan etkinliğini iki katına çıkarır, UV korumasını a",neutral,
Flavor,flavor,0,0,0,0,0,0,0,,,top1000,92,Skincare Ingredient,Cilt Bakım Bileşeni,"flavor, kozmetik formülasyonlarda kullanılan yardımcı bileşen; ürünün doku, stabilite veya uygulama özelliklerine katkıda bulunur.",neutral,,neutral,,neutral,,neutral,,neutral,,neutral,,neutral,
Flavour,flavour,0,0,0,0,0,0,0,,,top1000,28,Skincare Ingredient,Cilt Bakım Bileşeni,"flavour, kozmetik formülasyonlarda kullanılan yardımcı bileşen; ürünün doku, stabilite veya uygulama özelliklerine katkıda bulunur.",neutral,,neutral,,neutral,,neutral,,neutral,,neutral,,neutral,
Formic Acid,formicacid,0,0,0,0,0,0,0,,,top1000,77,Skincare Ingredient,Cilt Bakım Bileşeni,"formic acid, kozmetik formülasyonlarda kullanılan yardımcı bileşen; ürünün doku, stabilite veya uygulama özelliklerine katkıda bulunur.",neutral,,neutral,,neutral,,neutral,,neutral,,neutral,,neutral,
Fragrance,fragrance,-1,0,0,0,-2,0,-1,,Sensitive|Impaired skin barrier,manual_v2,28,Fragrance,Parfüm / Koku,"Ürüne koku kazandıran sentetik veya doğal aroma bileşenleri karışımı; herhangi bir cilt bakım faydası yoktur, hassas ciltlerde tahriş, kızarıklık, alerjik reaksiyon ve kontakt dermatit riski taşır.",caution,"Kurutucu etki yapabilir, nemlendiriciyle birlikte kullanılmalı",neutral,,neutral,,neutral,,caution,"Hassas ciltte tahriş ve kızarıklık yapabilir, dikkatli kullanılmalı",neutral,,caution,"Hamilelikte kullanımı önerilmez, doktorunuza danışın"
Fragrance (Parfum),fragranceparfum,0,0,0,0,-1,0,0,,,top1000,416,Skincare Ingredient,Cilt Bakım Bileşeni,"fragrance (parfum), kozmetik formülasyonlarda kullanılan yardımcı bileşen; ürünün doku, stabilite veya uygulama özelliklerine katkıda bulunur.",neutral,,neutral,,neutral,,neutral,,caution,Hassas ciltte tahriş ve kızarıklık yapabilir,neutral,,neutral,
Fructooligosaccharides,fructooligosaccharides,1,0,0,1,2,0,0,Impaired skin barrier|Redness|Anyone,,manual_v2,44,Prebiotic / Probiotic,Prebiyotik,"Prebiyotik şeker zinciri; cildin faydalı bakterilerini besleyerek mikrobiyom dengesini korur, zararlı bakteri üremesini baskılar ve cilt savunma sistemini güçlendirir.",neutral,,neutral,,neutral,,neutral,,beneficial,"Prebiyotik şeker zinciri; cildin faydalı bakterilerini besleyerek mikrobiyom dengesini korur, zararlı bakteri üremesini ",neutral,,neutral,
Fructose,fructose,1,0,0,0,0,0,0,,,top1000,56,Skincare Ingredient,Cilt Bakım Bileşeni,"fructose, kozmetik formülasyonlarda kullanılan yardımcı bileşen; ürünün doku, stabilite veya uygulama özelliklerine katkıda bulunur.",neutral,,neutral,,neutral,,neutral,,neutral,,neutral,,neutral,
Fucus Vesiculosus Extract,fucusvesiculosusextract,1,0,0,0,0,0,0,,,top1000,41,Botanical Extract,Bitkisel Ekstrakt,"fucus vesiculosus extract, bitkisel kaynaklı aktif ekstrakt; antioksidan, yatıştırıcı veya besleyici özellikler taşıyabilir ve formülasyona doğal etkinlik katar.",neutral,,neutral,,neutral,,neutral,,neutral,,neutral,,neutral,
Fumaric Acid,fumaricacid,0,0,0,0,0,0,0,,,top1000,83,Skincare Ingredient,Cilt Bakım Bileşeni,"fumaric acid, kozmetik formülasyonlarda kullanılan yardımcı bileşen; ürünün doku, stabilite veya uygulama özelliklerine katkıda bulunur.",neutral,,neutral,,neutral,,neutral,,neutral,,neutral,,neutral,
Galactoarabinan,galactoarabinan,0,0,0,0,0,0,0,,,top1000,39,Skincare Ingredient,Cilt Bakım Bileşeni,"galactoarabinan, kozmetik formülasyonlarda kullanılan yardımcı bileşen; ürünün doku, stabilite veya uygulama özelliklerine katkıda bulunur.",neutral,,neutral,,neutral,,neutral,,neutral,,neutral,,neutral,
Gardenia Taitensis Flower Extract,gardeniataitensisflowerextract,1,0,0,0,0,0,0,,,top1000,27,Botanical Extract,Bitkisel Ekstrakt,"gardenia taitensis flower extract, bitkisel kaynaklı aktif ekstrakt; antioksidan, yatıştırıcı veya besleyici özellikler taşıyabilir ve formülasyona doğal etkinlik katar.",neutral,,neutral,,neutral,,neutral,,neutral,,neutral,,neutral,
Gelatin Crosspolymer,gelatincrosspolymer,0,0,0,0,0,0,0,,,top1000,37,Skincare Ingredient,Kıvam Artırıcı / Stabilizatör,"gelatin crosspolymer, formülasyona kıvam ve stabilite kazandıran polimer; ürünün dokusunu iyileştirir ve bileşenlerin homojen dağılmasını sağlar.",neutral,,neutral,,neutral,,neutral,,neutral,,neutral,,neutral,
Gellan Gum,gellangum,0,0,0,0,0,0,0,,,top1000,31,Skincare Ingredient,Kıvam Artırıcı / Stabilizatör,"gellan gum, formülasyona kıvam ve stabilite kazandıran polimer; ürünün dokusunu iyileştirir ve bileşenlerin homojen dağılmasını sağlar.",neutral,,neutral,,neutral,,neutral,,neutral,,neutral,,neutral,
Geraniol,geraniol,0,0,0,0,-1,0,0,,Sensitive,top1000,1873,Fragrance Allergen,Koku Alerjeni,"geraniol, kozmetik ürünlerde koku bileşeni olarak kullanılan ve AB mevzuatına göre etiketlenmesi zorunlu olan potansiyel alerjen; hassas ciltlerde alerjik reaksiyon, kızarıklık veya kontakt dermatit riski taşır.",neutral,,neutral,,neutral,,neutral,,caution,"Hassas ciltte tahriş ve kızarıklık yapabilir, dikkatli kullanılmalı",neutral,,neutral,
Geranyl Acetate,geranylacetate,0,0,0,0,0,0,0,,,top1000,37,Skincare Ingredient,Cilt Bakım Bileşeni,"geranyl acetate, kozmetik formülasyonlarda kullanılan yardımcı bileşen; ürünün doku, stabilite veya uygulama özelliklerine katkıda bulunur.",neutral,,neutral,,neutral,,neutral,,neutral,,neutral,,neutral,
Ginkgo Biloba Leaf Extract,ginkgobilobaleafextract,1,0,0,1,1,2,-1,Fine Lines|Radiance|Redness,Pregnancy,manual_v2,35,Botanical Extract,Bitkisel Ekstrakt (Ginkgo),"Ginkgo biloba yaprağından elde edilen güçlü antioksidan; kan dolaşımını iyileştirerek cildin beslenmesini artırır, serbest radikal hasarına karşı korur ve anti-inflamatuar etki gösterir.",neutral,,neutral,,neutral,,neutral,,neutral,,beneficial,"Ginkgo biloba yaprağından elde edilen güçlü antioksidan; kan dolaşımını iyileştirerek cildin beslenmesini artırır, serbe",caution,"Hamilelikte kullanımı önerilmez, doktorunuza danışın"
Glabridin,glabridin,0,0,0,1,1,2,0,Pigmentation|Radiance|Redness,,manual_v2,0,Skincare Ingredient,Aydınlatıcı (Meyan Kökü Türevi),"Meyan kökünden izole edilen güçlü aktif bileşen; tirozinaz enzimini inhibe ederek melanin üretimini azaltır, hiperpigmentasyonu hafifletir, anti-inflamatuar ve antioksidan özellikler taşır.",neutral,,neutral,,neutral,,neutral,,neutral,,beneficial,"Meyan kökünden izole edilen güçlü aktif bileşen; tirozinaz enzimini inhibe ederek melanin üretimini azaltır, hiperpigmen",neutral,
Glicerina,glicerina,0,0,0,0,0,0,0,,,top1000,51,Skincare Ingredient,Cilt Bakım Bileşeni,"glicerina, kozmetik formülasyonlarda kullanılan yardımcı bileşen; ürünün doku, stabilite veya uygulama özelliklerine katkıda bulunur.",neutral,,neutral,,neutral,,neutral,,neutral,,neutral,,neutral,
Gluconic Acid,gluconicacid,1,1,1,0,1,1,0,Texture|Anyone,,manual_v2,0,Exfoliant (PHA),Peeling Asidi (PHA),"Glukonolaktonun açık asit formu olan polihidroksi asit; en nazik peeling asitlerinden biri olup büyük molekül yapısı sayesinde cildi tahriş etmeden yüzeysel yenilenme sağlar, aynı zamanda şelatör ve nemlendirici özellik taşır.",neutral,,neutral,,neutral,,neutral,,neutral,,neutral,,neutral,
Gluconolactone,gluconolactone,1,2,1,0,1,2,0,Texture|Radiance|Fine Lines|Anyone,,top1000,147,Exfoliant (PHA),Peeling Asidi (PHA),"En nazik peeling asitlerinden biri olan polihidroksi asit (PHA); büyük molekül yapısı sayesinde cildin yüzeyinde yavaş ve nazik peeling yapar, aynı zamanda nemlendirici ve antioksidan özellik taşır, hassas ciltler için idealdir.",neutral,,beneficial,En nazik peeling asitlerinden biri olan polihidroksi asit (PHA); büyük molekül yapısı sayesinde cildin yüzeyinde yavaş,neutral,,neutral,,neutral,,beneficial,En nazik peeling asitlerinden biri olan polihidroksi asit (PHA); büyük molekül yapısı sayesinde cildin yüzeyinde yavaş,neutral,
Glucose,glucose,1,0,0,0,0,0,0,,,top1000,147,Skincare Ingredient,Cilt Bakım Bileşeni,"glucose, kozmetik formülasyonlarda kullanılan yardımcı bileşen; ürünün doku, stabilite veya uygulama özelliklerine katkıda bulunur.",neutral,,neutral,,neutral,,neutral,,neutral,,neutral,,neutral,
Glutamic Acid,glutamicacid,1,0,0,0,0,0,0,Dry and dehydrated skin,,top1000,74,Skincare Ingredient,Amino Asit / Protein,"glutamic acid, cildin yapısal proteinlerini ve doğal nem faktörünü destekleyen amino asit veya protein bileşeni; nem tutmaya ve bariyer fonksiyonuna katkıda bulunur.",neutral,,neutral,,neutral,,neutral,,neutral,,neutral,,neutral,
Glycereth-26,glycereth26,0,0,0,0,0,0,0,,,manual_v2,0,Skincare Ingredient,Emülgatör / Çözücü,"Gliserinin etoksillenmiş formu; formülasyonda çözücü ve nemlendirici olarak çalışır, diğer bileşenlerin homojen dağılmasını sağlar.",neutral,,neutral,,neutral,,neutral,,neutral,,neutral,,neutral,
Glycerin,glycerin,3,0,1,1,2,1,0,Dry and dehydrated skin|Impaired skin barrier|Anyone,,manual_v2,60,Humectant,Nemlendirici (Humektan),"En yaygın ve güvenilir nemlendiricilerden biri; havadan nem çekerek cildi nemli tutar, cilt bariyerini destekler ve diğer aktif bileşenlerin emilimini kolaylaştırır.",beneficial,"En yaygın ve güvenilir nemlendiricilerden biri; havadan nem çekerek cildi nemli tutar, cilt bariyerini destekler ve diğe",neutral,,neutral,,neutral,,beneficial,"En yaygın ve güvenilir nemlendiricilerden biri; havadan nem çekerek cildi nemli tutar, cilt bariyerini destekler ve diğe",neutral,,neutral,
Glycerine,glycerine,2,0,0,0,0,0,0,Dry and dehydrated skin,,top1000,52,Humectant,Nemlendirici,"glycerine, nemlendirici özellikli bileşen; ciltte nem tutarak hidrasyonu artırır ve kuruluğa bağlı gerginlik hissini azaltır.",beneficial,"glycerine, nemlendirici özellikli bileşen; ciltte nem tutarak hidrasyonu artırır ve kuruluğa bağlı gerginlik hissini aza",neutral,,neutral,,neutral,,neutral,,neutral,,neutral,
Glyceryl Behenate,glycerylbehenate,0,0,0,0,0,0,0,,,top1000,53,Skincare Ingredient,Cilt Bakım Bileşeni,"glyceryl behenate, kozmetik formülasyonlarda kullanılan yardımcı bileşen; ürünün doku, stabilite veya uygulama özelliklerine katkıda bulunur.",neutral,,neutral,,neutral,,neutral,,neutral,,neutral,,neutral,
Glyceryl Caprylate,glycerylcaprylate,1,0,0,0,0,0,0,Texture,,top1000,282,Emollient,Yumuşatıcı Ester,"glyceryl caprylate, yağ asidi esteri; cildi yumuşatır, formülasyona hafif ve pürüzsüz bir doku kazandırır.",neutral,,neutral,,neutral,,neutral,,neutral,,neutral,,neutral,
Glyceryl Caprylate/Caprate,glycerylcaprylatecaprate,1,0,0,0,0,0,0,,,manual_v2,0,Emollient,Yumuşatıcı / Antimikrobiyal,"Gliserin ve orta zincirli yağ asitlerinin esteri; cildi yumuşatırken aynı zamanda antimikrobiyal etki gösterir, formülasyonda koruyucu yükünü azaltmaya yardımcı olur.",neutral,,neutral,,neutral,,neutral,,neutral,,neutral,,neutral,
Glyceryl Dibehenate,glyceryldibehenate,1,0,0,0,0,0,0,,,manual_v2,0,Emollient,Yumuşatıcı / Kıvam Artırıcı,"Gliserin ve behenik asidin diestere; formülasyona zengin ve kremsi kıvam kazandırır, ciltte koruyucu bir tabaka oluşturarak nem kaybını önler.",neutral,,neutral,,neutral,,neutral,,neutral,,neutral,,neutral,
Glyceryl Glucoside,glycerylglucoside,1,0,0,0,0,0,0,Anyone,,top1000,68,Surfactant,Yüzey Aktif Madde (Nazik),"glyceryl glucoside, nazik temizleyici yüzey aktif madde; cildi fazla kurutmadan etkili temizlik sağlar ve hassas cilt formülasyonlarında tercih edilir.",neutral,,neutral,,neutral,,neutral,,neutral,,neutral,,neutral,
Glyceryl Isostearate,glycerylisostearate,1,0,0,0,0,0,0,Texture,,top1000,28,Emollient,Yumuşatıcı Ester,"glyceryl isostearate, yağ asidi esteri; cildi yumuşatır, formülasyona hafif ve pürüzsüz bir doku kazandırır.",neutral,,neutral,,neutral,,neutral,,neutral,,neutral,,neutral,
Glyceryl Laurate,glyceryllaurate,1,0,0,0,0,0,0,,,top1000,51,Skincare Ingredient,Emülgatör,"glyceryl laurate, yağ ve su fazlarını stabil bir şekilde bir arada tutan emülgatör; formülasyonun homojen yapısını korur ve kremsi doku oluşturur.",neutral,,neutral,,neutral,,neutral,,neutral,,neutral,,neutral,
Glyceryl Linoleate,glyceryllinoleate,1,0,0,0,0,0,0,Texture,,top1000,46,Emollient,Yumuşatıcı Ester,"glyceryl linoleate, yağ asidi esteri; cildi yumuşatır, formülasyona hafif ve pürüzsüz bir doku kazandırır.",neutral,,neutral,,neutral,,neutral,,neutral,,neutral,,neutral,
Glyceryl Linolenate,glyceryllinolenate,0,0,0,0,0,0,0,,,top1000,35,Skincare Ingredient,Cilt Bakım Bileşeni,"glyceryl linolenate, kozmetik formülasyonlarda kullanılan yardımcı bileşen; ürünün doku, stabilite veya uygulama özelliklerine katkıda bulunur.",neutral,,neutral,,neutral,,neutral,,neutral,,neutral,,neutral,
Glyceryl Oleate,glyceryloleate,1,0,0,0,0,0,0,,,top1000,667,Skincare Ingredient,Emülgatör,"glyceryl oleate, yağ ve su fazlarını stabil bir şekilde bir arada tutan emülgatör; formülasyonun homojen yapısını korur ve kremsi doku oluşturur.",neutral,,neutral,,neutral,,neutral,,neutral,,neutral,,neutral,
Glyceryl Polymethacrylate,glycerylpolymethacrylate,0,0,0,0,0,0,0,,,manual_v2,0,Skincare Ingredient,Film Oluşturucu / Kıvam Artırıcı,Akrilik polimer; formülasyona jel benzeri kıvam kazandırır ve ciltte ince bir film oluşturarak nem kaybını azaltır.,neutral,,neutral,,neutral,,neutral,,neutral,,neutral,,neutral,
Glyceryl Stearate,glycerylstearate,1,0,0,0,0,0,0,,,top1000,1304,Skincare Ingredient,Emülgatör,"glyceryl stearate, yağ ve su fazlarını stabil bir şekilde bir arada tutan emülgatör; formülasyonun homojen yapısını korur ve kremsi doku oluşturur.",neutral,,neutral,,neutral,,neutral,,neutral,,neutral,,neutral,
Glyceryl Stearate Citrate,glycerylstearatecitrate,1,0,0,0,0,0,0,,,top1000,315,Skincare Ingredient,Emülgatör,"glyceryl stearate citrate, yağ ve su fazlarını stabil bir şekilde bir arada tutan emülgatör; formülasyonun homojen yapısını korur ve kremsi doku oluşturur.",neutral,,neutral,,neutral,,neutral,,neutral,,neutral,,neutral,
Glyceryl Stearate Se,glycerylstearatese,1,0,0,0,0,0,0,,,top1000,290,Skincare Ingredient,Emülgatör,"glyceryl stearate se, yağ ve su fazlarını stabil bir şekilde bir arada tutan emülgatör; formülasyonun homojen yapısını korur ve kremsi doku oluşturur.",neutral,,neutral,,neutral,,neutral,,neutral,,neutral,,neutral,
Glyceryl Undecylenate,glycerylundecylenate,0,0,0,0,0,0,0,,,top1000,50,Skincare Ingredient,Cilt Bakım Bileşeni,"glyceryl undecylenate, kozmetik formülasyonlarda kullanılan yardımcı bileşen; ürünün doku, stabilite veya uygulama özelliklerine katkıda bulunur.",neutral,,neutral,,neutral,,neutral,,neutral,,neutral,,neutral,
Glycine,glycine,1,0,0,0,0,0,0,Dry and dehydrated skin,,top1000,162,Skincare Ingredient,Amino Asit / Protein,"glycine, cildin yapısal proteinlerini ve doğal nem faktörünü destekleyen amino asit veya protein bileşeni; nem tutmaya ve bariyer fonksiyonuna katkıda bulunur.",neutral,,neutral,,neutral,,neutral,,neutral,,neutral,,neutral,
Glycine Soja (Soybean) Oil,glycinesojasoybeanoil,1,0,0,0,0,0,0,Dry and dehydrated skin,,top1000,155,Skincare Ingredient,Amino Asit / Protein,"glycine soja (soybean) oil, cildin yapısal proteinlerini ve doğal nem faktörünü destekleyen amino asit veya protein bileşeni; nem tutmaya ve bariyer fonksiyonuna katkıda bulunur.",neutral,,neutral,,neutral,,neutral,,neutral,,neutral,,neutral,
Glycine Soja Oil,glycinesojaoil,2,0,0,1,0,0,0,Dry and dehydrated skin,,manual_v2,0,Oil / Lipid,Bitkisel Yağ (Soya),"Soya fasulyesinden elde edilen omega yağ asitleri ve fitosterollar bakımından zengin yağ; cildi besler, nem bariyerini destekler ve antioksidan koruma sağlar.",beneficial,"Soya fasulyesinden elde edilen omega yağ asitleri ve fitosterollar bakımından zengin yağ; cildi besler, nem bariyerini d",neutral,,neutral,,neutral,,neutral,,neutral,,neutral,
Glycine Soja Oil / Soybean Oil,glycinesojaoilsoybeanoil,1,0,0,0,0,0,0,Dry and dehydrated skin,,top1000,34,Skincare Ingredient,Amino Asit / Protein,"glycine soja oil / soybean oil, cildin yapısal proteinlerini ve doğal nem faktörünü destekleyen amino asit veya protein bileşeni; nem tutmaya ve bariyer fonksiyonuna katkıda bulunur.",neutral,,neutral,,neutral,,neutral,,neutral,,neutral,,neutral,
Glycine Soja Sterols,glycinesojasterols,2,0,0,0,1,0,0,Dry and dehydrated skin|Impaired skin barrier,,manual_v2,0,Oil / Lipid,Fitosterol (Soya),"Soya bitkisinden elde edilen bitkisel steroller; cildin lipid bariyerine yapısal olarak benzer bileşenler içerir, bariyer onarımını destekler ve iltihaplanmayı azaltmaya yardımcı olur.",beneficial,"Soya bitkisinden elde edilen bitkisel steroller; cildin lipid bariyerine yapısal olarak benzer bileşenler içerir, bariye",neutral,,neutral,,neutral,,neutral,,neutral,,neutral,
Glycol,glycol,2,0,0,0,0,0,0,Dry and dehydrated skin,,top1000,45,Humectant,Nemlendirici,"glycol, nemlendirici özellikli bileşen; ciltte nem tutarak hidrasyonu artırır ve kuruluğa bağlı gerginlik hissini azaltır.",beneficial,"glycol, nemlendirici özellikli bileşen; ciltte nem tutarak hidrasyonu artırır ve kuruluğa bağlı gerginlik hissini azaltı",neutral,,neutral,,neutral,,neutral,,neutral,,neutral,
Glycol Distearate,glycoldistearate,1,0,0,0,0,0,0,Texture,,top1000,953,Emollient,Yumuşatıcı Ester,"glycol distearate, yağ asidi esteri; cildi yumuşatır, formülasyona hafif ve pürüzsüz bir doku kazandırır.",neutral,,neutral,,neutral,,neutral,,neutral,,neutral,,neutral,
Glycol Stearate,glycolstearate,1,0,0,0,0,0,0,Texture,,top1000,130,Emollient,Yumuşatıcı Ester,"glycol stearate, yağ asidi esteri; cildi yumuşatır, formülasyona hafif ve pürüzsüz bir doku kazandırır.",neutral,,neutral,,neutral,,neutral,,neutral,,neutral,,neutral,
Glycolic Acid,glycolicacid,1,6,3,1,-4,3,-2,Acne|Blackheads|Texture|Radiance|Fine Lines,Sensitive|Impaired skin barrier|Pregnancy,manual_v2,39,Exfoliant (AHA),Peeling Asidi (AHA),"En küçük moleküllü alfa hidroksi asit; ölü deri hücrelerini etkili şekilde temizleyerek cilt yenilenmesini hızlandırır, cilt tonunu eşitler ve ince çizgilerin görünümünü azaltır.",neutral,,beneficial,"En küçük moleküllü alfa hidroksi asit; ölü deri hücrelerini etkili şekilde temizleyerek cilt yenilenmesini hızlandırır, ",beneficial,"En küçük moleküllü alfa hidroksi asit; ölü deri hücrelerini etkili şekilde temizleyerek cilt yenilenmesini hızlandırır, ",neutral,,caution,"Hassas ciltte tahriş ve kızarıklık yapabilir, dikkatli kullanılmalı",beneficial,"En küçük moleküllü alfa hidroksi asit; ölü deri hücrelerini etkili şekilde temizleyerek cilt yenilenmesini hızlandırır, ",caution,"Hamilelikte kullanımı önerilmez, doktorunuza danışın"
Glycyrrhetinic Acid,glycyrrhetinicacid,0,0,0,0,2,1,0,Redness|Impaired skin barrier,,manual_v2,0,Skincare Ingredient,Anti-inflamatuar (Meyan Kökü Türevi),"Meyan kökünden elde edilen güçlü anti-inflamatuar bileşen; kortizol benzeri etki mekanizmasıyla kızarıklığı ve tahrişi azaltır, cildin stres yanıtını düzenler, atopik dermatit ve rozasea semptomlarını hafifletir.",neutral,,neutral,,neutral,,neutral,,beneficial,Meyan kökünden elde edilen güçlü anti-inflamatuar bileşen; kortizol benzeri etki mekanizmasıyla kızarıklığı ve tahrişi a,neutral,,neutral,
Glycyrrhiza Glabra (Licorice) Root Extract,glycyrrhizaglabralicoricerootextract,1,0,0,0,0,0,0,,,top1000,40,Botanical Extract,Bitkisel Ekstrakt,"glycyrrhiza glabra (licorice) root extract, bitkisel kaynaklı aktif ekstrakt; antioksidan, yatıştırıcı veya besleyici özellikler taşıyabilir ve formülasyona doğal etkinlik katar.",neutral,,neutral,,neutral,,neutral,,neutral,,neutral,,neutral,
Glycyrrhiza Glabra Root Extract,glycyrrhizaglabrarootextract,0,0,0,1,2,1,0,Pigmentation|Redness|Radiance,,manual_v2,0,Botanical Extract,Bitkisel Ekstrakt (Meyan Kökü),"Meyan kökünden elde edilen çok fonksiyonlu ekstrakt; glabridin ve glisirizin bileşenleriyle melanin üretimini düzenleyerek cilt tonunu aydınlatır, güçlü anti-inflamatuar etki gösterir ve hassas cildi yatıştırır.",neutral,,neutral,,neutral,,neutral,,beneficial,Meyan kökünden elde edilen çok fonksiyonlu ekstrakt; glabridin ve glisirizin bileşenleriyle melanin üretimini düzenleyer,neutral,,neutral,
Glycérine,glycrine,0,0,0,0,0,0,0,,,top1000,99,Skincare Ingredient,Cilt Bakım Bileşeni,"glycérine, kozmetik formülasyonlarda kullanılan yardımcı bileşen; ürünün doku, stabilite veya uygulama özelliklerine katkıda bulunur.",neutral,,neutral,,neutral,,neutral,,neutral,,neutral,,neutral,
Green Tea Extract,greenteaextract,1,2,1,1,1,2,0,Acne|Redness|Fine Lines|Radiance|Oily,,manual_v2,0,Antioxidant,Antioksidan (Yeşil Çay),"Güçlü EGCG polifenolü içeren yeşil çay ekstresi; UV hasarına karşı korur, serbest radikalleri nötralize eder, iltihaplanmayı azaltır ve yağ üretimini dengelemeye yardımcı olur.",neutral,,beneficial,"Güçlü EGCG polifenolü içeren yeşil çay ekstresi; UV hasarına karşı korur, serbest radikalleri nötralize eder, iltihaplan",neutral,,neutral,,neutral,,beneficial,"Güçlü EGCG polifenolü içeren yeşil çay ekstresi; UV hasarına karşı korur, serbest radikalleri nötralize eder, iltihaplan",neutral,
Guar Hydroxypropyltrimonium Chloride,guarhydroxypropyltrimoniumchloride,0,0,0,0,0,0,0,,,top1000,739,Skincare Ingredient,Kıvam Artırıcı / Stabilizatör,"guar hydroxypropyltrimonium chloride, formülasyona kıvam ve stabilite kazandıran polimer; ürünün dokusunu iyileştirir ve bileşenlerin homojen dağılmasını sağlar.",neutral,,neutral,,neutral,,neutral,,neutral,,neutral,,neutral,
HDI/Trimethylol Hexyllactone Crosspolymer,hditrimethylolhexyllactonecrosspolymer,0,0,0,0,0,0,0,Texture,,manual_v2,0,Skincare Ingredient,Film Oluşturucu / Doku Düzenleyici,"Elastik mikroküre polimer; ciltte pürüzsüz ve kadifemsi bir yüzey oluşturarak gözeneklerin ve ince çizgilerin optik görünümünü azaltır, makyaj bazı olarak ideal çalışır.",neutral,,neutral,,neutral,,neutral,,neutral,,neutral,,neutral,
Helianthus Annuus (Sunflower) Seed Oil,helianthusannuussunflowerseedoil,2,-1,0,1,0,1,0,Dry and dehydrated skin,Oily,top1000,350,Oil / Lipid,Bitkisel Yağ,"helianthus annuus (sunflower) seed oil, esansiyel yağ asitleri ve vitaminler bakımından zengin bitkisel yağ; cildi besler, nem bariyerini güçlendirir ve yumuşatıcı etki sağlar.",beneficial,"helianthus annuus (sunflower) seed oil, esansiyel yağ asitleri ve vitaminler bakımından zengin bitkisel yağ; cildi besle",caution,Gözenekleri tıkayabilir veya yağlanmayı artırabilir,neutral,,neutral,,neutral,,neutral,,neutral,
Helianthus Annuus (Sunflower) Seed Wax,helianthusannuussunflowerseedwax,1,0,0,0,0,0,0,,,manual_v2,0,Emollient,Bitkisel Vaks (Ayçiçeği),"Ayçiçeği tohumundan elde edilen doğal vaks; formülasyona yapı ve kıvam kazandırır, ciltte ince koruyucu tabaka oluşturarak nem kaybını önler.",neutral,,neutral,,neutral,,neutral,,neutral,,neutral,,neutral,
Helianthus Annuus Hybrid Oil,helianthusannuushybridoil,1,0,0,0,0,0,0,,,top1000,74,Botanical Extract,Bitkisel Ekstrakt,"helianthus annuus hybrid oil, bitkisel kaynaklı aktif ekstrakt; antioksidan, yatıştırıcı veya besleyici özellikler taşıyabilir ve formülasyona doğal etkinlik katar.",neutral,,neutral,,neutral,,neutral,,neutral,,neutral,,neutral,
Helianthus Annuus Seed Cera,helianthusannuusseedcera,1,0,0,0,0,0,0,,,top1000,27,Botanical Extract,Bitkisel Ekstrakt,"helianthus annuus seed cera, bitkisel kaynaklı aktif ekstrakt; antioksidan, yatıştırıcı veya besleyici özellikler taşıyabilir ve formülasyona doğal etkinlik katar.",neutral,,neutral,,neutral,,neutral,,neutral,,neutral,,neutral,
Helianthus Annuus Seed Oil,helianthusannuusseedoil,2,-1,0,1,0,1,0,Dry and dehydrated skin,Oily,top1000,587,Oil / Lipid,Bitkisel Yağ,"helianthus annuus seed oil, esansiyel yağ asitleri ve vitaminler bakımından zengin bitkisel yağ; cildi besler, nem bariyerini güçlendirir ve yumuşatıcı etki sağlar.",beneficial,"helianthus annuus seed oil, esansiyel yağ asitleri ve vitaminler bakımından zengin bitkisel yağ; cildi besler, nem bariy",caution,Gözenekleri tıkayabilir veya yağlanmayı artırabilir,neutral,,neutral,,neutral,,neutral,,neutral,
Helianthus Annuus Seed Oil / Sunflower Seed Oil,helianthusannuusseedoilsunflowerseedoil,2,-1,0,1,0,1,0,Dry and dehydrated skin,Oily,top1000,48,Oil / Lipid,Bitkisel Yağ,"helianthus annuus seed oil / sunflower seed oil, esansiyel yağ asitleri ve vitaminler bakımından zengin bitkisel yağ; cildi besler, nem bariyerini güçlendirir ve yumuşatıcı etki sağlar.",beneficial,"helianthus annuus seed oil / sunflower seed oil, esansiyel yağ asitleri ve vitaminler bakımından zengin bitkisel yağ; ci",caution,Gözenekleri tıkayabilir veya yağlanmayı artırabilir,neutral,,neutral,,neutral,,neutral,,neutral,
Hexadimethrine Chloride,hexadimethrinechloride,0,0,0,0,0,0,0,,,top1000,45,Skincare Ingredient,Cilt Bakım Bileşeni,"hexadimethrine chloride, kozmetik formülasyonlarda kullanılan yardımcı bileşen; ürünün doku, stabilite veya uygulama özelliklerine katkıda bulunur.",neutral,,neutral,,neutral,,neutral,,neutral,,neutral,,neutral,
Hexamethylindanopyran,hexamethylindanopyran,0,0,0,0,0,0,0,,,top1000,45,Skincare Ingredient,Cilt Bakım Bileşeni,"hexamethylindanopyran, kozmetik formülasyonlarda kullanılan yardımcı bileşen; ürünün doku, stabilite veya uygulama özelliklerine katkıda bulunur.",neutral,,neutral,,neutral,,neutral,,neutral,,neutral,,neutral,
Hexyl Cinnamal,hexylcinnamal,0,0,0,0,-1,0,0,,Sensitive,top1000,1946,Fragrance Allergen,Koku Alerjeni,"hexyl cinnamal, kozmetik ürünlerde koku bileşeni olarak kullanılan ve AB mevzuatına göre etiketlenmesi zorunlu olan potansiyel alerjen; hassas ciltlerde alerjik reaksiyon, kızarıklık veya kontakt dermatit riski taşır.",neutral,,neutral,,neutral,,neutral,,caution,"Hassas ciltte tahriş ve kızarıklık yapabilir, dikkatli kullanılmalı",neutral,,neutral,
Hexyl Laurate,hexyllaurate,1,0,0,0,0,0,0,Texture,,top1000,33,Emollient,Yumuşatıcı Ester,"hexyl laurate, yağ asidi esteri; cildi yumuşatır, formülasyona hafif ve pürüzsüz bir doku kazandırır.",neutral,,neutral,,neutral,,neutral,,neutral,,neutral,,neutral,
Hexyldecanol,hexyldecanol,1,0,0,0,0,0,0,Texture,,manual_v2,0,Emollient,Yumuşatıcı,"Uzun zincirli yağlı alkol; cildi yumuşatır, formülasyona hafif ve pürüzsüz bir doku kazandırır, diğer bileşenlerin cilde yayılmasını kolaylaştırır.",neutral,,neutral,,neutral,,neutral,,neutral,,neutral,,neutral,
Hexyldecyl Laurate,hexyldecyllaurate,1,0,0,0,0,0,0,Texture,,manual_v2,0,Emollient,Yumuşatıcı Ester,"Hafif yapılı yumuşatıcı ester; ciltte yağsız ve ipeksi bir his bırakır, formülasyonun yayılabilirliğini artırır ve nem bariyerini destekler.",neutral,,neutral,,neutral,,neutral,,neutral,,neutral,,neutral,
Hexyldecyl Stearate,hexyldecylstearate,1,0,0,0,0,0,0,,,manual_v2,0,Emollient,Yumuşatıcı Ester,"Uzun zincirli yumuşatıcı ester; ciltte zengin ve besleyici bir his bırakır, nem bariyerini destekler ve formülasyona kremsi doku kazandırır.",neutral,,neutral,,neutral,,neutral,,neutral,,neutral,,neutral,
Hexylene Glycol,hexyleneglycol,2,0,0,0,0,0,0,Dry and dehydrated skin,,top1000,332,Humectant,Nemlendirici,"hexylene glycol, nemlendirici özellikli bileşen; ciltte nem tutarak hidrasyonu artırır ve kuruluğa bağlı gerginlik hissini azaltır.",beneficial,"hexylene glycol, nemlendirici özellikli bileşen; ciltte nem tutarak hidrasyonu artırır ve kuruluğa bağlı gerginlik hissi",neutral,,neutral,,neutral,,neutral,,neutral,,neutral,
Hippophae Rhamnoides Fruit Extract,hippophaerhamnoidesfruitextract,2,0,0,1,1,2,0,Dry and dehydrated skin|Radiance|Fine Lines|Impaired skin barrier,,manual_v2,0,Botanical Extract,Bitkisel Ekstrakt (Yabani İğde / Sea Buckthorn),"Yabani iğde meyvesinden elde edilen süper antioksidan ekstrakt; C, E, A vitaminleri ve omega yağ asitleri bakımından olağanüstü zengin olup cildi besler, onarır, aydınlatır ve çevresel hasara karşı güçlü koruma sağlar.",beneficial,"Yabani iğde meyvesinden elde edilen süper antioksidan ekstrakt; C, E, A vitaminleri ve omega yağ asitleri bakımından ola",neutral,,neutral,,neutral,,neutral,,beneficial,"Yabani iğde meyvesinden elde edilen süper antioksidan ekstrakt; C, E, A vitaminleri ve omega yağ asitleri bakımından ola",neutral,
Histidine,histidine,1,0,0,0,0,0,0,Dry and dehydrated skin,,top1000,84,Skincare Ingredient,Amino Asit / Protein,"histidine, cildin yapısal proteinlerini ve doğal nem faktörünü destekleyen amino asit veya protein bileşeni; nem tutmaya ve bariyer fonksiyonuna katkıda bulunur.",neutral,,neutral,,neutral,,neutral,,neutral,,neutral,,neutral,
Homosalate,homosalate,0,0,0,0,0,0,-1,UV Protection,Pregnancy,manual_v2,96,Sunscreen Agent,Kimyasal Güneş Filtresi,UVB ışınlarını emen kimyasal güneş filtresi; diğer filtrelerle kombinasyon halinde kullanılarak geniş spektrumlu koruma sağlanmasına yardımcı olur.,neutral,,neutral,,neutral,,neutral,,neutral,,neutral,,caution,"Hamilelikte kullanımı önerilmez, doktorunuza danışın"
Houttuynia Cordata Extract,houttuyniacordataextract,0,2,1,0,1,0,0,Acne|Redness|Impaired skin barrier,,manual_v2,0,Botanical Extract,Bitkisel Ekstrakt (Bukalemun Bitkisi),"Doğu Asya'ya özgü bukalemun bitkisinden elde edilen güçlü aktif; antibakteriyel, antiviral ve anti-inflamatuar özellikler taşır, akneyi yatıştırır, gözenekleri temizler ve cildin doğal savunmasını güçlendirir.",neutral,,beneficial,"Doğu Asya'ya özgü bukalemun bitkisinden elde edilen güçlü aktif; antibakteriyel, antiviral ve anti-inflamatuar özellikle",neutral,,neutral,,neutral,,neutral,,neutral,
Hyaluronic Acid,hyaluronicacid,3,1,2,2,2,3,0,Dry and dehydrated skin|Fine Lines|Wrinkles|Impaired skin barrier|Anyone,,manual_v2,57,Humectant,Nemlendirici (Hyalüronik Asit),"Ağırlığının 1000 katına kadar su tutabilen güçlü polisakkarit; cildin tüm katmanlarında nem depolamayı sağlar, dolgunluk kazandırır ve ince çizgilerin görünümünü azaltır.",beneficial,"Ağırlığının 1000 katına kadar su tutabilen güçlü polisakkarit; cildin tüm katmanlarında nem depolamayı sağlar, dolgunluk",neutral,,beneficial,"Ağırlığının 1000 katına kadar su tutabilen güçlü polisakkarit; cildin tüm katmanlarında nem depolamayı sağlar, dolgunluk",beneficial,"Ağırlığının 1000 katına kadar su tutabilen güçlü polisakkarit; cildin tüm katmanlarında nem depolamayı sağlar, dolgunluk",beneficial,"Ağırlığının 1000 katına kadar su tutabilen güçlü polisakkarit; cildin tüm katmanlarında nem depolamayı sağlar, dolgunluk",beneficial,"Ağırlığının 1000 katına kadar su tutabilen güçlü polisakkarit; cildin tüm katmanlarında nem depolamayı sağlar, dolgunluk",neutral,
Hydrated Silica,hydratedsilica,0,1,0,0,0,0,0,,,top1000,918,Mineral,Mineral,"hydrated silica, mineral bazlı bileşen; formülasyonun fiziksel özelliklerine katkıda bulunur veya ciltte koruyucu/düzenleyici etki gösterir.",neutral,,neutral,,neutral,,neutral,,neutral,,neutral,,neutral,
Hydrochloric Acid,hydrochloricacid,0,0,0,0,0,0,0,,,top1000,69,Skincare Ingredient,pH Düzenleyici,"hydrochloric acid, formülasyonun pH değerini ayarlayarak aktif bileşenlerin optimum etkinliğini ve ürünün cilt uyumluluğunu sağlar.",neutral,,neutral,,neutral,,neutral,,neutral,,neutral,,neutral,
Hydrogen Peroxide,hydrogenperoxide,0,0,0,0,0,0,0,,,top1000,106,Skincare Ingredient,Cilt Bakım Bileşeni,"hydrogen peroxide, kozmetik formülasyonlarda kullanılan yardımcı bileşen; ürünün doku, stabilite veya uygulama özelliklerine katkıda bulunur.",neutral,,neutral,,neutral,,neutral,,neutral,,neutral,,neutral,
Hydrogenated Castor Oil,hydrogenatedcastoroil,2,-1,0,1,0,1,0,Dry and dehydrated skin,Oily,top1000,280,Oil / Lipid,Bitkisel Yağ,"hydrogenated castor oil, esansiyel yağ asitleri ve vitaminler bakımından zengin bitkisel yağ; cildi besler, nem bariyerini güçlendirir ve yumuşatıcı etki sağlar.",beneficial,"hydrogenated castor oil, esansiyel yağ asitleri ve vitaminler bakımından zengin bitkisel yağ; cildi besler, nem bariyeri",caution,Gözenekleri tıkayabilir veya yağlanmayı artırabilir,neutral,,neutral,,neutral,,neutral,,neutral,
Hydrogenated Coco-Glycerides,hydrogenatedcocoglycerides,0,0,0,0,0,0,0,,,top1000,100,Skincare Ingredient,Cilt Bakım Bileşeni,"hydrogenated coco-glycerides, kozmetik formülasyonlarda kullanılan yardımcı bileşen; ürünün doku, stabilite veya uygulama özelliklerine katkıda bulunur.",neutral,,neutral,,neutral,,neutral,,neutral,,neutral,,neutral,
Hydrogenated Coconut Oil,hydrogenatedcoconutoil,2,-1,0,1,0,1,0,Dry and dehydrated skin,Oily,top1000,32,Oil / Lipid,Bitkisel Yağ,"hydrogenated coconut oil, esansiyel yağ asitleri ve vitaminler bakımından zengin bitkisel yağ; cildi besler, nem bariyerini güçlendirir ve yumuşatıcı etki sağlar.",beneficial,"hydrogenated coconut oil, esansiyel yağ asitleri ve vitaminler bakımından zengin bitkisel yağ; cildi besler, nem bariyer",caution,Gözenekleri tıkayabilir veya yağlanmayı artırabilir,neutral,,neutral,,neutral,,neutral,,neutral,
Hydrogenated Ethylhexyl Olivate,hydrogenatedethylhexylolivate,0,0,0,0,0,0,0,,,top1000,28,Skincare Ingredient,Cilt Bakım Bileşeni,"hydrogenated ethylhexyl olivate, kozmetik formülasyonlarda kullanılan yardımcı bileşen; ürünün doku, stabilite veya uygulama özelliklerine katkıda bulunur.",neutral,,neutral,,neutral,,neutral,,neutral,,neutral,,neutral,
Hydrogenated Jojoba Oil,hydrogenatedjojobaoil,0,0,0,0,0,0,0,,,top1000,40,Skincare Ingredient,Cilt Bakım Bileşeni,"hydrogenated jojoba oil, kozmetik formülasyonlarda kullanılan yardımcı bileşen; ürünün doku, stabilite veya uygulama özelliklerine katkıda bulunur.",neutral,,neutral,,neutral,,neutral,,neutral,,neutral,,neutral,
Hydrogenated Lecithin,hydrogenatedlecithin,0,0,0,0,0,0,0,,,top1000,80,Skincare Ingredient,Emülgatör,"hydrogenated lecithin, yağ ve su fazlarını stabil bir şekilde bir arada tutan emülgatör; formülasyonun homojen yapısını korur ve kremsi doku oluşturur.",neutral,,neutral,,neutral,,neutral,,neutral,,neutral,,neutral,
Hydrogenated Olive Oil Unsaponifiables,hydrogenatedoliveoilunsaponifiables,2,-1,0,1,0,1,0,Dry and dehydrated skin,Oily,top1000,29,Oil / Lipid,Bitkisel Yağ,"hydrogenated olive oil unsaponifiables, esansiyel yağ asitleri ve vitaminler bakımından zengin bitkisel yağ; cildi besler, nem bariyerini güçlendirir ve yumuşatıcı etki sağlar.",beneficial,"hydrogenated olive oil unsaponifiables, esansiyel yağ asitleri ve vitaminler bakımından zengin bitkisel yağ; cildi besle",caution,Gözenekleri tıkayabilir veya yağlanmayı artırabilir,neutral,,neutral,,neutral,,neutral,,neutral,
Hydrogenated Palm Glycerides,hydrogenatedpalmglycerides,0,0,0,0,0,0,0,,,top1000,86,Skincare Ingredient,Cilt Bakım Bileşeni,"hydrogenated palm glycerides, kozmetik formülasyonlarda kullanılan yardımcı bileşen; ürünün doku, stabilite veya uygulama özelliklerine katkıda bulunur.",neutral,,neutral,,neutral,,neutral,,neutral,,neutral,,neutral,
Hydrogenated Palm Glycerides Citrate,hydrogenatedpalmglyceridescitrate,0,0,0,0,0,0,0,,,top1000,248,Skincare Ingredient,Cilt Bakım Bileşeni,"hydrogenated palm glycerides citrate, kozmetik formülasyonlarda kullanılan yardımcı bileşen; ürünün doku, stabilite veya uygulama özelliklerine katkıda bulunur.",neutral,,neutral,,neutral,,neutral,,neutral,,neutral,,neutral,
Hydrogenated Palm Oil,hydrogenatedpalmoil,0,0,0,0,0,0,0,,,top1000,27,Skincare Ingredient,Cilt Bakım Bileşeni,"hydrogenated palm oil, kozmetik formülasyonlarda kullanılan yardımcı bileşen; ürünün doku, stabilite veya uygulama özelliklerine katkıda bulunur.",neutral,,neutral,,neutral,,neutral,,neutral,,neutral,,neutral,
Hydrogenated Phosphatidylcholine,hydrogenatedphosphatidylcholine,2,0,0,0,1,0,0,Impaired skin barrier|Dry and dehydrated skin,,manual_v2,0,Emollient,Fosfolipit (Bariyer Destekçi),"Hidrojene lesitin türevi fosfolipit; cildin doğal lipid bariyerine yapısal olarak çok benzer, bariyer onarımını destekler ve aktif bileşenlerin hücrelere ulaşmasını kolaylaştırır.",beneficial,"Hidrojene lesitin türevi fosfolipit; cildin doğal lipid bariyerine yapısal olarak çok benzer, bariyer onarımını destekle",neutral,,neutral,,neutral,,neutral,,neutral,,neutral,
Hydrogenated Polydecene,hydrogenatedpolydecene,0,0,0,0,0,0,0,,,top1000,80,Skincare Ingredient,Cilt Bakım Bileşeni,"hydrogenated polydecene, kozmetik formülasyonlarda kullanılan yardımcı bileşen; ürünün doku, stabilite veya uygulama özelliklerine katkıda bulunur.",neutral,,neutral,,neutral,,neutral,,neutral,,neutral,,neutral,
Hydrogenated Polyisobutene,hydrogenatedpolyisobutene,1,0,0,0,0,0,0,,,manual_v2,0,Emollient,Yumuşatıcı (Sentetik),"Sentetik hidrokarbondan elde edilen hafif yumuşatıcı; ciltte parlak ve pürüzsüz bir görünüm oluşturur, nem kaybını önler ve dudak bakım ürünlerinde yaygın kullanılır.",neutral,,neutral,,neutral,,neutral,,neutral,,neutral,,neutral,
Hydrogenated Rapeseed Oil,hydrogenatedrapeseedoil,2,-1,0,1,0,1,0,Dry and dehydrated skin,Oily,top1000,71,Oil / Lipid,Bitkisel Yağ,"hydrogenated rapeseed oil, esansiyel yağ asitleri ve vitaminler bakımından zengin bitkisel yağ; cildi besler, nem bariyerini güçlendirir ve yumuşatıcı etki sağlar.",beneficial,"hydrogenated rapeseed oil, esansiyel yağ asitleri ve vitaminler bakımından zengin bitkisel yağ; cildi besler, nem bariye",caution,Gözenekleri tıkayabilir veya yağlanmayı artırabilir,neutral,,neutral,,neutral,,neutral,,neutral,
Hydrogenated Soybean Oil,hydrogenatedsoybeanoil,1,0,0,0,0,0,0,Dry and dehydrated skin,,top1000,49,Skincare Ingredient,Amino Asit / Protein,"hydrogenated soybean oil, cildin yapısal proteinlerini ve doğal nem faktörünü destekleyen amino asit veya protein bileşeni; nem tutmaya ve bariyer fonksiyonuna katkıda bulunur.",neutral,,neutral,,neutral,,neutral,,neutral,,neutral,,neutral,
Hydrogenated Starch Hydrolysate,hydrogenatedstarchhydrolysate,0,0,0,1,1,0,0,,,top1000,253,Skincare Ingredient,Cilt Bakım Bileşeni,"hydrogenated starch hydrolysate, kozmetik formülasyonlarda kullanılan yardımcı bileşen; ürünün doku, stabilite veya uygulama özelliklerine katkıda bulunur.",neutral,,neutral,,neutral,,neutral,,neutral,,neutral,,neutral,
Hydrogenated Vegetable Glycerides Citrate,hydrogenatedvegetableglyceridescitrate,0,0,0,0,0,0,0,,,top1000,43,Skincare Ingredient,Cilt Bakım Bileşeni,"hydrogenated vegetable glycerides citrate, kozmetik formülasyonlarda kullanılan yardımcı bileşen; ürünün doku, stabilite veya uygulama özelliklerine katkıda bulunur.",neutral,,neutral,,neutral,,neutral,,neutral,,neutral,,neutral,
Hydrogenated Vegetable Oil,hydrogenatedvegetableoil,0,0,0,0,0,0,0,,,top1000,109,Skincare Ingredient,Cilt Bakım Bileşeni,"hydrogenated vegetable oil, kozmetik formülasyonlarda kullanılan yardımcı bileşen; ürünün doku, stabilite veya uygulama özelliklerine katkıda bulunur.",neutral,,neutral,,neutral,,neutral,,neutral,,neutral,,neutral,
Hydrolyzed Algin,hydrolyzedalgin,2,0,0,0,0,1,0,Dry and dehydrated skin,,manual_v2,0,Skincare Ingredient,Deniz Yosunu Türevi (Hidrolize Aljinat),"Kahverengi deniz yosunundan elde edilen hidrolize aljinat; nem tutma kapasitesi yüksek biyo-polimer, ciltte koruyucu film oluşturarak nem kaybını önler ve anti-aging formülasyonlarda kullanılır.",beneficial,"Kahverengi deniz yosunundan elde edilen hidrolize aljinat; nem tutma kapasitesi yüksek biyo-polimer, ciltte koruyucu fil",neutral,,neutral,,neutral,,neutral,,neutral,,neutral,
Hydrolyzed Collagen,hydrolyzedcollagen,1,0,0,0,0,0,0,Dry and dehydrated skin,,top1000,66,Skincare Ingredient,Amino Asit / Protein,"hydrolyzed collagen, cildin yapısal proteinlerini ve doğal nem faktörünü destekleyen amino asit veya protein bileşeni; nem tutmaya ve bariyer fonksiyonuna katkıda bulunur.",neutral,,neutral,,neutral,,neutral,,neutral,,neutral,,neutral,
Hydrolyzed Corn Protein,hydrolyzedcornprotein,1,0,0,0,0,0,0,Dry and dehydrated skin,,top1000,44,Skincare Ingredient,Amino Asit / Protein,"hydrolyzed corn protein, cildin yapısal proteinlerini ve doğal nem faktörünü destekleyen amino asit veya protein bileşeni; nem tutmaya ve bariyer fonksiyonuna katkıda bulunur.",neutral,,neutral,,neutral,,neutral,,neutral,,neutral,,neutral,
Hydrolyzed Hyaluronic Acid,hydrolyzedhyaluronicacid,0,0,0,0,0,0,0,,,top1000,55,Skincare Ingredient,Cilt Bakım Bileşeni,"hydrolyzed hyaluronic acid, kozmetik formülasyonlarda kullanılan yardımcı bileşen; ürünün doku, stabilite veya uygulama özelliklerine katkıda bulunur.",neutral,,neutral,,neutral,,neutral,,neutral,,neutral,,neutral,
Hydrolyzed Jojoba Esters,hydrolyzedjojobaesters,0,0,0,0,0,0,0,,,top1000,36,Skincare Ingredient,Cilt Bakım Bileşeni,"hydrolyzed jojoba esters, kozmetik formülasyonlarda kullanılan yardımcı bileşen; ürünün doku, stabilite veya uygulama özelliklerine katkıda bulunur.",neutral,,neutral,,neutral,,neutral,,neutral,,neutral,,neutral,
Hydrolyzed Keratin,hydrolyzedkeratin,1,0,0,0,0,0,0,Dry and dehydrated skin,,top1000,145,Skincare Ingredient,Amino Asit / Protein,"hydrolyzed keratin, cildin yapısal proteinlerini ve doğal nem faktörünü destekleyen amino asit veya protein bileşeni; nem tutmaya ve bariyer fonksiyonuna katkıda bulunur.",neutral,,neutral,,neutral,,neutral,,neutral,,neutral,,neutral,
Hydrolyzed Milk Protein,hydrolyzedmilkprotein,1,0,0,0,0,0,0,Dry and dehydrated skin,,top1000,57,Skincare Ingredient,Amino Asit / Protein,"hydrolyzed milk protein, cildin yapısal proteinlerini ve doğal nem faktörünü destekleyen amino asit veya protein bileşeni; nem tutmaya ve bariyer fonksiyonuna katkıda bulunur.",neutral,,neutral,,neutral,,neutral,,neutral,,neutral,,neutral,
Hydrolyzed Rice Protein,hydrolyzedriceprotein,1,0,0,0,0,0,0,Dry and dehydrated skin,,top1000,50,Skincare Ingredient,Amino Asit / Protein,"hydrolyzed rice protein, cildin yapısal proteinlerini ve doğal nem faktörünü destekleyen amino asit veya protein bileşeni; nem tutmaya ve bariyer fonksiyonuna katkıda bulunur.",neutral,,neutral,,neutral,,neutral,,neutral,,neutral,,neutral,
Hydrolyzed Silk,hydrolyzedsilk,1,0,0,0,0,0,0,Dry and dehydrated skin,,top1000,61,Skincare Ingredient,Amino Asit / Protein,"hydrolyzed silk, cildin yapısal proteinlerini ve doğal nem faktörünü destekleyen amino asit veya protein bileşeni; nem tutmaya ve bariyer fonksiyonuna katkıda bulunur.",neutral,,neutral,,neutral,,neutral,,neutral,,neutral,,neutral,
Hydrolyzed Sodium Hyaluronate,hydrolyzedsodiumhyaluronate,3,1,2,2,2,3,0,Dry and dehydrated skin|Fine Lines|Wrinkles|Impaired skin barrier|Anyone,,manual_v2,0,Humectant,Nemlendirici (Mikro Hyalüronik Asit),Hyalüronik asidin enzimatik olarak parçalanmış ultra küçük moleküllü formu; cildin en derin katmanlarına nüfuz ederek içeriden dışarıya doğru yoğun nemlendirme sağlar ve dolgunlaştırıcı etki gösterir.,beneficial,Hyalüronik asidin enzimatik olarak parçalanmış ultra küçük moleküllü formu; cildin en derin katmanlarına nüfuz ederek iç,neutral,,beneficial,Hyalüronik asidin enzimatik olarak parçalanmış ultra küçük moleküllü formu; cildin en derin katmanlarına nüfuz ederek iç,beneficial,Hyalüronik asidin enzimatik olarak parçalanmış ultra küçük moleküllü formu; cildin en derin katmanlarına nüfuz ederek iç,beneficial,Hyalüronik asidin enzimatik olarak parçalanmış ultra küçük moleküllü formu; cildin en derin katmanlarına nüfuz ederek iç,beneficial,Hyalüronik asidin enzimatik olarak parçalanmış ultra küçük moleküllü formu; cildin en derin katmanlarına nüfuz ederek iç,neutral,
Hydrolyzed Soy Protein,hydrolyzedsoyprotein,1,0,0,0,0,0,0,Dry and dehydrated skin,,top1000,105,Skincare Ingredient,Amino Asit / Protein,"hydrolyzed soy protein, cildin yapısal proteinlerini ve doğal nem faktörünü destekleyen amino asit veya protein bileşeni; nem tutmaya ve bariyer fonksiyonuna katkıda bulunur.",neutral,,neutral,,neutral,,neutral,,neutral,,neutral,,neutral,
Hydrolyzed Wheat Protein,hydrolyzedwheatprotein,1,0,0,0,0,0,0,Dry and dehydrated skin,,top1000,150,Skincare Ingredient,Amino Asit / Protein,"hydrolyzed wheat protein, cildin yapısal proteinlerini ve doğal nem faktörünü destekleyen amino asit veya protein bileşeni; nem tutmaya ve bariyer fonksiyonuna katkıda bulunur.",neutral,,neutral,,neutral,,neutral,,neutral,,neutral,,neutral,
Hydroxyacetophenone,hydroxyacetophenone,0,0,0,0,0,0,0,,,top1000,228,Skincare Ingredient,Cilt Bakım Bileşeni,"hydroxyacetophenone, kozmetik formülasyonlarda kullanılan yardımcı bileşen; ürünün doku, stabilite veya uygulama özelliklerine katkıda bulunur.",neutral,,neutral,,neutral,,neutral,,neutral,,neutral,,neutral,
Hydroxyapatite,hydroxyapatite,0,0,0,0,0,0,0,,,top1000,39,Skincare Ingredient,Cilt Bakım Bileşeni,"hydroxyapatite, kozmetik formülasyonlarda kullanılan yardımcı bileşen; ürünün doku, stabilite veya uygulama özelliklerine katkıda bulunur.",neutral,,neutral,,neutral,,neutral,,neutral,,neutral,,neutral,
Hydroxycitronellal,hydroxycitronellal,0,0,0,0,-1,0,0,,Sensitive,top1000,510,Fragrance Allergen,Koku Alerjeni,"hydroxycitronellal, kozmetik ürünlerde koku bileşeni olarak kullanılan ve AB mevzuatına göre etiketlenmesi zorunlu olan potansiyel alerjen; hassas ciltlerde alerjik reaksiyon, kızarıklık veya kontakt dermatit riski taşır.",neutral,,neutral,,neutral,,neutral,,caution,"Hassas ciltte tahriş ve kızarıklık yapabilir, dikkatli kullanılmalı",neutral,,neutral,
Hydroxyethoxyphenyl Butanone,hydroxyethoxyphenylbutanone,0,0,0,0,0,0,0,,,manual_v2,0,Preservative,Koruyucu Destekçi,Ahududu keton türevi antimikrobiyal ajan; diğer koruyucuların etkinliğini artırarak formülasyonda daha düşük koruyucu kullanımına olanak tanır.,neutral,,neutral,,neutral,,neutral,,neutral,,neutral,,neutral,
Hydroxyethyl Acrylate/Sodium Acryloyldimethyl Taurate Copolymer,hydroxyethylacrylatesodiumacryloyldimethyltauratecopolymer,0,0,0,0,0,0,0,,,top1000,66,Skincare Ingredient,Kıvam Artırıcı / Stabilizatör,"hydroxyethyl acrylate/sodium acryloyldimethyl taurate copolymer, formülasyona kıvam ve stabilite kazandıran polimer; ürünün dokusunu iyileştirir ve bileşenlerin homojen dağılmasını sağlar.",neutral,,neutral,,neutral,,neutral,,neutral,,neutral,,neutral,
Hydroxyethyl Urea,hydroxyethylurea,2,0,1,0,1,0,0,Dry and dehydrated skin|Anyone,,manual_v2,0,Humectant,Nemlendirici (Hidroksiletil Üre),"Ürenin modifiye formu; klasik üreye göre daha nazik nemlendirme sağlar, tahriş riski düşüktür ve cildin doğal nem faktörünü takviye ederek uzun süreli hidrasyon sunar.",beneficial,"Ürenin modifiye formu; klasik üreye göre daha nazik nemlendirme sağlar, tahriş riski düşüktür ve cildin doğal nem faktör",neutral,,neutral,,neutral,,neutral,,neutral,,neutral,
Hydroxyethylcellulose,hydroxyethylcellulose,0,0,0,0,0,0,0,,,top1000,402,Skincare Ingredient,Kıvam Artırıcı / Stabilizatör,"hydroxyethylcellulose, formülasyona kıvam ve stabilite kazandıran polimer; ürünün dokusunu iyileştirir ve bileşenlerin homojen dağılmasını sağlar.",neutral,,neutral,,neutral,,neutral,,neutral,,neutral,,neutral,
Hydroxyethylpiperazine Ethane Sulfonic Acid,hydroxyethylpiperazineethanesulfonicacid,0,0,0,0,0,0,0,,,top1000,27,Skincare Ingredient,Cilt Bakım Bileşeni,"hydroxyethylpiperazine ethane sulfonic acid, kozmetik formülasyonlarda kullanılan yardımcı bileşen; ürünün doku, stabilite veya uygulama özelliklerine katkıda bulunur.",neutral,,neutral,,neutral,,neutral,,neutral,,neutral,,neutral,
Hydroxyisohexyl 3-Cyclohexene Carboxaldehyde,hydroxyisohexyl3cyclohexenecarboxaldehyde,0,0,0,0,-1,0,0,,Sensitive,top1000,96,Fragrance Allergen,Koku Alerjeni,"hydroxyisohexyl 3-cyclohexene carboxaldehyde, kozmetik ürünlerde koku bileşeni olarak kullanılan ve AB mevzuatına göre etiketlenmesi zorunlu olan potansiyel alerjen; hassas ciltlerde alerjik reaksiyon, kızarıklık veya kontakt dermatit riski taşır.",neutral,,neutral,,neutral,,neutral,,caution,"Hassas ciltte tahriş ve kızarıklık yapabilir, dikkatli kullanılmalı",neutral,,neutral,
Hydroxypropyl Guar,hydroxypropylguar,0,0,0,0,0,0,0,,,top1000,30,Skincare Ingredient,Kıvam Artırıcı / Stabilizatör,"hydroxypropyl guar, formülasyona kıvam ve stabilite kazandıran polimer; ürünün dokusunu iyileştirir ve bileşenlerin homojen dağılmasını sağlar.",neutral,,neutral,,neutral,,neutral,,neutral,,neutral,,neutral,
Hydroxypropyl Guar Hydroxypropyltrimonium Chloride,hydroxypropylguarhydroxypropyltrimoniumchloride,0,0,0,0,0,0,0,,,top1000,145,Skincare Ingredient,Kıvam Artırıcı / Stabilizatör,"hydroxypropyl guar hydroxypropyltrimonium chloride, formülasyona kıvam ve stabilite kazandıran polimer; ürünün dokusunu iyileştirir ve bileşenlerin homojen dağılmasını sağlar.",neutral,,neutral,,neutral,,neutral,,neutral,,neutral,,neutral,
Hydroxypropyl Methylcellulose,hydroxypropylmethylcellulose,0,0,0,0,0,0,0,,,top1000,119,Skincare Ingredient,Cilt Bakım Bileşeni,"hydroxypropyl methylcellulose, kozmetik formülasyonlarda kullanılan yardımcı bileşen; ürünün doku, stabilite veya uygulama özelliklerine katkıda bulunur.",neutral,,neutral,,neutral,,neutral,,neutral,,neutral,,neutral,
Hydroxypropyl Starch Phosphate,hydroxypropylstarchphosphate,0,0,0,0,0,0,0,,,top1000,80,Skincare Ingredient,Cilt Bakım Bileşeni,"hydroxypropyl starch phosphate, kozmetik formülasyonlarda kullanılan yardımcı bileşen; ürünün doku, stabilite veya uygulama özelliklerine katkıda bulunur.",neutral,,neutral,,neutral,,neutral,,neutral,,neutral,,neutral,
Hydroxypropyltrimonium Hyaluronate,hydroxypropyltrimoniumhyaluronate,3,0,1,1,1,2,0,Dry and dehydrated skin|Fine Lines|Anyone,,manual_v2,0,Humectant,Nemlendirici (Katyonik Hyalüronik Asit),"Pozitif yüklü hyalüronik asit türevi; negatif yüklü cilt yüzeyine güçlü şekilde bağlanarak yıkamaya karşı dayanıklı, uzun süreli nemlendirme sağlar ve ciltte koruyucu nem filmi oluşturur.",beneficial,"Pozitif yüklü hyalüronik asit türevi; negatif yüklü cilt yüzeyine güçlü şekilde bağlanarak yıkamaya karşı dayanıklı, uzu",neutral,,neutral,,neutral,,neutral,,beneficial,"Pozitif yüklü hyalüronik asit türevi; negatif yüklü cilt yüzeyine güçlü şekilde bağlanarak yıkamaya karşı dayanıklı, uzu",neutral,
Hydroxypropyltrimonium Hydrolyzed Wheat Protein,hydroxypropyltrimoniumhydrolyzedwheatprotein,1,0,0,0,0,0,0,Dry and dehydrated skin,,top1000,29,Skincare Ingredient,Amino Asit / Protein,"hydroxypropyltrimonium hydrolyzed wheat protein, cildin yapısal proteinlerini ve doğal nem faktörünü destekleyen amino asit veya protein bileşeni; nem tutmaya ve bariyer fonksiyonuna katkıda bulunur.",neutral,,neutral,,neutral,,neutral,,neutral,,neutral,,neutral,
Illite,illite,0,0,0,0,0,0,0,,,top1000,53,Skincare Ingredient,Cilt Bakım Bileşeni,"illite, kozmetik formülasyonlarda kullanılan yardımcı bileşen; ürünün doku, stabilite veya uygulama özelliklerine katkıda bulunur.",neutral,,neutral,,neutral,,neutral,,neutral,,neutral,,neutral,
Imidazolidinyl Urea,imidazolidinylurea,0,0,0,0,-1,0,-1,,Sensitive|Pregnancy,top1000,51,Preservative,Koruyucu,"imidazolidinyl urea, formülasyonu mikrobiyal kontaminasyondan koruyan koruyucu madde; ürünün güvenli raf ömrünü sağlar.",neutral,,neutral,,neutral,,neutral,,caution,"Hassas ciltte tahriş ve kızarıklık yapabilir, dikkatli kullanılmalı",neutral,,caution,"Hamilelikte kullanımı önerilmez, doktorunuza danışın"
Ingredients: Aqua,ingredientsaqua,0,0,0,0,0,0,0,,,top1000,231,Skincare Ingredient,Cilt Bakım Bileşeni,"ingredients: aqua, kozmetik formülasyonlarda kullanılan yardımcı bileşen; ürünün doku, stabilite veya uygulama özelliklerine katkıda bulunur.",neutral,,neutral,,neutral,,neutral,,neutral,,neutral,,neutral,
Inositol,inositol,0,0,0,0,0,1,0,,,manual_v2,0,Skincare Ingredient,Hücre Sinyal Molekülü,"B vitamini grubuna yakın şeker alkolü; hücre sinyal iletiminde rol oynar, cilt bariyerinin sağlığını destekler ve saç bakımında dökülmeyi azaltıcı etki gösterir.",neutral,,neutral,,neutral,,neutral,,neutral,,neutral,,neutral,
Inulin,inulin,0,0,0,0,0,0,0,,,top1000,96,Skincare Ingredient,Cilt Bakım Bileşeni,"inulin, kozmetik formülasyonlarda kullanılan yardımcı bileşen; ürünün doku, stabilite veya uygulama özelliklerine katkıda bulunur.",neutral,,neutral,,neutral,,neutral,,neutral,,neutral,,neutral,
Inulin Lauryl Carbamate,inulinlaurylcarbamate,0,0,0,0,1,0,0,Impaired skin barrier,,manual_v2,0,Prebiotic / Probiotic,Prebiyotik,"İnülin türevi prebiyotik; cildin faydalı mikrobiyomunu seçici olarak beslerken zararlı bakteri üremesini baskılar, cilt savunma sistemini güçlendirir.",neutral,,neutral,,neutral,,neutral,,neutral,,neutral,,neutral,
Iodopropynyl Butylcarbamate,iodopropynylbutylcarbamate,0,0,0,0,0,0,0,,,top1000,78,Skincare Ingredient,Cilt Bakım Bileşeni,"iodopropynyl butylcarbamate, kozmetik formülasyonlarda kullanılan yardımcı bileşen; ürünün doku, stabilite veya uygulama özelliklerine katkıda bulunur.",neutral,,neutral,,neutral,,neutral,,neutral,,neutral,,neutral,
Isoamyl Laurate,isoamyllaurate,1,0,0,0,0,0,0,Texture,,top1000,38,Emollient,Yumuşatıcı Ester,"isoamyl laurate, yağ asidi esteri; cildi yumuşatır, formülasyona hafif ve pürüzsüz bir doku kazandırır.",neutral,,neutral,,neutral,,neutral,,neutral,,neutral,,neutral,
Isobutane,isobutane,0,0,0,0,0,0,0,,,top1000,561,Skincare Ingredient,Cilt Bakım Bileşeni,"isobutane, kozmetik formülasyonlarda kullanılan yardımcı bileşen; ürünün doku, stabilite veya uygulama özelliklerine katkıda bulunur.",neutral,,neutral,,neutral,,neutral,,neutral,,neutral,,neutral,
Isoceteth-20,isoceteth20,0,0,0,0,0,0,0,,,top1000,28,Skincare Ingredient,Cilt Bakım Bileşeni,"isoceteth-20, kozmetik formülasyonlarda kullanılan yardımcı bileşen; ürünün doku, stabilite veya uygulama özelliklerine katkıda bulunur.",neutral,,neutral,,neutral,,neutral,,neutral,,neutral,,neutral,
Isocetyl Stearate,isocetylstearate,1,0,0,0,0,0,0,Texture,,manual_v2,0,Emollient,Yumuşatıcı Ester,"Hafif yumuşatıcı ester; ciltte ipeksi ve yağsız bir his bırakır, formülasyonun yayılabilirliğini artırır ve nem bariyerini destekler.",neutral,,neutral,,neutral,,neutral,,neutral,,neutral,,neutral,
Isododecane,isododecane,0,0,0,0,0,0,0,,,top1000,153,Skincare Ingredient,Cilt Bakım Bileşeni,"isododecane, kozmetik formülasyonlarda kullanılan yardımcı bileşen; ürünün doku, stabilite veya uygulama özelliklerine katkıda bulunur.",neutral,,neutral,,neutral,,neutral,,neutral,,neutral,,neutral,
Isoeugenol,isoeugenol,0,0,0,0,-1,0,0,,Sensitive,top1000,129,Fragrance Allergen,Koku Alerjeni,"isoeugenol, kozmetik ürünlerde koku bileşeni olarak kullanılan ve AB mevzuatına göre etiketlenmesi zorunlu olan potansiyel alerjen; hassas ciltlerde alerjik reaksiyon, kızarıklık veya kontakt dermatit riski taşır.",neutral,,neutral,,neutral,,neutral,,caution,"Hassas ciltte tahriş ve kızarıklık yapabilir, dikkatli kullanılmalı",neutral,,neutral,
Isoeugenyl Acetate,isoeugenylacetate,0,0,0,0,-1,0,0,,Sensitive,manual_v2,0,Fragrance Allergen,Koku Alerjeni,"Isoeugenyl Acetate, kozmetik ürünlerde koku bileşeni olarak kullanılan sentetik ester; AB mevzuatına göre etiketlenmesi zorunlu olan potansiyel alerjen, hassas ciltlerde reaksiyon riski taşır.",neutral,,neutral,,neutral,,neutral,,caution,Hassas ciltte tahriş ve kızarıklık yapabilir,neutral,,neutral,
Isohexadecane,isohexadecane,0,0,0,0,0,0,0,,,top1000,191,Skincare Ingredient,Cilt Bakım Bileşeni,"isohexadecane, kozmetik formülasyonlarda kullanılan yardımcı bileşen; ürünün doku, stabilite veya uygulama özelliklerine katkıda bulunur.",neutral,,neutral,,neutral,,neutral,,neutral,,neutral,,neutral,
Isoleucine,isoleucine,1,0,0,0,0,0,0,,,top1000,33,Skincare Ingredient,Cilt Bakım Bileşeni,"isoleucine, kozmetik formülasyonlarda kullanılan yardımcı bileşen; ürünün doku, stabilite veya uygulama özelliklerine katkıda bulunur.",neutral,,neutral,,neutral,,neutral,,neutral,,neutral,,neutral,
Isononyl Isononanoate,isononylisononanoate,0,0,0,0,0,0,0,,,top1000,63,Skincare Ingredient,Cilt Bakım Bileşeni,"isononyl isononanoate, kozmetik formülasyonlarda kullanılan yardımcı bileşen; ürünün doku, stabilite veya uygulama özelliklerine katkıda bulunur.",neutral,,neutral,,neutral,,neutral,,neutral,,neutral,,neutral,
Isopentane,isopentane,0,0,0,0,0,0,0,,,top1000,51,Skincare Ingredient,Cilt Bakım Bileşeni,"isopentane, kozmetik formülasyonlarda kullanılan yardımcı bileşen; ürünün doku, stabilite veya uygulama özelliklerine katkıda bulunur.",neutral,,neutral,,neutral,,neutral,,neutral,,neutral,,neutral,
Isopentyldiol,isopentyldiol,1,0,0,0,0,0,0,,,manual_v2,0,Humectant,Nemlendirici / Antimikrobiyal,"Çift fonksiyonlu hafif nemlendirici; cildi nemlendirir, antimikrobiyal etki gösterir ve formülasyondaki koruyucuların etkinliğini artırarak daha temiz bir formül oluşturulmasına olanak tanır.",neutral,,neutral,,neutral,,neutral,,neutral,,neutral,,neutral,
Isopropyl Alcohol,isopropylalcohol,-2,0,0,0,-2,0,0,,,top1000,423,Skincare Ingredient,Cilt Bakım Bileşeni,"isopropyl alcohol, kozmetik formülasyonlarda kullanılan yardımcı bileşen; ürünün doku, stabilite veya uygulama özelliklerine katkıda bulunur.",caution,"Kurutucu etki yapabilir, nemlendiriciyle kullanılmalı",neutral,,neutral,,neutral,,caution,Hassas ciltte tahriş ve kızarıklık yapabilir,neutral,,neutral,
Isopropyl Lauroyl Sarcosinate,isopropyllauroylsarcosinate,0,1,0,0,0,0,0,Texture,,manual_v2,0,Emollient,Yumuşatıcı / Peeling Destekçi,Amino asit türevi yumuşatıcı ester; cildi yumuşatırken aynı zamanda ölü deri hücrelerinin nazikçe dökülmesini kolaylaştırır ve cilt yenilenmesini destekler.,neutral,,neutral,,neutral,,neutral,,neutral,,neutral,,neutral,
Isopropyl Myristate,isopropylmyristate,1,-2,-1,0,0,0,0,,Oily|Combination,manual_v2,394,Emollient,Yumuşatıcı / Penetrasyon Artırıcı,"Yağ asidi esteri; cildi yumuşatır ve diğer bileşenlerin emilimini artırır, ancak komedojenik potansiyeli yüksektir ve akneye eğilimli ciltlerde gözenek tıkanmasına yol açabilir.",neutral,,caution,Gözenekleri tıkayabilir veya yağlanmayı artırabilir,caution,Karma ciltte dengesizlik yaratabilir,neutral,,neutral,,neutral,,neutral,
Isopropyl Palmitate,isopropylpalmitate,1,-2,-1,0,0,0,0,,Oily|Combination,manual_v2,488,Emollient,Yumuşatıcı,"Palmitik asit esteri; cildi yumuşatır ve formülasyona hafif bir doku kazandırır, ancak komedojenik özelliği nedeniyle yağlı ve akneye eğilimli ciltlerde dikkatli kullanılmalıdır.",neutral,,caution,Gözenekleri tıkayabilir veya yağlanmayı artırabilir,caution,Karma ciltte dengesizlik yaratabilir,neutral,,neutral,,neutral,,neutral,
Jojoba Esters,jojobaesters,0,0,0,0,0,0,0,,,top1000,94,Skincare Ingredient,Cilt Bakım Bileşeni,"jojoba esters, kozmetik formülasyonlarda kullanılan yardımcı bileşen; ürünün doku, stabilite veya uygulama özelliklerine katkıda bulunur.",neutral,,neutral,,neutral,,neutral,,neutral,,neutral,,neutral,
Jojoba Oil,jojobaoil,2,0,1,1,1,1,0,Dry and dehydrated skin|Impaired skin barrier|Anyone,,manual_v2,0,Oil / Lipid,Bitkisel Yağ (Jojoba),"İnsan sebumuna en yakın yapıdaki bitkisel vaks esteri; cildin doğal yağ dengesini bozmadan nemlendirir, gözenek tıkamaz, anti-inflamatuar etki gösterir ve tüm cilt tiplerine uygundur.",beneficial,"İnsan sebumuna en yakın yapıdaki bitkisel vaks esteri; cildin doğal yağ dengesini bozmadan nemlendirir, gözenek tıkamaz,",neutral,,neutral,,neutral,,neutral,,neutral,,neutral,
Jojoba Wax PEG-120 Esters,jojobawaxpeg120esters,1,0,0,0,0,0,0,,,manual_v2,0,Skincare Ingredient,Emülgatör (Jojoba Türevi),"Jojoba yağından elde edilen PEG modifiye emülgatör; formülasyona zengin ve kremsi doku kazandırır, cildi yumuşatır ve nem bariyerini destekler.",neutral,,neutral,,neutral,,neutral,,neutral,,neutral,,neutral,
Kaolin,kaolin,0,1,0,0,0,0,0,,,top1000,216,Mineral,Mineral,"kaolin, mineral bazlı bileşen; formülasyonun fiziksel özelliklerine katkıda bulunur veya ciltte koruyucu/düzenleyici etki gösterir.",neutral,,neutral,,neutral,,neutral,,neutral,,neutral,,neutral,
Kappaphycus Alvarezii Extract,kappaphycusalvareziiextract,2,0,0,0,0,0,0,Dry and dehydrated skin|Impaired skin barrier,,manual_v2,0,Botanical Extract,Deniz Yosunu Ekstrakt (Kırmızı Alg),"Tropik kırmızı deniz yosunundan elde edilen karagenan bakımından zengin ekstrakt; cildi yoğun nemlendirir, koruyucu film oluşturarak nem kaybını önler ve cilt bariyerini destekler.",beneficial,"Tropik kırmızı deniz yosunundan elde edilen karagenan bakımından zengin ekstrakt; cildi yoğun nemlendirir, koruyucu film",neutral,,neutral,,neutral,,neutral,,neutral,,neutral,
Khaya Senegalensis Bark Extract,khayasenegalensisbarkextract,0,0,0,0,1,1,0,Redness|Impaired skin barrier,,manual_v2,0,Botanical Extract,Bitkisel Ekstrakt (Afrika Maun Ağacı),"Afrika maun ağacının kabuğundan elde edilen ekstrakt; güçlü anti-inflamatuar ve antimikrobiyal özellikler taşır, cildi yatıştırır ve çevresel strese karşı koruma sağlar.",neutral,,neutral,,neutral,,neutral,,neutral,,neutral,,neutral,
Kojic Acid,kojicacid,0,0,0,1,-1,1,-1,Pigmentation|Radiance,Sensitive|Pregnancy,manual_v2,0,Acid,Kojik Asit,"Mantarlardan elde edilen doğal aydınlatıcı; tirozinaz enzimini inhibe ederek melanin üretimini azaltır, leke ve hiperpigmentasyon tedavisinde kullanılır ancak hassas ciltlerde tahriş yapabilir.",neutral,,neutral,,neutral,,neutral,,caution,"Hassas ciltte tahriş ve kızarıklık yapabilir, dikkatli kullanılmalı",neutral,,caution,"Hamilelikte kullanımı önerilmez, doktorunuza danışın"
Kommer Senere,kommersenere,0,0,0,0,0,0,0,,,top1000,57,Skincare Ingredient,Cilt Bakım Bileşeni,"kommer senere, kozmetik formülasyonlarda kullanılan yardımcı bileşen; ürünün doku, stabilite veya uygulama özelliklerine katkıda bulunur.",neutral,,neutral,,neutral,,neutral,,neutral,,neutral,,neutral,
Lactic Acid,lacticacid,2,3,2,1,-1,2,-1,Dry and dehydrated skin|Texture|Radiance|Fine Lines,Sensitive|Pregnancy,manual_v2,946,Exfoliant (AHA),Peeling Asidi (AHA),"Sütten elde edilen nazik alfa hidroksi asit; glycolic aside göre daha büyük molekülü sayesinde daha yüzeysel ve yumuşak peeling yapar, aynı zamanda nemlendirici özellik taşır.",beneficial,Sütten elde edilen nazik alfa hidroksi asit; glycolic aside göre daha büyük molekülü sayesinde daha yüzeysel ve yumuşak ,beneficial,Sütten elde edilen nazik alfa hidroksi asit; glycolic aside göre daha büyük molekülü sayesinde daha yüzeysel ve yumuşak ,beneficial,Sütten elde edilen nazik alfa hidroksi asit; glycolic aside göre daha büyük molekülü sayesinde daha yüzeysel ve yumuşak ,neutral,,caution,"Hassas ciltte tahriş ve kızarıklık yapabilir, dikkatli kullanılmalı",beneficial,Sütten elde edilen nazik alfa hidroksi asit; glycolic aside göre daha büyük molekülü sayesinde daha yüzeysel ve yumuşak ,caution,"Hamilelikte kullanımı önerilmez, doktorunuza danışın"
Lactobacillus Ferment,lactobacillusferment,0,0,0,1,1,0,0,,,top1000,45,Skincare Ingredient,Cilt Bakım Bileşeni,"lactobacillus ferment, kozmetik formülasyonlarda kullanılan yardımcı bileşen; ürünün doku, stabilite veya uygulama özelliklerine katkıda bulunur.",neutral,,neutral,,neutral,,neutral,,neutral,,neutral,,neutral,
Lactobacillus Ferment Lysate,lactobacillusfermentlysate,1,0,0,1,2,1,0,Impaired skin barrier|Redness|Anyone,,manual_v2,0,Prebiotic / Probiotic,Probiyotik Lizat (Lactobacillus),"Lactobacillus bakterisinin fermantasyon ürünü; cilt mikrobiyomunu dengeler, bariyer fonksiyonunu güçlendirir ve cildin doğal savunma peptitlerinin üretimini destekler.",neutral,,neutral,,neutral,,neutral,,beneficial,"Lactobacillus bakterisinin fermantasyon ürünü; cilt mikrobiyomunu dengeler, bariyer fonksiyonunu güçlendirir ve cildin d",neutral,,neutral,
Lactobionic Acid,lactobionicacid,1,1,1,1,2,2,0,Texture|Fine Lines|Redness|Anyone,,manual_v2,0,Exfoliant (PHA),Peeling Asidi (PHA - Biyonik),"En nazik peeling asitlerinden biri olan biyonik polihidroksi asit; AHA'lardan 10 kat daha büyük molekülü sayesinde cildi tahriş etmeden yüzeysel yenilenme sağlar, güçlü antioksidan ve nemlendirici özellik taşır, rozasea ve hassas ciltler için idealdir.",neutral,,neutral,,neutral,,neutral,,beneficial,En nazik peeling asitlerinden biri olan biyonik polihidroksi asit; AHA'lardan 10 kat daha büyük molekülü sayesinde cildi,beneficial,En nazik peeling asitlerinden biri olan biyonik polihidroksi asit; AHA'lardan 10 kat daha büyük molekülü sayesinde cildi,neutral,
Lactose,lactose,0,0,0,0,0,0,0,,,top1000,58,Skincare Ingredient,Cilt Bakım Bileşeni,"lactose, kozmetik formülasyonlarda kullanılan yardımcı bileşen; ürünün doku, stabilite veya uygulama özelliklerine katkıda bulunur.",neutral,,neutral,,neutral,,neutral,,neutral,,neutral,,neutral,
Laminaria Ochroleuca Extract,laminariaochroleucaextract,1,0,0,1,1,2,0,Fine Lines|Radiance|Impaired skin barrier,,manual_v2,0,Botanical Extract,Deniz Yosunu Ekstrakt,"Kahverengi deniz yosunundan elde edilen ekstrakt; cildin doğal savunma mekanizmasını güçlendirir, UV ve kirlilik kaynaklı oksidatif strese karşı koruma sağlar ve cilt bariyerini destekler.",neutral,,neutral,,neutral,,neutral,,neutral,,beneficial,"Kahverengi deniz yosunundan elde edilen ekstrakt; cildin doğal savunma mekanizmasını güçlendirir, UV ve kirlilik kaynakl",neutral,
Lanolin,lanolin,0,0,0,0,0,0,0,,,top1000,113,Skincare Ingredient,Cilt Bakım Bileşeni,"lanolin, kozmetik formülasyonlarda kullanılan yardımcı bileşen; ürünün doku, stabilite veya uygulama özelliklerine katkıda bulunur.",neutral,,neutral,,neutral,,neutral,,neutral,,neutral,,neutral,
Lanolin Alcohol,lanolinalcohol,0,0,0,0,0,0,0,,,top1000,41,Skincare Ingredient,Cilt Bakım Bileşeni,"lanolin alcohol, kozmetik formülasyonlarda kullanılan yardımcı bileşen; ürünün doku, stabilite veya uygulama özelliklerine katkıda bulunur.",neutral,,neutral,,neutral,,neutral,,neutral,,neutral,,neutral,
Lanolin Oil,lanolinoil,0,0,0,0,0,0,0,,,top1000,30,Skincare Ingredient,Cilt Bakım Bileşeni,"lanolin oil, kozmetik formülasyonlarda kullanılan yardımcı bileşen; ürünün doku, stabilite veya uygulama özelliklerine katkıda bulunur.",neutral,,neutral,,neutral,,neutral,,neutral,,neutral,,neutral,
Laureth-10,laureth10,0,0,0,0,0,0,0,Anyone,,top1000,31,Surfactant,Yüzey Aktif Madde (Nazik),"laureth-10, nazik temizleyici yüzey aktif madde; cildi fazla kurutmadan etkili temizlik sağlar ve hassas cilt formülasyonlarında tercih edilir.",neutral,,neutral,,neutral,,neutral,,neutral,,neutral,,neutral,
Laureth-12,laureth12,0,0,0,0,0,0,0,Anyone,,top1000,41,Surfactant,Yüzey Aktif Madde (Nazik),"laureth-12, nazik temizleyici yüzey aktif madde; cildi fazla kurutmadan etkili temizlik sağlar ve hassas cilt formülasyonlarında tercih edilir.",neutral,,neutral,,neutral,,neutral,,neutral,,neutral,,neutral,
Laureth-2,laureth2,0,0,0,0,0,0,0,Anyone,,top1000,139,Surfactant,Yüzey Aktif Madde (Nazik),"laureth-2, nazik temizleyici yüzey aktif madde; cildi fazla kurutmadan etkili temizlik sağlar ve hassas cilt formülasyonlarında tercih edilir.",neutral,,neutral,,neutral,,neutral,,neutral,,neutral,,neutral,
Laureth-23,laureth23,0,0,0,0,0,0,0,Anyone,,top1000,100,Surfactant,Yüzey Aktif Madde (Nazik),"laureth-23, nazik temizleyici yüzey aktif madde; cildi fazla kurutmadan etkili temizlik sağlar ve hassas cilt formülasyonlarında tercih edilir.",neutral,,neutral,,neutral,,neutral,,neutral,,neutral,,neutral,
Laureth-3,laureth3,0,0,0,0,0,0,0,Anyone,,top1000,49,Surfactant,Yüzey Aktif Madde (Nazik),"laureth-3, nazik temizleyici yüzey aktif madde; cildi fazla kurutmadan etkili temizlik sağlar ve hassas cilt formülasyonlarında tercih edilir.",neutral,,neutral,,neutral,,neutral,,neutral,,neutral,,neutral,
Laureth-4,laureth4,0,0,0,0,0,0,0,Anyone,,top1000,306,Surfactant,Yüzey Aktif Madde (Nazik),"laureth-4, nazik temizleyici yüzey aktif madde; cildi fazla kurutmadan etkili temizlik sağlar ve hassas cilt formülasyonlarında tercih edilir.",neutral,,neutral,,neutral,,neutral,,neutral,,neutral,,neutral,
Laureth-7,laureth7,0,0,0,0,0,0,0,Anyone,,top1000,98,Surfactant,Yüzey Aktif Madde (Nazik),"laureth-7, nazik temizleyici yüzey aktif madde; cildi fazla kurutmadan etkili temizlik sağlar ve hassas cilt formülasyonlarında tercih edilir.",neutral,,neutral,,neutral,,neutral,,neutral,,neutral,,neutral,
Lauric Acid,lauricacid,1,0,0,0,0,0,0,,,top1000,240,Oil / Lipid,Yağ Asidi,"lauric acid, doğal yağ asidi; cildin lipid bariyerini destekler, yumuşatıcı etki gösterir ve formülasyonun kıvamına katkıda bulunur.",neutral,,neutral,,neutral,,neutral,,neutral,,neutral,,neutral,
Lauroyl Lysine,lauroyllysine,1,0,0,0,0,0,0,Dry and dehydrated skin,,top1000,41,Skincare Ingredient,Amino Asit / Protein,"lauroyl lysine, cildin yapısal proteinlerini ve doğal nem faktörünü destekleyen amino asit veya protein bileşeni; nem tutmaya ve bariyer fonksiyonuna katkıda bulunur.",neutral,,neutral,,neutral,,neutral,,neutral,,neutral,,neutral,
Lauryl Alcohol,laurylalcohol,0,0,0,0,0,0,0,,,top1000,77,Skincare Ingredient,Cilt Bakım Bileşeni,"lauryl alcohol, kozmetik formülasyonlarda kullanılan yardımcı bileşen; ürünün doku, stabilite veya uygulama özelliklerine katkıda bulunur.",neutral,,neutral,,neutral,,neutral,,neutral,,neutral,,neutral,
Lauryl Betaine,laurylbetaine,2,0,0,0,0,0,0,Dry and dehydrated skin,,top1000,28,Humectant,Nemlendirici,"lauryl betaine, nemlendirici özellikli bileşen; ciltte nem tutarak hidrasyonu artırır ve kuruluğa bağlı gerginlik hissini azaltır.",beneficial,"lauryl betaine, nemlendirici özellikli bileşen; ciltte nem tutarak hidrasyonu artırır ve kuruluğa bağlı gerginlik hissin",neutral,,neutral,,neutral,,neutral,,neutral,,neutral,
Lauryl Glucoside,laurylglucoside,1,0,0,0,0,0,0,Anyone,,top1000,401,Surfactant,Yüzey Aktif Madde (Nazik),"lauryl glucoside, nazik temizleyici yüzey aktif madde; cildi fazla kurutmadan etkili temizlik sağlar ve hassas cilt formülasyonlarında tercih edilir.",neutral,,neutral,,neutral,,neutral,,neutral,,neutral,,neutral,
Lavandula Angustifolia (Lavender) Oil,lavandulaangustifolialavenderoil,1,0,0,0,0,0,0,,,top1000,54,Botanical Extract,Bitkisel Ekstrakt,"lavandula angustifolia (lavender) oil, bitkisel kaynaklı aktif ekstrakt; antioksidan, yatıştırıcı veya besleyici özellikler taşıyabilir ve formülasyona doğal etkinlik katar.",neutral,,neutral,,neutral,,neutral,,neutral,,neutral,,neutral,
Lavandula Angustifolia Oil,lavandulaangustifoliaoil,1,0,0,0,0,0,0,,,top1000,36,Botanical Extract,Bitkisel Ekstrakt,"lavandula angustifolia oil, bitkisel kaynaklı aktif ekstrakt; antioksidan, yatıştırıcı veya besleyici özellikler taşıyabilir ve formülasyona doğal etkinlik katar.",neutral,,neutral,,neutral,,neutral,,neutral,,neutral,,neutral,
Lavandula Hybrida Oil,lavandulahybridaoil,1,0,0,0,0,0,0,,,top1000,33,Botanical Extract,Bitkisel Ekstrakt,"lavandula hybrida oil, bitkisel kaynaklı aktif ekstrakt; antioksidan, yatıştırıcı veya besleyici özellikler taşıyabilir ve formülasyona doğal etkinlik katar.",neutral,,neutral,,neutral,,neutral,,neutral,,neutral,,neutral,
Lecithin,lecithin,0,0,0,0,0,0,0,,,top1000,399,Skincare Ingredient,Emülgatör,"lecithin, yağ ve su fazlarını stabil bir şekilde bir arada tutan emülgatör; formülasyonun homojen yapısını korur ve kremsi doku oluşturur.",neutral,,neutral,,neutral,,neutral,,neutral,,neutral,,neutral,
Ledum Groenlandicum Extract,ledumgroenlandicumextract,0,0,0,1,0,1,0,Pigmentation|Radiance,,manual_v2,0,Botanical Extract,Bitkisel Ekstrakt (Grönland Çayı),"Grönland çayı bitkisinden elde edilen nadir ekstrakt; güçlü aydınlatıcı ve leke giderici özellikler taşır, melanin üretimini düzenleyerek cilt tonunu eşitler ve leke görünümünü azaltır.",neutral,,neutral,,neutral,,neutral,,neutral,,neutral,,neutral,
Lepidium Sativum Sprout Extract,lepidiumsativumsproutextract,0,0,0,0,0,3,0,Fine Lines|Wrinkles|Elasticity,,manual_v2,0,Botanical Extract,Bitkisel Ekstrakt (Tere Filizi),Tere bitkisi filizlerinden elde edilen biyoaktif ekstrakt; glikasyon (şekerin kolajen liflerine bağlanması) sürecini engelleyerek kolajen esnekliğini korur ve yaşlanma belirtilerini geciktirir.,neutral,,neutral,,neutral,,neutral,,neutral,,beneficial,Tere bitkisi filizlerinden elde edilen biyoaktif ekstrakt; glikasyon (şekerin kolajen liflerine bağlanması) sürecini eng,neutral,
Leuconostoc/Radish Root Ferment Filtrate,leuconostocradishrootfermentfiltrate,1,0,0,0,0,0,0,,,top1000,87,Botanical Extract,Bitkisel Ekstrakt,"leuconostoc/radish root ferment filtrate, bitkisel kaynaklı aktif ekstrakt; antioksidan, yatıştırıcı veya besleyici özellikler taşıyabilir ve formülasyona doğal etkinlik katar.",neutral,,neutral,,neutral,,neutral,,neutral,,neutral,,neutral,
Levulinic Acid,levulinicacid,0,0,0,0,0,0,0,,,top1000,175,Skincare Ingredient,Cilt Bakım Bileşeni,"levulinic acid, kozmetik formülasyonlarda kullanılan yardımcı bileşen; ürünün doku, stabilite veya uygulama özelliklerine katkıda bulunur.",neutral,,neutral,,neutral,,neutral,,neutral,,neutral,,neutral,
Licorice Root Extract,licoricerootextract,0,0,0,1,2,1,0,Pigmentation|Redness|Radiance,,manual_v2,0,Botanical Extract,Bitkisel Ekstrakt (Meyan Kökü),"Glabridin ve likiritin bileşenleriyle melanin üretimini düzenleyen güçlü aydınlatıcı; hiperpigmentasyonu azaltır, cildi yatıştırır ve anti-inflamatuar etki gösterir.",neutral,,neutral,,neutral,,neutral,,beneficial,"Glabridin ve likiritin bileşenleriyle melanin üretimini düzenleyen güçlü aydınlatıcı; hiperpigmentasyonu azaltır, cildi ",neutral,,neutral,
Limonene,limonene,0,0,0,0,-1,0,0,,Sensitive,top1000,4148,Fragrance Allergen,Koku Alerjeni,"limonene, kozmetik ürünlerde koku bileşeni olarak kullanılan ve AB mevzuatına göre etiketlenmesi zorunlu olan potansiyel alerjen; hassas ciltlerde alerjik reaksiyon, kızarıklık veya kontakt dermatit riski taşır.",neutral,,neutral,,neutral,,neutral,,caution,"Hassas ciltte tahriş ve kızarıklık yapabilir, dikkatli kullanılmalı",neutral,,neutral,
Linalool,linalool,0,0,0,0,-1,0,0,,Sensitive,top1000,3736,Fragrance Allergen,Koku Alerjeni,"linalool, kozmetik ürünlerde koku bileşeni olarak kullanılan ve AB mevzuatına göre etiketlenmesi zorunlu olan potansiyel alerjen; hassas ciltlerde alerjik reaksiyon, kızarıklık veya kontakt dermatit riski taşır.",neutral,,neutral,,neutral,,neutral,,caution,"Hassas ciltte tahriş ve kızarıklık yapabilir, dikkatli kullanılmalı",neutral,,neutral,
Linalyl Acetate,linalylacetate,0,0,0,0,0,0,0,,,top1000,112,Skincare Ingredient,Cilt Bakım Bileşeni,"linalyl acetate, kozmetik formülasyonlarda kullanılan yardımcı bileşen; ürünün doku, stabilite veya uygulama özelliklerine katkıda bulunur.",neutral,,neutral,,neutral,,neutral,,neutral,,neutral,,neutral,
Linoleic Acid,linoleicacid,1,0,0,0,0,0,0,,,top1000,36,Oil / Lipid,Yağ Asidi,"linoleic acid, doğal yağ asidi; cildin lipid bariyerini destekler, yumuşatıcı etki gösterir ve formülasyonun kıvamına katkıda bulunur.",neutral,,neutral,,neutral,,neutral,,neutral,,neutral,,neutral,
Linolenic Acid,linolenicacid,2,0,0,1,1,1,0,Dry and dehydrated skin|Impaired skin barrier|Redness,,manual_v2,0,Oil / Lipid,Esansiyel Yağ Asidi (Omega-3),"Omega-3 grubuna ait esansiyel yağ asidi; cildin kendi üretemediği bu yağ asidi bariyer onarımında kritik rol oynar, anti-inflamatuar etki gösterir ve cildin nem dengesini korumaya yardımcı olur.",beneficial,"Omega-3 grubuna ait esansiyel yağ asidi; cildin kendi üretemediği bu yağ asidi bariyer onarımında kritik rol oynar, anti",neutral,,neutral,,neutral,,neutral,,neutral,,neutral,
Lysine,lysine,1,0,0,0,0,1,0,Fine Lines|Impaired skin barrier,,manual_v2,0,Skincare Ingredient,Amino Asit (Lizin),"Vücudun kendi üretemediği esansiyel amino asit; kolajen sentezinin temel yapı taşlarından biri olup cildin yapısal sağlamlığını destekler, yara iyileşmesini hızlandırır ve doğal nem faktörüne (NMF) katkıda bulunur.",neutral,,neutral,,neutral,,neutral,,neutral,,neutral,,neutral,
Lysine HCL,lysinehcl,1,0,0,0,0,1,0,Fine Lines,,manual_v2,0,Skincare Ingredient,Amino Asit (Lizin),"Esansiyel amino asit lizinin hidroklorür tuzu; kolajen sentezinde kritik rol oynar, cildin yapısal bütünlüğünü destekler ve doğal nem faktörüne (NMF) katkıda bulunur.",neutral,,neutral,,neutral,,neutral,,neutral,,neutral,,neutral,
Lysolecithin,lysolecithin,0,0,0,0,0,0,0,,,manual_v2,0,Skincare Ingredient,Emülgatör / Penetrasyon Artırıcı,Lesitinin hidrolize formu; aktif bileşenlerin cilt hücrelerine daha etkili penetrasyonunu sağlar ve lipozom oluşumunda kullanılır.,neutral,,neutral,,neutral,,neutral,,neutral,,neutral,,neutral,
M-Aminophenol,maminophenol,0,0,0,0,0,0,0,,,top1000,62,Skincare Ingredient,Cilt Bakım Bileşeni,"m-aminophenol, kozmetik formülasyonlarda kullanılan yardımcı bileşen; ürünün doku, stabilite veya uygulama özelliklerine katkıda bulunur.",neutral,,neutral,,neutral,,neutral,,neutral,,neutral,,neutral,
Macadamia Ternifolia Seed Oil,macadamiaternifoliaseedoil,2,-1,0,1,0,1,0,Dry and dehydrated skin,Oily,top1000,85,Oil / Lipid,Bitkisel Yağ,"macadamia ternifolia seed oil, esansiyel yağ asitleri ve vitaminler bakımından zengin bitkisel yağ; cildi besler, nem bariyerini güçlendirir ve yumuşatıcı etki sağlar.",beneficial,"macadamia ternifolia seed oil, esansiyel yağ asitleri ve vitaminler bakımından zengin bitkisel yağ; cildi besler, nem ba",caution,Gözenekleri tıkayabilir veya yağlanmayı artırabilir,neutral,,neutral,,neutral,,neutral,,neutral,
Madecassoside,madecassoside,1,0,1,1,3,2,0,Redness|Impaired skin barrier|Fine Lines|Acne,,manual_v2,0,Skincare Ingredient,Aktif Bileşen (Centella Türevi),"Centella asiatica'nın en etkili aktif bileşenlerinden biri; cildin kollajen sentezini uyarır, yara iyileşmesini hızlandırır, anti-inflamatuar etki gösterir ve hassas cilt bariyerini güçlendirir.",neutral,,neutral,,neutral,,neutral,,beneficial,"Centella asiatica'nın en etkili aktif bileşenlerinden biri; cildin kollajen sentezini uyarır, yara iyileşmesini hızlandı",beneficial,"Centella asiatica'nın en etkili aktif bileşenlerinden biri; cildin kollajen sentezini uyarır, yara iyileşmesini hızlandı",neutral,
Magnesium Aluminum Silicate,magnesiumaluminumsilicate,0,1,0,0,0,0,0,,,top1000,112,Mineral,Mineral,"magnesium aluminum silicate, mineral bazlı bileşen; formülasyonun fiziksel özelliklerine katkıda bulunur veya ciltte koruyucu/düzenleyici etki gösterir.",neutral,,neutral,,neutral,,neutral,,neutral,,neutral,,neutral,
Magnesium Ascorbyl Phosphate,magnesiumascorbylphosphate,1,1,1,1,1,2,0,Pigmentation|Radiance|Fine Lines|Anyone,,manual_v2,0,Vitamin C,C Vitamini (MAP - Stabil Form),"C vitamininin suda çözünür ve stabil magnezyum fosfat esteri; hassas ciltlerde bile tahriş yapmadan aydınlatma, antioksidan koruma ve kolajen sentezi desteği sağlar.",neutral,,neutral,,neutral,,neutral,,neutral,,beneficial,"C vitamininin suda çözünür ve stabil magnezyum fosfat esteri; hassas ciltlerde bile tahriş yapmadan aydınlatma, antioksi",neutral,
Magnesium Carbonate Hydroxide,magnesiumcarbonatehydroxide,1,0,0,0,0,0,0,,,top1000,79,Mineral,Mineral,"magnesium carbonate hydroxide, mineral bazlı bileşen; formülasyonun fiziksel özelliklerine katkıda bulunur veya ciltte koruyucu/düzenleyici etki gösterir.",neutral,,neutral,,neutral,,neutral,,neutral,,neutral,,neutral,
Magnesium Chloride,magnesiumchloride,0,0,0,0,0,0,0,,,top1000,278,Mineral,Mineral,"magnesium chloride, mineral bazlı bileşen; formülasyonun fiziksel özelliklerine katkıda bulunur veya ciltte koruyucu/düzenleyici etki gösterir.",neutral,,neutral,,neutral,,neutral,,neutral,,neutral,,neutral,
Magnesium Hydroxide,magnesiumhydroxide,0,0,0,0,0,0,0,,,top1000,41,Mineral,Mineral,"magnesium hydroxide, mineral bazlı bileşen; formülasyonun fiziksel özelliklerine katkıda bulunur veya ciltte koruyucu/düzenleyici etki gösterir.",neutral,,neutral,,neutral,,neutral,,neutral,,neutral,,neutral,
Magnesium Nitrate,magnesiumnitrate,0,0,0,0,0,0,0,,,top1000,266,Mineral,Mineral,"magnesium nitrate, mineral bazlı bileşen; formülasyonun fiziksel özelliklerine katkıda bulunur veya ciltte koruyucu/düzenleyici etki gösterir.",neutral,,neutral,,neutral,,neutral,,neutral,,neutral,,neutral,
Magnesium Silicate,magnesiumsilicate,0,1,0,0,0,0,0,,,top1000,30,Mineral,Mineral,"magnesium silicate, mineral bazlı bileşen; formülasyonun fiziksel özelliklerine katkıda bulunur veya ciltte koruyucu/düzenleyici etki gösterir.",neutral,,neutral,,neutral,,neutral,,neutral,,neutral,,neutral,
Magnesium Stearate,magnesiumstearate,1,0,0,0,0,0,0,Texture,,top1000,117,Emollient,Yumuşatıcı Ester,"magnesium stearate, yağ asidi esteri; cildi yumuşatır, formülasyona hafif ve pürüzsüz bir doku kazandırır.",neutral,,neutral,,neutral,,neutral,,neutral,,neutral,,neutral,
Magnesium Sulfate,magnesiumsulfate,0,0,0,0,0,0,0,,,top1000,213,Mineral,Mineral,"magnesium sulfate, mineral bazlı bileşen; formülasyonun fiziksel özelliklerine katkıda bulunur veya ciltte koruyucu/düzenleyici etki gösterir.",neutral,,neutral,,neutral,,neutral,,neutral,,neutral,,neutral,
Malic Acid,malicacid,0,0,0,0,0,0,0,,,top1000,31,Skincare Ingredient,Cilt Bakım Bileşeni,"malic acid, kozmetik formülasyonlarda kullanılan yardımcı bileşen; ürünün doku, stabilite veya uygulama özelliklerine katkıda bulunur.",neutral,,neutral,,neutral,,neutral,,neutral,,neutral,,neutral,
Maltodextrin,maltodextrin,0,0,0,0,0,0,0,,,top1000,324,Skincare Ingredient,Cilt Bakım Bileşeni,"maltodextrin, kozmetik formülasyonlarda kullanılan yardımcı bileşen; ürünün doku, stabilite veya uygulama özelliklerine katkıda bulunur.",neutral,,neutral,,neutral,,neutral,,neutral,,neutral,,neutral,
Maltooligosyl Glucoside,maltooligosylglucoside,1,0,0,0,1,0,0,Impaired skin barrier|Anyone,,manual_v2,0,Humectant,Nemlendirici / Prebiyotik,"Maltoz ve glikozdan oluşan oligosakkarit; cildin faydalı mikrobiyomunu besleyen prebiyotik özellik taşır, hafif nemlendirme sağlar ve bariyer fonksiyonunu destekler.",neutral,,neutral,,neutral,,neutral,,neutral,,neutral,,neutral,
Maltose,maltose,1,0,0,0,0,0,0,,,manual_v2,0,Humectant,Nemlendirici (Malt Şekeri),Doğal disakkarit; hafif nemlendirici olarak cildin yüzeyinde su moleküllerini tutarak hidrasyonu destekler ve formülasyona hoş bir doku katar.,neutral,,neutral,,neutral,,neutral,,neutral,,neutral,,neutral,
Mandelic Acid,mandelicacid,0,3,2,1,0,2,-1,Acne|Pigmentation|Texture,Pregnancy,manual_v2,0,Exfoliant (AHA),Peeling Asidi (AHA),"Bademden elde edilen büyük moleküllü alfa hidroksi asit; tüm AHA'lar arasında en nazik olanıdır, yavaş penetrasyonu sayesinde hassas ve koyu cilt tonlarında bile güvenle kullanılabilir.",neutral,,beneficial,"Bademden elde edilen büyük moleküllü alfa hidroksi asit; tüm AHA'lar arasında en nazik olanıdır, yavaş penetrasyonu saye",beneficial,"Bademden elde edilen büyük moleküllü alfa hidroksi asit; tüm AHA'lar arasında en nazik olanıdır, yavaş penetrasyonu saye",neutral,,neutral,,beneficial,"Bademden elde edilen büyük moleküllü alfa hidroksi asit; tüm AHA'lar arasında en nazik olanıdır, yavaş penetrasyonu saye",caution,"Hamilelikte kullanımı önerilmez, doktorunuza danışın"
Manganese Gluconate,manganesegluconate,0,0,0,0,0,1,0,,,manual_v2,0,Mineral,Mineral (Manganez),Manganez iz elementi; cildin antioksidan savunma enzimlerinin (SOD) aktivasyonunu destekler ve hücrelerin enerji metabolizmasına katkıda bulunur.,neutral,,neutral,,neutral,,neutral,,neutral,,neutral,,neutral,
Mangifera Indica Seed Butter,mangiferaindicaseedbutter,2,0,0,0,1,1,0,,,top1000,27,Skincare Ingredient,Cilt Bakım Bileşeni,"mangifera indica seed butter, kozmetik formülasyonlarda kullanılan yardımcı bileşen; ürünün doku, stabilite veya uygulama özelliklerine katkıda bulunur.",beneficial,Kuru cilt için faydalı bileşen,neutral,,neutral,,neutral,,neutral,,neutral,,neutral,
Mannitol,mannitol,1,0,0,0,0,0,0,Anyone,,manual_v2,77,Humectant,Nemlendirici / Antioksidan,Şeker alkolü türevi; hafif nemlendirici özelliğinin yanı sıra antioksidan etki göstererek cildi çevresel strese karşı korur.,neutral,,neutral,,neutral,,neutral,,neutral,,neutral,,neutral,
Mannose,mannose,1,0,0,0,0,0,0,,,manual_v2,0,Humectant,Nemlendirici (Mannoz Şekeri),"Doğal monosakkarit; cildin yüzeyinde nem tutar, hücre iletişimini destekler ve cildin doğal savunma mekanizmasının güçlenmesine yardımcı olur.",neutral,,neutral,,neutral,,neutral,,neutral,,neutral,,neutral,
Maris Aqua/Sea Water,marisaquaseawater,0,0,0,0,0,0,0,Radiance|Anyone,,manual_v2,0,Skincare Ingredient,Deniz Suyu,"Doğal deniz suyu; magnezyum, kalsiyum, potasyum ve çinko gibi iz mineraller bakımından zengin olup cildi mineralize eder, mikro dolaşımı artırır ve cildin doğal savunma mekanizmasını destekler.",neutral,,neutral,,neutral,,neutral,,neutral,,neutral,,neutral,
Maris Limus Extract,marislimusextract,1,0,0,0,0,0,0,,,top1000,27,Botanical Extract,Bitkisel Ekstrakt,"maris limus extract, bitkisel kaynaklı aktif ekstrakt; antioksidan, yatıştırıcı veya besleyici özellikler taşıyabilir ve formülasyona doğal etkinlik katar.",neutral,,neutral,,neutral,,neutral,,neutral,,neutral,,neutral,
Maris Sal,marissal,0,0,0,0,0,0,0,,,top1000,133,Skincare Ingredient,Cilt Bakım Bileşeni,"maris sal, kozmetik formülasyonlarda kullanılan yardımcı bileşen; ürünün doku, stabilite veya uygulama özelliklerine katkıda bulunur.",neutral,,neutral,,neutral,,neutral,,neutral,,neutral,,neutral,
Mel,mel,2,0,0,0,0,0,0,Dry and dehydrated skin,,top1000,38,Humectant,Nemlendirici,"mel, nemlendirici özellikli bileşen; ciltte nem tutarak hidrasyonu artırır ve kuruluğa bağlı gerginlik hissini azaltır.",beneficial,"mel, nemlendirici özellikli bileşen; ciltte nem tutarak hidrasyonu artırır ve kuruluğa bağlı gerginlik hissini azaltır.",neutral,,neutral,,neutral,,neutral,,neutral,,neutral,
Mel / Honey,melhoney,2,0,0,0,0,0,0,Dry and dehydrated skin,,top1000,29,Humectant,Nemlendirici,"mel / honey, nemlendirici özellikli bileşen; ciltte nem tutarak hidrasyonu artırır ve kuruluğa bağlı gerginlik hissini azaltır.",beneficial,"mel / honey, nemlendirici özellikli bileşen; ciltte nem tutarak hidrasyonu artırır ve kuruluğa bağlı gerginlik hissini a",neutral,,neutral,,neutral,,neutral,,neutral,,neutral,
Mel Extract,melextract,1,0,0,0,0,0,0,,,top1000,38,Botanical Extract,Bitkisel Ekstrakt,"mel extract, bitkisel kaynaklı aktif ekstrakt; antioksidan, yatıştırıcı veya besleyici özellikler taşıyabilir ve formülasyona doğal etkinlik katar.",neutral,,neutral,,neutral,,neutral,,neutral,,neutral,,neutral,
Melaleuca Alternifolia (Tea Tree) Leaf Oil,melaleucaalternifoliateatreeleafoil,2,0,0,0,0,0,0,Dry and dehydrated skin,,top1000,52,Humectant,Nemlendirici,"melaleuca alternifolia (tea tree) leaf oil, nemlendirici özellikli bileşen; ciltte nem tutarak hidrasyonu artırır ve kuruluğa bağlı gerginlik hissini azaltır.",beneficial,"melaleuca alternifolia (tea tree) leaf oil, nemlendirici özellikli bileşen; ciltte nem tutarak hidrasyonu artırır ve kur",neutral,,neutral,,neutral,,neutral,,neutral,,neutral,
Melaleuca Alternifolia Leaf Extract,melaleucaalternifolialeafextract,-1,3,2,0,-1,0,0,Acne|Blackheads,Sensitive|Dry Dehydrated,manual_v2,0,Botanical Extract,Bitkisel Ekstrakt (Çay Ağacı),"Çay ağacı yaprağından elde edilen INCI adıyla kayıtlı ekstrakt; terpinen-4-ol bileşeniyle güçlü antiseptik ve anti-inflamatuar etki gösterir, akne bakterilerini öldürür ancak konsantre halde hassas cildi tahriş edebilir.",caution,Kurutucu etki yapabilir,beneficial,Çay ağacı yaprağından elde edilen INCI adıyla kayıtlı ekstrakt; terpinen-4-ol bileşeniyle güçlü antiseptik ve anti-infla,beneficial,Çay ağacı yaprağından elde edilen INCI adıyla kayıtlı ekstrakt; terpinen-4-ol bileşeniyle güçlü antiseptik ve anti-infla,neutral,,caution,Hassas ciltte tahriş yapabilir,neutral,,neutral,
Melaleuca Alternifolia Leaf Oil,melaleucaalternifolialeafoil,2,0,0,0,0,0,0,Dry and dehydrated skin,,top1000,35,Humectant,Nemlendirici,"melaleuca alternifolia leaf oil, nemlendirici özellikli bileşen; ciltte nem tutarak hidrasyonu artırır ve kuruluğa bağlı gerginlik hissini azaltır.",beneficial,"melaleuca alternifolia leaf oil, nemlendirici özellikli bileşen; ciltte nem tutarak hidrasyonu artırır ve kuruluğa bağlı",neutral,,neutral,,neutral,,neutral,,neutral,,neutral,
Melissa Officinalis Leaf Extract,melissaofficinalisleafextract,1,0,0,0,0,0,0,,,top1000,28,Botanical Extract,Bitkisel Ekstrakt,"melissa officinalis leaf extract, bitkisel kaynaklı aktif ekstrakt; antioksidan, yatıştırıcı veya besleyici özellikler taşıyabilir ve formülasyona doğal etkinlik katar.",neutral,,neutral,,neutral,,neutral,,neutral,,neutral,,neutral,
Melissa Officinalis Leaf Oil,melissaofficinalisleafoil,0,0,0,0,-1,0,0,,Sensitive,manual_v2,0,Botanical Extract,Uçucu Yağ (Melisa),Melisa yapraklarından damıtılan uçucu yağ; yatıştırıcı ve antiviral özellikler taşır ancak konsantre halde hassas ciltlerde tahriş potansiyeli vardır.,neutral,,neutral,,neutral,,neutral,,caution,Hassas ciltte tahriş ve kızarıklık yapabilir,neutral,,neutral,
Mentha Arvensis Leaf Oil,menthaarvensisleafoil,0,0,0,0,-2,0,-1,,Sensitive|Pregnancy,top1000,52,Botanical Extract,Uçucu Yağ,"mentha arvensis leaf oil, bitkiden damıtılarak elde edilen konsantre uçucu yağ; aromatik ve antimikrobiyal özellikler taşır ancak hassas ciltlerde tahriş ve alerjik reaksiyon riski yüksektir.",neutral,,neutral,,neutral,,neutral,,caution,"Hassas ciltte tahriş ve kızarıklık yapabilir, dikkatli kullanılmalı",neutral,,caution,"Hamilelikte kullanımı önerilmez, doktorunuza danışın"
Mentha Piperita (Peppermint) Leaf Water,menthapiperitapeppermintleafwater,0,0,0,0,-1,0,0,,Sensitive,manual_v2,0,Botanical Extract,Bitkisel Hidrosol (Nane),"Nane yapraklarının damıtılmasıyla elde edilen aromatik su; ferahlatıcı ve hafif soğutma hissi verir, formülasyona doğal koku katar ancak hassas ciltlerde tahriş potansiyeli taşır.",neutral,,neutral,,neutral,,neutral,,caution,Hassas ciltte tahriş ve kızarıklık yapabilir,neutral,,neutral,
Mentha Piperita (Peppermint) Oil,menthapiperitapeppermintoil,0,0,0,0,-2,0,-1,,Sensitive|Pregnancy,top1000,61,Botanical Extract,Uçucu Yağ,"mentha piperita (peppermint) oil, bitkiden damıtılarak elde edilen konsantre uçucu yağ; aromatik ve antimikrobiyal özellikler taşır ancak hassas ciltlerde tahriş ve alerjik reaksiyon riski yüksektir.",neutral,,neutral,,neutral,,neutral,,caution,"Hassas ciltte tahriş ve kızarıklık yapabilir, dikkatli kullanılmalı",neutral,,caution,"Hamilelikte kullanımı önerilmez, doktorunuza danışın"
Mentha Piperita Oil,menthapiperitaoil,0,0,0,0,-2,0,-1,,Sensitive|Pregnancy,top1000,98,Botanical Extract,Uçucu Yağ,"mentha piperita oil, bitkiden damıtılarak elde edilen konsantre uçucu yağ; aromatik ve antimikrobiyal özellikler taşır ancak hassas ciltlerde tahriş ve alerjik reaksiyon riski yüksektir.",neutral,,neutral,,neutral,,neutral,,caution,"Hassas ciltte tahriş ve kızarıklık yapabilir, dikkatli kullanılmalı",neutral,,caution,"Hamilelikte kullanımı önerilmez, doktorunuza danışın"
Mentha Viridis Leaf Oil,menthaviridisleafoil,0,0,0,0,-2,0,-1,,Sensitive|Pregnancy,top1000,45,Botanical Extract,Uçucu Yağ,"mentha viridis leaf oil, bitkiden damıtılarak elde edilen konsantre uçucu yağ; aromatik ve antimikrobiyal özellikler taşır ancak hassas ciltlerde tahriş ve alerjik reaksiyon riski yüksektir.",neutral,,neutral,,neutral,,neutral,,caution,"Hassas ciltte tahriş ve kızarıklık yapabilir, dikkatli kullanılmalı",neutral,,caution,"Hamilelikte kullanımı önerilmez, doktorunuza danışın"
Menthol,menthol,0,0,0,0,0,0,0,,,top1000,547,Skincare Ingredient,Cilt Bakım Bileşeni,"menthol, kozmetik formülasyonlarda kullanılan yardımcı bileşen; ürünün doku, stabilite veya uygulama özelliklerine katkıda bulunur.",neutral,,neutral,,neutral,,neutral,,neutral,,neutral,,neutral,
Menthyl Lactate,menthyllactate,0,0,0,0,0,0,0,,,top1000,43,Skincare Ingredient,Cilt Bakım Bileşeni,"menthyl lactate, kozmetik formülasyonlarda kullanılan yardımcı bileşen; ürünün doku, stabilite veya uygulama özelliklerine katkıda bulunur.",neutral,,neutral,,neutral,,neutral,,neutral,,neutral,,neutral,
Methoxypropylamino Cyclohexenylidene Ethoxyethylcyanoacetate,methoxypropylaminocyclohexenylideneethoxyethylcyanoacetate,0,0,0,1,0,2,0,Fine Lines|UV Protection,,manual_v2,0,Skincare Ingredient,Hücre Koruyucu (Anti-aging),"Yeni nesil hücre savunma aktivatörü; UV kaynaklı DNA hasarını önlemek için cildin doğal savunma proteinlerinin (defensinler) üretimini uyarır, fotoyaşlanmayı geciktirmeye yardımcı olur.",neutral,,neutral,,neutral,,neutral,,neutral,,beneficial,Yeni nesil hücre savunma aktivatörü; UV kaynaklı DNA hasarını önlemek için cildin doğal savunma proteinlerinin (defensin,neutral,
Methyl Gluceth-20,methylgluceth20,1,0,0,0,0,0,0,Dry and dehydrated skin,,manual_v2,0,Humectant,Nemlendirici,Mısır glikozundan türetilen hafif nemlendirici; ciltte yapışkan olmayan bir nem tabakası oluşturur ve formülasyona yumuşak doku katar.,neutral,,neutral,,neutral,,neutral,,neutral,,neutral,,neutral,
Methyl Methacrylate Crosspolymer,methylmethacrylatecrosspolymer,0,0,0,0,0,0,0,,,top1000,51,Skincare Ingredient,Kıvam Artırıcı / Stabilizatör,"methyl methacrylate crosspolymer, formülasyona kıvam ve stabilite kazandıran polimer; ürünün dokusunu iyileştirir ve bileşenlerin homojen dağılmasını sağlar.",neutral,,neutral,,neutral,,neutral,,neutral,,neutral,,neutral,
Methyl Salicylate,methylsalicylate,0,0,0,0,0,0,0,,,top1000,46,Skincare Ingredient,Cilt Bakım Bileşeni,"methyl salicylate, kozmetik formülasyonlarda kullanılan yardımcı bileşen; ürünün doku, stabilite veya uygulama özelliklerine katkıda bulunur.",neutral,,neutral,,neutral,,neutral,,neutral,,neutral,,neutral,
Methyl-2-Octynoate,methyl2octynoate,0,0,0,0,0,0,0,,,top1000,30,Skincare Ingredient,Cilt Bakım Bileşeni,"methyl-2-octynoate, kozmetik formülasyonlarda kullanılan yardımcı bileşen; ürünün doku, stabilite veya uygulama özelliklerine katkıda bulunur.",neutral,,neutral,,neutral,,neutral,,neutral,,neutral,,neutral,
Methylchloroisothiazolinone,methylchloroisothiazolinone,0,0,0,0,-1,0,-1,,Sensitive|Pregnancy,top1000,517,Preservative,Koruyucu,"methylchloroisothiazolinone, formülasyonu mikrobiyal kontaminasyondan koruyan koruyucu madde; ürünün güvenli raf ömrünü sağlar.",neutral,,neutral,,neutral,,neutral,,caution,"Hassas ciltte tahriş ve kızarıklık yapabilir, dikkatli kullanılmalı",neutral,,caution,"Hamilelikte kullanımı önerilmez, doktorunuza danışın"
Methylene Bis-Benzotriazolyl Tetramethylbutylphenol [Nano],methylenebisbenzotriazolyltetramethylbutylphenolnano,1,1,1,1,1,1,1,UV Protection|Anyone,,manual_v2,0,Sunscreen Agent,Güneş Koruyucu (Tinosorb M),Geniş spektrumlu UVA ve UVB koruması sağlayan partiküler güneş filtresi; nano formu sayesinde ciltte beyaz iz bırakmadan etkili koruma sunar ve fotostabil yapısıyla uzun süreli güvenilirlik sağlar.,neutral,,neutral,,neutral,,neutral,,neutral,,neutral,,neutral,
Methylisothiazolinone,methylisothiazolinone,0,0,0,0,-1,0,-1,,Sensitive|Pregnancy,top1000,603,Preservative,Koruyucu,"methylisothiazolinone, formülasyonu mikrobiyal kontaminasyondan koruyan koruyucu madde; ürünün güvenli raf ömrünü sağlar.",neutral,,neutral,,neutral,,neutral,,caution,"Hassas ciltte tahriş ve kızarıklık yapabilir, dikkatli kullanılmalı",neutral,,caution,"Hamilelikte kullanımı önerilmez, doktorunuza danışın"
Methylparaben,methylparaben,0,0,0,0,-1,0,-1,,Sensitive|Pregnancy,top1000,567,Preservative,Koruyucu,"methylparaben, formülasyonu mikrobiyal kontaminasyondan koruyan koruyucu madde; ürünün güvenli raf ömrünü sağlar.",neutral,,neutral,,neutral,,neutral,,caution,"Hassas ciltte tahriş ve kızarıklık yapabilir, dikkatli kullanılmalı",neutral,,caution,"Hamilelikte kullanımı önerilmez, doktorunuza danışın"
Methylpropanediol,methylpropanediol,0,0,0,0,0,0,0,,,top1000,142,Skincare Ingredient,Cilt Bakım Bileşeni,"methylpropanediol, kozmetik formülasyonlarda kullanılan yardımcı bileşen; ürünün doku, stabilite veya uygulama özelliklerine katkıda bulunur.",neutral,,neutral,,neutral,,neutral,,neutral,,neutral,,neutral,
Mica,mica,0,0,0,0,0,0,0,,,top1000,509,Mineral,Mineral,"mica, mineral bazlı bileşen; formülasyonun fiziksel özelliklerine katkıda bulunur veya ciltte koruyucu/düzenleyici etki gösterir.",neutral,,neutral,,neutral,,neutral,,neutral,,neutral,,neutral,
Microcrystalline Cellulose,microcrystallinecellulose,0,0,0,0,0,0,0,,,top1000,151,Skincare Ingredient,Cilt Bakım Bileşeni,"microcrystalline cellulose, kozmetik formülasyonlarda kullanılan yardımcı bileşen; ürünün doku, stabilite veya uygulama özelliklerine katkıda bulunur.",neutral,,neutral,,neutral,,neutral,,neutral,,neutral,,neutral,
Microcrystalline Wax,microcrystallinewax,1,0,0,0,0,0,0,,,top1000,34,Skincare Ingredient,Cilt Bakım Bileşeni,"microcrystalline wax, kozmetik formülasyonlarda kullanılan yardımcı bileşen; ürünün doku, stabilite veya uygulama özelliklerine katkıda bulunur.",neutral,,neutral,,neutral,,neutral,,neutral,,neutral,,neutral,
Mineral Oil,mineraloil,2,-2,-1,0,0,0,0,Dry and dehydrated skin,Oily|Combination,manual_v2,136,Oil / Lipid,Mineral Yağ (Petrol Türevi),Petrolden saflaştırılan tıkayıcı yağ; ciltte etkili bir nem kilidi oluşturarak su kaybını önler ancak ağır yapısı nedeniyle gözenekleri tıkayabilir ve bazı cilt tiplerinde rahatsızlık verebilir.,beneficial,Petrolden saflaştırılan tıkayıcı yağ; ciltte etkili bir nem kilidi oluşturarak su kaybını önler ancak ağır yapısı nedeni,caution,Gözenekleri tıkayabilir veya yağlanmayı artırabilir,caution,Karma ciltte dengesizlik yaratabilir,neutral,,neutral,,neutral,,neutral,
Mineral Oil (Paraffinum Liquidum),mineraloilparaffinumliquidum,0,0,0,0,0,0,0,,,top1000,27,Skincare Ingredient,Cilt Bakım Bileşeni,"mineral oil (paraffinum liquidum), kozmetik formülasyonlarda kullanılan yardımcı bileşen; ürünün doku, stabilite veya uygulama özelliklerine katkıda bulunur.",neutral,,neutral,,neutral,,neutral,,neutral,,neutral,,neutral,
Montmorillonite,montmorillonite,0,0,0,0,0,0,0,,,top1000,28,Skincare Ingredient,Cilt Bakım Bileşeni,"montmorillonite, kozmetik formülasyonlarda kullanılan yardımcı bileşen; ürünün doku, stabilite veya uygulama özelliklerine katkıda bulunur.",neutral,,neutral,,neutral,,neutral,,neutral,,neutral,,neutral,
Moringa Oleifera Seed Oil,moringaoleiferaseedoil,2,0,0,1,0,2,0,Dry and dehydrated skin|Fine Lines|Radiance,,manual_v2,0,Oil / Lipid,Bitkisel Yağ (Moringa),"Moringa ağacı tohumundan elde edilen 'mucize yağ'; oleik asit bakımından çok zengin, güçlü antioksidan ve anti-inflamatuar özellikler taşır, cildi besler, kirlilik partiküllerini çeker ve yaşlanma karşıtı etki gösterir.",beneficial,"Moringa ağacı tohumundan elde edilen 'mucize yağ'; oleik asit bakımından çok zengin, güçlü antioksidan ve anti-inflamatu",neutral,,neutral,,neutral,,neutral,,beneficial,"Moringa ağacı tohumundan elde edilen 'mucize yağ'; oleik asit bakımından çok zengin, güçlü antioksidan ve anti-inflamatu",neutral,
Myristic Acid,myristicacid,1,0,0,0,0,0,0,,,top1000,163,Oil / Lipid,Yağ Asidi,"myristic acid, doğal yağ asidi; cildin lipid bariyerini destekler, yumuşatıcı etki gösterir ve formülasyonun kıvamına katkıda bulunur.",neutral,,neutral,,neutral,,neutral,,neutral,,neutral,,neutral,
Myristyl Alcohol,myristylalcohol,0,0,0,0,0,0,0,,,top1000,148,Skincare Ingredient,Cilt Bakım Bileşeni,"myristyl alcohol, kozmetik formülasyonlarda kullanılan yardımcı bileşen; ürünün doku, stabilite veya uygulama özelliklerine katkıda bulunur.",neutral,,neutral,,neutral,,neutral,,neutral,,neutral,,neutral,
Myristyl Myristate,myristylmyristate,1,0,0,0,0,0,0,Texture,,top1000,144,Emollient,Yumuşatıcı Ester,"myristyl myristate, yağ asidi esteri; cildi yumuşatır, formülasyona hafif ve pürüzsüz bir doku kazandırır.",neutral,,neutral,,neutral,,neutral,,neutral,,neutral,,neutral,
Myrtrimonium Bromide,myrtrimoniumbromide,0,0,0,0,-1,0,0,,Sensitive,manual_v2,0,Preservative,Koruyucu / Antimikrobiyal,"Kuaterner amonyum tuzu; formülasyonda antimikrobiyal koruyucu olarak mikrobiyal kontaminasyonu önler, özellikle misel su ve temizleyici formülasyonlarda kullanılır.",neutral,,neutral,,neutral,,neutral,,caution,Hassas ciltte tahriş ve kızarıklık yapabilir,neutral,,neutral,
New York,newyork,0,0,0,0,0,0,0,,,top1000,29,Skincare Ingredient,Cilt Bakım Bileşeni,"new york, kozmetik formülasyonlarda kullanılan yardımcı bileşen; ürünün doku, stabilite veya uygulama özelliklerine katkıda bulunur.",neutral,,neutral,,neutral,,neutral,,neutral,,neutral,,neutral,
Niacinamide,niacinamide,2,3,3,2,2,2,0,Acne|Blackheads|Enlarged Pores|Pigmentation|Redness|Radiance|Texture|Anyone,,manual_v2,523,Niacinamide,Niasinamid (B3 Vitamini),"Cilt bakımının en çok yönlü aktif bileşenlerinden biri; yağ üretimini dengeler, gözenekleri sıkılaştırır, cilt bariyerini güçlendirir, hiperpigmentasyonu azaltır ve anti-inflamatuar etki gösterir.",beneficial,"Cilt bakımının en çok yönlü aktif bileşenlerinden biri; yağ üretimini dengeler, gözenekleri sıkılaştırır, cilt bariyerin",beneficial,"Cilt bakımının en çok yönlü aktif bileşenlerinden biri; yağ üretimini dengeler, gözenekleri sıkılaştırır, cilt bariyerin",beneficial,"Cilt bakımının en çok yönlü aktif bileşenlerinden biri; yağ üretimini dengeler, gözenekleri sıkılaştırır, cilt bariyerin",beneficial,"Cilt bakımının en çok yönlü aktif bileşenlerinden biri; yağ üretimini dengeler, gözenekleri sıkılaştırır, cilt bariyerin",beneficial,"Cilt bakımının en çok yönlü aktif bileşenlerinden biri; yağ üretimini dengeler, gözenekleri sıkılaştırır, cilt bariyerin",beneficial,"Cilt bakımının en çok yönlü aktif bileşenlerinden biri; yağ üretimini dengeler, gözenekleri sıkılaştırır, cilt bariyerin",neutral,
Nicotiana Benthamiana Hexapeptide-40 SH-Polypeptide-47,nicotianabenthamianahexapeptide40shpolypeptide47,0,0,0,0,0,4,0,Fine Lines|Wrinkles|Elasticity,,manual_v2,0,Peptide,Biyoteknolojik Peptit (Yeni Nesil),"Bitki biyoteknolojisiyle üretilen yeni nesil peptit kompleksi; cildin yapısal proteinlerinin sentezini uyararak sıkılaştırıcı ve yeniden yapılandırıcı etki gösterir, derin kırışıklıkları hedefler.",neutral,,neutral,,neutral,,neutral,,neutral,,beneficial,Bitki biyoteknolojisiyle üretilen yeni nesil peptit kompleksi; cildin yapısal proteinlerinin sentezini uyararak sıkılaşt,neutral,
Nitrocellulose,nitrocellulose,0,0,0,0,0,0,0,,,top1000,58,Skincare Ingredient,Cilt Bakım Bileşeni,"nitrocellulose, kozmetik formülasyonlarda kullanılan yardımcı bileşen; ürünün doku, stabilite veya uygulama özelliklerine katkıda bulunur.",neutral,,neutral,,neutral,,neutral,,neutral,,neutral,,neutral,
Nitrogen,nitrogen,0,0,0,0,0,0,0,,,top1000,28,Skincare Ingredient,Cilt Bakım Bileşeni,"nitrogen, kozmetik formülasyonlarda kullanılan yardımcı bileşen; ürünün doku, stabilite veya uygulama özelliklerine katkıda bulunur.",neutral,,neutral,,neutral,,neutral,,neutral,,neutral,,neutral,
Nylon-12,nylon12,0,0,0,0,0,0,0,,,top1000,101,Skincare Ingredient,Cilt Bakım Bileşeni,"nylon-12, kozmetik formülasyonlarda kullanılan yardımcı bileşen; ürünün doku, stabilite veya uygulama özelliklerine katkıda bulunur.",neutral,,neutral,,neutral,,neutral,,neutral,,neutral,,neutral,
O-Cymen-5-Ol,ocymen5ol,0,0,0,0,0,0,0,,,manual_v2,0,Preservative,Antimikrobiyal Koruyucu,"İzopropil metilfenolik bileşen; geniş spektrumlu antimikrobiyal etki göstererek formülasyonu bakteriyel kontaminasyondan korur, düşük konsantrasyonlarda güvenli kabul edilir.",neutral,,neutral,,neutral,,neutral,,neutral,,neutral,,neutral,
Octocrylene,octocrylene,0,0,0,0,-1,0,-1,UV Protection,Sensitive|Pregnancy,manual_v2,241,Sunscreen Agent,Kimyasal Güneş Filtresi,UVB ve kısa UVA ışınlarını emen kimyasal filtre; diğer güneş filtrelerini stabilize ederek formülasyonun koruma süresini uzatır.,neutral,,neutral,,neutral,,neutral,,caution,"Hassas ciltte tahriş ve kızarıklık yapabilir, dikkatli kullanılmalı",neutral,,caution,"Hamilelikte kullanımı önerilmez, doktorunuza danışın"
Octyldodecanol,octyldodecanol,0,0,0,0,0,0,0,,,top1000,493,Skincare Ingredient,Cilt Bakım Bileşeni,"octyldodecanol, kozmetik formülasyonlarda kullanılan yardımcı bileşen; ürünün doku, stabilite veya uygulama özelliklerine katkıda bulunur.",neutral,,neutral,,neutral,,neutral,,neutral,,neutral,,neutral,
Olaflur,olaflur,0,0,0,0,0,0,0,,,top1000,34,Skincare Ingredient,Cilt Bakım Bileşeni,"olaflur, kozmetik formülasyonlarda kullanılan yardımcı bileşen; ürünün doku, stabilite veya uygulama özelliklerine katkıda bulunur.",neutral,,neutral,,neutral,,neutral,,neutral,,neutral,,neutral,
Olea Europaea (Olive) Fruit Oil,oleaeuropaeaolivefruitoil,2,-1,0,1,0,1,0,Dry and dehydrated skin,Oily,top1000,129,Oil / Lipid,Bitkisel Yağ,"olea europaea (olive) fruit oil, esansiyel yağ asitleri ve vitaminler bakımından zengin bitkisel yağ; cildi besler, nem bariyerini güçlendirir ve yumuşatıcı etki sağlar.",beneficial,"olea europaea (olive) fruit oil, esansiyel yağ asitleri ve vitaminler bakımından zengin bitkisel yağ; cildi besler, nem ",caution,Gözenekleri tıkayabilir veya yağlanmayı artırabilir,neutral,,neutral,,neutral,,neutral,,neutral,
Olea Europaea Fruit Oil,oleaeuropaeafruitoil,2,-1,0,1,0,1,0,Dry and dehydrated skin,Oily,top1000,194,Oil / Lipid,Bitkisel Yağ,"olea europaea fruit oil, esansiyel yağ asitleri ve vitaminler bakımından zengin bitkisel yağ; cildi besler, nem bariyerini güçlendirir ve yumuşatıcı etki sağlar.",beneficial,"olea europaea fruit oil, esansiyel yağ asitleri ve vitaminler bakımından zengin bitkisel yağ; cildi besler, nem bariyeri",caution,Gözenekleri tıkayabilir veya yağlanmayı artırabilir,neutral,,neutral,,neutral,,neutral,,neutral,
Oleic Acid,oleicacid,1,0,0,0,0,0,0,,,top1000,92,Oil / Lipid,Yağ Asidi,"oleic acid, doğal yağ asidi; cildin lipid bariyerini destekler, yumuşatıcı etki gösterir ve formülasyonun kıvamına katkıda bulunur.",neutral,,neutral,,neutral,,neutral,,neutral,,neutral,,neutral,
Oleth-10,oleth10,0,0,0,0,0,0,0,,,top1000,27,Skincare Ingredient,Cilt Bakım Bileşeni,"oleth-10, kozmetik formülasyonlarda kullanılan yardımcı bileşen; ürünün doku, stabilite veya uygulama özelliklerine katkıda bulunur.",neutral,,neutral,,neutral,,neutral,,neutral,,neutral,,neutral,
Oleth-20,oleth20,0,0,0,0,0,0,0,,,top1000,30,Skincare Ingredient,Cilt Bakım Bileşeni,"oleth-20, kozmetik formülasyonlarda kullanılan yardımcı bileşen; ürünün doku, stabilite veya uygulama özelliklerine katkıda bulunur.",neutral,,neutral,,neutral,,neutral,,neutral,,neutral,,neutral,
Oleth-3,oleth3,0,0,0,0,0,0,0,,,manual_v2,0,Skincare Ingredient,Emülgatör,"Oleyl alkolün etoksillenmiş formu; formülasyonda emülgatör ve çözücü olarak görev yapar, yağlı bileşenlerin sulu ortamda dağılmasını sağlar.",neutral,,neutral,,neutral,,neutral,,neutral,,neutral,,neutral,
Oleth-3 Phosphate,oleth3phosphate,0,0,0,0,0,0,0,,,manual_v2,0,Skincare Ingredient,Emülgatör,"Oleyl alkol türevi fosfat esteri emülgatör; yağ ve su fazlarını stabil bir şekilde bir arada tutar, formülasyona hafif ve pürüzsüz doku kazandırır.",neutral,,neutral,,neutral,,neutral,,neutral,,neutral,,neutral,
Oleth-30,oleth30,0,0,0,0,0,0,0,,,top1000,42,Skincare Ingredient,Cilt Bakım Bileşeni,"oleth-30, kozmetik formülasyonlarda kullanılan yardımcı bileşen; ürünün doku, stabilite veya uygulama özelliklerine katkıda bulunur.",neutral,,neutral,,neutral,,neutral,,neutral,,neutral,,neutral,
Oleth-5,oleth5,0,0,0,0,0,0,0,,,manual_v2,0,Skincare Ingredient,Emülgatör,Oleyl alkolün 5 mol etilen oksit ile etoksillenmiş formu; yağ-su emülsiyonlarının stabilitesini sağlayan yardımcı emülgatör.,neutral,,neutral,,neutral,,neutral,,neutral,,neutral,,neutral,
Oleyl Erucate,oleylerucate,0,0,0,0,0,0,0,,,top1000,37,Skincare Ingredient,Cilt Bakım Bileşeni,"oleyl erucate, kozmetik formülasyonlarda kullanılan yardımcı bileşen; ürünün doku, stabilite veya uygulama özelliklerine katkıda bulunur.",neutral,,neutral,,neutral,,neutral,,neutral,,neutral,,neutral,
Olus Oil,olusoil,0,0,0,0,0,0,0,,,top1000,50,Skincare Ingredient,Cilt Bakım Bileşeni,"olus oil, kozmetik formülasyonlarda kullanılan yardımcı bileşen; ürünün doku, stabilite veya uygulama özelliklerine katkıda bulunur.",neutral,,neutral,,neutral,,neutral,,neutral,,neutral,,neutral,
Opuntia Ficus-Indica Extract,opuntiaficusindicaextract,2,0,0,1,1,1,0,Dry and dehydrated skin|Redness|Anyone,,manual_v2,0,Botanical Extract,Bitkisel Ekstrakt (Dikenli Armut Kaktüsü),"Dikenli armut kaktüsünden elde edilen ekstrakt; yüksek polisakkarit ve flavonoid içeriğiyle cildi yoğun nemlendirir, yatıştırır, antioksidan koruma sağlar ve çevresel strese karşı cildin direncini artırır.",beneficial,"Dikenli armut kaktüsünden elde edilen ekstrakt; yüksek polisakkarit ve flavonoid içeriğiyle cildi yoğun nemlendirir, yat",neutral,,neutral,,neutral,,neutral,,neutral,,neutral,
Orbignya Oleifera Seed Oil,orbignyaoleiferaseedoil,2,-1,0,1,0,1,0,Dry and dehydrated skin,Oily,top1000,31,Oil / Lipid,Bitkisel Yağ,"orbignya oleifera seed oil, esansiyel yağ asitleri ve vitaminler bakımından zengin bitkisel yağ; cildi besler, nem bariyerini güçlendirir ve yumuşatıcı etki sağlar.",beneficial,"orbignya oleifera seed oil, esansiyel yağ asitleri ve vitaminler bakımından zengin bitkisel yağ; cildi besler, nem bariy",caution,Gözenekleri tıkayabilir veya yağlanmayı artırabilir,neutral,,neutral,,neutral,,neutral,,neutral,
Oryza Sativa (Rice) Bran Oil,oryzasativaricebranoil,2,0,0,1,0,1,0,Dry and dehydrated skin|Radiance,,manual_v2,0,Oil / Lipid,Bitkisel Yağ (Pirinç Kepeği),"Pirinç kepeğinden elde edilen hafif yağ; oryzanol ve E vitamini bakımından zengin, antioksidan koruma sağlar, cildi besler ve ışıltılı bir görünüm kazandırır.",beneficial,"Pirinç kepeğinden elde edilen hafif yağ; oryzanol ve E vitamini bakımından zengin, antioksidan koruma sağlar, cildi besl",neutral,,neutral,,neutral,,neutral,,neutral,,neutral,
Oryza Sativa (Rice) Lipids,oryzasativaricelipids,2,0,0,1,1,1,0,Dry and dehydrated skin|Impaired skin barrier,,manual_v2,0,Oil / Lipid,Pirinç Lipitleri,"Pirinç tanesinden elde edilen lipit kompleksi; seramid, fitosterol ve yağ asitleri içerir, cildin doğal lipid bariyerine yapısal olarak benzer bileşimi sayesinde bariyer onarımını destekler ve nem kaybını azaltır.",beneficial,"Pirinç tanesinden elde edilen lipit kompleksi; seramid, fitosterol ve yağ asitleri içerir, cildin doğal lipid bariyerine",neutral,,neutral,,neutral,,neutral,,neutral,,neutral,
Oryza Sativa (Rice) Seed Water,oryzasativariceseedwater,1,0,0,0,0,0,0,Radiance,,manual_v2,0,Botanical Extract,Pirinç Suyu,"Pirinç tanelerinden elde edilen besin bakımından zengin bitki suyu; amino asitler, vitaminler ve mineraller içerir, cildi nemlendirir ve aydınlatmaya yardımcı olur.",neutral,,neutral,,neutral,,neutral,,neutral,,neutral,,neutral,
Oryza Sativa (Rice) Starch,oryzasativaricestarch,0,2,1,0,0,0,0,Texture|Oily,,manual_v2,0,Skincare Ingredient,Pirinç Nişastası,"Pirinçten elde edilen doğal nişasta; ciltte fazla yağı ve nemi emerek mat bir görünüm sağlar, yumuşak doku oluşturur ve güneş koruyucu formülasyonlarda beyaz izin azaltılmasına yardımcı olur.",neutral,,beneficial,"Pirinçten elde edilen doğal nişasta; ciltte fazla yağı ve nemi emerek mat bir görünüm sağlar, yumuşak doku oluşturur ve ",neutral,,neutral,,neutral,,neutral,,neutral,
Oryza Sativa Powder,oryzasativapowder,0,2,1,0,0,0,0,Oily|Texture,,manual_v2,0,Mineral,Pirinç Pudrası,"İnce öğütülmüş pirinç tozu; ciltte fazla yağı emerek mat görünüm sağlar, hafif peeling etkisi gösterir ve cildi yumuşatır, Asya cilt bakım geleneğinin temel bileşenlerinden biridir.",neutral,,beneficial,"İnce öğütülmüş pirinç tozu; ciltte fazla yağı emerek mat görünüm sağlar, hafif peeling etkisi gösterir ve cildi yumuşatı",neutral,,neutral,,neutral,,neutral,,neutral,
Oryza Sativa Starch,oryzasativastarch,0,0,0,0,0,0,0,,,top1000,30,Skincare Ingredient,Cilt Bakım Bileşeni,"oryza sativa starch, kozmetik formülasyonlarda kullanılan yardımcı bileşen; ürünün doku, stabilite veya uygulama özelliklerine katkıda bulunur.",neutral,,neutral,,neutral,,neutral,,neutral,,neutral,,neutral,
Ozokerite,ozokerite,0,0,0,0,0,0,0,,,top1000,83,Skincare Ingredient,Cilt Bakım Bileşeni,"ozokerite, kozmetik formülasyonlarda kullanılan yardımcı bileşen; ürünün doku, stabilite veya uygulama özelliklerine katkıda bulunur.",neutral,,neutral,,neutral,,neutral,,neutral,,neutral,,neutral,
P-Aminophenol,paminophenol,0,0,0,0,0,0,0,,,top1000,37,Skincare Ingredient,Cilt Bakım Bileşeni,"p-aminophenol, kozmetik formülasyonlarda kullanılan yardımcı bileşen; ürünün doku, stabilite veya uygulama özelliklerine katkıda bulunur.",neutral,,neutral,,neutral,,neutral,,neutral,,neutral,,neutral,
P-Anisic Acid,panisicacid,0,0,0,0,0,0,0,,,top1000,111,Skincare Ingredient,Cilt Bakım Bileşeni,"p-anisic acid, kozmetik formülasyonlarda kullanılan yardımcı bileşen; ürünün doku, stabilite veya uygulama özelliklerine katkıda bulunur.",neutral,,neutral,,neutral,,neutral,,neutral,,neutral,,neutral,
PCA,pca,2,0,0,0,0,0,0,Dry and dehydrated skin,,manual_v2,0,Humectant,Nemlendirici (Piroglutamik Asit),"Piroglutamik asit; cildin doğal nem faktörünün (NMF) önemli bileşenlerinden biri, güçlü higroskopik özelliğiyle havadan nem çekerek cildin hidrasyon seviyesini korur.",beneficial,"Piroglutamik asit; cildin doğal nem faktörünün (NMF) önemli bileşenlerinden biri, güçlü higroskopik özelliğiyle havadan ",neutral,,neutral,,neutral,,neutral,,neutral,,neutral,
PEG-75,peg75,0,0,0,0,0,0,0,,,manual_v2,0,Skincare Ingredient,Kıvam Artırıcı / Bağlayıcı,"Yüksek molekül ağırlıklı polietilen glikol; formülasyona kıvam verir, bileşenlerin homojen dağılmasını sağlar ve ürün stabilitesini artırır.",neutral,,neutral,,neutral,,neutral,,neutral,,neutral,,neutral,
PEG-75 Stearate,peg75stearate,1,0,0,0,0,0,0,,,manual_v2,0,Skincare Ingredient,Emülgatör,"Stearik asidin PEG esteri; yağ ve su fazlarını birleştiren emülgatör, formülasyona kremsi ve stabil bir doku kazandırır ve diğer bileşenlerin homojen dağılmasını sağlar.",neutral,,neutral,,neutral,,neutral,,neutral,,neutral,,neutral,
PPG-20 Methyl Glucose Ether,ppg20methylglucoseether,1,0,0,0,0,0,0,,,manual_v2,0,Humectant,Nemlendirici / Yumuşatıcı,Mısır glikozundan türetilen hafif nemlendirici ve yumuşatıcı; ciltte yapışkan olmayan nem tabakası oluşturur ve formülasyona pürüzsüz bir doku kazandırır.,neutral,,neutral,,neutral,,neutral,,neutral,,neutral,,neutral,
Paeonia Lactiflora Root Extract,paeonialactiflorarootextract,0,0,0,0,1,1,0,Redness|Pigmentation|Radiance,,manual_v2,0,Botanical Extract,Bitkisel Ekstrakt (Şakayık),"Şakayık kökünden elde edilen geleneksel Asya tıbbı bileşeni; paeoniflorin içeriğiyle güçlü anti-inflamatuar ve antioksidan etki gösterir, cildi yatıştırır ve hiperpigmentasyonu azaltmaya yardımcı olur.",neutral,,neutral,,neutral,,neutral,,neutral,,neutral,,neutral,
Palm Acid,palmacid,0,0,0,0,0,0,0,,,top1000,38,Skincare Ingredient,Cilt Bakım Bileşeni,"palm acid, kozmetik formülasyonlarda kullanılan yardımcı bileşen; ürünün doku, stabilite veya uygulama özelliklerine katkıda bulunur.",neutral,,neutral,,neutral,,neutral,,neutral,,neutral,,neutral,
Palm Kernel Acid,palmkernelacid,0,0,0,0,0,0,0,,,top1000,79,Skincare Ingredient,Cilt Bakım Bileşeni,"palm kernel acid, kozmetik formülasyonlarda kullanılan yardımcı bileşen; ürünün doku, stabilite veya uygulama özelliklerine katkıda bulunur.",neutral,,neutral,,neutral,,neutral,,neutral,,neutral,,neutral,
Palmitic Acid,palmiticacid,1,0,0,0,0,0,0,,,top1000,510,Oil / Lipid,Yağ Asidi,"palmitic acid, doğal yağ asidi; cildin lipid bariyerini destekler, yumuşatıcı etki gösterir ve formülasyonun kıvamına katkıda bulunur.",neutral,,neutral,,neutral,,neutral,,neutral,,neutral,,neutral,
Palmitoyl Grape Seed Extract,palmitoylgrapeseedextract,0,0,0,1,1,2,0,Pigmentation|Radiance|Fine Lines,,manual_v2,0,Botanical Extract,Bitkisel Ekstrakt (Üzüm Çekirdeği - Vinoperfect),"Üzüm çekirdeğinden elde edilen patentli aydınlatıcı aktif; viniferine bileşeniyle C vitamininden 62 kat daha güçlü aydınlatma etkisi gösterdiği öne sürülür, leke ve ton eşitsizliğini azaltır.",neutral,,neutral,,neutral,,neutral,,neutral,,beneficial,Üzüm çekirdeğinden elde edilen patentli aydınlatıcı aktif; viniferine bileşeniyle C vitamininden 62 kat daha güçlü aydın,neutral,
Palmitoyl Grapevine Shoot Extract,palmitoylgrapevineshootextract,1,0,0,1,0,3,0,Fine Lines|Wrinkles|Elasticity|Radiance,,manual_v2,0,Botanical Extract,Bitkisel Ekstrakt (Asma Filizi - Resveratrol),"Asma filizlerinden elde edilen Caudalie'nin patentli aktif bileşeni; yüksek resveratrol konsantrasyonuyla güçlü antioksidan ve anti-aging etki gösterir, kolajen üretimini uyarır ve cilt sıkılığını artırır.",neutral,,neutral,,neutral,,neutral,,neutral,,beneficial,Asma filizlerinden elde edilen Caudalie'nin patentli aktif bileşeni; yüksek resveratrol konsantrasyonuyla güçlü antioksi,neutral,
Palmitoyl Hexapeptide-12,palmitoylhexapeptide12,0,0,0,0,0,3,0,Fine Lines|Wrinkles|Elasticity,,manual_v2,0,Peptide,Peptit (Anti-aging),Altı amino asitlik sinyal peptidi; kolajen ve elastin sentezini uyararak cilt sıkılığını artırır ve kırışıklık derinliğini azaltır.,neutral,,neutral,,neutral,,neutral,,neutral,,beneficial,Altı amino asitlik sinyal peptidi; kolajen ve elastin sentezini uyararak cilt sıkılığını artırır ve kırışıklık derinliği,neutral,
Palmitoyl Tetrapeptide-7,palmitoyltetrapeptide7,0,0,0,0,1,3,0,Fine Lines|Wrinkles|Redness,,manual_v2,33,Peptide,Peptit (Anti-inflamatuar),İltihaplanma sürecini düzenleyen peptit; kronik mikro-inflamasyonu azaltarak kolajen yıkımını yavaşlatır ve yaşlanma belirtilerinin oluşumunu geciktirir.,neutral,,neutral,,neutral,,neutral,,neutral,,beneficial,İltihaplanma sürecini düzenleyen peptit; kronik mikro-inflamasyonu azaltarak kolajen yıkımını yavaşlatır ve yaşlanma bel,neutral,
Palmitoyl Tripeptide-1,palmitoyltripeptide1,1,0,0,0,0,3,0,Fine Lines|Wrinkles|Elasticity,,manual_v2,36,Peptide,Peptit (Anti-aging),Kolajen sentezini uyaran sinyal peptidi; cildin kendini onarma mekanizmasını aktive ederek kırışıklık derinliğini azaltır ve cilt elastikiyetini artırır.,neutral,,neutral,,neutral,,neutral,,neutral,,beneficial,Kolajen sentezini uyaran sinyal peptidi; cildin kendini onarma mekanizmasını aktive ederek kırışıklık derinliğini azaltı,neutral,
Panax Ginseng Root Extract,panaxginsengrootextract,1,0,0,0,0,0,0,,,top1000,63,Botanical Extract,Bitkisel Ekstrakt,"panax ginseng root extract, bitkisel kaynaklı aktif ekstrakt; antioksidan, yatıştırıcı veya besleyici özellikler taşıyabilir ve formülasyona doğal etkinlik katar.",neutral,,neutral,,neutral,,neutral,,neutral,,neutral,,neutral,
Pantethine,pantethine,1,0,0,0,1,1,0,Impaired skin barrier,,manual_v2,0,Skincare Ingredient,Vitamin B5 Türevi,"Pantotenik asit (B5 vitamini) metaboliti; hücre enerji metabolizmasını destekler, cilt bariyerinin onarılmasına yardımcı olur ve cildin genel sağlığını iyileştirir.",neutral,,neutral,,neutral,,neutral,,neutral,,neutral,,neutral,
Panthenol,panthenol,3,0,1,1,2,1,0,Dry and dehydrated skin|Impaired skin barrier|Redness|Anyone,,manual_v2,1629,Humectant,Nemlendirici (Provitamin B5),"Provitamin B5 olarak bilinen panthenol; ciltte pantotenik asite dönüşerek derin nemlendirme sağlar, cilt bariyerini onarır, iltihaplanmayı azaltır ve yara iyileşmesini hızlandırır.",beneficial,"Provitamin B5 olarak bilinen panthenol; ciltte pantotenik asite dönüşerek derin nemlendirme sağlar, cilt bariyerini onar",neutral,,neutral,,neutral,,beneficial,"Provitamin B5 olarak bilinen panthenol; ciltte pantotenik asite dönüşerek derin nemlendirme sağlar, cilt bariyerini onar",neutral,,neutral,
Panthenyl Ethyl Ether,panthenylethylether,0,0,0,0,0,0,0,,,top1000,47,Skincare Ingredient,Cilt Bakım Bileşeni,"panthenyl ethyl ether, kozmetik formülasyonlarda kullanılan yardımcı bileşen; ürünün doku, stabilite veya uygulama özelliklerine katkıda bulunur.",neutral,,neutral,,neutral,,neutral,,neutral,,neutral,,neutral,
Pantolactone,pantolactone,0,0,0,0,0,0,0,,,top1000,107,Skincare Ingredient,Cilt Bakım Bileşeni,"pantolactone, kozmetik formülasyonlarda kullanılan yardımcı bileşen; ürünün doku, stabilite veya uygulama özelliklerine katkıda bulunur.",neutral,,neutral,,neutral,,neutral,,neutral,,neutral,,neutral,
Paraffin,paraffin,0,0,0,0,0,0,0,,,top1000,206,Skincare Ingredient,Cilt Bakım Bileşeni,"paraffin, kozmetik formülasyonlarda kullanılan yardımcı bileşen; ürünün doku, stabilite veya uygulama özelliklerine katkıda bulunur.",neutral,,neutral,,neutral,,neutral,,neutral,,neutral,,neutral,
Paraffinum Liquidum,paraffinumliquidum,0,0,0,0,0,0,0,,,top1000,529,Skincare Ingredient,Cilt Bakım Bileşeni,"paraffinum liquidum, kozmetik formülasyonlarda kullanılan yardımcı bileşen; ürünün doku, stabilite veya uygulama özelliklerine katkıda bulunur.",neutral,,neutral,,neutral,,neutral,,neutral,,neutral,,neutral,
Paraffinum Liquidum / Mineral Oil,paraffinumliquidummineraloil,0,0,0,0,0,0,0,,,top1000,48,Skincare Ingredient,Cilt Bakım Bileşeni,"paraffinum liquidum / mineral oil, kozmetik formülasyonlarda kullanılan yardımcı bileşen; ürünün doku, stabilite veya uygulama özelliklerine katkıda bulunur.",neutral,,neutral,,neutral,,neutral,,neutral,,neutral,,neutral,
Pca Glyceryl Oleate,pcaglyceryloleate,1,0,0,0,0,0,0,,,top1000,30,Skincare Ingredient,Emülgatör,"pca glyceryl oleate, yağ ve su fazlarını stabil bir şekilde bir arada tutan emülgatör; formülasyonun homojen yapısını korur ve kremsi doku oluşturur.",neutral,,neutral,,neutral,,neutral,,neutral,,neutral,,neutral,
Peg-10 Dimethicone,peg10dimethicone,0,0,0,0,-1,0,0,,Sensitive|Impaired skin barrier,top1000,67,Skincare Ingredient,Emülgatör / Çözücü (PEG),"peg-10 dimethicone, polietilen glikol türevi emülgatör veya çözücü; formülasyonda bileşenlerin karışmasını ve ciltte düzgün dağılmasını sağlar, bariyer hasarı olan ciltlerde penetrasyonu artırabileceği için dikkat gerektirir.",neutral,,neutral,,neutral,,neutral,,caution,"Hassas ciltte tahriş ve kızarıklık yapabilir, dikkatli kullanılmalı",neutral,,neutral,
Peg-100 Stearate,peg100stearate,0,0,0,0,-1,0,0,,Sensitive|Impaired skin barrier,top1000,420,Skincare Ingredient,Emülgatör / Çözücü (PEG),"peg-100 stearate, polietilen glikol türevi emülgatör veya çözücü; formülasyonda bileşenlerin karışmasını ve ciltte düzgün dağılmasını sağlar, bariyer hasarı olan ciltlerde penetrasyonu artırabileceği için dikkat gerektirir.",neutral,,neutral,,neutral,,neutral,,caution,"Hassas ciltte tahriş ve kızarıklık yapabilir, dikkatli kullanılmalı",neutral,,neutral,
Peg-12,peg12,0,0,0,0,-1,0,0,,Sensitive|Impaired skin barrier,top1000,65,Skincare Ingredient,Emülgatör / Çözücü (PEG),"peg-12, polietilen glikol türevi emülgatör veya çözücü; formülasyonda bileşenlerin karışmasını ve ciltte düzgün dağılmasını sağlar, bariyer hasarı olan ciltlerde penetrasyonu artırabileceği için dikkat gerektirir.",neutral,,neutral,,neutral,,neutral,,caution,"Hassas ciltte tahriş ve kızarıklık yapabilir, dikkatli kullanılmalı",neutral,,neutral,
Peg-12 Dimethicone,peg12dimethicone,0,0,0,0,-1,0,0,,Sensitive|Impaired skin barrier,top1000,51,Skincare Ingredient,Emülgatör / Çözücü (PEG),"peg-12 dimethicone, polietilen glikol türevi emülgatör veya çözücü; formülasyonda bileşenlerin karışmasını ve ciltte düzgün dağılmasını sağlar, bariyer hasarı olan ciltlerde penetrasyonu artırabileceği için dikkat gerektirir.",neutral,,neutral,,neutral,,neutral,,caution,"Hassas ciltte tahriş ve kızarıklık yapabilir, dikkatli kullanılmalı",neutral,,neutral,
Peg-120 Methyl Glucose Dioleate,peg120methylglucosedioleate,0,0,0,0,-1,0,0,,Sensitive|Impaired skin barrier,top1000,121,Skincare Ingredient,Emülgatör / Çözücü (PEG),"peg-120 methyl glucose dioleate, polietilen glikol türevi emülgatör veya çözücü; formülasyonda bileşenlerin karışmasını ve ciltte düzgün dağılmasını sağlar, bariyer hasarı olan ciltlerde penetrasyonu artırabileceği için dikkat gerektirir.",neutral,,neutral,,neutral,,neutral,,caution,"Hassas ciltte tahriş ve kızarıklık yapabilir, dikkatli kullanılmalı",neutral,,neutral,
Peg-150 Distearate,peg150distearate,0,0,0,0,-1,0,0,,Sensitive|Impaired skin barrier,top1000,103,Skincare Ingredient,Emülgatör / Çözücü (PEG),"peg-150 distearate, polietilen glikol türevi emülgatör veya çözücü; formülasyonda bileşenlerin karışmasını ve ciltte düzgün dağılmasını sağlar, bariyer hasarı olan ciltlerde penetrasyonu artırabileceği için dikkat gerektirir.",neutral,,neutral,,neutral,,neutral,,caution,"Hassas ciltte tahriş ve kızarıklık yapabilir, dikkatli kullanılmalı",neutral,,neutral,
Peg-150 Pentaerythrityl Tetrastearate,peg150pentaerythrityltetrastearate,0,0,0,0,-1,0,0,,Sensitive|Impaired skin barrier,top1000,81,Skincare Ingredient,Emülgatör / Çözücü (PEG),"peg-150 pentaerythrityl tetrastearate, polietilen glikol türevi emülgatör veya çözücü; formülasyonda bileşenlerin karışmasını ve ciltte düzgün dağılmasını sağlar, bariyer hasarı olan ciltlerde penetrasyonu artırabileceği için dikkat gerektirir.",neutral,,neutral,,neutral,,neutral,,caution,"Hassas ciltte tahriş ve kızarıklık yapabilir, dikkatli kullanılmalı",neutral,,neutral,
Peg-200 Hydrogenated Glyceryl Palmate,peg200hydrogenatedglycerylpalmate,0,0,0,0,-1,0,0,,Sensitive|Impaired skin barrier,top1000,208,Skincare Ingredient,Emülgatör / Çözücü (PEG),"peg-200 hydrogenated glyceryl palmate, polietilen glikol türevi emülgatör veya çözücü; formülasyonda bileşenlerin karışmasını ve ciltte düzgün dağılmasını sağlar, bariyer hasarı olan ciltlerde penetrasyonu artırabileceği için dikkat gerektirir.",neutral,,neutral,,neutral,,neutral,,caution,"Hassas ciltte tahriş ve kızarıklık yapabilir, dikkatli kullanılmalı",neutral,,neutral,
Peg-3 Distearate,peg3distearate,0,0,0,0,-1,0,0,,Sensitive|Impaired skin barrier,top1000,41,Skincare Ingredient,Emülgatör / Çözücü (PEG),"peg-3 distearate, polietilen glikol türevi emülgatör veya çözücü; formülasyonda bileşenlerin karışmasını ve ciltte düzgün dağılmasını sağlar, bariyer hasarı olan ciltlerde penetrasyonu artırabileceği için dikkat gerektirir.",neutral,,neutral,,neutral,,neutral,,caution,"Hassas ciltte tahriş ve kızarıklık yapabilir, dikkatli kullanılmalı",neutral,,neutral,
Peg-30 Dipolyhydroxystearate,peg30dipolyhydroxystearate,0,0,0,0,-1,0,0,,Sensitive|Impaired skin barrier,top1000,30,Skincare Ingredient,Emülgatör / Çözücü (PEG),"peg-30 dipolyhydroxystearate, polietilen glikol türevi emülgatör veya çözücü; formülasyonda bileşenlerin karışmasını ve ciltte düzgün dağılmasını sağlar, bariyer hasarı olan ciltlerde penetrasyonu artırabileceği için dikkat gerektirir.",neutral,,neutral,,neutral,,neutral,,caution,"Hassas ciltte tahriş ve kızarıklık yapabilir, dikkatli kullanılmalı",neutral,,neutral,
Peg-32,peg32,0,0,0,0,-1,0,0,,Sensitive|Impaired skin barrier,top1000,155,Skincare Ingredient,Emülgatör / Çözücü (PEG),"peg-32, polietilen glikol türevi emülgatör veya çözücü; formülasyonda bileşenlerin karışmasını ve ciltte düzgün dağılmasını sağlar, bariyer hasarı olan ciltlerde penetrasyonu artırabileceği için dikkat gerektirir.",neutral,,neutral,,neutral,,neutral,,caution,"Hassas ciltte tahriş ve kızarıklık yapabilir, dikkatli kullanılmalı",neutral,,neutral,
Peg-4,peg4,0,0,0,0,-1,0,0,,Sensitive|Impaired skin barrier,top1000,28,Skincare Ingredient,Emülgatör / Çözücü (PEG),"peg-4, polietilen glikol türevi emülgatör veya çözücü; formülasyonda bileşenlerin karışmasını ve ciltte düzgün dağılmasını sağlar, bariyer hasarı olan ciltlerde penetrasyonu artırabileceği için dikkat gerektirir.",neutral,,neutral,,neutral,,neutral,,caution,"Hassas ciltte tahriş ve kızarıklık yapabilir, dikkatli kullanılmalı",neutral,,neutral,
Peg-4 Rapeseedamide,peg4rapeseedamide,0,0,0,0,-1,0,0,,Sensitive|Impaired skin barrier,top1000,64,Skincare Ingredient,Emülgatör / Çözücü (PEG),"peg-4 rapeseedamide, polietilen glikol türevi emülgatör veya çözücü; formülasyonda bileşenlerin karışmasını ve ciltte düzgün dağılmasını sağlar, bariyer hasarı olan ciltlerde penetrasyonu artırabileceği için dikkat gerektirir.",neutral,,neutral,,neutral,,neutral,,caution,"Hassas ciltte tahriş ve kızarıklık yapabilir, dikkatli kullanılmalı",neutral,,neutral,
Peg-40 Castor Oil,peg40castoroil,0,0,0,0,-1,0,0,,Sensitive|Impaired skin barrier,top1000,27,Skincare Ingredient,Emülgatör / Çözücü (PEG),"peg-40 castor oil, polietilen glikol türevi emülgatör veya çözücü; formülasyonda bileşenlerin karışmasını ve ciltte düzgün dağılmasını sağlar, bariyer hasarı olan ciltlerde penetrasyonu artırabileceği için dikkat gerektirir.",neutral,,neutral,,neutral,,neutral,,caution,"Hassas ciltte tahriş ve kızarıklık yapabilir, dikkatli kullanılmalı",neutral,,neutral,
Peg-40 Hydrogenated Castor Oil,peg40hydrogenatedcastoroil,0,0,0,0,-1,0,0,,Sensitive|Impaired skin barrier,top1000,723,Skincare Ingredient,Emülgatör / Çözücü (PEG),"peg-40 hydrogenated castor oil, polietilen glikol türevi emülgatör veya çözücü; formülasyonda bileşenlerin karışmasını ve ciltte düzgün dağılmasını sağlar, bariyer hasarı olan ciltlerde penetrasyonu artırabileceği için dikkat gerektirir.",neutral,,neutral,,neutral,,neutral,,caution,"Hassas ciltte tahriş ve kızarıklık yapabilir, dikkatli kullanılmalı",neutral,,neutral,
Peg-40 Stearate,peg40stearate,0,0,0,0,-1,0,0,,Sensitive|Impaired skin barrier,top1000,42,Skincare Ingredient,Emülgatör / Çözücü (PEG),"peg-40 stearate, polietilen glikol türevi emülgatör veya çözücü; formülasyonda bileşenlerin karışmasını ve ciltte düzgün dağılmasını sağlar, bariyer hasarı olan ciltlerde penetrasyonu artırabileceği için dikkat gerektirir.",neutral,,neutral,,neutral,,neutral,,caution,"Hassas ciltte tahriş ve kızarıklık yapabilir, dikkatli kullanılmalı",neutral,,neutral,
Peg-45M,peg45m,0,0,0,0,-1,0,0,,Sensitive|Impaired skin barrier,top1000,71,Skincare Ingredient,Emülgatör / Çözücü (PEG),"peg-45m, polietilen glikol türevi emülgatör veya çözücü; formülasyonda bileşenlerin karışmasını ve ciltte düzgün dağılmasını sağlar, bariyer hasarı olan ciltlerde penetrasyonu artırabileceği için dikkat gerektirir.",neutral,,neutral,,neutral,,neutral,,caution,"Hassas ciltte tahriş ve kızarıklık yapabilir, dikkatli kullanılmalı",neutral,,neutral,
Peg-55 Propylene Glycol Oleate,peg55propyleneglycololeate,0,0,0,0,-1,0,0,,Sensitive|Impaired skin barrier,top1000,69,Skincare Ingredient,Emülgatör / Çözücü (PEG),"peg-55 propylene glycol oleate, polietilen glikol türevi emülgatör veya çözücü; formülasyonda bileşenlerin karışmasını ve ciltte düzgün dağılmasını sağlar, bariyer hasarı olan ciltlerde penetrasyonu artırabileceği için dikkat gerektirir.",neutral,,neutral,,neutral,,neutral,,caution,"Hassas ciltte tahriş ve kızarıklık yapabilir, dikkatli kullanılmalı",neutral,,neutral,
Peg-6,peg6,0,0,0,0,-1,0,0,,Sensitive|Impaired skin barrier,top1000,67,Skincare Ingredient,Emülgatör / Çözücü (PEG),"peg-6, polietilen glikol türevi emülgatör veya çözücü; formülasyonda bileşenlerin karışmasını ve ciltte düzgün dağılmasını sağlar, bariyer hasarı olan ciltlerde penetrasyonu artırabileceği için dikkat gerektirir.",neutral,,neutral,,neutral,,neutral,,caution,"Hassas ciltte tahriş ve kızarıklık yapabilir, dikkatli kullanılmalı",neutral,,neutral,
Peg-6 Caprylic/Capric Glycerides,peg6capryliccapricglycerides,0,0,0,0,-1,0,0,,Sensitive|Impaired skin barrier,top1000,81,Skincare Ingredient,Emülgatör / Çözücü (PEG),"peg-6 caprylic/capric glycerides, polietilen glikol türevi emülgatör veya çözücü; formülasyonda bileşenlerin karışmasını ve ciltte düzgün dağılmasını sağlar, bariyer hasarı olan ciltlerde penetrasyonu artırabileceği için dikkat gerektirir.",neutral,,neutral,,neutral,,neutral,,caution,"Hassas ciltte tahriş ve kızarıklık yapabilir, dikkatli kullanılmalı",neutral,,neutral,
Peg-60 Almond Glycerides,peg60almondglycerides,0,0,0,0,-1,0,0,,Sensitive|Impaired skin barrier,top1000,35,Skincare Ingredient,Emülgatör / Çözücü (PEG),"peg-60 almond glycerides, polietilen glikol türevi emülgatör veya çözücü; formülasyonda bileşenlerin karışmasını ve ciltte düzgün dağılmasını sağlar, bariyer hasarı olan ciltlerde penetrasyonu artırabileceği için dikkat gerektirir.",neutral,,neutral,,neutral,,neutral,,caution,"Hassas ciltte tahriş ve kızarıklık yapabilir, dikkatli kullanılmalı",neutral,,neutral,
Peg-60 Hydrogenated Castor Oil,peg60hydrogenatedcastoroil,0,0,0,0,-1,0,0,,Sensitive|Impaired skin barrier,top1000,115,Skincare Ingredient,Emülgatör / Çözücü (PEG),"peg-60 hydrogenated castor oil, polietilen glikol türevi emülgatör veya çözücü; formülasyonda bileşenlerin karışmasını ve ciltte düzgün dağılmasını sağlar, bariyer hasarı olan ciltlerde penetrasyonu artırabileceği için dikkat gerektirir.",neutral,,neutral,,neutral,,neutral,,caution,"Hassas ciltte tahriş ve kızarıklık yapabilir, dikkatli kullanılmalı",neutral,,neutral,
Peg-7 Glyceryl Cocoate,peg7glycerylcocoate,0,0,0,0,-1,0,0,,Sensitive|Impaired skin barrier,top1000,555,Skincare Ingredient,Emülgatör / Çözücü (PEG),"peg-7 glyceryl cocoate, polietilen glikol türevi emülgatör veya çözücü; formülasyonda bileşenlerin karışmasını ve ciltte düzgün dağılmasını sağlar, bariyer hasarı olan ciltlerde penetrasyonu artırabileceği için dikkat gerektirir.",neutral,,neutral,,neutral,,neutral,,caution,"Hassas ciltte tahriş ve kızarıklık yapabilir, dikkatli kullanılmalı",neutral,,neutral,
Peg-8,peg8,0,0,0,0,-1,0,0,,Sensitive|Impaired skin barrier,top1000,215,Skincare Ingredient,Emülgatör / Çözücü (PEG),"peg-8, polietilen glikol türevi emülgatör veya çözücü; formülasyonda bileşenlerin karışmasını ve ciltte düzgün dağılmasını sağlar, bariyer hasarı olan ciltlerde penetrasyonu artırabileceği için dikkat gerektirir.",neutral,,neutral,,neutral,,neutral,,caution,"Hassas ciltte tahriş ve kızarıklık yapabilir, dikkatli kullanılmalı",neutral,,neutral,
Peg-8 Laurate,peg8laurate,0,0,0,0,-1,0,0,,Sensitive|Impaired skin barrier,top1000,28,Skincare Ingredient,Emülgatör / Çözücü (PEG),"peg-8 laurate, polietilen glikol türevi emülgatör veya çözücü; formülasyonda bileşenlerin karışmasını ve ciltte düzgün dağılmasını sağlar, bariyer hasarı olan ciltlerde penetrasyonu artırabileceği için dikkat gerektirir.",neutral,,neutral,,neutral,,neutral,,caution,"Hassas ciltte tahriş ve kızarıklık yapabilir, dikkatli kullanılmalı",neutral,,neutral,
Peg-80 Sorbitan Laurate,peg80sorbitanlaurate,0,0,0,0,-1,0,0,,Sensitive|Impaired skin barrier,top1000,32,Skincare Ingredient,Emülgatör / Çözücü (PEG),"peg-80 sorbitan laurate, polietilen glikol türevi emülgatör veya çözücü; formülasyonda bileşenlerin karışmasını ve ciltte düzgün dağılmasını sağlar, bariyer hasarı olan ciltlerde penetrasyonu artırabileceği için dikkat gerektirir.",neutral,,neutral,,neutral,,neutral,,caution,"Hassas ciltte tahriş ve kızarıklık yapabilir, dikkatli kullanılmalı",neutral,,neutral,
Peg/Ppg-18/18 Dimethicone,pegppg1818dimethicone,1,0,0,0,0,0,0,Texture,,top1000,48,Silicone,Silikon,"peg/ppg-18/18 dimethicone, silikon bazlı bileşen; ciltte veya saçta pürüzsüz bir yüzey oluşturarak dokuyu iyileştirir, nem kaybını azaltır ve ürüne ipeksi bir uygulama hissi kazandırır.",neutral,,neutral,,neutral,,neutral,,neutral,,neutral,,neutral,
Pelargonium Graveolens Flower Oil,pelargoniumgraveolensfloweroil,0,0,0,0,0,0,0,,,top1000,31,Skincare Ingredient,Cilt Bakım Bileşeni,"pelargonium graveolens flower oil, kozmetik formülasyonlarda kullanılan yardımcı bileşen; ürünün doku, stabilite veya uygulama özelliklerine katkıda bulunur.",neutral,,neutral,,neutral,,neutral,,neutral,,neutral,,neutral,
Pentaerythrityl Tetra-di-t-butyl Hydroxyhydrocinnamate,pentaerythrityltetraditbutylhydroxyhydrocinnamate,0,0,0,0,0,0,0,,,manual_v2,0,Antioxidant,Antioksidan (Formülasyon Koruyucu),Güçlü fenolik antioksidan; formülasyondaki yağların ve aktif bileşenlerin oksidasyonunu önleyerek ürün stabilitesini ve raf ömrünü korur.,neutral,,neutral,,neutral,,neutral,,neutral,,neutral,,neutral,
Pentaerythrityl Tetraisostearate,pentaerythrityltetraisostearate,1,0,0,0,0,0,0,Texture,,top1000,58,Emollient,Yumuşatıcı Ester,"pentaerythrityl tetraisostearate, yağ asidi esteri; cildi yumuşatır, formülasyona hafif ve pürüzsüz bir doku kazandırır.",neutral,,neutral,,neutral,,neutral,,neutral,,neutral,,neutral,
Pentasodium Pentetate,pentasodiumpentetate,0,0,0,0,0,0,0,,,top1000,52,Skincare Ingredient,Cilt Bakım Bileşeni,"pentasodium pentetate, kozmetik formülasyonlarda kullanılan yardımcı bileşen; ürünün doku, stabilite veya uygulama özelliklerine katkıda bulunur.",neutral,,neutral,,neutral,,neutral,,neutral,,neutral,,neutral,
Pentasodium Triphosphate,pentasodiumtriphosphate,0,0,0,0,0,0,0,,,top1000,65,Skincare Ingredient,Cilt Bakım Bileşeni,"pentasodium triphosphate, kozmetik formülasyonlarda kullanılan yardımcı bileşen; ürünün doku, stabilite veya uygulama özelliklerine katkıda bulunur.",neutral,,neutral,,neutral,,neutral,,neutral,,neutral,,neutral,
Pentylene Glycol,pentyleneglycol,1,0,0,0,0,0,0,,,manual_v2,412,Humectant,Nemlendirici / Koruyucu Destekçi,Hafif nemlendirici ve antimikrobiyal destek sağlayan çok fonksiyonlu bileşen; formülasyondaki koruyucuların etkinliğini artırarak daha temiz bir formül oluşturulmasına olanak tanır.,neutral,,neutral,,neutral,,neutral,,neutral,,neutral,,neutral,
Perfume,perfume,0,0,0,0,0,0,0,,,top1000,91,Skincare Ingredient,Cilt Bakım Bileşeni,"perfume, kozmetik formülasyonlarda kullanılan yardımcı bileşen; ürünün doku, stabilite veya uygulama özelliklerine katkıda bulunur.",neutral,,neutral,,neutral,,neutral,,neutral,,neutral,,neutral,
Perlite,perlite,0,0,0,0,0,0,0,,,top1000,80,Skincare Ingredient,Cilt Bakım Bileşeni,"perlite, kozmetik formülasyonlarda kullanılan yardımcı bileşen; ürünün doku, stabilite veya uygulama özelliklerine katkıda bulunur.",neutral,,neutral,,neutral,,neutral,,neutral,,neutral,,neutral,
Persea Gratissima (Avocado) Fruit Extract,perseagratissimaavocadofruitextract,1,0,0,0,0,0,0,,,top1000,49,Botanical Extract,Bitkisel Ekstrakt,"persea gratissima (avocado) fruit extract, bitkisel kaynaklı aktif ekstrakt; antioksidan, yatıştırıcı veya besleyici özellikler taşıyabilir ve formülasyona doğal etkinlik katar.",neutral,,neutral,,neutral,,neutral,,neutral,,neutral,,neutral,
Persea Gratissima (Avocado) Oil,perseagratissimaavocadooil,0,0,0,0,0,0,0,,,top1000,112,Skincare Ingredient,Cilt Bakım Bileşeni,"persea gratissima (avocado) oil, kozmetik formülasyonlarda kullanılan yardımcı bileşen; ürünün doku, stabilite veya uygulama özelliklerine katkıda bulunur.",neutral,,neutral,,neutral,,neutral,,neutral,,neutral,,neutral,
Persea Gratissima Oil,perseagratissimaoil,0,0,0,0,0,0,0,,,top1000,229,Skincare Ingredient,Cilt Bakım Bileşeni,"persea gratissima oil, kozmetik formülasyonlarda kullanılan yardımcı bileşen; ürünün doku, stabilite veya uygulama özelliklerine katkıda bulunur.",neutral,,neutral,,neutral,,neutral,,neutral,,neutral,,neutral,
Petrolatum,petrolatum,0,0,0,0,0,0,0,,,top1000,370,Skincare Ingredient,Cilt Bakım Bileşeni,"petrolatum, kozmetik formülasyonlarda kullanılan yardımcı bileşen; ürünün doku, stabilite veya uygulama özelliklerine katkıda bulunur.",neutral,,neutral,,neutral,,neutral,,neutral,,neutral,,neutral,
Phellodendron Amurense Bark Extract,phellodendronamurensebarkextract,0,1,0,0,1,0,0,Acne|Redness,,manual_v2,0,Botanical Extract,Bitkisel Ekstrakt (Amur Mantarı Ağacı),"Geleneksel Doğu Asya tıbbında kullanılan ağaç kabuğu ekstresi; berberin bileşeniyle güçlü anti-inflamatuar ve antimikrobiyal etki gösterir, yağlı ve akneli cildi yatıştırır.",neutral,,neutral,,neutral,,neutral,,neutral,,neutral,,neutral,
Phenethyl Alcohol,phenethylalcohol,0,0,0,0,0,0,0,,,top1000,66,Skincare Ingredient,Cilt Bakım Bileşeni,"phenethyl alcohol, kozmetik formülasyonlarda kullanılan yardımcı bileşen; ürünün doku, stabilite veya uygulama özelliklerine katkıda bulunur.",neutral,,neutral,,neutral,,neutral,,neutral,,neutral,,neutral,
Phenoxyethanol,phenoxyethanol,-2,0,0,0,-2,0,0,Anyone,,manual_v2,61,Preservative,Koruyucu,"Kozmetik endüstrisinde en yaygın kullanılan koruyuculardan biri; geniş spektrumlu antimikrobiyal etki göstererek ürünü bakteri ve küf kontaminasyonundan korur, %1 altı konsantrasyonlarda güvenli kabul edilir.",caution,"Kurutucu etki yapabilir, nemlendiriciyle kullanılmalı",neutral,,neutral,,neutral,,caution,Hassas ciltte tahriş ve kızarıklık yapabilir,neutral,,neutral,
Phenyl Trimethicone,phenyltrimethicone,1,0,0,0,0,0,0,Texture,,top1000,82,Silicone,Silikon,"phenyl trimethicone, silikon bazlı bileşen; ciltte veya saçta pürüzsüz bir yüzey oluşturarak dokuyu iyileştirir, nem kaybını azaltır ve ürüne ipeksi bir uygulama hissi kazandırır.",neutral,,neutral,,neutral,,neutral,,neutral,,neutral,,neutral,
Phenylalanine,phenylalanine,1,0,0,0,0,0,0,Dry and dehydrated skin,,top1000,28,Skincare Ingredient,Amino Asit / Protein,"phenylalanine, cildin yapısal proteinlerini ve doğal nem faktörünü destekleyen amino asit veya protein bileşeni; nem tutmaya ve bariyer fonksiyonuna katkıda bulunur.",neutral,,neutral,,neutral,,neutral,,neutral,,neutral,,neutral,
Phenylbenzimidazole Sulfonic Acid,phenylbenzimidazolesulfonicacid,0,0,0,0,0,0,0,,,top1000,184,Skincare Ingredient,Cilt Bakım Bileşeni,"phenylbenzimidazole sulfonic acid, kozmetik formülasyonlarda kullanılan yardımcı bileşen; ürünün doku, stabilite veya uygulama özelliklerine katkıda bulunur.",neutral,,neutral,,neutral,,neutral,,neutral,,neutral,,neutral,
Phenylene Bis-Diphenyltriazine,phenylenebisdiphenyltriazine,0,0,0,1,1,0,0,UV Protection|Anyone,,manual_v2,0,Sunscreen Agent,Güneş Koruyucu (Yeni Nesil),"Yeni nesil geniş spektrumlu UV filtresi; hem UVA hem UVB ışınlarına karşı yüksek koruma sağlar, olağanüstü fotostabiliteye sahiptir ve diğer filtreleri de stabilize eder.",neutral,,neutral,,neutral,,neutral,,neutral,,neutral,,neutral,
Phenylpropanol,phenylpropanol,0,0,0,0,0,0,0,,,top1000,27,Skincare Ingredient,Cilt Bakım Bileşeni,"phenylpropanol, kozmetik formülasyonlarda kullanılan yardımcı bileşen; ürünün doku, stabilite veya uygulama özelliklerine katkıda bulunur.",neutral,,neutral,,neutral,,neutral,,neutral,,neutral,,neutral,
Phospholipids,phospholipids,0,0,0,0,0,0,0,,,top1000,44,Skincare Ingredient,Cilt Bakım Bileşeni,"phospholipids, kozmetik formülasyonlarda kullanılan yardımcı bileşen; ürünün doku, stabilite veya uygulama özelliklerine katkıda bulunur.",neutral,,neutral,,neutral,,neutral,,neutral,,neutral,,neutral,
Phosphoric Acid,phosphoricacid,0,0,0,0,0,0,0,,,top1000,140,Skincare Ingredient,pH Düzenleyici,"phosphoric acid, formülasyonun pH değerini ayarlayarak aktif bileşenlerin optimum etkinliğini ve ürünün cilt uyumluluğunu sağlar.",neutral,,neutral,,neutral,,neutral,,neutral,,neutral,,neutral,
Phytic Acid,phyticacid,0,0,0,0,0,0,0,,,top1000,81,Skincare Ingredient,Şelatör,"phytic acid, metal iyonlarını bağlayarak formülasyonun stabilitesini koruyan şelatlama ajanı; ürünün renk, koku ve etkinlik kaybını önler.",neutral,,neutral,,neutral,,neutral,,neutral,,neutral,,neutral,
Phytosphingosine,phytosphingosine,2,1,1,1,2,1,0,Impaired skin barrier|Acne|Redness|Anyone,,manual_v2,93,Ceramide,Seramid Öncüsü,"Seramid sentezinin doğal öncü molekülü; antimikrobiyal ve anti-inflamatuar özellikleriyle cilt bariyerini güçlendirir, akne bakterileriyle mücadele eder ve cildi yatıştırır.",beneficial,"Seramid sentezinin doğal öncü molekülü; antimikrobiyal ve anti-inflamatuar özellikleriyle cilt bariyerini güçlendirir, a",neutral,,neutral,,neutral,,beneficial,"Seramid sentezinin doğal öncü molekülü; antimikrobiyal ve anti-inflamatuar özellikleriyle cilt bariyerini güçlendirir, a",neutral,,neutral,
Phytosteryl Canola Glycerides,phytosterylcanolaglycerides,2,0,0,0,1,0,0,Dry and dehydrated skin|Impaired skin barrier,,manual_v2,0,Emollient,Bitkisel Yumuşatıcı,"Kanola yağından elde edilen fitosterol esteri; cildin lipid bariyerine yapısal olarak benzer bileşenler içerir, nem kaybını önler ve bariyer onarımını destekler.",beneficial,"Kanola yağından elde edilen fitosterol esteri; cildin lipid bariyerine yapısal olarak benzer bileşenler içerir, nem kayb",neutral,,neutral,,neutral,,neutral,,neutral,,neutral,
Pinene,pinene,0,0,0,0,0,0,0,,,top1000,56,Skincare Ingredient,Cilt Bakım Bileşeni,"pinene, kozmetik formülasyonlarda kullanılan yardımcı bileşen; ürünün doku, stabilite veya uygulama özelliklerine katkıda bulunur.",neutral,,neutral,,neutral,,neutral,,neutral,,neutral,,neutral,
Piroctone Olamine,piroctoneolamine,0,0,0,0,0,0,0,,,top1000,159,Skincare Ingredient,Cilt Bakım Bileşeni,"piroctone olamine, kozmetik formülasyonlarda kullanılan yardımcı bileşen; ürünün doku, stabilite veya uygulama özelliklerine katkıda bulunur.",neutral,,neutral,,neutral,,neutral,,neutral,,neutral,,neutral,
Pogostemon Cablin Oil,pogostemoncablinoil,0,0,0,0,0,0,0,,,top1000,36,Skincare Ingredient,Cilt Bakım Bileşeni,"pogostemon cablin oil, kozmetik formülasyonlarda kullanılan yardımcı bileşen; ürünün doku, stabilite veya uygulama özelliklerine katkıda bulunur.",neutral,,neutral,,neutral,,neutral,,neutral,,neutral,,neutral,
Poloxamer 124,poloxamer124,0,0,0,0,0,0,0,,,top1000,30,Skincare Ingredient,Cilt Bakım Bileşeni,"poloxamer 124, kozmetik formülasyonlarda kullanılan yardımcı bileşen; ürünün doku, stabilite veya uygulama özelliklerine katkıda bulunur.",neutral,,neutral,,neutral,,neutral,,neutral,,neutral,,neutral,
Poloxamer 184,poloxamer184,0,0,0,0,0,0,0,,,manual_v2,0,Skincare Ingredient,Çözücü / Emülgatör,"Blok kopolimer yüzey aktif madde; formülasyonda çözündürücü ve emülgatör olarak çalışır, özellikle misel temizleyicilerde makyaj ve kirlilik kalıntılarının çözünmesini sağlar.",neutral,,neutral,,neutral,,neutral,,neutral,,neutral,,neutral,
Poloxamer 338,poloxamer338,0,0,0,0,0,0,0,,,manual_v2,0,Skincare Ingredient,Emülgatör / Çözücü,"Non-iyonik blok kopolimer; formülasyonda çözündürücü ve stabilizatör olarak çalışır, aktif bileşenlerin homojen dağılımını sağlar.",neutral,,neutral,,neutral,,neutral,,neutral,,neutral,,neutral,
Poloxamer 407,poloxamer407,0,0,0,0,0,0,0,,,top1000,113,Skincare Ingredient,Cilt Bakım Bileşeni,"poloxamer 407, kozmetik formülasyonlarda kullanılan yardımcı bileşen; ürünün doku, stabilite veya uygulama özelliklerine katkıda bulunur.",neutral,,neutral,,neutral,,neutral,,neutral,,neutral,,neutral,
Poly C10-30 Alkyl Acrylate,polyc1030alkylacrylate,0,0,0,0,0,0,0,,,manual_v2,0,Skincare Ingredient,Film Oluşturucu,Akrilik polimer; ciltte su geçirmez ve esnek bir film oluşturarak güneş koruyucuların suya ve tere dayanıklılığını artırır.,neutral,,neutral,,neutral,,neutral,,neutral,,neutral,,neutral,
Polyacrylamide,polyacrylamide,0,0,0,0,0,0,0,,,top1000,85,Skincare Ingredient,Kıvam Artırıcı / Stabilizatör,"polyacrylamide, formülasyona kıvam ve stabilite kazandıran polimer; ürünün dokusunu iyileştirir ve bileşenlerin homojen dağılmasını sağlar.",neutral,,neutral,,neutral,,neutral,,neutral,,neutral,,neutral,
Polyacrylate Crosspolymer-6,polyacrylatecrosspolymer6,0,0,0,0,0,0,0,,,top1000,34,Skincare Ingredient,Kıvam Artırıcı / Stabilizatör,"polyacrylate crosspolymer-6, formülasyona kıvam ve stabilite kazandıran polimer; ürünün dokusunu iyileştirir ve bileşenlerin homojen dağılmasını sağlar.",neutral,,neutral,,neutral,,neutral,,neutral,,neutral,,neutral,
Polyacrylate-13,polyacrylate13,0,0,0,0,0,0,0,,,top1000,29,Skincare Ingredient,Cilt Bakım Bileşeni,"polyacrylate-13, kozmetik formülasyonlarda kullanılan yardımcı bileşen; ürünün doku, stabilite veya uygulama özelliklerine katkıda bulunur.",neutral,,neutral,,neutral,,neutral,,neutral,,neutral,,neutral,
Polyaminopropyl Biguanide,polyaminopropylbiguanide,0,0,0,0,0,0,0,,,top1000,36,Skincare Ingredient,Cilt Bakım Bileşeni,"polyaminopropyl biguanide, kozmetik formülasyonlarda kullanılan yardımcı bileşen; ürünün doku, stabilite veya uygulama özelliklerine katkıda bulunur.",neutral,,neutral,,neutral,,neutral,,neutral,,neutral,,neutral,
Polybutene,polybutene,0,0,0,0,0,0,0,,,top1000,73,Skincare Ingredient,Cilt Bakım Bileşeni,"polybutene, kozmetik formülasyonlarda kullanılan yardımcı bileşen; ürünün doku, stabilite veya uygulama özelliklerine katkıda bulunur.",neutral,,neutral,,neutral,,neutral,,neutral,,neutral,,neutral,
Polycarboxylates,polycarboxylates,0,0,0,0,0,0,0,,,top1000,28,Skincare Ingredient,Cilt Bakım Bileşeni,"polycarboxylates, kozmetik formülasyonlarda kullanılan yardımcı bileşen; ürünün doku, stabilite veya uygulama özelliklerine katkıda bulunur.",neutral,,neutral,,neutral,,neutral,,neutral,,neutral,,neutral,
Polyether-1,polyether1,0,0,0,0,0,0,0,,,manual_v2,0,Skincare Ingredient,Köpük Düzenleyici,Silikon bazlı köpük kontrol ajanı; formülasyonda istenmeyen köpüklenmeyi önler ve ürünün pürüzsüz uygulanmasını sağlar.,neutral,,neutral,,neutral,,neutral,,neutral,,neutral,,neutral,
Polyethylene,polyethylene,0,0,0,0,0,0,0,,,top1000,139,Skincare Ingredient,Cilt Bakım Bileşeni,"polyethylene, kozmetik formülasyonlarda kullanılan yardımcı bileşen; ürünün doku, stabilite veya uygulama özelliklerine katkıda bulunur.",neutral,,neutral,,neutral,,neutral,,neutral,,neutral,,neutral,
Polyethylene Terephthalate,polyethyleneterephthalate,0,0,0,0,0,0,0,,,top1000,38,Skincare Ingredient,Cilt Bakım Bileşeni,"polyethylene terephthalate, kozmetik formülasyonlarda kullanılan yardımcı bileşen; ürünün doku, stabilite veya uygulama özelliklerine katkıda bulunur.",neutral,,neutral,,neutral,,neutral,,neutral,,neutral,,neutral,
Polyglycerin-6,polyglycerin6,2,0,0,0,0,0,0,Dry and dehydrated skin,,manual_v2,0,Humectant,Nemlendirici (Poligliserin),"Altı gliserin biriminden oluşan polimer; glycerin'den daha güçlü nem tutma kapasitesine sahip, cildi yapışkan his bırakmadan nemlendirir ve formülasyonda çözücü olarak da görev yapar.",beneficial,"Altı gliserin biriminden oluşan polimer; glycerin'den daha güçlü nem tutma kapasitesine sahip, cildi yapışkan his bırakm",neutral,,neutral,,neutral,,neutral,,neutral,,neutral,
Polyglyceryl-10 Laurate,polyglyceryl10laurate,1,0,0,0,0,0,0,,,manual_v2,0,Skincare Ingredient,Emülgatör (Nazik),"Bitkisel kaynaklı nazik emülgatör; hassas cilt formülasyonlarına uygun, cildi kurutmadan temizleme ve emülsiyon stabilitesi sağlar.",neutral,,neutral,,neutral,,neutral,,neutral,,neutral,,neutral,
Polyglyceryl-10 Stearate,polyglyceryl10stearate,1,0,0,0,0,0,0,,,top1000,28,Skincare Ingredient,Emülgatör,"polyglyceryl-10 stearate, yağ ve su fazlarını stabil bir şekilde bir arada tutan emülgatör; formülasyonun homojen yapısını korur ve kremsi doku oluşturur.",neutral,,neutral,,neutral,,neutral,,neutral,,neutral,,neutral,
Polyglyceryl-2 Dipolyhydroxystearate,polyglyceryl2dipolyhydroxystearate,1,0,0,0,0,0,0,,,top1000,77,Skincare Ingredient,Emülgatör,"polyglyceryl-2 dipolyhydroxystearate, yağ ve su fazlarını stabil bir şekilde bir arada tutan emülgatör; formülasyonun homojen yapısını korur ve kremsi doku oluşturur.",neutral,,neutral,,neutral,,neutral,,neutral,,neutral,,neutral,
Polyglyceryl-3 Caprylate,polyglyceryl3caprylate,1,0,0,0,0,0,0,,,top1000,36,Skincare Ingredient,Emülgatör,"polyglyceryl-3 caprylate, yağ ve su fazlarını stabil bir şekilde bir arada tutan emülgatör; formülasyonun homojen yapısını korur ve kremsi doku oluşturur.",neutral,,neutral,,neutral,,neutral,,neutral,,neutral,,neutral,
Polyglyceryl-3 Dicitrate/Stearate,polyglyceryl3dicitratestearate,1,0,0,0,0,0,0,,,top1000,32,Skincare Ingredient,Emülgatör,"polyglyceryl-3 dicitrate/stearate, yağ ve su fazlarını stabil bir şekilde bir arada tutan emülgatör; formülasyonun homojen yapısını korur ve kremsi doku oluşturur.",neutral,,neutral,,neutral,,neutral,,neutral,,neutral,,neutral,
Polyglyceryl-3 Diisostearate,polyglyceryl3diisostearate,1,0,0,0,0,0,0,,,top1000,138,Skincare Ingredient,Emülgatör,"polyglyceryl-3 diisostearate, yağ ve su fazlarını stabil bir şekilde bir arada tutan emülgatör; formülasyonun homojen yapısını korur ve kremsi doku oluşturur.",neutral,,neutral,,neutral,,neutral,,neutral,,neutral,,neutral,
Polyglyceryl-3 Distearate,polyglyceryl3distearate,1,0,0,0,0,0,0,,,manual_v2,0,Skincare Ingredient,Emülgatör,"Bitkisel kaynaklı poligliseril esteri; yağ ve su fazlarını stabil bir emülsiyon halinde tutan emülgatör, özellikle güneş koruyucu formülasyonlarda tercih edilir.",neutral,,neutral,,neutral,,neutral,,neutral,,neutral,,neutral,
Polyglyceryl-3 Methylglucose Distearate,polyglyceryl3methylglucosedistearate,2,0,0,0,0,0,0,,,top1000,53,Skincare Ingredient,Emülgatör,"polyglyceryl-3 methylglucose distearate, yağ ve su fazlarını stabil bir şekilde bir arada tutan emülgatör; formülasyonun homojen yapısını korur ve kremsi doku oluşturur.",beneficial,Kuru cilt için faydalı bileşen,neutral,,neutral,,neutral,,neutral,,neutral,,neutral,
Polyglyceryl-4 Caprate,polyglyceryl4caprate,1,0,0,0,0,0,0,,,top1000,50,Skincare Ingredient,Emülgatör,"polyglyceryl-4 caprate, yağ ve su fazlarını stabil bir şekilde bir arada tutan emülgatör; formülasyonun homojen yapısını korur ve kremsi doku oluşturur.",neutral,,neutral,,neutral,,neutral,,neutral,,neutral,,neutral,
Polyglyceryl-4 Diisostearate/Polyhydroxystearate/Sebacate,polyglyceryl4diisostearatepolyhydroxystearatesebacate,1,0,0,0,0,0,0,,,manual_v2,0,Skincare Ingredient,Emülgatör (Kompleks),"Çok fonksiyonlu bitkisel kaynaklı emülgatör sistemi; su-yağ tipi emülsiyonlarda üstün stabilite sağlar, ciltte hafif ve yağsız bir his bırakır.",neutral,,neutral,,neutral,,neutral,,neutral,,neutral,,neutral,
Polyglyceryl-4 Isostearate,polyglyceryl4isostearate,1,0,0,0,0,0,0,,,manual_v2,0,Skincare Ingredient,Emülgatör,"Bitkisel kaynaklı hafif emülgatör; su-yağ tipi emülsiyonlarda stabilite sağlar, hassas cilt formülasyonlarına uygun nazik yapıdadır.",neutral,,neutral,,neutral,,neutral,,neutral,,neutral,,neutral,
Polyglyceryl-6 Behenate,polyglyceryl6behenate,0,0,0,0,0,0,0,,,top1000,27,Skincare Ingredient,Emülgatör,"polyglyceryl-6 behenate, yağ ve su fazlarını stabil bir şekilde bir arada tutan emülgatör; formülasyonun homojen yapısını korur ve kremsi doku oluşturur.",neutral,,neutral,,neutral,,neutral,,neutral,,neutral,,neutral,
Polyhydroxystearic Acid,polyhydroxystearicacid,1,0,0,0,0,0,0,,,top1000,76,Oil / Lipid,Yağ Asidi,"polyhydroxystearic acid, doğal yağ asidi; cildin lipid bariyerini destekler, yumuşatıcı etki gösterir ve formülasyonun kıvamına katkıda bulunur.",neutral,,neutral,,neutral,,neutral,,neutral,,neutral,,neutral,
Polyisobutene,polyisobutene,0,0,0,0,0,0,0,,,top1000,78,Skincare Ingredient,Cilt Bakım Bileşeni,"polyisobutene, kozmetik formülasyonlarda kullanılan yardımcı bileşen; ürünün doku, stabilite veya uygulama özelliklerine katkıda bulunur.",neutral,,neutral,,neutral,,neutral,,neutral,,neutral,,neutral,
Polymethyl Methacrylate,polymethylmethacrylate,0,0,0,0,0,0,0,,,top1000,34,Skincare Ingredient,Cilt Bakım Bileşeni,"polymethyl methacrylate, kozmetik formülasyonlarda kullanılan yardımcı bileşen; ürünün doku, stabilite veya uygulama özelliklerine katkıda bulunur.",neutral,,neutral,,neutral,,neutral,,neutral,,neutral,,neutral,
Polymethylsilsesquioxane,polymethylsilsesquioxane,1,0,0,0,0,0,0,Texture,,manual_v2,0,Silicone,Silikon (Pudra),"Küresel mikro silikon partikülleri; ciltte yumuşak odaklama etkisi yaratarak gözeneklerin ve ince çizgilerin görünümünü optik olarak azaltır, makyaj bazlarında yaygın kullanılır.",neutral,,neutral,,neutral,,neutral,,neutral,,neutral,,neutral,
Polyquaternium-10,polyquaternium10,0,0,0,0,0,0,0,,,top1000,542,Skincare Ingredient,Cilt Bakım Bileşeni,"polyquaternium-10, kozmetik formülasyonlarda kullanılan yardımcı bileşen; ürünün doku, stabilite veya uygulama özelliklerine katkıda bulunur.",neutral,,neutral,,neutral,,neutral,,neutral,,neutral,,neutral,
Polyquaternium-11,polyquaternium11,0,0,0,0,0,0,0,,,top1000,35,Skincare Ingredient,Cilt Bakım Bileşeni,"polyquaternium-11, kozmetik formülasyonlarda kullanılan yardımcı bileşen; ürünün doku, stabilite veya uygulama özelliklerine katkıda bulunur.",neutral,,neutral,,neutral,,neutral,,neutral,,neutral,,neutral,
Polyquaternium-16,polyquaternium16,0,0,0,0,0,0,0,,,top1000,29,Skincare Ingredient,Cilt Bakım Bileşeni,"polyquaternium-16, kozmetik formülasyonlarda kullanılan yardımcı bileşen; ürünün doku, stabilite veya uygulama özelliklerine katkıda bulunur.",neutral,,neutral,,neutral,,neutral,,neutral,,neutral,,neutral,
Polyquaternium-22,polyquaternium22,0,0,0,0,0,0,0,,,top1000,58,Skincare Ingredient,Cilt Bakım Bileşeni,"polyquaternium-22, kozmetik formülasyonlarda kullanılan yardımcı bileşen; ürünün doku, stabilite veya uygulama özelliklerine katkıda bulunur.",neutral,,neutral,,neutral,,neutral,,neutral,,neutral,,neutral,
Polyquaternium-37,polyquaternium37,0,0,0,0,0,0,0,,,top1000,71,Skincare Ingredient,Cilt Bakım Bileşeni,"polyquaternium-37, kozmetik formülasyonlarda kullanılan yardımcı bileşen; ürünün doku, stabilite veya uygulama özelliklerine katkıda bulunur.",neutral,,neutral,,neutral,,neutral,,neutral,,neutral,,neutral,
Polyquaternium-39,polyquaternium39,0,0,0,0,0,0,0,,,top1000,38,Skincare Ingredient,Cilt Bakım Bileşeni,"polyquaternium-39, kozmetik formülasyonlarda kullanılan yardımcı bileşen; ürünün doku, stabilite veya uygulama özelliklerine katkıda bulunur.",neutral,,neutral,,neutral,,neutral,,neutral,,neutral,,neutral,
Polyquaternium-51,polyquaternium51,2,0,0,0,2,1,0,Dry and dehydrated skin|Impaired skin barrier|Anyone,,manual_v2,0,Humectant,Nemlendirici (Lipidure),"Hücre zarı yapısını taklit eden biyomimetik polimer; cildin doğal fosfolipitlerine benzer yapısıyla yoğun nemlendirme sağlar, bariyer fonksiyonunu destekler ve tahriş eşiğini yükseltir.",beneficial,Hücre zarı yapısını taklit eden biyomimetik polimer; cildin doğal fosfolipitlerine benzer yapısıyla yoğun nemlendirme sa,neutral,,neutral,,neutral,,beneficial,Hücre zarı yapısını taklit eden biyomimetik polimer; cildin doğal fosfolipitlerine benzer yapısıyla yoğun nemlendirme sa,neutral,,neutral,
Polyquaternium-6,polyquaternium6,0,0,0,0,0,0,0,,,top1000,51,Skincare Ingredient,Cilt Bakım Bileşeni,"polyquaternium-6, kozmetik formülasyonlarda kullanılan yardımcı bileşen; ürünün doku, stabilite veya uygulama özelliklerine katkıda bulunur.",neutral,,neutral,,neutral,,neutral,,neutral,,neutral,,neutral,
Polyquaternium-67,polyquaternium67,1,0,0,0,0,0,0,,,manual_v2,0,Skincare Ingredient,Film Oluşturucu / Nemlendirici,"Katyonik polimer; ciltte ince ve esnek bir film oluşturarak nem kaybını önler, pürüzsüz bir yüzey sağlar ve diğer aktif bileşenlerin ciltte kalma süresini uzatır.",neutral,,neutral,,neutral,,neutral,,neutral,,neutral,,neutral,
Polyquaternium-7,polyquaternium7,0,0,0,0,0,0,0,,,top1000,621,Skincare Ingredient,Cilt Bakım Bileşeni,"polyquaternium-7, kozmetik formülasyonlarda kullanılan yardımcı bileşen; ürünün doku, stabilite veya uygulama özelliklerine katkıda bulunur.",neutral,,neutral,,neutral,,neutral,,neutral,,neutral,,neutral,
Polysorbate 20,polysorbate20,0,0,0,0,0,0,0,,,top1000,511,Skincare Ingredient,Emülgatör,"polysorbate 20, yağ ve su fazlarını stabil bir şekilde bir arada tutan emülgatör; formülasyonun homojen yapısını korur ve kremsi doku oluşturur.",neutral,,neutral,,neutral,,neutral,,neutral,,neutral,,neutral,
Polysorbate 60,polysorbate60,0,0,0,0,0,0,0,,,top1000,174,Skincare Ingredient,Emülgatör,"polysorbate 60, yağ ve su fazlarını stabil bir şekilde bir arada tutan emülgatör; formülasyonun homojen yapısını korur ve kremsi doku oluşturur.",neutral,,neutral,,neutral,,neutral,,neutral,,neutral,,neutral,
Polysorbate 80,polysorbate80,0,0,0,0,0,0,0,,,top1000,159,Skincare Ingredient,Emülgatör,"polysorbate 80, yağ ve su fazlarını stabil bir şekilde bir arada tutan emülgatör; formülasyonun homojen yapısını korur ve kremsi doku oluşturur.",neutral,,neutral,,neutral,,neutral,,neutral,,neutral,,neutral,
Polyvinyl Alcohol,polyvinylalcohol,0,0,0,0,0,0,0,,,top1000,34,Skincare Ingredient,Cilt Bakım Bileşeni,"polyvinyl alcohol, kozmetik formülasyonlarda kullanılan yardımcı bileşen; ürünün doku, stabilite veya uygulama özelliklerine katkıda bulunur.",neutral,,neutral,,neutral,,neutral,,neutral,,neutral,,neutral,
Potassium Alum,potassiumalum,0,0,0,0,0,0,0,,,top1000,56,Mineral,Mineral,"potassium alum, mineral bazlı bileşen; formülasyonun fiziksel özelliklerine katkıda bulunur veya ciltte koruyucu/düzenleyici etki gösterir.",neutral,,neutral,,neutral,,neutral,,neutral,,neutral,,neutral,
Potassium Cetyl Phosphate,potassiumcetylphosphate,0,0,0,0,0,0,0,,,top1000,249,Mineral,Mineral,"potassium cetyl phosphate, mineral bazlı bileşen; formülasyonun fiziksel özelliklerine katkıda bulunur veya ciltte koruyucu/düzenleyici etki gösterir.",neutral,,neutral,,neutral,,neutral,,neutral,,neutral,,neutral,
Potassium Chloride,potassiumchloride,0,0,0,0,0,0,0,,,top1000,45,Mineral,Mineral,"potassium chloride, mineral bazlı bileşen; formülasyonun fiziksel özelliklerine katkıda bulunur veya ciltte koruyucu/düzenleyici etki gösterir.",neutral,,neutral,,neutral,,neutral,,neutral,,neutral,,neutral,
Potassium Citrate,potassiumcitrate,0,0,0,0,0,0,0,,,top1000,61,Mineral,Mineral,"potassium citrate, mineral bazlı bileşen; formülasyonun fiziksel özelliklerine katkıda bulunur veya ciltte koruyucu/düzenleyici etki gösterir.",neutral,,neutral,,neutral,,neutral,,neutral,,neutral,,neutral,
Potassium Cocoate,potassiumcocoate,0,0,0,0,0,0,0,,,top1000,66,Mineral,Mineral,"potassium cocoate, mineral bazlı bileşen; formülasyonun fiziksel özelliklerine katkıda bulunur veya ciltte koruyucu/düzenleyici etki gösterir.",neutral,,neutral,,neutral,,neutral,,neutral,,neutral,,neutral,
Potassium Hydroxide,potassiumhydroxide,0,0,0,0,0,0,0,,,top1000,288,Mineral,Mineral,"potassium hydroxide, mineral bazlı bileşen; formülasyonun fiziksel özelliklerine katkıda bulunur veya ciltte koruyucu/düzenleyici etki gösterir.",neutral,,neutral,,neutral,,neutral,,neutral,,neutral,,neutral,
Potassium Lactate,potassiumlactate,0,0,0,0,0,0,0,,,top1000,46,Mineral,Mineral,"potassium lactate, mineral bazlı bileşen; formülasyonun fiziksel özelliklerine katkıda bulunur veya ciltte koruyucu/düzenleyici etki gösterir.",neutral,,neutral,,neutral,,neutral,,neutral,,neutral,,neutral,
Potassium Nitrate,potassiumnitrate,0,0,0,0,0,0,0,,,top1000,53,Mineral,Mineral,"potassium nitrate, mineral bazlı bileşen; formülasyonun fiziksel özelliklerine katkıda bulunur veya ciltte koruyucu/düzenleyici etki gösterir.",neutral,,neutral,,neutral,,neutral,,neutral,,neutral,,neutral,
Potassium Olivate,potassiumolivate,0,0,0,0,0,0,0,,,top1000,44,Mineral,Mineral,"potassium olivate, mineral bazlı bileşen; formülasyonun fiziksel özelliklerine katkıda bulunur veya ciltte koruyucu/düzenleyici etki gösterir.",neutral,,neutral,,neutral,,neutral,,neutral,,neutral,,neutral,
Potassium Phosphate,potassiumphosphate,0,0,0,0,0,0,0,,,top1000,65,Mineral,Mineral,"potassium phosphate, mineral bazlı bileşen; formülasyonun fiziksel özelliklerine katkıda bulunur veya ciltte koruyucu/düzenleyici etki gösterir.",neutral,,neutral,,neutral,,neutral,,neutral,,neutral,,neutral,
Potassium Sorbate,potassiumsorbate,0,0,0,0,0,0,0,,,manual_v2,109,Preservative,Koruyucu,"Sorbik asidin potasyum tuzu; özellikle düşük pH'lı formülasyonlarda maya ve küf oluşumunu engelleyen nazik koruyucu, doğal kozmetik ürünlerinde sıkça tercih edilir.",neutral,,neutral,,neutral,,neutral,,neutral,,neutral,,neutral,
Ppg-1-Peg-9 Lauryl Glycol Ether,ppg1peg9laurylglycolether,0,0,0,0,-1,0,0,,Sensitive|Impaired skin barrier,top1000,30,Skincare Ingredient,Emülgatör / Çözücü (PEG),"ppg-1-peg-9 lauryl glycol ether, polietilen glikol türevi emülgatör veya çözücü; formülasyonda bileşenlerin karışmasını ve ciltte düzgün dağılmasını sağlar, bariyer hasarı olan ciltlerde penetrasyonu artırabileceği için dikkat gerektirir.",neutral,,neutral,,neutral,,neutral,,caution,"Hassas ciltte tahriş ve kızarıklık yapabilir, dikkatli kullanılmalı",neutral,,neutral,
Ppg-12,ppg12,0,0,0,0,0,0,0,,,top1000,46,Skincare Ingredient,Cilt Bakım Bileşeni,"ppg-12, kozmetik formülasyonlarda kullanılan yardımcı bileşen; ürünün doku, stabilite veya uygulama özelliklerine katkıda bulunur.",neutral,,neutral,,neutral,,neutral,,neutral,,neutral,,neutral,
Ppg-14 Butyl Ether,ppg14butylether,0,0,0,0,0,0,0,,,top1000,164,Skincare Ingredient,Cilt Bakım Bileşeni,"ppg-14 butyl ether, kozmetik formülasyonlarda kullanılan yardımcı bileşen; ürünün doku, stabilite veya uygulama özelliklerine katkıda bulunur.",neutral,,neutral,,neutral,,neutral,,neutral,,neutral,,neutral,
Ppg-15 Stearyl Ether,ppg15stearylether,0,0,0,0,0,0,0,,,top1000,123,Skincare Ingredient,Cilt Bakım Bileşeni,"ppg-15 stearyl ether, kozmetik formülasyonlarda kullanılan yardımcı bileşen; ürünün doku, stabilite veya uygulama özelliklerine katkıda bulunur.",neutral,,neutral,,neutral,,neutral,,neutral,,neutral,,neutral,
Ppg-2 Hydroxyethyl Cocamide,ppg2hydroxyethylcocamide,0,0,0,0,0,0,0,Anyone,,top1000,44,Surfactant,Yüzey Aktif Madde (Nazik),"ppg-2 hydroxyethyl cocamide, nazik temizleyici yüzey aktif madde; cildi fazla kurutmadan etkili temizlik sağlar ve hassas cilt formülasyonlarında tercih edilir.",neutral,,neutral,,neutral,,neutral,,neutral,,neutral,,neutral,
Ppg-26-Buteth-26,ppg26buteth26,0,0,0,0,0,0,0,,,top1000,65,Skincare Ingredient,Cilt Bakım Bileşeni,"ppg-26-buteth-26, kozmetik formülasyonlarda kullanılan yardımcı bileşen; ürünün doku, stabilite veya uygulama özelliklerine katkıda bulunur.",neutral,,neutral,,neutral,,neutral,,neutral,,neutral,,neutral,
Ppg-5-Ceteth-20,ppg5ceteth20,0,0,0,0,0,0,0,,,top1000,207,Skincare Ingredient,Cilt Bakım Bileşeni,"ppg-5-ceteth-20, kozmetik formülasyonlarda kullanılan yardımcı bileşen; ürünün doku, stabilite veya uygulama özelliklerine katkıda bulunur.",neutral,,neutral,,neutral,,neutral,,neutral,,neutral,,neutral,
Ppg-6,ppg6,0,0,0,0,0,0,0,,,top1000,80,Skincare Ingredient,Cilt Bakım Bileşeni,"ppg-6, kozmetik formülasyonlarda kullanılan yardımcı bileşen; ürünün doku, stabilite veya uygulama özelliklerine katkıda bulunur.",neutral,,neutral,,neutral,,neutral,,neutral,,neutral,,neutral,
Ppg-9,ppg9,0,0,0,0,0,0,0,,,top1000,75,Skincare Ingredient,Cilt Bakım Bileşeni,"ppg-9, kozmetik formülasyonlarda kullanılan yardımcı bileşen; ürünün doku, stabilite veya uygulama özelliklerine katkıda bulunur.",neutral,,neutral,,neutral,,neutral,,neutral,,neutral,,neutral,
Proline,proline,1,0,0,0,0,0,0,Dry and dehydrated skin,,top1000,47,Skincare Ingredient,Amino Asit / Protein,"proline, cildin yapısal proteinlerini ve doğal nem faktörünü destekleyen amino asit veya protein bileşeni; nem tutmaya ve bariyer fonksiyonuna katkıda bulunur.",neutral,,neutral,,neutral,,neutral,,neutral,,neutral,,neutral,
Propane,propane,0,0,0,0,0,0,0,,,top1000,529,Skincare Ingredient,Cilt Bakım Bileşeni,"propane, kozmetik formülasyonlarda kullanılan yardımcı bileşen; ürünün doku, stabilite veya uygulama özelliklerine katkıda bulunur.",neutral,,neutral,,neutral,,neutral,,neutral,,neutral,,neutral,
Propanediol,propanediol,2,0,0,0,1,0,0,Dry and dehydrated skin|Anyone,,manual_v2,511,Humectant,Nemlendirici / Çözücü,Mısırdan elde edilen bitkisel bazlı nemlendirici; propylene glycol'ün daha nazik alternatifi olarak cildi nemlendirir ve bileşenlerin emilimini kolaylaştırır.,beneficial,Mısırdan elde edilen bitkisel bazlı nemlendirici; propylene glycol'ün daha nazik alternatifi olarak cildi nemlendirir ve,neutral,,neutral,,neutral,,neutral,,neutral,,neutral,
Propylene Carbonate,propylenecarbonate,1,0,0,0,0,0,0,,,top1000,255,Skincare Ingredient,Cilt Bakım Bileşeni,"propylene carbonate, kozmetik formülasyonlarda kullanılan yardımcı bileşen; ürünün doku, stabilite veya uygulama özelliklerine katkıda bulunur.",neutral,,neutral,,neutral,,neutral,,neutral,,neutral,,neutral,
Propylene Glycol,propyleneglycol,2,0,0,0,-1,0,0,Dry and dehydrated skin,Sensitive,manual_v2,2271,Humectant,Nemlendirici / Emilim Artırıcı,"Hafif nemlendirici ve penetrasyon artırıcı; diğer aktif bileşenlerin cilde daha iyi nüfuz etmesine yardımcı olur, çok hassas ciltlerde nadiren tahriş yapabilir.",beneficial,"Hafif nemlendirici ve penetrasyon artırıcı; diğer aktif bileşenlerin cilde daha iyi nüfuz etmesine yardımcı olur, çok ha",neutral,,neutral,,neutral,,caution,"Hassas ciltte tahriş ve kızarıklık yapabilir, dikkatli kullanılmalı",neutral,,neutral,
Propylene Glycol Dicaprylate/Dicaprate,propyleneglycoldicaprylatedicaprate,1,0,0,0,0,0,0,Texture,,top1000,34,Emollient,Yumuşatıcı Ester,"propylene glycol dicaprylate/dicaprate, yağ asidi esteri; cildi yumuşatır, formülasyona hafif ve pürüzsüz bir doku kazandırır.",neutral,,neutral,,neutral,,neutral,,neutral,,neutral,,neutral,
Propylheptyl Caprylate,propylheptylcaprylate,1,0,0,0,0,0,0,Texture,,top1000,48,Emollient,Yumuşatıcı Ester,"propylheptyl caprylate, yağ asidi esteri; cildi yumuşatır, formülasyona hafif ve pürüzsüz bir doku kazandırır.",neutral,,neutral,,neutral,,neutral,,neutral,,neutral,,neutral,
Propylparaben,propylparaben,0,0,0,0,-1,0,-1,,Sensitive|Pregnancy,top1000,325,Preservative,Koruyucu,"propylparaben, formülasyonu mikrobiyal kontaminasyondan koruyan koruyucu madde; ürünün güvenli raf ömrünü sağlar.",neutral,,neutral,,neutral,,neutral,,caution,"Hassas ciltte tahriş ve kızarıklık yapabilir, dikkatli kullanılmalı",neutral,,caution,"Hamilelikte kullanımı önerilmez, doktorunuza danışın"
Propylène Glycol,propylneglycol,2,0,0,0,0,0,0,Dry and dehydrated skin,,top1000,37,Humectant,Nemlendirici,"propylène glycol, nemlendirici özellikli bileşen; ciltte nem tutarak hidrasyonu artırır ve kuruluğa bağlı gerginlik hissini azaltır.",beneficial,"propylène glycol, nemlendirici özellikli bileşen; ciltte nem tutarak hidrasyonu artırır ve kuruluğa bağlı gerginlik hiss",neutral,,neutral,,neutral,,neutral,,neutral,,neutral,
Prunus Amygdalus Dulcis (Sweet Almond) Oil,prunusamygdalusdulcissweetalmondoil,2,-1,0,1,0,1,0,,,top1000,156,Skincare Ingredient,Cilt Bakım Bileşeni,"prunus amygdalus dulcis (sweet almond) oil, kozmetik formülasyonlarda kullanılan yardımcı bileşen; ürünün doku, stabilite veya uygulama özelliklerine katkıda bulunur.",beneficial,Kuru cilt için faydalı bileşen,caution,Gözenekleri tıkayabilir veya yağlanmayı artırabilir,neutral,,neutral,,neutral,,neutral,,neutral,
Prunus Amygdalus Dulcis Oil,prunusamygdalusdulcisoil,0,0,0,0,0,0,0,,,top1000,366,Skincare Ingredient,Cilt Bakım Bileşeni,"prunus amygdalus dulcis oil, kozmetik formülasyonlarda kullanılan yardımcı bileşen; ürünün doku, stabilite veya uygulama özelliklerine katkıda bulunur.",neutral,,neutral,,neutral,,neutral,,neutral,,neutral,,neutral,
Prunus Amygdalus Dulcis Seed Extract,prunusamygdalusdulcisseedextract,1,0,0,0,0,0,0,,,top1000,30,Botanical Extract,Bitkisel Ekstrakt,"prunus amygdalus dulcis seed extract, bitkisel kaynaklı aktif ekstrakt; antioksidan, yatıştırıcı veya besleyici özellikler taşıyabilir ve formülasyona doğal etkinlik katar.",neutral,,neutral,,neutral,,neutral,,neutral,,neutral,,neutral,
Prunus Armeniaca (Apricot) Juice,prunusarmeniacaapricotjuice,1,0,0,0,0,0,0,Radiance,,manual_v2,0,Botanical Extract,Bitkisel Ekstrakt (Kayısı),"Kayısı meyvesinin sıkılmış suyu; A ve C vitaminleri bakımından zengin, cildi besler, nemlendirir ve doğal parlaklık kazandırır.",neutral,,neutral,,neutral,,neutral,,neutral,,neutral,,neutral,
Prunus Armeniaca (Apricot) Kernel Oil,prunusarmeniacaapricotkerneloil,2,-1,0,1,0,1,0,Dry and dehydrated skin,Oily,top1000,42,Oil / Lipid,Bitkisel Yağ,"prunus armeniaca (apricot) kernel oil, esansiyel yağ asitleri ve vitaminler bakımından zengin bitkisel yağ; cildi besler, nem bariyerini güçlendirir ve yumuşatıcı etki sağlar.",beneficial,"prunus armeniaca (apricot) kernel oil, esansiyel yağ asitleri ve vitaminler bakımından zengin bitkisel yağ; cildi besler",caution,Gözenekleri tıkayabilir veya yağlanmayı artırabilir,neutral,,neutral,,neutral,,neutral,,neutral,
Prunus Armeniaca Kernel Oil,prunusarmeniacakerneloil,2,-1,0,1,0,1,0,Dry and dehydrated skin,Oily,top1000,64,Oil / Lipid,Bitkisel Yağ,"prunus armeniaca kernel oil, esansiyel yağ asitleri ve vitaminler bakımından zengin bitkisel yağ; cildi besler, nem bariyerini güçlendirir ve yumuşatıcı etki sağlar.",beneficial,"prunus armeniaca kernel oil, esansiyel yağ asitleri ve vitaminler bakımından zengin bitkisel yağ; cildi besler, nem bari",caution,Gözenekleri tıkayabilir veya yağlanmayı artırabilir,neutral,,neutral,,neutral,,neutral,,neutral,
Punica Granatum Fruit Extract,punicagranatumfruitextract,1,0,0,0,0,0,0,,,top1000,31,Botanical Extract,Bitkisel Ekstrakt,"punica granatum fruit extract, bitkisel kaynaklı aktif ekstrakt; antioksidan, yatıştırıcı veya besleyici özellikler taşıyabilir ve formülasyona doğal etkinlik katar.",neutral,,neutral,,neutral,,neutral,,neutral,,neutral,,neutral,
Punica Granatum Pericarp Extract,punicagranatumpericarpextract,0,0,0,1,0,2,0,Fine Lines|Radiance|Elasticity,,manual_v2,0,Botanical Extract,Bitkisel Ekstrakt (Nar Kabuğu),"Nar kabuğundan elde edilen elagik asit ve punikalagin bakımından zengin ekstrakt; güçlü antioksidan ve anti-inflamatuar etki gösterir, kolajen yıkımını yavaşlatır ve cildin elastikiyetini korur.",neutral,,neutral,,neutral,,neutral,,neutral,,beneficial,Nar kabuğundan elde edilen elagik asit ve punikalagin bakımından zengin ekstrakt; güçlü antioksidan ve anti-inflamatuar ,neutral,
Punica Granatum Seed Extract,punicagranatumseedextract,1,0,0,1,0,2,0,Fine Lines|Radiance|Elasticity,,manual_v2,0,Botanical Extract,Bitkisel Ekstrakt (Nar Tohumu),"Nar tohumundan elde edilen punicik asit bakımından zengin ekstrakt; güçlü anti-inflamatuar ve antioksidan etki gösterir, hücre yenilenmesini destekler ve cildin elastikiyetini artırır.",neutral,,neutral,,neutral,,neutral,,neutral,,beneficial,"Nar tohumundan elde edilen punicik asit bakımından zengin ekstrakt; güçlü anti-inflamatuar ve antioksidan etki gösterir,",neutral,
Purified Water,purifiedwater,0,0,0,0,0,0,0,,,top1000,86,Skincare Ingredient,Cilt Bakım Bileşeni,"purified water, kozmetik formülasyonlarda kullanılan yardımcı bileşen; ürünün doku, stabilite veya uygulama özelliklerine katkıda bulunur.",neutral,,neutral,,neutral,,neutral,,neutral,,neutral,,neutral,
Pvm/Ma Copolymer,pvmmacopolymer,0,0,0,0,0,0,0,,,top1000,47,Skincare Ingredient,Kıvam Artırıcı / Stabilizatör,"pvm/ma copolymer, formülasyona kıvam ve stabilite kazandıran polimer; ürünün dokusunu iyileştirir ve bileşenlerin homojen dağılmasını sağlar.",neutral,,neutral,,neutral,,neutral,,neutral,,neutral,,neutral,
Pvp,pvp,0,0,0,0,0,0,0,,,top1000,124,Skincare Ingredient,Cilt Bakım Bileşeni,"pvp, kozmetik formülasyonlarda kullanılan yardımcı bileşen; ürünün doku, stabilite veya uygulama özelliklerine katkıda bulunur.",neutral,,neutral,,neutral,,neutral,,neutral,,neutral,,neutral,
Pyridoxine Hci,pyridoxinehci,0,0,0,0,0,0,0,,,top1000,40,Skincare Ingredient,Cilt Bakım Bileşeni,"pyridoxine hci, kozmetik formülasyonlarda kullanılan yardımcı bileşen; ürünün doku, stabilite veya uygulama özelliklerine katkıda bulunur.",neutral,,neutral,,neutral,,neutral,,neutral,,neutral,,neutral,
Pyrus Malus (Apple) Fruit Extract,pyrusmalusapplefruitextract,0,0,0,0,0,1,0,Radiance,,manual_v2,0,Botanical Extract,Bitkisel Ekstrakt (Elma),"Elma meyvesinden elde edilen polifenol ve malik asit bakımından zengin ekstrakt; antioksidan koruma sağlar, hafif peeling etkisi gösterebilir ve cildin parlaklığını artırır.",neutral,,neutral,,neutral,,neutral,,neutral,,neutral,,neutral,
Quaternium-80,quaternium80,0,0,0,0,0,0,0,,,top1000,55,Skincare Ingredient,Cilt Bakım Bileşeni,"quaternium-80, kozmetik formülasyonlarda kullanılan yardımcı bileşen; ürünün doku, stabilite veya uygulama özelliklerine katkıda bulunur.",neutral,,neutral,,neutral,,neutral,,neutral,,neutral,,neutral,
Quaternium-90 Bentonite,quaternium90bentonite,0,1,0,0,0,0,0,,,manual_v2,0,Skincare Ingredient,Kıvam Artırıcı / Stabilizatör,"Modifiye bentonit kili; yağ bazlı formülasyonlarda kıvam artırıcı ve stabilizatör olarak çalışır, pigmentlerin homojen dağılmasını sağlar.",neutral,,neutral,,neutral,,neutral,,neutral,,neutral,,neutral,
RED 4 (CI 14700),red4ci14700,0,0,0,0,0,0,0,,,manual_v2,0,Skincare Ingredient,Renklendirici,"Sentetik kırmızı renklendirici pigment; ürüne görsel çekicilik kazandırmak için kullanılır, cilt bakım faydası yoktur.",neutral,,neutral,,neutral,,neutral,,neutral,,neutral,,neutral,
Red 33 (Ci 17200),red33ci17200,0,0,0,0,0,0,0,,,top1000,36,Skincare Ingredient,Renklendirici,"red 33 (ci 17200), formülasyona renk veren kozmetik pigment; ürünün görsel çekiciliğini artırır, cilt bakım faydası yoktur.",neutral,,neutral,,neutral,,neutral,,neutral,,neutral,,neutral,
Resorcinol,resorcinol,0,0,0,0,0,0,0,,,top1000,73,Skincare Ingredient,Cilt Bakım Bileşeni,"resorcinol, kozmetik formülasyonlarda kullanılan yardımcı bileşen; ürünün doku, stabilite veya uygulama özelliklerine katkıda bulunur.",neutral,,neutral,,neutral,,neutral,,neutral,,neutral,,neutral,
Resveratrol,resveratrol,0,0,0,1,1,2,0,Fine Lines|Radiance|Redness,,manual_v2,0,Antioxidant,Antioksidan,Üzüm kabuğu ve kırmızı şarapta bulunan güçlü polifenol; antioksidan ve anti-inflamatuar etkileriyle hücreleri çevresel hasara karşı korur ve yaşlanma belirtilerini geciktirmeye yardımcı olur.,neutral,,neutral,,neutral,,neutral,,neutral,,beneficial,Üzüm kabuğu ve kırmızı şarapta bulunan güçlü polifenol; antioksidan ve anti-inflamatuar etkileriyle hücreleri çevresel h,neutral,
Retinol,retinol,0,2,1,1,-2,4,-2,Fine Lines|Wrinkles|Acne|Pigmentation|Texture,Sensitive|Pregnancy,manual_v2,34,Retinoid,Retinoid (A Vitamini),"Altın standart anti-aging aktifi; hücre yenilenmesini hızlandırır, kolajen üretimini artırır, ince çizgi ve kırışıklıkları azaltır, cilt tonunu eşitler, ancak başlangıçta tahriş ve soyulma yapabilir.",neutral,,beneficial,"Altın standart anti-aging aktifi; hücre yenilenmesini hızlandırır, kolajen üretimini artırır, ince çizgi ve kırışıklıkla",neutral,,neutral,,caution,"Hassas ciltte tahriş ve kızarıklık yapabilir, dikkatli kullanılmalı",beneficial,"Altın standart anti-aging aktifi; hücre yenilenmesini hızlandırır, kolajen üretimini artırır, ince çizgi ve kırışıklıkla",caution,"Hamilelikte kullanımı önerilmez, doktorunuza danışın"
Retinyl Palmitate,retinylpalmitate,0,1,1,1,0,2,-2,Fine Lines|Wrinkles|Texture,Pregnancy,manual_v2,123,Retinoid,Retinoid (Hafif A Vitamini),"Retinolün daha nazik esterleri; ciltte retinole dönüşerek benzer ama daha yumuşak anti-aging etki gösterir, retinol hassasiyeti yaşayanlar için iyi bir başlangıç noktasıdır.",neutral,,neutral,,neutral,,neutral,,neutral,,beneficial,"Retinolün daha nazik esterleri; ciltte retinole dönüşerek benzer ama daha yumuşak anti-aging etki gösterir, retinol hass",caution,"Hamilelikte kullanımı önerilmez, doktorunuza danışın"
Rhamnose,rhamnose,1,0,0,0,1,3,0,Fine Lines|Wrinkles|Elasticity,,manual_v2,48,Skincare Ingredient,Anti-aging Şeker,"Bitkisel kaynaklı deoksi şeker; dermatolojik çalışmalarda cildin kendini yenileme sürecini hızlandırdığı ve dermis kalınlığını artırdığı gösterilmiştir, anti-aging formülasyonlarda değerli bir aktiftir.",neutral,,neutral,,neutral,,neutral,,neutral,,beneficial,Bitkisel kaynaklı deoksi şeker; dermatolojik çalışmalarda cildin kendini yenileme sürecini hızlandırdığı ve dermis kalın,neutral,
Rhus Succedanea Fruit Wax,rhussuccedaneafruitwax,1,0,0,0,0,0,0,,,manual_v2,0,Emollient,Bitkisel Vaks (Japon Mumu),"Japon mum ağacının meyvesinden elde edilen doğal vaks; ciltte koruyucu ve yumuşatıcı tabaka oluşturur, formülasyona zengin kıvam kazandırır ve nem kaybını önler.",neutral,,neutral,,neutral,,neutral,,neutral,,neutral,,neutral,
Rice Amino Acids,riceaminoacids,1,0,0,0,0,0,0,Dry and dehydrated skin,,manual_v2,0,Skincare Ingredient,Amino Asit (Pirinç Türevi),"Pirinçten elde edilen amino asit karışımı; cildin doğal nem faktörünü (NMF) takviye eder, nemlendirme sağlar ve bariyer fonksiyonunu destekler.",neutral,,neutral,,neutral,,neutral,,neutral,,neutral,,neutral,
Rice SH-Oligopeptide-1,ricesholigopeptide1,0,0,0,0,0,2,0,Fine Lines|Wrinkles,,manual_v2,0,Peptide,Peptit (Pirinç Türevi),"Pirinçten elde edilen büyüme faktörü benzeri oligopeptit; hücre yenilenmesini uyarır, cilt onarımını destekler ve yaşlanma karşıtı formülasyonlarda kullanılır.",neutral,,neutral,,neutral,,neutral,,neutral,,beneficial,"Pirinçten elde edilen büyüme faktörü benzeri oligopeptit; hücre yenilenmesini uyarır, cilt onarımını destekler ve yaşlan",neutral,
Ricinus Communis (Castor) Seed Oil,ricinuscommuniscastorseedoil,2,-1,0,1,0,1,0,Dry and dehydrated skin,Oily,top1000,95,Oil / Lipid,Bitkisel Yağ,"ricinus communis (castor) seed oil, esansiyel yağ asitleri ve vitaminler bakımından zengin bitkisel yağ; cildi besler, nem bariyerini güçlendirir ve yumuşatıcı etki sağlar.",beneficial,"ricinus communis (castor) seed oil, esansiyel yağ asitleri ve vitaminler bakımından zengin bitkisel yağ; cildi besler, n",caution,Gözenekleri tıkayabilir veya yağlanmayı artırabilir,neutral,,neutral,,neutral,,neutral,,neutral,
Ricinus Communis Seed Oil,ricinuscommunisseedoil,2,-1,0,1,0,1,0,Dry and dehydrated skin,Oily,top1000,141,Oil / Lipid,Bitkisel Yağ,"ricinus communis seed oil, esansiyel yağ asitleri ve vitaminler bakımından zengin bitkisel yağ; cildi besler, nem bariyerini güçlendirir ve yumuşatıcı etki sağlar.",beneficial,"ricinus communis seed oil, esansiyel yağ asitleri ve vitaminler bakımından zengin bitkisel yağ; cildi besler, nem bariye",caution,Gözenekleri tıkayabilir veya yağlanmayı artırabilir,neutral,,neutral,,neutral,,neutral,,neutral,
Rosa Canina Fruit Extract,rosacaninafruitextract,1,0,0,1,0,2,0,Radiance|Pigmentation|Fine Lines,,manual_v2,0,Botanical Extract,Bitkisel Ekstrakt (Kuşburnu),"Kuşburnu meyvesinden elde edilen C vitamini ve karatenoid bakımından zengin ekstrakt; cilt tonunu aydınlatır, antioksidan koruma sağlar ve cildin yenilenme sürecini destekler.",neutral,,neutral,,neutral,,neutral,,neutral,,beneficial,"Kuşburnu meyvesinden elde edilen C vitamini ve karatenoid bakımından zengin ekstrakt; cilt tonunu aydınlatır, antioksida",neutral,
Rosa Canina Fruit Oil,rosacaninafruitoil,2,-1,0,1,0,1,0,Dry and dehydrated skin,Oily,top1000,87,Oil / Lipid,Bitkisel Yağ,"rosa canina fruit oil, esansiyel yağ asitleri ve vitaminler bakımından zengin bitkisel yağ; cildi besler, nem bariyerini güçlendirir ve yumuşatıcı etki sağlar.",beneficial,"rosa canina fruit oil, esansiyel yağ asitleri ve vitaminler bakımından zengin bitkisel yağ; cildi besler, nem bariyerini",caution,Gözenekleri tıkayabilir veya yağlanmayı artırabilir,neutral,,neutral,,neutral,,neutral,,neutral,
Rosa Damascena Flower Water,rosadamascenaflowerwater,1,0,0,0,0,0,0,,,top1000,39,Botanical Extract,Bitkisel Ekstrakt,"rosa damascena flower water, bitkisel kaynaklı aktif ekstrakt; antioksidan, yatıştırıcı veya besleyici özellikler taşıyabilir ve formülasyona doğal etkinlik katar.",neutral,,neutral,,neutral,,neutral,,neutral,,neutral,,neutral,
Rosehip Oil,rosehipoil,2,0,0,1,0,2,0,Dry and dehydrated skin|Fine Lines|Pigmentation|Radiance,,manual_v2,0,Oil / Lipid,Bitkisel Yağ (Kuşburnu),"A vitamini (retinol) ve esansiyel yağ asitleri bakımından zengin kuşburnu yağı; cilt tonunu aydınlatır, hücre yenilenmesini destekler, iz ve leke görünümünü azaltır.",beneficial,"A vitamini (retinol) ve esansiyel yağ asitleri bakımından zengin kuşburnu yağı; cilt tonunu aydınlatır, hücre yenilenmes",neutral,,neutral,,neutral,,neutral,,beneficial,"A vitamini (retinol) ve esansiyel yağ asitleri bakımından zengin kuşburnu yağı; cilt tonunu aydınlatır, hücre yenilenmes",neutral,
Rosmarinus Officinalis (Rosemary) Leaf Extract,rosmarinusofficinalisrosemaryleafextract,1,0,0,0,0,0,0,,,top1000,78,Botanical Extract,Bitkisel Ekstrakt,"rosmarinus officinalis (rosemary) leaf extract, bitkisel kaynaklı aktif ekstrakt; antioksidan, yatıştırıcı veya besleyici özellikler taşıyabilir ve formülasyona doğal etkinlik katar.",neutral,,neutral,,neutral,,neutral,,neutral,,neutral,,neutral,
Rosmarinus Officinalis (Rosemary) Leaf Oil,rosmarinusofficinalisrosemaryleafoil,1,0,0,0,0,0,0,,,top1000,40,Botanical Extract,Bitkisel Ekstrakt,"rosmarinus officinalis (rosemary) leaf oil, bitkisel kaynaklı aktif ekstrakt; antioksidan, yatıştırıcı veya besleyici özellikler taşıyabilir ve formülasyona doğal etkinlik katar.",neutral,,neutral,,neutral,,neutral,,neutral,,neutral,,neutral,
Rosmarinus Officinalis Leaf Extract,rosmarinusofficinalisleafextract,1,0,0,0,0,0,0,,,top1000,100,Botanical Extract,Bitkisel Ekstrakt,"rosmarinus officinalis leaf extract, bitkisel kaynaklı aktif ekstrakt; antioksidan, yatıştırıcı veya besleyici özellikler taşıyabilir ve formülasyona doğal etkinlik katar.",neutral,,neutral,,neutral,,neutral,,neutral,,neutral,,neutral,
Rosmarinus Officinalis Leaf Oil,rosmarinusofficinalisleafoil,1,0,0,0,0,0,0,,,top1000,37,Botanical Extract,Bitkisel Ekstrakt,"rosmarinus officinalis leaf oil, bitkisel kaynaklı aktif ekstrakt; antioksidan, yatıştırıcı veya besleyici özellikler taşıyabilir ve formülasyona doğal etkinlik katar.",neutral,,neutral,,neutral,,neutral,,neutral,,neutral,,neutral,
Saccharide Isomerate,saccharideisomerate,3,0,1,1,1,1,0,Dry and dehydrated skin|Anyone,,manual_v2,0,Humectant,Nemlendirici (Pentavitin),"Cildin doğal karbonhidrat yapısına bağlanan patentli nemlendirici; 72 saate kadar kesintisiz nemlendirme sağladığı klinik çalışmalarla gösterilmiş, yıkansa bile ciltte kalır.",beneficial,Cildin doğal karbonhidrat yapısına bağlanan patentli nemlendirici; 72 saate kadar kesintisiz nemlendirme sağladığı klini,neutral,,neutral,,neutral,,neutral,,neutral,,neutral,
Saccharin,saccharin,0,0,0,0,0,0,0,,,top1000,34,Skincare Ingredient,Cilt Bakım Bileşeni,"saccharin, kozmetik formülasyonlarda kullanılan yardımcı bileşen; ürünün doku, stabilite veya uygulama özelliklerine katkıda bulunur.",neutral,,neutral,,neutral,,neutral,,neutral,,neutral,,neutral,
Saccharomyces Lysate Extract,saccharomyceslysateextract,1,0,0,1,1,2,0,Impaired skin barrier|Fine Lines,,manual_v2,0,Prebiotic / Probiotic,Maya Lizat Ekstrakt,"Saccharomyces mayasının lizat ekstresi; B vitaminleri ve beta-glukan içerir, cildin bağışıklık yanıtını destekler ve UV hasarı sonrası onarım sürecini hızlandırır.",neutral,,neutral,,neutral,,neutral,,neutral,,beneficial,"Saccharomyces mayasının lizat ekstresi; B vitaminleri ve beta-glukan içerir, cildin bağışıklık yanıtını destekler ve UV ",neutral,
Saccharum Officinarum Extract,saccharumofficinarumextract,0,1,1,0,-1,1,0,Texture|Radiance,Sensitive,manual_v2,0,Botanical Extract,Bitkisel Ekstrakt (Şeker Kamışı - Doğal AHA),"Şeker kamışından elde edilen doğal glikolik asit kaynağı; nazik peeling etkisi gösterir, cilt tonunu aydınlatır ve ölü deri hücrelerinin dökülmesini destekler.",neutral,,neutral,,neutral,,neutral,,caution,Hassas ciltte tahriş yapabilir,neutral,,neutral,
Salicylic Acid,salicylicacid,-2,8,4,0,-2,0,-2,Acne|Blackheads|Enlarged Pores|Oily,Sensitive|Impaired skin barrier|Pregnancy,manual_v2,619,Exfoliant (BHA),Peeling Asidi (BHA),"Yağda çözünür beta hidroksi asit; gözeneklerin derinlerine inerek siyah nokta ve akneye neden olan tıkanıklıkları temizler, iltihaplanmayı azaltır ve yağ üretimini dengelemeye yardımcı olur.",caution,"Kurutucu etki yapabilir, nemlendiriciyle birlikte kullanılmalı",beneficial,Yağda çözünür beta hidroksi asit; gözeneklerin derinlerine inerek siyah nokta ve akneye neden olan tıkanıklıkları temizl,beneficial,Yağda çözünür beta hidroksi asit; gözeneklerin derinlerine inerek siyah nokta ve akneye neden olan tıkanıklıkları temizl,neutral,,caution,"Hassas ciltte tahriş ve kızarıklık yapabilir, dikkatli kullanılmalı",neutral,,caution,"Hamilelikte kullanımı önerilmez, doktorunuza danışın"
Salix Alba Bark Extract,salixalbabarkextract,0,3,2,0,0,0,-1,Acne|Blackheads|Enlarged Pores|Texture,Pregnancy,manual_v2,0,Botanical Extract,Bitkisel Ekstrakt (Söğüt Kabuğu),"Beyaz söğüt kabuğundan elde edilen doğal salisilik asit kaynağı; nazik peeling etkisi gösterir, gözenekleri temizler ve anti-inflamatuar özellik taşır, sentetik BHA'ya göre daha yumuşak etki profili sunar.",neutral,,beneficial,"Beyaz söğüt kabuğundan elde edilen doğal salisilik asit kaynağı; nazik peeling etkisi gösterir, gözenekleri temizler ve ",beneficial,"Beyaz söğüt kabuğundan elde edilen doğal salisilik asit kaynağı; nazik peeling etkisi gösterir, gözenekleri temizler ve ",neutral,,neutral,,neutral,,caution,"Hamilelikte önerilmez, doktora danışın"
Salix Purpurea Bark Extract,salixpurpureabarkextract,0,2,1,0,0,0,0,Acne|Enlarged Pores|Texture,,manual_v2,0,Botanical Extract,Bitkisel Ekstrakt (Mor Söğüt),"Mor söğüt kabuğundan elde edilen doğal salisilik asit kaynağı; gözenekleri nazikçe temizler, yağ üretimini dengelemeye yardımcı olur ve anti-inflamatuar etki gösterir.",neutral,,beneficial,"Mor söğüt kabuğundan elde edilen doğal salisilik asit kaynağı; gözenekleri nazikçe temizler, yağ üretimini dengelemeye y",neutral,,neutral,,neutral,,neutral,,neutral,
Salvia Officinalis (Sage) Leaf Extract,salviaofficinalissageleafextract,0,2,1,0,0,0,0,Oily|Enlarged Pores|Acne,,manual_v2,0,Botanical Extract,Bitkisel Ekstrakt (Adaçayı),"Adaçayı yaprağından elde edilen antimikrobiyal ve astrenjan ekstrakt; yağ üretimini dengelemeye yardımcı olur, gözenekleri sıkılaştırır ve antioksidan koruma sağlar.",neutral,,beneficial,"Adaçayı yaprağından elde edilen antimikrobiyal ve astrenjan ekstrakt; yağ üretimini dengelemeye yardımcı olur, gözenekle",neutral,,neutral,,neutral,,neutral,,neutral,
Salvia Officinalis Leaf Extract,salviaofficinalisleafextract,1,0,0,0,0,0,0,,,top1000,45,Botanical Extract,Bitkisel Ekstrakt,"salvia officinalis leaf extract, bitkisel kaynaklı aktif ekstrakt; antioksidan, yatıştırıcı veya besleyici özellikler taşıyabilir ve formülasyona doğal etkinlik katar.",neutral,,neutral,,neutral,,neutral,,neutral,,neutral,,neutral,
Savon,savon,0,0,0,0,0,0,0,,,top1000,29,Skincare Ingredient,Cilt Bakım Bileşeni,"savon, kozmetik formülasyonlarda kullanılan yardımcı bileşen; ürünün doku, stabilite veya uygulama özelliklerine katkıda bulunur.",neutral,,neutral,,neutral,,neutral,,neutral,,neutral,,neutral,
Sclerotium Gum,sclerotiumgum,0,0,0,0,0,0,0,,,top1000,69,Skincare Ingredient,Cilt Bakım Bileşeni,"sclerotium gum, kozmetik formülasyonlarda kullanılan yardımcı bileşen; ürünün doku, stabilite veya uygulama özelliklerine katkıda bulunur.",neutral,,neutral,,neutral,,neutral,,neutral,,neutral,,neutral,
Scutellaria Baicalensis Root Extract,scutellariabaicalensisrootextract,0,1,0,1,2,1,0,Redness|Acne|Impaired skin barrier,,manual_v2,0,Botanical Extract,Bitkisel Ekstrakt (Çin Kaside),"Geleneksel Çin tıbbında kullanılan kaside bitkisinin kök ekstresi; baikalein ve baikalin flavonoidleri sayesinde güçlü anti-inflamatuar, antioksidan ve antimikrobiyal etki gösterir, hassas ve akneye eğilimli cildi yatıştırır.",neutral,,neutral,,neutral,,neutral,,beneficial,Geleneksel Çin tıbbında kullanılan kaside bitkisinin kök ekstresi; baikalein ve baikalin flavonoidleri sayesinde güçlü a,neutral,,neutral,
Sea Salt,seasalt,0,0,0,0,0,0,0,,,top1000,42,Skincare Ingredient,Cilt Bakım Bileşeni,"sea salt, kozmetik formülasyonlarda kullanılan yardımcı bileşen; ürünün doku, stabilite veya uygulama özelliklerine katkıda bulunur.",neutral,,neutral,,neutral,,neutral,,neutral,,neutral,,neutral,
Serine,serine,1,0,0,0,0,0,0,Dry and dehydrated skin,,top1000,103,Skincare Ingredient,Amino Asit / Protein,"serine, cildin yapısal proteinlerini ve doğal nem faktörünü destekleyen amino asit veya protein bileşeni; nem tutmaya ve bariyer fonksiyonuna katkıda bulunur.",neutral,,neutral,,neutral,,neutral,,neutral,,neutral,,neutral,
Sesamum Indicum (Sesame) Seed Oil,sesamumindicumsesameseedoil,2,-1,0,1,0,1,0,Dry and dehydrated skin,Oily,top1000,49,Oil / Lipid,Bitkisel Yağ,"sesamum indicum (sesame) seed oil, esansiyel yağ asitleri ve vitaminler bakımından zengin bitkisel yağ; cildi besler, nem bariyerini güçlendirir ve yumuşatıcı etki sağlar.",beneficial,"sesamum indicum (sesame) seed oil, esansiyel yağ asitleri ve vitaminler bakımından zengin bitkisel yağ; cildi besler, ne",caution,Gözenekleri tıkayabilir veya yağlanmayı artırabilir,neutral,,neutral,,neutral,,neutral,,neutral,
Shea Butter,sheabutter,3,-1,0,1,1,1,0,Dry and dehydrated skin|Impaired skin barrier,Oily,manual_v2,41,Emollient,Yumuşatıcı (Shea Yağı),"Afrika shea ağacının meyvesinden elde edilen zengin yumuşatıcı; yağ asitleri, vitaminler ve fitosterollerle dolu olup cildi derinden besler, nem bariyerini onarır ve anti-inflamatuar etki gösterir.",beneficial,"Afrika shea ağacının meyvesinden elde edilen zengin yumuşatıcı; yağ asitleri, vitaminler ve fitosterollerle dolu olup ci",caution,Gözenekleri tıkayabilir veya yağlanmayı artırabilir,neutral,,neutral,,neutral,,neutral,,neutral,
Silica,silica,0,2,1,0,0,0,0,Texture|Enlarged Pores|Oily,,manual_v2,816,Mineral,Mineral,Ciltte fazla yağı emerek mat bir görünüm sağlayan mineral bileşen; gözeneklerin daha ince görünmesine yardımcı olur ve formülasyona ipeksi bir doku katar.,neutral,,beneficial,Ciltte fazla yağı emerek mat bir görünüm sağlayan mineral bileşen; gözeneklerin daha ince görünmesine yardımcı olur ve f,neutral,,neutral,,neutral,,neutral,,neutral,
Silica Dimethyl Silylate,silicadimethylsilylate,0,1,0,0,0,0,0,,,top1000,91,Mineral,Mineral,"silica dimethyl silylate, mineral bazlı bileşen; formülasyonun fiziksel özelliklerine katkıda bulunur veya ciltte koruyucu/düzenleyici etki gösterir.",neutral,,neutral,,neutral,,neutral,,neutral,,neutral,,neutral,
Silica Dimethyl Silylate [Nano] / Silica Dimethyl Silylate,silicadimethylsilylatenanosilicadimethylsilylate,0,1,0,0,0,0,0,,,top1000,31,Mineral,Mineral,"silica dimethyl silylate [nano] / silica dimethyl silylate, mineral bazlı bileşen; formülasyonun fiziksel özelliklerine katkıda bulunur veya ciltte koruyucu/düzenleyici etki gösterir.",neutral,,neutral,,neutral,,neutral,,neutral,,neutral,,neutral,
Silica Silylate,silicasilylate,0,1,0,0,0,0,0,,,top1000,55,Mineral,Mineral,"silica silylate, mineral bazlı bileşen; formülasyonun fiziksel özelliklerine katkıda bulunur veya ciltte koruyucu/düzenleyici etki gösterir.",neutral,,neutral,,neutral,,neutral,,neutral,,neutral,,neutral,
Silybum Marianum (Lady's Thistle) Extract,silybummarianumladysthistleextract,0,0,0,1,1,1,0,Redness|Radiance,,manual_v2,0,Botanical Extract,Bitkisel Ekstrakt (Deve Dikeni),Deve dikeninden elde edilen silimarin bakımından zengin ekstrakt; güçlü antioksidan ve anti-inflamatuar özellikleriyle cildi çevresel hasara karşı korur ve kızarıklığı yatıştırır.,neutral,,neutral,,neutral,,neutral,,neutral,,neutral,,neutral,
Simethicone,simethicone,1,0,0,0,0,0,0,,,top1000,32,Skincare Ingredient,Cilt Bakım Bileşeni,"simethicone, kozmetik formülasyonlarda kullanılan yardımcı bileşen; ürünün doku, stabilite veya uygulama özelliklerine katkıda bulunur.",neutral,,neutral,,neutral,,neutral,,neutral,,neutral,,neutral,
Simmondsia Chinensis (Jojoba) Seed Oil,simmondsiachinensisjojobaseedoil,2,-1,0,1,0,1,0,Dry and dehydrated skin,Oily,top1000,185,Oil / Lipid,Bitkisel Yağ,"simmondsia chinensis (jojoba) seed oil, esansiyel yağ asitleri ve vitaminler bakımından zengin bitkisel yağ; cildi besler, nem bariyerini güçlendirir ve yumuşatıcı etki sağlar.",beneficial,"simmondsia chinensis (jojoba) seed oil, esansiyel yağ asitleri ve vitaminler bakımından zengin bitkisel yağ; cildi besle",caution,Gözenekleri tıkayabilir veya yağlanmayı artırabilir,neutral,,neutral,,neutral,,neutral,,neutral,
Simmondsia Chinensis Seed Oil,simmondsiachinensisseedoil,2,-1,0,1,0,1,0,Dry and dehydrated skin,Oily,top1000,176,Oil / Lipid,Bitkisel Yağ,"simmondsia chinensis seed oil, esansiyel yağ asitleri ve vitaminler bakımından zengin bitkisel yağ; cildi besler, nem bariyerini güçlendirir ve yumuşatıcı etki sağlar.",beneficial,"simmondsia chinensis seed oil, esansiyel yağ asitleri ve vitaminler bakımından zengin bitkisel yağ; cildi besler, nem ba",caution,Gözenekleri tıkayabilir veya yağlanmayı artırabilir,neutral,,neutral,,neutral,,neutral,,neutral,
Sine Adipe Lac,sineadipelac,0,0,0,0,0,0,0,,,top1000,70,Skincare Ingredient,Cilt Bakım Bileşeni,"sine adipe lac, kozmetik formülasyonlarda kullanılan yardımcı bileşen; ürünün doku, stabilite veya uygulama özelliklerine katkıda bulunur.",neutral,,neutral,,neutral,,neutral,,neutral,,neutral,,neutral,
Sodium,sodium,0,0,0,0,0,0,0,,,top1000,35,Skincare Ingredient,Cilt Bakım Bileşeni,"sodium, kozmetik formülasyonlarda kullanılan yardımcı bileşen; ürünün doku, stabilite veya uygulama özelliklerine katkıda bulunur.",neutral,,neutral,,neutral,,neutral,,neutral,,neutral,,neutral,
Sodium Acetate,sodiumacetate,0,0,0,0,0,0,0,,,top1000,101,Skincare Ingredient,Cilt Bakım Bileşeni,"sodium acetate, kozmetik formülasyonlarda kullanılan yardımcı bileşen; ürünün doku, stabilite veya uygulama özelliklerine katkıda bulunur.",neutral,,neutral,,neutral,,neutral,,neutral,,neutral,,neutral,
Sodium Acetylated Hyaluronate,sodiumacetylatedhyaluronate,3,1,2,2,2,3,0,Dry and dehydrated skin|Fine Lines|Wrinkles|Impaired skin barrier|Anyone,,manual_v2,0,Humectant,Nemlendirici (Süper Hyalüronik Asit),"Asetillenmiş hyalüronik asit türevi, 'süper HA' olarak bilinir; klasik HA'ya göre 2 kat daha yüksek nem tutma ve cilde bağlanma kapasitesine sahiptir, uzun süreli derin nemlendirme ve bariyer koruma sağlar.",beneficial,"Asetillenmiş hyalüronik asit türevi, 'süper HA' olarak bilinir; klasik HA'ya göre 2 kat daha yüksek nem tutma ve cilde b",neutral,,beneficial,"Asetillenmiş hyalüronik asit türevi, 'süper HA' olarak bilinir; klasik HA'ya göre 2 kat daha yüksek nem tutma ve cilde b",beneficial,"Asetillenmiş hyalüronik asit türevi, 'süper HA' olarak bilinir; klasik HA'ya göre 2 kat daha yüksek nem tutma ve cilde b",beneficial,"Asetillenmiş hyalüronik asit türevi, 'süper HA' olarak bilinir; klasik HA'ya göre 2 kat daha yüksek nem tutma ve cilde b",beneficial,"Asetillenmiş hyalüronik asit türevi, 'süper HA' olarak bilinir; klasik HA'ya göre 2 kat daha yüksek nem tutma ve cilde b",neutral,
Sodium Acrylate/Sodium Acryloyldimethyl Taurate Copolymer,sodiumacrylatesodiumacryloyldimethyltauratecopolymer,0,0,0,0,0,0,0,,,top1000,32,Skincare Ingredient,Kıvam Artırıcı / Stabilizatör,"sodium acrylate/sodium acryloyldimethyl taurate copolymer, formülasyona kıvam ve stabilite kazandıran polimer; ürünün dokusunu iyileştirir ve bileşenlerin homojen dağılmasını sağlar.",neutral,,neutral,,neutral,,neutral,,neutral,,neutral,,neutral,
Sodium Acrylates Copolymer,sodiumacrylatescopolymer,0,0,0,0,0,0,0,,,top1000,34,Skincare Ingredient,Kıvam Artırıcı / Stabilizatör,"sodium acrylates copolymer, formülasyona kıvam ve stabilite kazandıran polimer; ürünün dokusunu iyileştirir ve bileşenlerin homojen dağılmasını sağlar.",neutral,,neutral,,neutral,,neutral,,neutral,,neutral,,neutral,
Sodium Acrylates/C10-30 Alkyl Acrylate Crosspolymer,sodiumacrylatesc1030alkylacrylatecrosspolymer,0,0,0,0,0,0,0,,,top1000,28,Skincare Ingredient,Kıvam Artırıcı / Stabilizatör,"sodium acrylates/c10-30 alkyl acrylate crosspolymer, formülasyona kıvam ve stabilite kazandıran polimer; ürünün dokusunu iyileştirir ve bileşenlerin homojen dağılmasını sağlar.",neutral,,neutral,,neutral,,neutral,,neutral,,neutral,,neutral,
Sodium Anisate,sodiumanisate,0,0,0,0,0,0,0,,,top1000,88,Skincare Ingredient,Cilt Bakım Bileşeni,"sodium anisate, kozmetik formülasyonlarda kullanılan yardımcı bileşen; ürünün doku, stabilite veya uygulama özelliklerine katkıda bulunur.",neutral,,neutral,,neutral,,neutral,,neutral,,neutral,,neutral,
Sodium Ascorbyl Phosphate,sodiumascorbylphosphate,0,0,0,0,0,1,0,Radiance,,top1000,81,Antioxidant,Antioksidan,"sodium ascorbyl phosphate, antioksidan bileşen; serbest radikalleri nötralize ederek hücreleri oksidatif hasardan korur ve formülasyonun stabilitesine katkıda bulunur.",neutral,,neutral,,neutral,,neutral,,neutral,,neutral,,neutral,
Sodium Benzoate,sodiumbenzoate,0,0,0,0,0,0,0,,,manual_v2,55,Preservative,Koruyucu,Gıda ve kozmetikte yaygın kullanılan koruyucu; düşük pH ortamlarında bakteriyel ve fungal büyümeyi engelleyerek ürünün raf ömrünü uzatır.,neutral,,neutral,,neutral,,neutral,,neutral,,neutral,,neutral,
Sodium Bicarbonate,sodiumbicarbonate,1,0,0,0,0,0,0,,,top1000,209,Skincare Ingredient,Oral/Diş Bakım Bileşeni,"sodium bicarbonate, diş macunu ve ağız bakım ürünlerinde kullanılan bileşen.",neutral,,neutral,,neutral,,neutral,,neutral,,neutral,,neutral,
Sodium C12-13 Pareth Sulfate,sodiumc1213parethsulfate,0,0,0,0,0,0,0,,,top1000,31,Skincare Ingredient,Cilt Bakım Bileşeni,"sodium c12-13 pareth sulfate, kozmetik formülasyonlarda kullanılan yardımcı bileşen; ürünün doku, stabilite veya uygulama özelliklerine katkıda bulunur.",neutral,,neutral,,neutral,,neutral,,neutral,,neutral,,neutral,
Sodium C14-16 Olefin Sulfonate,sodiumc1416olefinsulfonate,0,0,0,0,0,0,0,,,top1000,179,Skincare Ingredient,Cilt Bakım Bileşeni,"sodium c14-16 olefin sulfonate, kozmetik formülasyonlarda kullanılan yardımcı bileşen; ürünün doku, stabilite veya uygulama özelliklerine katkıda bulunur.",neutral,,neutral,,neutral,,neutral,,neutral,,neutral,,neutral,
Sodium Carbomer,sodiumcarbomer,0,0,0,0,0,0,0,,,top1000,64,Skincare Ingredient,Kıvam Artırıcı / Stabilizatör,"sodium carbomer, formülasyona kıvam ve stabilite kazandıran polimer; ürünün dokusunu iyileştirir ve bileşenlerin homojen dağılmasını sağlar.",neutral,,neutral,,neutral,,neutral,,neutral,,neutral,,neutral,
Sodium Carbonate,sodiumcarbonate,1,0,0,0,0,0,0,,,top1000,48,Skincare Ingredient,Cilt Bakım Bileşeni,"sodium carbonate, kozmetik formülasyonlarda kullanılan yardımcı bileşen; ürünün doku, stabilite veya uygulama özelliklerine katkıda bulunur.",neutral,,neutral,,neutral,,neutral,,neutral,,neutral,,neutral,
Sodium Cetearyl Sulfate,sodiumcetearylsulfate,0,0,0,0,0,0,0,,,top1000,230,Skincare Ingredient,Cilt Bakım Bileşeni,"sodium cetearyl sulfate, kozmetik formülasyonlarda kullanılan yardımcı bileşen; ürünün doku, stabilite veya uygulama özelliklerine katkıda bulunur.",neutral,,neutral,,neutral,,neutral,,neutral,,neutral,,neutral,
Sodium Chloride,sodiumchloride,0,0,0,0,0,0,0,,,top1000,3937,Mineral,Mineral,"sodium chloride, mineral bazlı bileşen; formülasyonun fiziksel özelliklerine katkıda bulunur veya ciltte koruyucu/düzenleyici etki gösterir.",neutral,,neutral,,neutral,,neutral,,neutral,,neutral,,neutral,
Sodium Citrate,sodiumcitrate,0,0,0,0,0,0,0,,,manual_v2,628,Skincare Ingredient,pH Tamponlayıcı,Sitrik asidin sodyum tuzu; formülasyonun pH dengesini koruyarak aktif bileşenlerin optimum etkinliğini sağlar ve ürün stabilitesini artırır.,neutral,,neutral,,neutral,,neutral,,neutral,,neutral,,neutral,
Sodium Coco-Sulfate,sodiumcocosulfate,0,0,0,0,0,0,0,,,top1000,184,Skincare Ingredient,Cilt Bakım Bileşeni,"sodium coco-sulfate, kozmetik formülasyonlarda kullanılan yardımcı bileşen; ürünün doku, stabilite veya uygulama özelliklerine katkıda bulunur.",neutral,,neutral,,neutral,,neutral,,neutral,,neutral,,neutral,
Sodium Cocoamphoacetate,sodiumcocoamphoacetate,0,0,0,0,0,0,0,Anyone,,top1000,128,Surfactant,Yüzey Aktif Madde (Nazik),"sodium cocoamphoacetate, nazik temizleyici yüzey aktif madde; cildi fazla kurutmadan etkili temizlik sağlar ve hassas cilt formülasyonlarında tercih edilir.",neutral,,neutral,,neutral,,neutral,,neutral,,neutral,,neutral,
Sodium Cocoate,sodiumcocoate,0,0,0,0,0,0,0,,,top1000,176,Skincare Ingredient,Cilt Bakım Bileşeni,"sodium cocoate, kozmetik formülasyonlarda kullanılan yardımcı bileşen; ürünün doku, stabilite veya uygulama özelliklerine katkıda bulunur.",neutral,,neutral,,neutral,,neutral,,neutral,,neutral,,neutral,
Sodium Cocoyl Glutamate,sodiumcocoylglutamate,0,0,0,0,0,0,0,Anyone,,top1000,239,Surfactant,Yüzey Aktif Madde (Nazik),"sodium cocoyl glutamate, nazik temizleyici yüzey aktif madde; cildi fazla kurutmadan etkili temizlik sağlar ve hassas cilt formülasyonlarında tercih edilir.",neutral,,neutral,,neutral,,neutral,,neutral,,neutral,,neutral,
Sodium Cocoyl Isethionate,sodiumcocoylisethionate,0,0,0,0,0,0,0,Anyone,,top1000,145,Surfactant,Yüzey Aktif Madde (Nazik),"sodium cocoyl isethionate, nazik temizleyici yüzey aktif madde; cildi fazla kurutmadan etkili temizlik sağlar ve hassas cilt formülasyonlarında tercih edilir.",neutral,,neutral,,neutral,,neutral,,neutral,,neutral,,neutral,
Sodium Dehydroacetate,sodiumdehydroacetate,0,0,0,0,0,0,0,,,top1000,115,Skincare Ingredient,Cilt Bakım Bileşeni,"sodium dehydroacetate, kozmetik formülasyonlarda kullanılan yardımcı bileşen; ürünün doku, stabilite veya uygulama özelliklerine katkıda bulunur.",neutral,,neutral,,neutral,,neutral,,neutral,,neutral,,neutral,
Sodium Fluoride,sodiumfluoride,0,0,0,0,0,0,0,,,top1000,726,Skincare Ingredient,Oral/Diş Bakım Bileşeni,"sodium fluoride, diş macunu ve ağız bakım ürünlerinde kullanılan bileşen.",neutral,,neutral,,neutral,,neutral,,neutral,,neutral,,neutral,
Sodium Gluconate,sodiumgluconate,0,0,0,0,0,0,0,,,top1000,206,Skincare Ingredient,Cilt Bakım Bileşeni,"sodium gluconate, kozmetik formülasyonlarda kullanılan yardımcı bileşen; ürünün doku, stabilite veya uygulama özelliklerine katkıda bulunur.",neutral,,neutral,,neutral,,neutral,,neutral,,neutral,,neutral,
Sodium Glycolate,sodiumglycolate,2,0,0,0,0,0,0,Dry and dehydrated skin,,top1000,31,Humectant,Nemlendirici,"sodium glycolate, nemlendirici özellikli bileşen; ciltte nem tutarak hidrasyonu artırır ve kuruluğa bağlı gerginlik hissini azaltır.",beneficial,"sodium glycolate, nemlendirici özellikli bileşen; ciltte nem tutarak hidrasyonu artırır ve kuruluğa bağlı gerginlik hiss",neutral,,neutral,,neutral,,neutral,,neutral,,neutral,
Sodium Hyaluronate,sodiumhyaluronate,3,1,2,2,2,3,0,Dry and dehydrated skin|Fine Lines|Wrinkles|Impaired skin barrier|Anyone,,manual_v2,573,Humectant,Nemlendirici (Hyalüronik Asit Tuzu),Hyalüronik asidin sodyum tuzu; daha küçük molekül yapısı sayesinde cildin derin katmanlarına nüfuz ederek yoğun nemlendirme sağlar ve cilde dolgunluk kazandırır.,beneficial,Hyalüronik asidin sodyum tuzu; daha küçük molekül yapısı sayesinde cildin derin katmanlarına nüfuz ederek yoğun nemlendi,neutral,,beneficial,Hyalüronik asidin sodyum tuzu; daha küçük molekül yapısı sayesinde cildin derin katmanlarına nüfuz ederek yoğun nemlendi,beneficial,Hyalüronik asidin sodyum tuzu; daha küçük molekül yapısı sayesinde cildin derin katmanlarına nüfuz ederek yoğun nemlendi,beneficial,Hyalüronik asidin sodyum tuzu; daha küçük molekül yapısı sayesinde cildin derin katmanlarına nüfuz ederek yoğun nemlendi,beneficial,Hyalüronik asidin sodyum tuzu; daha küçük molekül yapısı sayesinde cildin derin katmanlarına nüfuz ederek yoğun nemlendi,neutral,
Sodium Hyaluronate Crosspolymer,sodiumhyaluronatecrosspolymer,3,1,2,2,2,3,0,Dry and dehydrated skin|Fine Lines|Wrinkles|Anyone,,manual_v2,0,Humectant,Nemlendirici (Çapraz Bağlı Hyalüronik Asit),Çapraz bağlanmış hyalüronik asit polimeri; klasik sodium hyaluronate'a göre ciltte çok daha uzun süre kalarak saatlerce kesintisiz nemlendirme sağlar ve dolgunlaştırıcı etki gösterir.,beneficial,Çapraz bağlanmış hyalüronik asit polimeri; klasik sodium hyaluronate'a göre ciltte çok daha uzun süre kalarak saatlerce ,neutral,,beneficial,Çapraz bağlanmış hyalüronik asit polimeri; klasik sodium hyaluronate'a göre ciltte çok daha uzun süre kalarak saatlerce ,beneficial,Çapraz bağlanmış hyalüronik asit polimeri; klasik sodium hyaluronate'a göre ciltte çok daha uzun süre kalarak saatlerce ,beneficial,Çapraz bağlanmış hyalüronik asit polimeri; klasik sodium hyaluronate'a göre ciltte çok daha uzun süre kalarak saatlerce ,beneficial,Çapraz bağlanmış hyalüronik asit polimeri; klasik sodium hyaluronate'a göre ciltte çok daha uzun süre kalarak saatlerce ,neutral,
Sodium Hydroxide,sodiumhydroxide,0,0,0,0,0,0,0,,,manual_v2,132,Skincare Ingredient,pH Düzenleyici,"Formülasyonun pH değerini ayarlamak için kullanılan alkalin bileşen; ürünün etkinliğini ve cilt uyumluluğunu optimize eder, nihai üründe serbest halde bulunmaz.",neutral,,neutral,,neutral,,neutral,,neutral,,neutral,,neutral,
Sodium Hydroxyde,sodiumhydroxyde,0,0,0,0,0,0,0,,,top1000,30,Skincare Ingredient,Cilt Bakım Bileşeni,"sodium hydroxyde, kozmetik formülasyonlarda kullanılan yardımcı bileşen; ürünün doku, stabilite veya uygulama özelliklerine katkıda bulunur.",neutral,,neutral,,neutral,,neutral,,neutral,,neutral,,neutral,
Sodium Hydroxypropyl Starch Phosphate,sodiumhydroxypropylstarchphosphate,0,0,0,0,0,0,0,,,top1000,35,Skincare Ingredient,Cilt Bakım Bileşeni,"sodium hydroxypropyl starch phosphate, kozmetik formülasyonlarda kullanılan yardımcı bileşen; ürünün doku, stabilite veya uygulama özelliklerine katkıda bulunur.",neutral,,neutral,,neutral,,neutral,,neutral,,neutral,,neutral,
Sodium Isethionate,sodiumisethionate,0,0,0,0,0,0,0,,,top1000,94,Skincare Ingredient,Cilt Bakım Bileşeni,"sodium isethionate, kozmetik formülasyonlarda kullanılan yardımcı bileşen; ürünün doku, stabilite veya uygulama özelliklerine katkıda bulunur.",neutral,,neutral,,neutral,,neutral,,neutral,,neutral,,neutral,
Sodium Lactate,sodiumlactate,0,0,0,0,0,0,0,,,top1000,301,Skincare Ingredient,Cilt Bakım Bileşeni,"sodium lactate, kozmetik formülasyonlarda kullanılan yardımcı bileşen; ürünün doku, stabilite veya uygulama özelliklerine katkıda bulunur.",neutral,,neutral,,neutral,,neutral,,neutral,,neutral,,neutral,
Sodium Laurate,sodiumlaurate,1,0,0,0,0,0,0,Texture,,top1000,38,Emollient,Yumuşatıcı Ester,"sodium laurate, yağ asidi esteri; cildi yumuşatır, formülasyona hafif ve pürüzsüz bir doku kazandırır.",neutral,,neutral,,neutral,,neutral,,neutral,,neutral,,neutral,
Sodium Laureth Sulfate,sodiumlaurethsulfate,-1,1,0,0,-1,0,0,,Sensitive|Impaired skin barrier,manual_v2,2481,Surfactant,Yüzey Aktif Madde (Orta),SLS'nin etoksillenmiş formu; daha nazik temizleme sağlar ancak yine de hassas ciltlerde bariyer hasarı ve tahriş yapabilir.,caution,"Kurutucu etki yapabilir, nemlendiriciyle birlikte kullanılmalı",neutral,,neutral,,neutral,,caution,"Hassas ciltte tahriş ve kızarıklık yapabilir, dikkatli kullanılmalı",neutral,,neutral,
Sodium Lauroamphoacetate,sodiumlauroamphoacetate,0,0,0,0,0,0,0,,,top1000,37,Skincare Ingredient,Cilt Bakım Bileşeni,"sodium lauroamphoacetate, kozmetik formülasyonlarda kullanılan yardımcı bileşen; ürünün doku, stabilite veya uygulama özelliklerine katkıda bulunur.",neutral,,neutral,,neutral,,neutral,,neutral,,neutral,,neutral,
Sodium Lauroyl Glutamate,sodiumlauroylglutamate,0,0,0,0,0,0,0,Anyone,,top1000,64,Surfactant,Yüzey Aktif Madde (Nazik),"sodium lauroyl glutamate, nazik temizleyici yüzey aktif madde; cildi fazla kurutmadan etkili temizlik sağlar ve hassas cilt formülasyonlarında tercih edilir.",neutral,,neutral,,neutral,,neutral,,neutral,,neutral,,neutral,
Sodium Lauroyl Glycinate,sodiumlauroylglycinate,0,0,0,0,0,0,0,Anyone,,top1000,52,Surfactant,Yüzey Aktif Madde (Nazik),"sodium lauroyl glycinate, nazik temizleyici yüzey aktif madde; cildi fazla kurutmadan etkili temizlik sağlar ve hassas cilt formülasyonlarında tercih edilir.",neutral,,neutral,,neutral,,neutral,,neutral,,neutral,,neutral,
Sodium Lauroyl Isethionate,sodiumlauroylisethionate,0,0,0,0,0,0,0,Anyone,,top1000,79,Surfactant,Yüzey Aktif Madde (Nazik),"sodium lauroyl isethionate, nazik temizleyici yüzey aktif madde; cildi fazla kurutmadan etkili temizlik sağlar ve hassas cilt formülasyonlarında tercih edilir.",neutral,,neutral,,neutral,,neutral,,neutral,,neutral,,neutral,
Sodium Lauroyl Lactylate,sodiumlauroyllactylate,0,0,0,0,0,0,0,Anyone,,top1000,90,Surfactant,Yüzey Aktif Madde (Nazik),"sodium lauroyl lactylate, nazik temizleyici yüzey aktif madde; cildi fazla kurutmadan etkili temizlik sağlar ve hassas cilt formülasyonlarında tercih edilir.",neutral,,neutral,,neutral,,neutral,,neutral,,neutral,,neutral,
Sodium Lauroyl Methyl Isethionate,sodiumlauroylmethylisethionate,0,0,0,0,0,0,0,Anyone,,top1000,55,Surfactant,Yüzey Aktif Madde (Nazik),"sodium lauroyl methyl isethionate, nazik temizleyici yüzey aktif madde; cildi fazla kurutmadan etkili temizlik sağlar ve hassas cilt formülasyonlarında tercih edilir.",neutral,,neutral,,neutral,,neutral,,neutral,,neutral,,neutral,
Sodium Lauroyl Sarcosinate,sodiumlauroylsarcosinate,0,0,0,0,0,0,0,Anyone,,top1000,111,Surfactant,Yüzey Aktif Madde (Nazik),"sodium lauroyl sarcosinate, nazik temizleyici yüzey aktif madde; cildi fazla kurutmadan etkili temizlik sağlar ve hassas cilt formülasyonlarında tercih edilir.",neutral,,neutral,,neutral,,neutral,,neutral,,neutral,,neutral,
Sodium Lauryl Glucose Carboxylate,sodiumlaurylglucosecarboxylate,1,0,0,0,0,0,0,,,top1000,47,Skincare Ingredient,Cilt Bakım Bileşeni,"sodium lauryl glucose carboxylate, kozmetik formülasyonlarda kullanılan yardımcı bileşen; ürünün doku, stabilite veya uygulama özelliklerine katkıda bulunur.",neutral,,neutral,,neutral,,neutral,,neutral,,neutral,,neutral,
Sodium Lauryl Sulfate,sodiumlaurylsulfate,-2,1,0,0,-2,-1,0,,Sensitive|Dry Dehydrated|Impaired skin barrier,manual_v2,935,Surfactant,Yüzey Aktif Madde (Sert),"Güçlü anyonik temizleyici; etkili köpürme ve yağ çözme kapasitesine sahip ancak cildin doğal lipid bariyerini sıyırabilir, kuruluğa ve tahrişe neden olabilir.",caution,"Kurutucu etki yapabilir, nemlendiriciyle birlikte kullanılmalı",neutral,,neutral,,neutral,,caution,"Hassas ciltte tahriş ve kızarıklık yapabilir, dikkatli kullanılmalı",caution,Olgun ciltte tahriş yapabilir,neutral,
Sodium Lauryl Sulfoacetate,sodiumlaurylsulfoacetate,0,0,0,0,0,0,0,,,top1000,27,Skincare Ingredient,Cilt Bakım Bileşeni,"sodium lauryl sulfoacetate, kozmetik formülasyonlarda kullanılan yardımcı bileşen; ürünün doku, stabilite veya uygulama özelliklerine katkıda bulunur.",neutral,,neutral,,neutral,,neutral,,neutral,,neutral,,neutral,
Sodium Levulinate,sodiumlevulinate,0,0,0,0,0,0,0,,,top1000,291,Skincare Ingredient,Cilt Bakım Bileşeni,"sodium levulinate, kozmetik formülasyonlarda kullanılan yardımcı bileşen; ürünün doku, stabilite veya uygulama özelliklerine katkıda bulunur.",neutral,,neutral,,neutral,,neutral,,neutral,,neutral,,neutral,
Sodium Metabisulfite,sodiummetabisulfite,0,0,0,0,0,0,0,,,top1000,90,Skincare Ingredient,Cilt Bakım Bileşeni,"sodium metabisulfite, kozmetik formülasyonlarda kullanılan yardımcı bileşen; ürünün doku, stabilite veya uygulama özelliklerine katkıda bulunur.",neutral,,neutral,,neutral,,neutral,,neutral,,neutral,,neutral,
Sodium Methyl Cocoyl Taurate,sodiummethylcocoyltaurate,0,0,0,0,0,0,0,,,top1000,160,Skincare Ingredient,Cilt Bakım Bileşeni,"sodium methyl cocoyl taurate, kozmetik formülasyonlarda kullanılan yardımcı bileşen; ürünün doku, stabilite veya uygulama özelliklerine katkıda bulunur.",neutral,,neutral,,neutral,,neutral,,neutral,,neutral,,neutral,
Sodium Methylparaben,sodiummethylparaben,0,0,0,0,-1,0,-1,,Sensitive|Pregnancy,top1000,63,Preservative,Koruyucu,"sodium methylparaben, formülasyonu mikrobiyal kontaminasyondan koruyan koruyucu madde; ürünün güvenli raf ömrünü sağlar.",neutral,,neutral,,neutral,,neutral,,caution,"Hassas ciltte tahriş ve kızarıklık yapabilir, dikkatli kullanılmalı",neutral,,caution,"Hamilelikte kullanımı önerilmez, doktorunuza danışın"
Sodium Monofluorophosphate,sodiummonofluorophosphate,0,0,0,0,0,0,0,,,top1000,132,Skincare Ingredient,Cilt Bakım Bileşeni,"sodium monofluorophosphate, kozmetik formülasyonlarda kullanılan yardımcı bileşen; ürünün doku, stabilite veya uygulama özelliklerine katkıda bulunur.",neutral,,neutral,,neutral,,neutral,,neutral,,neutral,,neutral,
Sodium Myreth Sulfate,sodiummyrethsulfate,0,0,0,0,0,0,0,,,top1000,38,Skincare Ingredient,Cilt Bakım Bileşeni,"sodium myreth sulfate, kozmetik formülasyonlarda kullanılan yardımcı bileşen; ürünün doku, stabilite veya uygulama özelliklerine katkıda bulunur.",neutral,,neutral,,neutral,,neutral,,neutral,,neutral,,neutral,
Sodium Olivate,sodiumolivate,0,0,0,0,0,0,0,,,top1000,89,Skincare Ingredient,Cilt Bakım Bileşeni,"sodium olivate, kozmetik formülasyonlarda kullanılan yardımcı bileşen; ürünün doku, stabilite veya uygulama özelliklerine katkıda bulunur.",neutral,,neutral,,neutral,,neutral,,neutral,,neutral,,neutral,
Sodium PCA,sodiumpca,2,0,1,1,1,0,0,Dry and dehydrated skin|Anyone,,manual_v2,258,Humectant,Nemlendirici (Doğal Nem Faktörü),Cildin doğal nem faktörünün (NMF) ana bileşenlerinden; havadan nem çekerek cildin hidrasyonunu artırır ve kuruluğa bağlı gerginlik hissini azaltır.,beneficial,Cildin doğal nem faktörünün (NMF) ana bileşenlerinden; havadan nem çekerek cildin hidrasyonunu artırır ve kuruluğa bağlı,neutral,,neutral,,neutral,,neutral,,neutral,,neutral,
Sodium Palm Kernelate,sodiumpalmkernelate,0,0,0,0,0,0,0,,,top1000,174,Skincare Ingredient,Cilt Bakım Bileşeni,"sodium palm kernelate, kozmetik formülasyonlarda kullanılan yardımcı bileşen; ürünün doku, stabilite veya uygulama özelliklerine katkıda bulunur.",neutral,,neutral,,neutral,,neutral,,neutral,,neutral,,neutral,
Sodium Palmate,sodiumpalmate,0,0,0,0,0,0,0,,,top1000,179,Skincare Ingredient,Cilt Bakım Bileşeni,"sodium palmate, kozmetik formülasyonlarda kullanılan yardımcı bileşen; ürünün doku, stabilite veya uygulama özelliklerine katkıda bulunur.",neutral,,neutral,,neutral,,neutral,,neutral,,neutral,,neutral,
Sodium Phosphate,sodiumphosphate,0,0,0,0,0,0,0,,,top1000,84,Skincare Ingredient,Cilt Bakım Bileşeni,"sodium phosphate, kozmetik formülasyonlarda kullanılan yardımcı bileşen; ürünün doku, stabilite veya uygulama özelliklerine katkıda bulunur.",neutral,,neutral,,neutral,,neutral,,neutral,,neutral,,neutral,
Sodium Phytate,sodiumphytate,0,0,0,0,0,0,0,,,top1000,176,Skincare Ingredient,Cilt Bakım Bileşeni,"sodium phytate, kozmetik formülasyonlarda kullanılan yardımcı bileşen; ürünün doku, stabilite veya uygulama özelliklerine katkıda bulunur.",neutral,,neutral,,neutral,,neutral,,neutral,,neutral,,neutral,
Sodium Polyacrylate,sodiumpolyacrylate,0,0,0,0,0,0,0,,,top1000,155,Skincare Ingredient,Cilt Bakım Bileşeni,"sodium polyacrylate, kozmetik formülasyonlarda kullanılan yardımcı bileşen; ürünün doku, stabilite veya uygulama özelliklerine katkıda bulunur.",neutral,,neutral,,neutral,,neutral,,neutral,,neutral,,neutral,
Sodium Polyaspartate,sodiumpolyaspartate,2,0,0,0,0,0,0,Dry and dehydrated skin,,manual_v2,0,Humectant,Nemlendirici (Biyopolimer),Biyolojik olarak parçalanabilir sentetik polimer; hyalüronik aside benzer nem tutma kapasitesiyle cildi nemlendirir ve çevresel strese karşı koruyucu film oluşturur.,beneficial,Biyolojik olarak parçalanabilir sentetik polimer; hyalüronik aside benzer nem tutma kapasitesiyle cildi nemlendirir ve ç,neutral,,neutral,,neutral,,neutral,,neutral,,neutral,
Sodium Polyglutamate,sodiumpolyglutamate,3,0,1,1,1,2,0,Dry and dehydrated skin|Fine Lines|Anyone,,manual_v2,0,Humectant,Nemlendirici (Poliglutamik Asit),"Fermantasyonla elde edilen biyopolimer; hyalüronik asidden 2-5 kat daha yüksek nem tutma kapasitesine sahiptir, cildin doğal nem faktörü üretimini destekler.",beneficial,"Fermantasyonla elde edilen biyopolimer; hyalüronik asidden 2-5 kat daha yüksek nem tutma kapasitesine sahiptir, cildin d",neutral,,neutral,,neutral,,neutral,,beneficial,"Fermantasyonla elde edilen biyopolimer; hyalüronik asidden 2-5 kat daha yüksek nem tutma kapasitesine sahiptir, cildin d",neutral,
Sodium Polynaphthalenesulfonate,sodiumpolynaphthalenesulfonate,0,0,0,0,0,0,0,,,top1000,83,Skincare Ingredient,Cilt Bakım Bileşeni,"sodium polynaphthalenesulfonate, kozmetik formülasyonlarda kullanılan yardımcı bileşen; ürünün doku, stabilite veya uygulama özelliklerine katkıda bulunur.",neutral,,neutral,,neutral,,neutral,,neutral,,neutral,,neutral,
Sodium RNA,sodiumrna,0,0,0,0,0,2,0,Fine Lines|Wrinkles,,manual_v2,0,Skincare Ingredient,Hücre Yenileyici (RNA),"Sodyum ribonükleik asit; hücre yenilenmesi ve protein sentezinde rol oynayan nükleik asit, cildin onarım sürecini hızlandırmaya ve yaşlanma belirtilerini azaltmaya yardımcı olur.",neutral,,neutral,,neutral,,neutral,,neutral,,beneficial,"Sodyum ribonükleik asit; hücre yenilenmesi ve protein sentezinde rol oynayan nükleik asit, cildin onarım sürecini hızlan",neutral,
Sodium Saccharin,sodiumsaccharin,0,0,0,0,0,0,0,,,top1000,898,Skincare Ingredient,Oral/Diş Bakım Bileşeni,"sodium saccharin, diş macunu ve ağız bakım ürünlerinde kullanılan bileşen.",neutral,,neutral,,neutral,,neutral,,neutral,,neutral,,neutral,
Sodium Salicylate,sodiumsalicylate,0,0,0,0,0,0,0,,,top1000,217,Skincare Ingredient,Cilt Bakım Bileşeni,"sodium salicylate, kozmetik formülasyonlarda kullanılan yardımcı bileşen; ürünün doku, stabilite veya uygulama özelliklerine katkıda bulunur.",neutral,,neutral,,neutral,,neutral,,neutral,,neutral,,neutral,
Sodium Shea Butterate,sodiumsheabutterate,2,0,0,0,1,1,0,,,top1000,28,Skincare Ingredient,Cilt Bakım Bileşeni,"sodium shea butterate, kozmetik formülasyonlarda kullanılan yardımcı bileşen; ürünün doku, stabilite veya uygulama özelliklerine katkıda bulunur.",beneficial,Kuru cilt için faydalı bileşen,neutral,,neutral,,neutral,,neutral,,neutral,,neutral,
Sodium Silicate,sodiumsilicate,0,1,0,0,0,0,0,,,top1000,44,Mineral,Mineral,"sodium silicate, mineral bazlı bileşen; formülasyonun fiziksel özelliklerine katkıda bulunur veya ciltte koruyucu/düzenleyici etki gösterir.",neutral,,neutral,,neutral,,neutral,,neutral,,neutral,,neutral,
Sodium Starch Octenylsuccinate,sodiumstarchoctenylsuccinate,1,0,0,0,0,0,0,Texture,,top1000,37,Emollient,Yumuşatıcı Ester,"sodium starch octenylsuccinate, yağ asidi esteri; cildi yumuşatır, formülasyona hafif ve pürüzsüz bir doku kazandırır.",neutral,,neutral,,neutral,,neutral,,neutral,,neutral,,neutral,
Sodium Stearate,sodiumstearate,1,0,0,0,0,0,0,Texture,,top1000,142,Emollient,Yumuşatıcı Ester,"sodium stearate, yağ asidi esteri; cildi yumuşatır, formülasyona hafif ve pürüzsüz bir doku kazandırır.",neutral,,neutral,,neutral,,neutral,,neutral,,neutral,,neutral,
Sodium Stearoyl Glutamate,sodiumstearoylglutamate,0,0,0,0,0,0,0,,,top1000,222,Skincare Ingredient,Cilt Bakım Bileşeni,"sodium stearoyl glutamate, kozmetik formülasyonlarda kullanılan yardımcı bileşen; ürünün doku, stabilite veya uygulama özelliklerine katkıda bulunur.",neutral,,neutral,,neutral,,neutral,,neutral,,neutral,,neutral,
Sodium Stearoyl Lactylate,sodiumstearoyllactylate,0,0,0,0,0,0,0,,,top1000,37,Skincare Ingredient,Cilt Bakım Bileşeni,"sodium stearoyl lactylate, kozmetik formülasyonlarda kullanılan yardımcı bileşen; ürünün doku, stabilite veya uygulama özelliklerine katkıda bulunur.",neutral,,neutral,,neutral,,neutral,,neutral,,neutral,,neutral,
Sodium Sulfate,sodiumsulfate,0,0,0,0,0,0,0,,,top1000,306,Skincare Ingredient,Cilt Bakım Bileşeni,"sodium sulfate, kozmetik formülasyonlarda kullanılan yardımcı bileşen; ürünün doku, stabilite veya uygulama özelliklerine katkıda bulunur.",neutral,,neutral,,neutral,,neutral,,neutral,,neutral,,neutral,
Sodium Sulfite,sodiumsulfite,0,0,0,0,0,0,0,,,top1000,93,Skincare Ingredient,Cilt Bakım Bileşeni,"sodium sulfite, kozmetik formülasyonlarda kullanılan yardımcı bileşen; ürünün doku, stabilite veya uygulama özelliklerine katkıda bulunur.",neutral,,neutral,,neutral,,neutral,,neutral,,neutral,,neutral,
Sodium Tallowate,sodiumtallowate,0,0,0,0,0,0,0,,,top1000,74,Skincare Ingredient,Cilt Bakım Bileşeni,"sodium tallowate, kozmetik formülasyonlarda kullanılan yardımcı bileşen; ürünün doku, stabilite veya uygulama özelliklerine katkıda bulunur.",neutral,,neutral,,neutral,,neutral,,neutral,,neutral,,neutral,
Sodium Xylenesulfonate,sodiumxylenesulfonate,0,0,0,0,0,0,0,,,top1000,179,Skincare Ingredient,Cilt Bakım Bileşeni,"sodium xylenesulfonate, kozmetik formülasyonlarda kullanılan yardımcı bileşen; ürünün doku, stabilite veya uygulama özelliklerine katkıda bulunur.",neutral,,neutral,,neutral,,neutral,,neutral,,neutral,,neutral,
Sorbic Acid,sorbicacid,0,0,0,0,0,0,0,,,top1000,250,Preservative,Koruyucu (Nazik),"sorbic acid, modern ve daha nazik koruyucu; formülasyonu bakteri ve küf oluşumundan koruyarak ürün güvenliğini sağlar.",neutral,,neutral,,neutral,,neutral,,neutral,,neutral,,neutral,
Sorbitan Caprylate,sorbitancaprylate,1,0,0,0,0,0,0,,,top1000,73,Skincare Ingredient,Emülgatör,"sorbitan caprylate, yağ ve su fazlarını stabil bir şekilde bir arada tutan emülgatör; formülasyonun homojen yapısını korur ve kremsi doku oluşturur.",neutral,,neutral,,neutral,,neutral,,neutral,,neutral,,neutral,
Sorbitan Isostearate,sorbitanisostearate,1,0,0,0,0,0,0,,,top1000,123,Skincare Ingredient,Emülgatör,"sorbitan isostearate, yağ ve su fazlarını stabil bir şekilde bir arada tutan emülgatör; formülasyonun homojen yapısını korur ve kremsi doku oluşturur.",neutral,,neutral,,neutral,,neutral,,neutral,,neutral,,neutral,
Sorbitan Laurate,sorbitanlaurate,1,0,0,0,0,0,0,,,top1000,31,Skincare Ingredient,Emülgatör,"sorbitan laurate, yağ ve su fazlarını stabil bir şekilde bir arada tutan emülgatör; formülasyonun homojen yapısını korur ve kremsi doku oluşturur.",neutral,,neutral,,neutral,,neutral,,neutral,,neutral,,neutral,
Sorbitan Oleate,sorbitanoleate,1,0,0,0,0,0,0,,,top1000,77,Skincare Ingredient,Emülgatör,"sorbitan oleate, yağ ve su fazlarını stabil bir şekilde bir arada tutan emülgatör; formülasyonun homojen yapısını korur ve kremsi doku oluşturur.",neutral,,neutral,,neutral,,neutral,,neutral,,neutral,,neutral,
Sorbitan Olivate,sorbitanolivate,0,0,0,0,0,0,0,,,top1000,78,Skincare Ingredient,Emülgatör,"sorbitan olivate, yağ ve su fazlarını stabil bir şekilde bir arada tutan emülgatör; formülasyonun homojen yapısını korur ve kremsi doku oluşturur.",neutral,,neutral,,neutral,,neutral,,neutral,,neutral,,neutral,
Sorbitan Sesquioleate,sorbitansesquioleate,1,0,0,0,0,0,0,,,manual_v2,0,Skincare Ingredient,Emülgatör,Sorbitol ve oleik asitten elde edilen yağda çözünür emülgatör; su-yağ tipi emülsiyonlarda stabilite sağlar ve formülasyona kremsi doku kazandırır.,neutral,,neutral,,neutral,,neutral,,neutral,,neutral,,neutral,
Sorbitan Stearate,sorbitanstearate,1,0,0,0,0,0,0,,,top1000,92,Skincare Ingredient,Emülgatör,"sorbitan stearate, yağ ve su fazlarını stabil bir şekilde bir arada tutan emülgatör; formülasyonun homojen yapısını korur ve kremsi doku oluşturur.",neutral,,neutral,,neutral,,neutral,,neutral,,neutral,,neutral,
Sorbitan Tristearate,sorbitantristearate,1,0,0,0,0,0,0,,,top1000,39,Skincare Ingredient,Emülgatör,"sorbitan tristearate, yağ ve su fazlarını stabil bir şekilde bir arada tutan emülgatör; formülasyonun homojen yapısını korur ve kremsi doku oluşturur.",neutral,,neutral,,neutral,,neutral,,neutral,,neutral,,neutral,
Sorbitol,sorbitol,1,0,0,0,0,0,0,Dry and dehydrated skin,,manual_v2,1038,Humectant,Nemlendirici,"Meyve şekerinden elde edilen şeker alkolü; glycerin'e benzer mekanizmayla havadan nem çeker ve cildi yumuşak tutar, formülasyona hoş bir doku katar.",neutral,,neutral,,neutral,,neutral,,neutral,,neutral,,neutral,
Soy Acid,soyacid,1,0,0,0,0,0,0,Dry and dehydrated skin,,top1000,30,Skincare Ingredient,Amino Asit / Protein,"soy acid, cildin yapısal proteinlerini ve doğal nem faktörünü destekleyen amino asit veya protein bileşeni; nem tutmaya ve bariyer fonksiyonuna katkıda bulunur.",neutral,,neutral,,neutral,,neutral,,neutral,,neutral,,neutral,
Sphingolipids,sphingolipids,3,0,1,1,3,2,0,Dry and dehydrated skin|Impaired skin barrier|Anyone,,manual_v2,0,Ceramide,Sfingolipid (Bariyer Lipiti),"Cilt bariyerinin temel yapı taşlarından olan lipit grubu; seramidlerin öncü molekülleri olarak bariyer onarımını destekler, transepidermal su kaybını azaltır ve hassas cildi güçlendirir.",beneficial,Cilt bariyerinin temel yapı taşlarından olan lipit grubu; seramidlerin öncü molekülleri olarak bariyer onarımını destekl,neutral,,neutral,,neutral,,beneficial,Cilt bariyerinin temel yapı taşlarından olan lipit grubu; seramidlerin öncü molekülleri olarak bariyer onarımını destekl,beneficial,Cilt bariyerinin temel yapı taşlarından olan lipit grubu; seramidlerin öncü molekülleri olarak bariyer onarımını destekl,neutral,
Squalane,squalane,3,0,1,1,2,2,0,Dry and dehydrated skin|Impaired skin barrier|Anyone,,manual_v2,224,Oil / Lipid,Yağ / Lipit,"Cildin doğal sebumuna yapısal olarak çok benzeyen hafif yağ; gözenek tıkamadan derinlemesine besler, nem bariyerini güçlendirir ve tüm cilt tiplerine uygundur.",beneficial,"Cildin doğal sebumuna yapısal olarak çok benzeyen hafif yağ; gözenek tıkamadan derinlemesine besler, nem bariyerini güçl",neutral,,neutral,,neutral,,beneficial,"Cildin doğal sebumuna yapısal olarak çok benzeyen hafif yağ; gözenek tıkamadan derinlemesine besler, nem bariyerini güçl",beneficial,"Cildin doğal sebumuna yapısal olarak çok benzeyen hafif yağ; gözenek tıkamadan derinlemesine besler, nem bariyerini güçl",neutral,
Squalene,squalene,0,0,0,0,0,0,0,,,top1000,46,Skincare Ingredient,Cilt Bakım Bileşeni,"squalene, kozmetik formülasyonlarda kullanılan yardımcı bileşen; ürünün doku, stabilite veya uygulama özelliklerine katkıda bulunur.",neutral,,neutral,,neutral,,neutral,,neutral,,neutral,,neutral,
Stannous Chloride,stannouschloride,0,0,0,0,0,0,0,,,top1000,34,Skincare Ingredient,Cilt Bakım Bileşeni,"stannous chloride, kozmetik formülasyonlarda kullanılan yardımcı bileşen; ürünün doku, stabilite veya uygulama özelliklerine katkıda bulunur.",neutral,,neutral,,neutral,,neutral,,neutral,,neutral,,neutral,
Stannous Fluoride,stannousfluoride,0,0,0,0,0,0,0,,,top1000,51,Skincare Ingredient,Oral/Diş Bakım Bileşeni,"stannous fluoride, diş macunu ve ağız bakım ürünlerinde kullanılan bileşen.",neutral,,neutral,,neutral,,neutral,,neutral,,neutral,,neutral,
Stearalkonium Bentonite,stearalkoniumbentonite,0,1,0,0,0,0,0,,,top1000,31,Mineral,Mineral,"stearalkonium bentonite, mineral bazlı bileşen; formülasyonun fiziksel özelliklerine katkıda bulunur veya ciltte koruyucu/düzenleyici etki gösterir.",neutral,,neutral,,neutral,,neutral,,neutral,,neutral,,neutral,
Stearalkonium Hectorite,stearalkoniumhectorite,0,0,0,0,0,0,0,,,top1000,75,Skincare Ingredient,Cilt Bakım Bileşeni,"stearalkonium hectorite, kozmetik formülasyonlarda kullanılan yardımcı bileşen; ürünün doku, stabilite veya uygulama özelliklerine katkıda bulunur.",neutral,,neutral,,neutral,,neutral,,neutral,,neutral,,neutral,
Stearamide Amp,stearamideamp,0,0,0,0,0,0,0,,,top1000,58,Skincare Ingredient,Cilt Bakım Bileşeni,"stearamide amp, kozmetik formülasyonlarda kullanılan yardımcı bileşen; ürünün doku, stabilite veya uygulama özelliklerine katkıda bulunur.",neutral,,neutral,,neutral,,neutral,,neutral,,neutral,,neutral,
Stearamidopropyl Dimethylamine,stearamidopropyldimethylamine,0,0,0,0,0,0,0,,,top1000,168,Skincare Ingredient,Cilt Bakım Bileşeni,"stearamidopropyl dimethylamine, kozmetik formülasyonlarda kullanılan yardımcı bileşen; ürünün doku, stabilite veya uygulama özelliklerine katkıda bulunur.",neutral,,neutral,,neutral,,neutral,,neutral,,neutral,,neutral,
Steareth-100,steareth100,0,0,0,0,0,0,0,,,top1000,28,Skincare Ingredient,Emülgatör,"steareth-100, yağ ve su fazlarını stabil bir şekilde bir arada tutan emülgatör; formülasyonun homojen yapısını korur ve kremsi doku oluşturur.",neutral,,neutral,,neutral,,neutral,,neutral,,neutral,,neutral,
Steareth-2,steareth2,0,0,0,0,0,0,0,,,top1000,207,Skincare Ingredient,Emülgatör,"steareth-2, yağ ve su fazlarını stabil bir şekilde bir arada tutan emülgatör; formülasyonun homojen yapısını korur ve kremsi doku oluşturur.",neutral,,neutral,,neutral,,neutral,,neutral,,neutral,,neutral,
Steareth-20,steareth20,0,0,0,0,0,0,0,,,top1000,142,Skincare Ingredient,Emülgatör,"steareth-20, yağ ve su fazlarını stabil bir şekilde bir arada tutan emülgatör; formülasyonun homojen yapısını korur ve kremsi doku oluşturur.",neutral,,neutral,,neutral,,neutral,,neutral,,neutral,,neutral,
Steareth-21,steareth21,0,0,0,0,0,0,0,,,top1000,137,Skincare Ingredient,Emülgatör,"steareth-21, yağ ve su fazlarını stabil bir şekilde bir arada tutan emülgatör; formülasyonun homojen yapısını korur ve kremsi doku oluşturur.",neutral,,neutral,,neutral,,neutral,,neutral,,neutral,,neutral,
Stearic Acid,stearicacid,1,0,0,0,0,0,0,,,top1000,1018,Oil / Lipid,Yağ Asidi,"stearic acid, doğal yağ asidi; cildin lipid bariyerini destekler, yumuşatıcı etki gösterir ve formülasyonun kıvamına katkıda bulunur.",neutral,,neutral,,neutral,,neutral,,neutral,,neutral,,neutral,
Stearyl Alcohol,stearylalcohol,1,0,0,0,0,0,0,,,manual_v2,542,Emollient,Yağlı Alkol (Yumuşatıcı),"Uzun zincirli yağlı alkol; formülasyona zengin ve kremsi kıvam kazandırır, cildi yumuşatır ve nem bariyerini destekler. Kurutucu etkisi yoktur.",neutral,,neutral,,neutral,,neutral,,neutral,,neutral,,neutral,
Stevia Rebaudiana Extract,steviarebaudianaextract,1,0,0,0,0,0,0,,,top1000,54,Botanical Extract,Bitkisel Ekstrakt,"stevia rebaudiana extract, bitkisel kaynaklı aktif ekstrakt; antioksidan, yatıştırıcı veya besleyici özellikler taşıyabilir ve formülasyona doğal etkinlik katar.",neutral,,neutral,,neutral,,neutral,,neutral,,neutral,,neutral,
Styrene/Acrylates Copolymer,styreneacrylatescopolymer,0,0,0,0,0,0,0,,,top1000,392,Skincare Ingredient,Kıvam Artırıcı / Stabilizatör,"styrene/acrylates copolymer, formülasyona kıvam ve stabilite kazandıran polimer; ürünün dokusunu iyileştirir ve bileşenlerin homojen dağılmasını sağlar.",neutral,,neutral,,neutral,,neutral,,neutral,,neutral,,neutral,
Succinic Acid,succinicacid,0,2,1,0,0,0,0,Acne|Texture,,manual_v2,0,Acid,Süksinik Asit,"Kehribardan elde edilen doğal organik asit; antimikrobiyal ve anti-inflamatuar özellikler taşır, akne tedavisinde umut verici sonuçlar gösterir ve cildin pH dengesini düzenler.",neutral,,beneficial,"Kehribardan elde edilen doğal organik asit; antimikrobiyal ve anti-inflamatuar özellikler taşır, akne tedavisinde umut v",neutral,,neutral,,neutral,,neutral,,neutral,
Sucralose,sucralose,0,0,0,0,0,0,0,,,top1000,121,Skincare Ingredient,Cilt Bakım Bileşeni,"sucralose, kozmetik formülasyonlarda kullanılan yardımcı bileşen; ürünün doku, stabilite veya uygulama özelliklerine katkıda bulunur.",neutral,,neutral,,neutral,,neutral,,neutral,,neutral,,neutral,
Sucrose,sucrose,1,0,0,0,0,0,0,,,manual_v2,0,Humectant,Nemlendirici (Şeker),"Doğal sakkaroz şekeri; hafif nemlendirici ve cilt yumuşatıcı olarak çalışır, formülasyona tatlı doku katar ve cildin yüzeyinde koruyucu bir tabaka oluşturur.",neutral,,neutral,,neutral,,neutral,,neutral,,neutral,,neutral,
Sucrose Cocoate,sucrosecocoate,0,0,0,0,0,0,0,,,top1000,45,Skincare Ingredient,Cilt Bakım Bileşeni,"sucrose cocoate, kozmetik formülasyonlarda kullanılan yardımcı bileşen; ürünün doku, stabilite veya uygulama özelliklerine katkıda bulunur.",neutral,,neutral,,neutral,,neutral,,neutral,,neutral,,neutral,
Sucrose Laurate,sucroselaurate,1,0,0,0,0,0,0,Texture,,top1000,29,Emollient,Yumuşatıcı Ester,"sucrose laurate, yağ asidi esteri; cildi yumuşatır, formülasyona hafif ve pürüzsüz bir doku kazandırır.",neutral,,neutral,,neutral,,neutral,,neutral,,neutral,,neutral,
Sucrose Stearate,sucrosestearate,1,0,0,0,0,0,0,,,top1000,49,Skincare Ingredient,Emülgatör,"sucrose stearate, yağ ve su fazlarını stabil bir şekilde bir arada tutan emülgatör; formülasyonun homojen yapısını korur ve kremsi doku oluşturur.",neutral,,neutral,,neutral,,neutral,,neutral,,neutral,,neutral,
Sunflower Seed Oil,sunflowerseedoil,2,0,1,1,1,0,0,Dry and dehydrated skin|Impaired skin barrier,,manual_v2,0,Oil / Lipid,Bitkisel Yağ (Ayçiçeği),"Linoleik asit bakımından zengin ayçiçeği yağı; cilt bariyerini onaran, iltihaplanmayı azaltan ve komedojenik olmayan hafif bitkisel yağ, tüm cilt tiplerine uygundur.",beneficial,"Linoleik asit bakımından zengin ayçiçeği yağı; cilt bariyerini onaran, iltihaplanmayı azaltan ve komedojenik olmayan haf",neutral,,neutral,,neutral,,neutral,,neutral,,neutral,
Synthetic Beeswax,syntheticbeeswax,1,0,0,0,0,0,0,,,top1000,39,Skincare Ingredient,Cilt Bakım Bileşeni,"synthetic beeswax, kozmetik formülasyonlarda kullanılan yardımcı bileşen; ürünün doku, stabilite veya uygulama özelliklerine katkıda bulunur.",neutral,,neutral,,neutral,,neutral,,neutral,,neutral,,neutral,
Synthetic Fluorphlogopite,syntheticfluorphlogopite,0,0,0,0,0,0,0,,,top1000,174,Skincare Ingredient,Cilt Bakım Bileşeni,"synthetic fluorphlogopite, kozmetik formülasyonlarda kullanılan yardımcı bileşen; ürünün doku, stabilite veya uygulama özelliklerine katkıda bulunur.",neutral,,neutral,,neutral,,neutral,,neutral,,neutral,,neutral,
Synthetic Wax,syntheticwax,1,0,0,0,0,0,0,,,top1000,92,Skincare Ingredient,Cilt Bakım Bileşeni,"synthetic wax, kozmetik formülasyonlarda kullanılan yardımcı bileşen; ürünün doku, stabilite veya uygulama özelliklerine katkıda bulunur.",neutral,,neutral,,neutral,,neutral,,neutral,,neutral,,neutral,
Syringa Vulgaris (Lilac) Extract,syringavulgarislilacextract,0,2,1,0,0,0,0,Acne|Enlarged Pores|Oily,,manual_v2,0,Botanical Extract,Bitkisel Ekstrakt (Leylak),"Leylak çiçeğinden elde edilen ekstrakt; antimikrobiyal ve antioksidan özellikler taşır, sebum üretimini dengelemeye yardımcı olur ve akneye eğilimli ciltlerde gözenek arındırıcı etki gösterir.",neutral,,beneficial,"Leylak çiçeğinden elde edilen ekstrakt; antimikrobiyal ve antioksidan özellikler taşır, sebum üretimini dengelemeye yard",neutral,,neutral,,neutral,,neutral,,neutral,
T-Butyl Alcohol,tbutylalcohol,0,0,0,0,0,0,0,,,top1000,28,Skincare Ingredient,Cilt Bakım Bileşeni,"t-butyl alcohol, kozmetik formülasyonlarda kullanılan yardımcı bileşen; ürünün doku, stabilite veya uygulama özelliklerine katkıda bulunur.",neutral,,neutral,,neutral,,neutral,,neutral,,neutral,,neutral,
Talc,talc,0,1,0,0,0,0,0,,,top1000,287,Mineral,Mineral,"talc, mineral bazlı bileşen; formülasyonun fiziksel özelliklerine katkıda bulunur veya ciltte koruyucu/düzenleyici etki gösterir.",neutral,,neutral,,neutral,,neutral,,neutral,,neutral,,neutral,
Tamarindus Indica Seed Gum,tamarindusindicaseedgum,2,0,0,0,1,0,0,Dry and dehydrated skin|Anyone,,manual_v2,0,Skincare Ingredient,Doğal Kıvam Artırıcı / Nemlendirici,Hint demirhindi tohumundan elde edilen doğal polisakkarit; formülasyona jel kıvamı kazandırırken aynı zamanda hyalüronik aside benzer nem tutma özelliği gösterir ve cildi yumuşatır.,beneficial,Hint demirhindi tohumundan elde edilen doğal polisakkarit; formülasyona jel kıvamı kazandırırken aynı zamanda hyalüronik,neutral,,neutral,,neutral,,neutral,,neutral,,neutral,
Tapioca Starch,tapiocastarch,0,0,0,0,0,0,0,,,top1000,134,Skincare Ingredient,Cilt Bakım Bileşeni,"tapioca starch, kozmetik formülasyonlarda kullanılan yardımcı bileşen; ürünün doku, stabilite veya uygulama özelliklerine katkıda bulunur.",neutral,,neutral,,neutral,,neutral,,neutral,,neutral,,neutral,
Tartaric Acid,tartaricacid,0,0,0,0,0,0,0,,,top1000,67,Skincare Ingredient,Cilt Bakım Bileşeni,"tartaric acid, kozmetik formülasyonlarda kullanılan yardımcı bileşen; ürünün doku, stabilite veya uygulama özelliklerine katkıda bulunur.",neutral,,neutral,,neutral,,neutral,,neutral,,neutral,,neutral,
Tasmannia Lanceolata Fruit Extract,tasmannialanceolatafruitextract,0,0,0,0,1,1,0,Redness,,manual_v2,0,Botanical Extract,Bitkisel Ekstrakt (Tazmanya Biberi),"Tazmanya adasına özgü bitkinin meyvesinden elde edilen nadir ekstrakt; güçlü antioksidan ve anti-inflamatuar özellikler taşır, cildi yatıştırır ve hassasiyet eşiğini yükseltir.",neutral,,neutral,,neutral,,neutral,,neutral,,neutral,,neutral,
Taurine,taurine,0,0,0,0,0,0,0,,,top1000,27,Skincare Ingredient,Cilt Bakım Bileşeni,"taurine, kozmetik formülasyonlarda kullanılan yardımcı bileşen; ürünün doku, stabilite veya uygulama özelliklerine katkıda bulunur.",neutral,,neutral,,neutral,,neutral,,neutral,,neutral,,neutral,
Tea Tree Oil,teatreeoil,-1,3,2,0,-1,0,0,Acne|Blackheads,Sensitive|Dry Dehydrated,manual_v2,0,Botanical Extract,Bitkisel Ekstrakt (Çay Ağacı),"Avustralya çay ağacından elde edilen güçlü antiseptik yağ; terpinen-4-ol bileşeniyle akne bakterilerini öldürür, iltihaplanmayı azaltır ancak konsantre halde hassas cildi tahriş edebilir.",caution,"Kurutucu etki yapabilir, nemlendiriciyle birlikte kullanılmalı",beneficial,"Avustralya çay ağacından elde edilen güçlü antiseptik yağ; terpinen-4-ol bileşeniyle akne bakterilerini öldürür, iltihap",beneficial,"Avustralya çay ağacından elde edilen güçlü antiseptik yağ; terpinen-4-ol bileşeniyle akne bakterilerini öldürür, iltihap",neutral,,caution,"Hassas ciltte tahriş ve kızarıklık yapabilir, dikkatli kullanılmalı",neutral,,neutral,
Tea-Dodecylbenzenesulfonate,teadodecylbenzenesulfonate,0,0,0,0,0,0,0,,,top1000,128,Skincare Ingredient,Cilt Bakım Bileşeni,"tea-dodecylbenzenesulfonate, kozmetik formülasyonlarda kullanılan yardımcı bileşen; ürünün doku, stabilite veya uygulama özelliklerine katkıda bulunur.",neutral,,neutral,,neutral,,neutral,,neutral,,neutral,,neutral,
Tea-Sulfate,teasulfate,0,0,0,0,0,0,0,,,top1000,39,Skincare Ingredient,Cilt Bakım Bileşeni,"tea-sulfate, kozmetik formülasyonlarda kullanılan yardımcı bileşen; ürünün doku, stabilite veya uygulama özelliklerine katkıda bulunur.",neutral,,neutral,,neutral,,neutral,,neutral,,neutral,,neutral,
Terephthalidene Dicamphor Sulfonic Acid,terephthalidenedicamphorsulfonicacid,0,0,0,1,0,0,0,UV Protection,,manual_v2,0,Sunscreen Agent,Güneş Koruyucu (Mexoryl SX),"L'Oréal'ın patentli UVA filtresi Mexoryl SX; suda çözünür yapısıyla etkili UVA koruması sağlar, diğer filtrelerle sinerjik çalışarak geniş spektrumlu korumayı güçlendirir.",neutral,,neutral,,neutral,,neutral,,neutral,,neutral,,neutral,
Terephthalylidene Dicamphor Sulfonic Acid,terephthalylidenedicamphorsulfonicacid,0,0,0,0,0,0,0,,,top1000,33,Skincare Ingredient,Cilt Bakım Bileşeni,"terephthalylidene dicamphor sulfonic acid, kozmetik formülasyonlarda kullanılan yardımcı bileşen; ürünün doku, stabilite veya uygulama özelliklerine katkıda bulunur.",neutral,,neutral,,neutral,,neutral,,neutral,,neutral,,neutral,
Terpineol,terpineol,0,0,0,0,0,0,0,,,top1000,63,Skincare Ingredient,Cilt Bakım Bileşeni,"terpineol, kozmetik formülasyonlarda kullanılan yardımcı bileşen; ürünün doku, stabilite veya uygulama özelliklerine katkıda bulunur.",neutral,,neutral,,neutral,,neutral,,neutral,,neutral,,neutral,
Tetramethyl Acetyloctahydronaphthalenes,tetramethylacetyloctahydronaphthalenes,0,0,0,0,0,0,0,,,top1000,85,Skincare Ingredient,Cilt Bakım Bileşeni,"tetramethyl acetyloctahydronaphthalenes, kozmetik formülasyonlarda kullanılan yardımcı bileşen; ürünün doku, stabilite veya uygulama özelliklerine katkıda bulunur.",neutral,,neutral,,neutral,,neutral,,neutral,,neutral,,neutral,
Tetrapotassium Pyrophosphate,tetrapotassiumpyrophosphate,0,0,0,0,0,0,0,,,top1000,95,Mineral,Mineral,"tetrapotassium pyrophosphate, mineral bazlı bileşen; formülasyonun fiziksel özelliklerine katkıda bulunur veya ciltte koruyucu/düzenleyici etki gösterir.",neutral,,neutral,,neutral,,neutral,,neutral,,neutral,,neutral,
Tetraselmis Suecica Extract,tetraselmissuecicaextract,0,0,0,0,0,1,0,Radiance,,manual_v2,0,Botanical Extract,Mikroalg Ekstrakt,"Yeşil mikroalgden elde edilen biyoteknolojik ekstrakt; amino asitler, vitaminler ve mineraller bakımından zengin olup cildin enerji metabolizmasını destekler ve cilt parlaklığını artırır.",neutral,,neutral,,neutral,,neutral,,neutral,,neutral,,neutral,
Tetrasodium Edta,tetrasodiumedta,0,0,0,0,0,0,0,,,top1000,1015,Skincare Ingredient,Şelatör,"tetrasodium edta, metal iyonlarını bağlayarak formülasyonun stabilitesini koruyan şelatlama ajanı; ürünün renk, koku ve etkinlik kaybını önler.",neutral,,neutral,,neutral,,neutral,,neutral,,neutral,,neutral,
Tetrasodium Etidronate,tetrasodiumetidronate,0,0,0,0,0,0,0,,,top1000,185,Skincare Ingredient,Cilt Bakım Bileşeni,"tetrasodium etidronate, kozmetik formülasyonlarda kullanılan yardımcı bileşen; ürünün doku, stabilite veya uygulama özelliklerine katkıda bulunur.",neutral,,neutral,,neutral,,neutral,,neutral,,neutral,,neutral,
Tetrasodium Glutamate Diacetate,tetrasodiumglutamatediacetate,0,0,0,0,0,0,0,,,top1000,401,Skincare Ingredient,Cilt Bakım Bileşeni,"tetrasodium glutamate diacetate, kozmetik formülasyonlarda kullanılan yardımcı bileşen; ürünün doku, stabilite veya uygulama özelliklerine katkıda bulunur.",neutral,,neutral,,neutral,,neutral,,neutral,,neutral,,neutral,
Tetrasodium Iminodisuccinate,tetrasodiumiminodisuccinate,1,0,0,0,0,0,0,Texture,,top1000,33,Emollient,Yumuşatıcı Ester,"tetrasodium iminodisuccinate, yağ asidi esteri; cildi yumuşatır, formülasyona hafif ve pürüzsüz bir doku kazandırır.",neutral,,neutral,,neutral,,neutral,,neutral,,neutral,,neutral,
Tetrasodium Pyrophosphate,tetrasodiumpyrophosphate,0,0,0,0,0,0,0,,,top1000,137,Skincare Ingredient,Cilt Bakım Bileşeni,"tetrasodium pyrophosphate, kozmetik formülasyonlarda kullanılan yardımcı bileşen; ürünün doku, stabilite veya uygulama özelliklerine katkıda bulunur.",neutral,,neutral,,neutral,,neutral,,neutral,,neutral,,neutral,
Theobroma Cacao (Cocoa) Seed Butter,theobromacacaococoaseedbutter,2,0,0,0,1,1,0,,,top1000,82,Skincare Ingredient,Cilt Bakım Bileşeni,"theobroma cacao (cocoa) seed butter, kozmetik formülasyonlarda kullanılan yardımcı bileşen; ürünün doku, stabilite veya uygulama özelliklerine katkıda bulunur.",beneficial,Kuru cilt için faydalı bileşen,neutral,,neutral,,neutral,,neutral,,neutral,,neutral,
Theobroma Cacao Seed Butter,theobromacacaoseedbutter,2,0,0,0,1,1,0,,,top1000,106,Skincare Ingredient,Cilt Bakım Bileşeni,"theobroma cacao seed butter, kozmetik formülasyonlarda kullanılan yardımcı bileşen; ürünün doku, stabilite veya uygulama özelliklerine katkıda bulunur.",beneficial,Kuru cilt için faydalı bileşen,neutral,,neutral,,neutral,,neutral,,neutral,,neutral,
Thermus Thermophillus Ferment,thermusthermophillusferment,0,0,0,1,1,2,0,Fine Lines|Impaired skin barrier,,manual_v2,0,Prebiotic / Probiotic,Probiyotik Ferment (Termofil),"Ekstrem sıcaklıklarda yaşayan bakterinin fermantasyon ürünü; hücreleri ısı ve UV stresine karşı koruyan proteinler içerir, cildin stres direncini artırır.",neutral,,neutral,,neutral,,neutral,,neutral,,beneficial,Ekstrem sıcaklıklarda yaşayan bakterinin fermantasyon ürünü; hücreleri ısı ve UV stresine karşı koruyan proteinler içeri,neutral,
Thioglycerin,thioglycerin,2,0,0,0,0,0,0,Dry and dehydrated skin,,top1000,42,Humectant,Nemlendirici,"thioglycerin, nemlendirici özellikli bileşen; ciltte nem tutarak hidrasyonu artırır ve kuruluğa bağlı gerginlik hissini azaltır.",beneficial,"thioglycerin, nemlendirici özellikli bileşen; ciltte nem tutarak hidrasyonu artırır ve kuruluğa bağlı gerginlik hissini ",neutral,,neutral,,neutral,,neutral,,neutral,,neutral,
Threonine,threonine,1,0,0,0,0,0,0,,,top1000,59,Skincare Ingredient,Cilt Bakım Bileşeni,"threonine, kozmetik formülasyonlarda kullanılan yardımcı bileşen; ürünün doku, stabilite veya uygulama özelliklerine katkıda bulunur.",neutral,,neutral,,neutral,,neutral,,neutral,,neutral,,neutral,
Thymol,thymol,0,0,0,0,0,0,0,,,top1000,69,Skincare Ingredient,Cilt Bakım Bileşeni,"thymol, kozmetik formülasyonlarda kullanılan yardımcı bileşen; ürünün doku, stabilite veya uygulama özelliklerine katkıda bulunur.",neutral,,neutral,,neutral,,neutral,,neutral,,neutral,,neutral,
Tin Oxide,tinoxide,0,0,0,0,0,0,0,,,top1000,160,Skincare Ingredient,Cilt Bakım Bileşeni,"tin oxide, kozmetik formülasyonlarda kullanılan yardımcı bileşen; ürünün doku, stabilite veya uygulama özelliklerine katkıda bulunur.",neutral,,neutral,,neutral,,neutral,,neutral,,neutral,,neutral,
Titanium Dioxide,titaniumdioxide,0,0,0,1,2,0,1,UV Protection|Anyone,,manual_v2,402,Sunscreen Agent,Fiziksel Güneş Filtresi,"Mineral bazlı UVB ağırlıklı güneş filtresi; UV ışınlarını fiziksel bariyerle yansıtır, kimyasal filtrelere göre daha az tahriş riski taşır ve hassas ciltler için tercih edilir.",neutral,,neutral,,neutral,,neutral,,beneficial,"Mineral bazlı UVB ağırlıklı güneş filtresi; UV ışınlarını fiziksel bariyerle yansıtır, kimyasal filtrelere göre daha az ",neutral,,neutral,
Titanium Dioxide (Ci 77891),titaniumdioxideci77891,0,0,0,1,1,0,1,,,top1000,67,Mineral,Mineral,"titanium dioxide (ci 77891), mineral bazlı bileşen; formülasyonun fiziksel özelliklerine katkıda bulunur veya ciltte koruyucu/düzenleyici etki gösterir.",neutral,,neutral,,neutral,,neutral,,neutral,,neutral,,neutral,
Titanium Dioxide (Nano),titaniumdioxidenano,0,0,0,1,1,0,1,,,top1000,56,Mineral,Mineral,"titanium dioxide (nano), mineral bazlı bileşen; formülasyonun fiziksel özelliklerine katkıda bulunur veya ciltte koruyucu/düzenleyici etki gösterir.",neutral,,neutral,,neutral,,neutral,,neutral,,neutral,,neutral,
Tocopherol,tocopherol,2,0,1,1,1,2,0,Dry and dehydrated skin|Fine Lines|Radiance|Impaired skin barrier,,manual_v2,100,Antioxidant,Antioksidan (E Vitamini),"Doğal E vitamini; hücreleri oksidatif stresten koruyan güçlü antioksidan, cildin iyileşme sürecini destekler, nem bariyerini güçlendirir ve formülasyondaki yağların oksidasyonunu önler.",beneficial,"Doğal E vitamini; hücreleri oksidatif stresten koruyan güçlü antioksidan, cildin iyileşme sürecini destekler, nem bariye",neutral,,neutral,,neutral,,neutral,,beneficial,"Doğal E vitamini; hücreleri oksidatif stresten koruyan güçlü antioksidan, cildin iyileşme sürecini destekler, nem bariye",neutral,
Tocopherol (Vitamin E),tocopherolvitamine,0,0,0,0,0,1,0,Radiance,,top1000,42,Antioxidant,Antioksidan,"tocopherol (vitamin e), antioksidan bileşen; serbest radikalleri nötralize ederek hücreleri oksidatif hasardan korur ve formülasyonun stabilitesine katkıda bulunur.",neutral,,neutral,,neutral,,neutral,,neutral,,neutral,,neutral,
Tocopheryl Acetate,tocopherylacetate,2,0,1,1,1,2,0,Dry and dehydrated skin|Fine Lines|Radiance,,manual_v2,1671,Antioxidant,Antioksidan (E Vitamini Asetat),"E vitamininin stabilize edilmiş formu; ciltte enzimler tarafından aktif tocopherole dönüşerek antioksidan koruma sağlar, UV hasarını azaltır ve nem bariyerini destekler.",beneficial,"E vitamininin stabilize edilmiş formu; ciltte enzimler tarafından aktif tocopherole dönüşerek antioksidan koruma sağlar,",neutral,,neutral,,neutral,,neutral,,beneficial,"E vitamininin stabilize edilmiş formu; ciltte enzimler tarafından aktif tocopherole dönüşerek antioksidan koruma sağlar,",neutral,
Tocopheryl Acetate (Vitamin E),tocopherylacetatevitamine,0,0,0,1,0,1,0,,,top1000,40,Skincare Ingredient,Cilt Bakım Bileşeni,"tocopheryl acetate (vitamin e), kozmetik formülasyonlarda kullanılan yardımcı bileşen; ürünün doku, stabilite veya uygulama özelliklerine katkıda bulunur.",neutral,,neutral,,neutral,,neutral,,neutral,,neutral,,neutral,
Tocopheryl Glucoside,tocopherylglucoside,1,0,0,1,1,2,0,Fine Lines|Radiance|Impaired skin barrier,,manual_v2,0,Antioxidant,Antioksidan (E Vitamini Glikozit),"E vitamininin suda çözünür stabil glikozit formu; ciltte enzimler tarafından aktif tocopherole dönüşerek antioksidan koruma sağlar, aynı zamanda kolajeni UV hasarından korur ve aydınlatıcı etki gösterir.",neutral,,neutral,,neutral,,neutral,,neutral,,beneficial,E vitamininin suda çözünür stabil glikozit formu; ciltte enzimler tarafından aktif tocopherole dönüşerek antioksidan kor,neutral,
Toluene-2,toluene2,0,0,0,0,0,0,0,,,top1000,67,Skincare Ingredient,Cilt Bakım Bileşeni,"toluene-2, kozmetik formülasyonlarda kullanılan yardımcı bileşen; ürünün doku, stabilite veya uygulama özelliklerine katkıda bulunur.",neutral,,neutral,,neutral,,neutral,,neutral,,neutral,,neutral,
Tranexamic Acid,tranexamicacid,0,0,0,1,1,2,-1,Pigmentation|Radiance|Redness,Pregnancy,manual_v2,0,Acid,Traneksamik Asit,"Melanin transferini engelleyerek hiperpigmentasyonu azaltan güçlü aydınlatıcı; melazma tedavisinde umut verici sonuçlar gösteren, hassas ciltler dahil geniş toleransa sahip aktif bileşen.",neutral,,neutral,,neutral,,neutral,,neutral,,beneficial,Melanin transferini engelleyerek hiperpigmentasyonu azaltan güçlü aydınlatıcı; melazma tedavisinde umut verici sonuçlar ,caution,"Hamilelikte kullanımı önerilmez, doktorunuza danışın"
Trehalose,trehalose,2,0,0,0,0,0,0,Dry and dehydrated skin,,top1000,120,Humectant,Nemlendirici,"trehalose, nemlendirici özellikli bileşen; ciltte nem tutarak hidrasyonu artırır ve kuruluğa bağlı gerginlik hissini azaltır.",beneficial,"trehalose, nemlendirici özellikli bileşen; ciltte nem tutarak hidrasyonu artırır ve kuruluğa bağlı gerginlik hissini aza",neutral,,neutral,,neutral,,neutral,,neutral,,neutral,
Triacontanyl Pvp,triacontanylpvp,0,0,0,0,0,0,0,,,top1000,38,Skincare Ingredient,Cilt Bakım Bileşeni,"triacontanyl pvp, kozmetik formülasyonlarda kullanılan yardımcı bileşen; ürünün doku, stabilite veya uygulama özelliklerine katkıda bulunur.",neutral,,neutral,,neutral,,neutral,,neutral,,neutral,,neutral,
Tribehenin,tribehenin,0,0,0,0,0,0,0,,,top1000,53,Skincare Ingredient,Cilt Bakım Bileşeni,"tribehenin, kozmetik formülasyonlarda kullanılan yardımcı bileşen; ürünün doku, stabilite veya uygulama özelliklerine katkıda bulunur.",neutral,,neutral,,neutral,,neutral,,neutral,,neutral,,neutral,
Triclosan,triclosan,0,0,0,0,-1,0,-1,,Sensitive|Pregnancy,top1000,33,Preservative,Koruyucu,"triclosan, formülasyonu mikrobiyal kontaminasyondan koruyan koruyucu madde; ürünün güvenli raf ömrünü sağlar.",neutral,,neutral,,neutral,,neutral,,caution,"Hassas ciltte tahriş ve kızarıklık yapabilir, dikkatli kullanılmalı",neutral,,caution,"Hamilelikte kullanımı önerilmez, doktorunuza danışın"
Tridecane,tridecane,0,0,0,0,0,0,0,,,top1000,43,Skincare Ingredient,Cilt Bakım Bileşeni,"tridecane, kozmetik formülasyonlarda kullanılan yardımcı bileşen; ürünün doku, stabilite veya uygulama özelliklerine katkıda bulunur.",neutral,,neutral,,neutral,,neutral,,neutral,,neutral,,neutral,
Trideceth-10,trideceth10,0,0,0,0,0,0,0,,,top1000,99,Skincare Ingredient,Cilt Bakım Bileşeni,"trideceth-10, kozmetik formülasyonlarda kullanılan yardımcı bileşen; ürünün doku, stabilite veya uygulama özelliklerine katkıda bulunur.",neutral,,neutral,,neutral,,neutral,,neutral,,neutral,,neutral,
Trideceth-12,trideceth12,0,0,0,0,0,0,0,,,top1000,53,Skincare Ingredient,Cilt Bakım Bileşeni,"trideceth-12, kozmetik formülasyonlarda kullanılan yardımcı bileşen; ürünün doku, stabilite veya uygulama özelliklerine katkıda bulunur.",neutral,,neutral,,neutral,,neutral,,neutral,,neutral,,neutral,
Trideceth-2 Carboxamide Mea,trideceth2carboxamidemea,0,0,0,0,0,0,0,,,top1000,46,Skincare Ingredient,Cilt Bakım Bileşeni,"trideceth-2 carboxamide mea, kozmetik formülasyonlarda kullanılan yardımcı bileşen; ürünün doku, stabilite veya uygulama özelliklerine katkıda bulunur.",neutral,,neutral,,neutral,,neutral,,neutral,,neutral,,neutral,
Trideceth-3,trideceth3,0,0,0,0,0,0,0,,,top1000,29,Skincare Ingredient,Cilt Bakım Bileşeni,"trideceth-3, kozmetik formülasyonlarda kullanılan yardımcı bileşen; ürünün doku, stabilite veya uygulama özelliklerine katkıda bulunur.",neutral,,neutral,,neutral,,neutral,,neutral,,neutral,,neutral,
Trideceth-6,trideceth6,0,0,0,0,0,0,0,,,top1000,140,Skincare Ingredient,Cilt Bakım Bileşeni,"trideceth-6, kozmetik formülasyonlarda kullanılan yardımcı bileşen; ürünün doku, stabilite veya uygulama özelliklerine katkıda bulunur.",neutral,,neutral,,neutral,,neutral,,neutral,,neutral,,neutral,
Trideceth-9,trideceth9,0,0,0,0,0,0,0,,,top1000,72,Skincare Ingredient,Cilt Bakım Bileşeni,"trideceth-9, kozmetik formülasyonlarda kullanılan yardımcı bileşen; ürünün doku, stabilite veya uygulama özelliklerine katkıda bulunur.",neutral,,neutral,,neutral,,neutral,,neutral,,neutral,,neutral,
Tridecyl Salicylate,tridecylsalicylate,0,0,0,0,0,0,0,,,manual_v2,0,Emollient,Yumuşatıcı / UV Çözücü,"Salisilik asit esteri; güneş koruyucu filtreleri çözerek formülasyonun cilde düzgün yayılmasını sağlar, aynı zamanda hafif yumuşatıcı etki gösterir.",neutral,,neutral,,neutral,,neutral,,neutral,,neutral,,neutral,
Tridecyl Trimellitate,tridecyltrimellitate,2,0,0,0,0,0,0,Dry and dehydrated skin,,top1000,49,Humectant,Nemlendirici,"tridecyl trimellitate, nemlendirici özellikli bileşen; ciltte nem tutarak hidrasyonu artırır ve kuruluğa bağlı gerginlik hissini azaltır.",beneficial,"tridecyl trimellitate, nemlendirici özellikli bileşen; ciltte nem tutarak hidrasyonu artırır ve kuruluğa bağlı gerginlik",neutral,,neutral,,neutral,,neutral,,neutral,,neutral,
Triethanolamine,triethanolamine,-2,0,0,0,-2,0,0,,,top1000,555,Skincare Ingredient,pH Düzenleyici,"triethanolamine, formülasyonun pH değerini ayarlayarak aktif bileşenlerin optimum etkinliğini ve ürünün cilt uyumluluğunu sağlar.",caution,"Kurutucu etki yapabilir, nemlendiriciyle kullanılmalı",neutral,,neutral,,neutral,,caution,Hassas ciltte tahriş ve kızarıklık yapabilir,neutral,,neutral,
Triethoxycaprylylsilane,triethoxycaprylylsilane,0,0,0,0,0,0,0,,,top1000,70,Skincare Ingredient,Cilt Bakım Bileşeni,"triethoxycaprylylsilane, kozmetik formülasyonlarda kullanılan yardımcı bileşen; ürünün doku, stabilite veya uygulama özelliklerine katkıda bulunur.",neutral,,neutral,,neutral,,neutral,,neutral,,neutral,,neutral,
Triethyl Citrate,triethylcitrate,0,0,0,0,0,0,0,,,top1000,294,Skincare Ingredient,Cilt Bakım Bileşeni,"triethyl citrate, kozmetik formülasyonlarda kullanılan yardımcı bileşen; ürünün doku, stabilite veya uygulama özelliklerine katkıda bulunur.",neutral,,neutral,,neutral,,neutral,,neutral,,neutral,,neutral,
Triethylene Glycol,triethyleneglycol,2,0,0,0,0,0,0,Dry and dehydrated skin,,top1000,73,Humectant,Nemlendirici,"triethylene glycol, nemlendirici özellikli bileşen; ciltte nem tutarak hidrasyonu artırır ve kuruluğa bağlı gerginlik hissini azaltır.",beneficial,"triethylene glycol, nemlendirici özellikli bileşen; ciltte nem tutarak hidrasyonu artırır ve kuruluğa bağlı gerginlik hi",neutral,,neutral,,neutral,,neutral,,neutral,,neutral,
Trihydroxystearin,trihydroxystearin,0,0,0,0,0,0,0,,,manual_v2,0,Skincare Ingredient,Kıvam Artırıcı / Stabilizatör,"Hidrojene hint yağı türevi; formülasyona kıvam verir, süspansiyonların stabilitesini sağlar ve pigmentlerin homojen dağılmasına yardımcı olur.",neutral,,neutral,,neutral,,neutral,,neutral,,neutral,,neutral,
Trimethylsiloxysilicate,trimethylsiloxysilicate,0,1,0,0,0,0,0,,,top1000,83,Mineral,Mineral,"trimethylsiloxysilicate, mineral bazlı bileşen; formülasyonun fiziksel özelliklerine katkıda bulunur veya ciltte koruyucu/düzenleyici etki gösterir.",neutral,,neutral,,neutral,,neutral,,neutral,,neutral,,neutral,
Triolein,triolein,1,0,0,0,0,0,0,,,manual_v2,0,Emollient,Yumuşatıcı (Oleik Asit Trigliserit),"Oleik asidin trigliserit formu; cildi yumuşatan ve besleyen doğal lipit, derinin lipid matriksine uyumlu yapısıyla nem bariyerini destekler.",neutral,,neutral,,neutral,,neutral,,neutral,,neutral,,neutral,
Tripeptide-32,tripeptide32,0,0,0,0,0,3,0,Fine Lines|Wrinkles,,manual_v2,0,Peptide,Peptit (Circadian),Cildin sirkadiyen (biyolojik saat) ritmini düzenleyen sinyal peptidi; hücrelerin gece onarım sürecini optimize ederek yaşlanma belirtilerini geciktirmeye yardımcı olur.,neutral,,neutral,,neutral,,neutral,,neutral,,beneficial,Cildin sirkadiyen (biyolojik saat) ritmini düzenleyen sinyal peptidi; hücrelerin gece onarım sürecini optimize ederek ya,neutral,
Trisiloxane,trisiloxane,1,0,0,0,0,0,0,Texture,,manual_v2,0,Silicone,Silikon (Hafif),"Çok düşük viskoziteli hafif silikon; formülasyona ultra hafif ve hızlı emilen bir doku kazandırır, aktif bileşenlerin cilde yayılmasını kolaylaştırır.",neutral,,neutral,,neutral,,neutral,,neutral,,neutral,,neutral,
Trisodium Edta,trisodiumedta,0,0,0,0,0,0,0,,,top1000,192,Skincare Ingredient,Şelatör,"trisodium edta, metal iyonlarını bağlayarak formülasyonun stabilitesini koruyan şelatlama ajanı; ürünün renk, koku ve etkinlik kaybını önler.",neutral,,neutral,,neutral,,neutral,,neutral,,neutral,,neutral,
Trisodium Ethylenediamine Disuccinate,trisodiumethylenediaminedisuccinate,1,0,0,0,0,0,0,Texture,,top1000,134,Emollient,Yumuşatıcı Ester,"trisodium ethylenediamine disuccinate, yağ asidi esteri; cildi yumuşatır, formülasyona hafif ve pürüzsüz bir doku kazandırır.",neutral,,neutral,,neutral,,neutral,,neutral,,neutral,,neutral,
Trisodium Phosphate,trisodiumphosphate,0,0,0,0,0,0,0,,,top1000,130,Skincare Ingredient,Cilt Bakım Bileşeni,"trisodium phosphate, kozmetik formülasyonlarda kullanılan yardımcı bileşen; ürünün doku, stabilite veya uygulama özelliklerine katkıda bulunur.",neutral,,neutral,,neutral,,neutral,,neutral,,neutral,,neutral,
Triticum Vulgare Germ Oil,triticumvulgaregermoil,0,0,0,0,0,0,0,,,top1000,30,Skincare Ingredient,Cilt Bakım Bileşeni,"triticum vulgare germ oil, kozmetik formülasyonlarda kullanılan yardımcı bileşen; ürünün doku, stabilite veya uygulama özelliklerine katkıda bulunur.",neutral,,neutral,,neutral,,neutral,,neutral,,neutral,,neutral,
Tromethamine,tromethamine,0,0,0,0,0,0,0,,,top1000,43,Skincare Ingredient,pH Düzenleyici,"tromethamine, formülasyonun pH değerini ayarlayarak aktif bileşenlerin optimum etkinliğini ve ürünün cilt uyumluluğunu sağlar.",neutral,,neutral,,neutral,,neutral,,neutral,,neutral,,neutral,
Ubiquinone,ubiquinone,0,0,0,0,0,1,0,Radiance,,top1000,68,Antioxidant,Antioksidan,"ubiquinone, antioksidan bileşen; serbest radikalleri nötralize ederek hücreleri oksidatif hasardan korur ve formülasyonun stabilitesine katkıda bulunur.",neutral,,neutral,,neutral,,neutral,,neutral,,neutral,,neutral,
Undecane,undecane,0,0,0,0,0,0,0,,,top1000,45,Skincare Ingredient,Cilt Bakım Bileşeni,"undecane, kozmetik formülasyonlarda kullanılan yardımcı bileşen; ürünün doku, stabilite veya uygulama özelliklerine katkıda bulunur.",neutral,,neutral,,neutral,,neutral,,neutral,,neutral,,neutral,
Undecylenoyl Glycine,undecylenoylglycine,1,0,0,0,0,0,0,Dry and dehydrated skin,,top1000,30,Skincare Ingredient,Amino Asit / Protein,"undecylenoyl glycine, cildin yapısal proteinlerini ve doğal nem faktörünü destekleyen amino asit veya protein bileşeni; nem tutmaya ve bariyer fonksiyonuna katkıda bulunur.",neutral,,neutral,,neutral,,neutral,,neutral,,neutral,,neutral,
Urea,urea,3,0,1,0,-1,1,0,Dry and dehydrated skin|Texture|Impaired skin barrier,Sensitive,manual_v2,254,Humectant,Nemlendirici / Hafif Peeling,Cildin doğal nem faktörünün (NMF) önemli bir bileşeni; güçlü nemlendirici özelliğinin yanı sıra hafif keratolitik etki göstererek çok kuru ve pürüzlü cildi yumuşatır.,beneficial,Cildin doğal nem faktörünün (NMF) önemli bir bileşeni; güçlü nemlendirici özelliğinin yanı sıra hafif keratolitik etki g,neutral,,neutral,,neutral,,caution,"Hassas ciltte tahriş ve kızarıklık yapabilir, dikkatli kullanılmalı",neutral,,neutral,
Vaccinium Myrtillus Fruit/Leaf Extract,vacciniummyrtillusfruitleafextract,0,0,0,1,0,1,0,Radiance|Texture,,manual_v2,0,Botanical Extract,Bitkisel Ekstrakt (Yaban Mersini),"Yaban mersininden elde edilen antosiyanin ve doğal AHA bakımından zengin ekstrakt; güçlü antioksidan koruma sağlar, hafif peeling etkisi gösterir ve cilt parlaklığını artırır.",neutral,,neutral,,neutral,,neutral,,neutral,,neutral,,neutral,
Valine,valine,1,0,0,0,0,0,0,,,top1000,29,Skincare Ingredient,Cilt Bakım Bileşeni,"valine, kozmetik formülasyonlarda kullanılan yardımcı bileşen; ürünün doku, stabilite veya uygulama özelliklerine katkıda bulunur.",neutral,,neutral,,neutral,,neutral,,neutral,,neutral,,neutral,
Vanilla Planifolia Fruit Extract,vanillaplanifoliafruitextract,1,0,0,0,0,0,0,,,top1000,52,Botanical Extract,Bitkisel Ekstrakt,"vanilla planifolia fruit extract, bitkisel kaynaklı aktif ekstrakt; antioksidan, yatıştırıcı veya besleyici özellikler taşıyabilir ve formülasyona doğal etkinlik katar.",neutral,,neutral,,neutral,,neutral,,neutral,,neutral,,neutral,
Vanillin,vanillin,0,0,0,0,0,0,0,,,top1000,47,Skincare Ingredient,Cilt Bakım Bileşeni,"vanillin, kozmetik formülasyonlarda kullanılan yardımcı bileşen; ürünün doku, stabilite veya uygulama özelliklerine katkıda bulunur.",neutral,,neutral,,neutral,,neutral,,neutral,,neutral,,neutral,
Vinyl Dimethicone/Methicone Silsesquioxane Crosspolymer,vinyldimethiconemethiconesilsesquioxanecrosspolymer,1,0,0,0,0,0,0,Texture,,top1000,35,Silicone,Silikon,"vinyl dimethicone/methicone silsesquioxane crosspolymer, silikon bazlı bileşen; ciltte veya saçta pürüzsüz bir yüzey oluşturarak dokuyu iyileştirir, nem kaybını azaltır ve ürüne ipeksi bir uygulama hissi kazandırır.",neutral,,neutral,,neutral,,neutral,,neutral,,neutral,,neutral,
Vitamin E,vitamine,2,0,1,1,1,2,0,Dry and dehydrated skin|Fine Lines|Radiance,,manual_v2,36,Antioxidant,Antioksidan (E Vitamini),"Güçlü yağda çözünür antioksidan; hücre zarlarını serbest radikal hasarından korur, UV kaynaklı fotoyaşlanmayı yavaşlatır ve C vitaminiyle birlikte sinerjik etki gösterir.",beneficial,"Güçlü yağda çözünür antioksidan; hücre zarlarını serbest radikal hasarından korur, UV kaynaklı fotoyaşlanmayı yavaşlatır",neutral,,neutral,,neutral,,neutral,,beneficial,"Güçlü yağda çözünür antioksidan; hücre zarlarını serbest radikal hasarından korur, UV kaynaklı fotoyaşlanmayı yavaşlatır",neutral,
Vitis Vinifera (Grape) Fruit Extract,vitisviniferagrapefruitextract,0,0,0,1,0,2,0,Fine Lines|Radiance,,manual_v2,0,Botanical Extract,Bitkisel Ekstrakt (Üzüm Meyvesi),"Üzüm meyvesinden elde edilen polifenol ve resveratrol bakımından zengin ekstrakt; güçlü antioksidan koruma sağlar, serbest radikalleri nötralize eder ve cildin yaşlanma sürecini yavaşlatmaya yardımcı olur.",neutral,,neutral,,neutral,,neutral,,neutral,,beneficial,"Üzüm meyvesinden elde edilen polifenol ve resveratrol bakımından zengin ekstrakt; güçlü antioksidan koruma sağlar, serbe",neutral,
Vitis Vinifera (Grape) Fruit Water,vitisviniferagrapefruitwater,0,0,0,0,0,0,0,Radiance,,manual_v2,0,Botanical Extract,Bitkisel Hidrosol (Üzüm),"Üzüm meyvesinin damıtılmasıyla elde edilen aromatik su; hafif antioksidan özellikler taşır, formülasyona ferahlatıcı etki katar ve cildi tonlandırır.",neutral,,neutral,,neutral,,neutral,,neutral,,neutral,,neutral,
Vitis Vinifera (Grape) Juice,vitisviniferagrapejuice,0,0,0,0,0,1,0,Radiance,,manual_v2,0,Botanical Extract,Üzüm Suyu Ekstrakt,"Taze üzüm suyundan elde edilen polifenol ve organik asit bakımından zengin ekstrakt; hafif peeling etkisi gösterebilir, antioksidan koruma sağlar ve cilt parlaklığını artırır.",neutral,,neutral,,neutral,,neutral,,neutral,,neutral,,neutral,
Vitis Vinifera (Grape) Seed Oil,vitisviniferagrapeseedoil,2,-1,0,1,0,1,0,Dry and dehydrated skin,Oily,top1000,60,Oil / Lipid,Bitkisel Yağ,"vitis vinifera (grape) seed oil, esansiyel yağ asitleri ve vitaminler bakımından zengin bitkisel yağ; cildi besler, nem bariyerini güçlendirir ve yumuşatıcı etki sağlar.",beneficial,"vitis vinifera (grape) seed oil, esansiyel yağ asitleri ve vitaminler bakımından zengin bitkisel yağ; cildi besler, nem ",caution,Gözenekleri tıkayabilir veya yağlanmayı artırabilir,neutral,,neutral,,neutral,,neutral,,neutral,
Vitis Vinifera Leaf Extract,vitisviniferaleafextract,0,0,0,1,0,1,0,Radiance,,manual_v2,0,Botanical Extract,Bitkisel Ekstrakt (Asma Yaprağı),"Asma yaprağından elde edilen polifenol bakımından zengin ekstrakt; güçlü antioksidan koruma sağlar, mikro dolaşımı artırır ve bacak yorgunluğu ile ödemi azaltmada geleneksel olarak kullanılır.",neutral,,neutral,,neutral,,neutral,,neutral,,neutral,,neutral,
Vitis Vinifera Seed Oil,vitisviniferaseedoil,2,-1,0,1,0,1,0,Dry and dehydrated skin,Oily,top1000,85,Oil / Lipid,Bitkisel Yağ,"vitis vinifera seed oil, esansiyel yağ asitleri ve vitaminler bakımından zengin bitkisel yağ; cildi besler, nem bariyerini güçlendirir ve yumuşatıcı etki sağlar.",beneficial,"vitis vinifera seed oil, esansiyel yağ asitleri ve vitaminler bakımından zengin bitkisel yağ; cildi besler, nem bariyeri",caution,Gözenekleri tıkayabilir veya yağlanmayı artırabilir,neutral,,neutral,,neutral,,neutral,,neutral,
Vitreoscilla Ferment,vitreoscillaferment,1,0,0,1,2,0,0,Redness|Impaired skin barrier|Anyone,,manual_v2,0,Prebiotic / Probiotic,Probiyotik Ferment,"Vitreoscilla filiformis bakterisinin fermantasyon ürünü; cildin doğal savunma mekanizmasını güçlendirir, mikrobiyom dengesini destekler ve hassas cilt semptomlarını (kızarıklık, kaşıntı) azaltır.",neutral,,neutral,,neutral,,neutral,,beneficial,"Vitreoscilla filiformis bakterisinin fermantasyon ürünü; cildin doğal savunma mekanizmasını güçlendirir, mikrobiyom deng",neutral,,neutral,
Vp/Eicosene Copolymer,vpeicosenecopolymer,0,0,0,0,0,0,0,,,top1000,65,Skincare Ingredient,Kıvam Artırıcı / Stabilizatör,"vp/eicosene copolymer, formülasyona kıvam ve stabilite kazandıran polimer; ürünün dokusunu iyileştirir ve bileşenlerin homojen dağılmasını sağlar.",neutral,,neutral,,neutral,,neutral,,neutral,,neutral,,neutral,
Vp/Hexadecene Copolymer,vphexadecenecopolymer,0,0,0,0,0,0,0,,,top1000,73,Skincare Ingredient,Kıvam Artırıcı / Stabilizatör,"vp/hexadecene copolymer, formülasyona kıvam ve stabilite kazandıran polimer; ürünün dokusunu iyileştirir ve bileşenlerin homojen dağılmasını sağlar.",neutral,,neutral,,neutral,,neutral,,neutral,,neutral,,neutral,
Vp/Va Copolymer,vpvacopolymer,0,0,0,0,0,0,0,,,top1000,63,Skincare Ingredient,Kıvam Artırıcı / Stabilizatör,"vp/va copolymer, formülasyona kıvam ve stabilite kazandıran polimer; ürünün dokusunu iyileştirir ve bileşenlerin homojen dağılmasını sağlar.",neutral,,neutral,,neutral,,neutral,,neutral,,neutral,,neutral,
Water (Aqua),wateraqua,0,0,0,0,0,0,0,,,top1000,378,Skincare Ingredient,Cilt Bakım Bileşeni,"water (aqua), kozmetik formülasyonlarda kullanılan yardımcı bileşen; ürünün doku, stabilite veya uygulama özelliklerine katkıda bulunur.",neutral,,neutral,,neutral,,neutral,,neutral,,neutral,,neutral,
Water/Aqua/Eau,wateraquaeau,0,0,0,0,0,0,0,,,top1000,47,Skincare Ingredient,Cilt Bakım Bileşeni,"water/aqua/eau, kozmetik formülasyonlarda kullanılan yardımcı bileşen; ürünün doku, stabilite veya uygulama özelliklerine katkıda bulunur.",neutral,,neutral,,neutral,,neutral,,neutral,,neutral,,neutral,
Water/Eau,watereau,0,0,0,0,0,0,0,,,top1000,53,Skincare Ingredient,Cilt Bakım Bileşeni,"water/eau, kozmetik formülasyonlarda kullanılan yardımcı bileşen; ürünün doku, stabilite veya uygulama özelliklerine katkıda bulunur.",neutral,,neutral,,neutral,,neutral,,neutral,,neutral,,neutral,
Witch Hazel Extract,witchhazelextract,-1,2,1,0,-1,0,0,Oily|Enlarged Pores,Sensitive|Dry Dehydrated,manual_v2,0,Botanical Extract,Bitkisel Ekstrakt (Cadı Fındığı),"Doğal astrenjan özelliklere sahip bitkisel ekstrakt; gözenekleri sıkılaştırır ve yağlanmayı kontrol eder, ancak içerdiği tanenler hassas ciltte tahriş ve kuruluğa neden olabilir.",caution,"Kurutucu etki yapabilir, nemlendiriciyle birlikte kullanılmalı",beneficial,"Doğal astrenjan özelliklere sahip bitkisel ekstrakt; gözenekleri sıkılaştırır ve yağlanmayı kontrol eder, ancak içerdiği",neutral,,neutral,,caution,"Hassas ciltte tahriş ve kızarıklık yapabilir, dikkatli kullanılmalı",neutral,,neutral,
Xantham Gum,xanthamgum,0,0,0,0,0,0,0,,,top1000,34,Skincare Ingredient,Cilt Bakım Bileşeni,"xantham gum, kozmetik formülasyonlarda kullanılan yardımcı bileşen; ürünün doku, stabilite veya uygulama özelliklerine katkıda bulunur.",neutral,,neutral,,neutral,,neutral,,neutral,,neutral,,neutral,
Xanthan Gum,xanthangum,0,0,0,0,0,0,0,,,manual_v2,2208,Skincare Ingredient,Kıvam Artırıcı,"Doğal fermantasyonla elde edilen polisakkarit; formülasyona jel kıvamı verir, bileşenlerin homojen dağılmasını sağlar ve ürünün dokusunu iyileştirir.",neutral,,neutral,,neutral,,neutral,,neutral,,neutral,,neutral,
Xylitol,xylitol,1,0,0,1,1,0,0,Impaired skin barrier|Anyone,,manual_v2,316,Humectant,Nemlendirici / Prebiyotik,"Doğal şeker alkolü; cildin faydalı mikroorganizmalarını besleyerek mikrobiyom dengesini destekler, hafif nemlendirme sağlar ve cilt bariyerinin bütünlüğüne katkıda bulunur.",neutral,,neutral,,neutral,,neutral,,neutral,,neutral,,neutral,
Xylitylglucoside,xylitylglucoside,1,0,0,0,0,0,0,Anyone,,top1000,50,Surfactant,Yüzey Aktif Madde (Nazik),"xylitylglucoside, nazik temizleyici yüzey aktif madde; cildi fazla kurutmadan etkili temizlik sağlar ve hassas cilt formülasyonlarında tercih edilir.",neutral,,neutral,,neutral,,neutral,,neutral,,neutral,,neutral,
Yeast Extract,yeastextract,1,0,0,1,0,2,0,Fine Lines|Radiance,,manual_v2,0,Prebiotic / Probiotic,Maya Ekstrakt,"Maya hücrelerinden elde edilen biyoaktif ekstrakt; B vitaminleri, amino asitler ve mineraller bakımından zengin olup cildin enerji metabolizmasını destekler ve yenilenme sürecini hızlandırır.",neutral,,neutral,,neutral,,neutral,,neutral,,beneficial,"Maya hücrelerinden elde edilen biyoaktif ekstrakt; B vitaminleri, amino asitler ve mineraller bakımından zengin olup cil",neutral,
Yellow 5,yellow5,0,0,0,0,0,0,0,,,top1000,39,Skincare Ingredient,Cilt Bakım Bileşeni,"yellow 5, kozmetik formülasyonlarda kullanılan yardımcı bileşen; ürünün doku, stabilite veya uygulama özelliklerine katkıda bulunur.",neutral,,neutral,,neutral,,neutral,,neutral,,neutral,,neutral,
Yellow 5 (Ci 19140),yellow5ci19140,0,0,0,0,0,0,0,,,top1000,69,Skincare Ingredient,Renklendirici,"yellow 5 (ci 19140), formülasyona renk veren kozmetik pigment; ürünün görsel çekiciliğini artırır, cilt bakım faydası yoktur.",neutral,,neutral,,neutral,,neutral,,neutral,,neutral,,neutral,
Zea Mays (Corn) Starch,zeamayscornstarch,0,0,0,0,0,0,0,,,top1000,54,Skincare Ingredient,Cilt Bakım Bileşeni,"zea mays (corn) starch, kozmetik formülasyonlarda kullanılan yardımcı bileşen; ürünün doku, stabilite veya uygulama özelliklerine katkıda bulunur.",neutral,,neutral,,neutral,,neutral,,neutral,,neutral,,neutral,
Zea Mays Starch,zeamaysstarch,0,0,0,0,0,0,0,,,top1000,68,Skincare Ingredient,Cilt Bakım Bileşeni,"zea mays starch, kozmetik formülasyonlarda kullanılan yardımcı bileşen; ürünün doku, stabilite veya uygulama özelliklerine katkıda bulunur.",neutral,,neutral,,neutral,,neutral,,neutral,,neutral,,neutral,
Zinc Carbonate,zinccarbonate,1,0,0,0,0,0,0,,,top1000,70,Mineral,Mineral,"zinc carbonate, mineral bazlı bileşen; formülasyonun fiziksel özelliklerine katkıda bulunur veya ciltte koruyucu/düzenleyici etki gösterir.",neutral,,neutral,,neutral,,neutral,,neutral,,neutral,,neutral,
Zinc Chloride,zincchloride,0,0,0,0,0,0,0,,,top1000,96,Mineral,Mineral,"zinc chloride, mineral bazlı bileşen; formülasyonun fiziksel özelliklerine katkıda bulunur veya ciltte koruyucu/düzenleyici etki gösterir.",neutral,,neutral,,neutral,,neutral,,neutral,,neutral,,neutral,
Zinc Citrate,zinccitrate,0,0,0,0,0,0,0,,,top1000,183,Mineral,Mineral,"zinc citrate, mineral bazlı bileşen; formülasyonun fiziksel özelliklerine katkıda bulunur veya ciltte koruyucu/düzenleyici etki gösterir.",neutral,,neutral,,neutral,,neutral,,neutral,,neutral,,neutral,
Zinc Gluconate,zincgluconate,0,0,0,0,0,0,0,,,top1000,102,Mineral,Mineral,"zinc gluconate, mineral bazlı bileşen; formülasyonun fiziksel özelliklerine katkıda bulunur veya ciltte koruyucu/düzenleyici etki gösterir.",neutral,,neutral,,neutral,,neutral,,neutral,,neutral,,neutral,
Zinc Neodecanoate,zincneodecanoate,0,0,0,0,0,0,0,,,top1000,55,Mineral,Mineral,"zinc neodecanoate, mineral bazlı bileşen; formülasyonun fiziksel özelliklerine katkıda bulunur veya ciltte koruyucu/düzenleyici etki gösterir.",neutral,,neutral,,neutral,,neutral,,neutral,,neutral,,neutral,
Zinc Oxide,zincoxide,0,0,0,1,2,0,1,UV Protection|Redness|Anyone,,manual_v2,131,Sunscreen Agent,Fiziksel Güneş Filtresi,"Geniş spektrumlu mineral güneş filtresi; UVA ve UVB ışınlarını fiziksel olarak yansıtarak koruma sağlar, hassas ciltler ve çocuklar için en güvenli güneş koruyucu seçeneklerden biridir.",neutral,,neutral,,neutral,,neutral,,beneficial,"Geniş spektrumlu mineral güneş filtresi; UVA ve UVB ışınlarını fiziksel olarak yansıtarak koruma sağlar, hassas ciltler ",neutral,,neutral,
Zinc Pca,zincpca,-1,2,1,0,-1,0,0,,,top1000,104,Mineral,Mineral,"zinc pca, mineral bazlı bileşen; formülasyonun fiziksel özelliklerine katkıda bulunur veya ciltte koruyucu/düzenleyici etki gösterir.",caution,"Kurutucu etki yapabilir, nemlendiriciyle kullanılmalı",beneficial,Yağlı cilt için faydalı bileşen,neutral,,neutral,,caution,Hassas ciltte tahriş ve kızarıklık yapabilir,neutral,,neutral,
Zinc Pyrithione,zincpyrithione,0,0,0,0,0,0,0,,,top1000,104,Mineral,Mineral,"zinc pyrithione, mineral bazlı bileşen; formülasyonun fiziksel özelliklerine katkıda bulunur veya ciltte koruyucu/düzenleyici etki gösterir.",neutral,,neutral,,neutral,,neutral,,neutral,,neutral,,neutral,
Zinc Ricinoleate,zincricinoleate,1,0,0,0,0,0,0,Texture,,top1000,38,Emollient,Yumuşatıcı Ester,"zinc ricinoleate, yağ asidi esteri; cildi yumuşatır, formülasyona hafif ve pürüzsüz bir doku kazandırır.",neutral,,neutral,,neutral,,neutral,,neutral,,neutral,,neutral,
Zinc Stearate,zincstearate,1,0,0,0,0,0,0,Texture,,top1000,62,Emollient,Yumuşatıcı Ester,"zinc stearate, yağ asidi esteri; cildi yumuşatır, formülasyona hafif ve pürüzsüz bir doku kazandırır.",neutral,,neutral,,neutral,,neutral,,neutral,,neutral,,neutral,
Zinc Sulfate,zincsulfate,0,1,0,0,0,0,0,Acne,,manual_v2,0,Mineral,Mineral (Çinko),"Çinko sülfat; yara iyileşmesini destekleyen, antimikrobiyal ve anti-inflamatuar özellikler taşıyan iz element, akne tedavisinde ve cilt yenilenmesinde yardımcı rol oynar.",neutral,,neutral,,neutral,,neutral,,neutral,,neutral,,neutral,
Zingiber Officinale (Ginger) Root Extract,zingiberofficinalegingerrootextract,1,0,0,0,0,0,0,,,top1000,33,Botanical Extract,Bitkisel Ekstrakt,"zingiber officinale (ginger) root extract, bitkisel kaynaklı aktif ekstrakt; antioksidan, yatıştırıcı veya besleyici özellikler taşıyabilir ve formülasyona doğal etkinlik katar.",neutral,,neutral,,neutral,,neutral,,neutral,,neutral,,neutral,
[+/- May Contain Ci 77891 / Titanium Dioxide,maycontainci77891titaniumdioxide,0,0,0,1,1,0,1,,,top1000,28,Mineral,Mineral,"[+/- may contain ci 77891 / titanium dioxide, mineral bazlı bileşen; formülasyonun fiziksel özelliklerine katkıda bulunur veya ciltte koruyucu/düzenleyici etki gösterir.",neutral,,neutral,,neutral,,neutral,,neutral,,neutral,,neutral,
Água,gua,0,0,0,0,0,0,0,,,top1000,33,Skincare Ingredient,Cilt Bakım Bileşeni,"água, kozmetik formülasyonlarda kullanılan yardımcı bileşen; ürünün doku, stabilite veya uygulama özelliklerine katkıda bulunur.",neutral,,neutral,,neutral,,neutral,,neutral,,neutral,,neutral,
Pentaerythrityl Tetraethylhexanoate,pentaerythrityltetraethylhexanoate,Emoliyan,Emoliyan,Cilt yüzeyinde yumuşatıcı bir tabaka oluşturarak nem kaybını önleyen bir emoliyandır. Cilde pürüzsüz bir doku kazandırır ve ürünün yayılımını kolaylaştırır.,,,ai,1,3.0,beneficial,Cilt bariyerini destekleyerek su kaybını önler ve yoğun nem sağlar.,1.0,neutral,Hafif yapısı sayesinde gözenekleri tıkama riski düşüktür ancak yağlı ciltlerde aşırı parlaklık yapabilir.,2.0,beneficial,Kuru bölgeleri nemlendirirken yağlı bölgelerde ağır bir his bırakmadan yumuşaklık sağlar.,2.0,beneficial,Cilt dokusunu iyileştirir ve sağlıklı bir görünüm kazandırır.,2.0,beneficial,"Tahriş edici özelliği düşük, yatıştırıcı bir bariyer oluşturucu olarak çalışır.",3.0,beneficial,Yaşlanma belirtileriyle birlikte azalan lipid desteğini sağlar ve cildi dolgun gösterir.,3.0,beneficial,Güvenli bir emoliyandır ve hamilelik döneminde cilt bakımında kullanılabilir.
A fA Rathacenes lees Jue,afarathacenesleesjue,Bilinmeyen,Bilinmeyen,Bu maddetin kozmetik üzerindeki etkisi ve işlevi net olarak belirtilmemiştir; dolayısıyla genel bir değerlendirme yapılamaz.,,,ai,1,0.0,neutral,"Bilgi yetersiz, dolayısıyla nötr kabul edilmiştir.",0.0,neutral,"Bilgi yetersiz, dolayısıyla nötr kabul edilmiştir.",0.0,neutral,"Bilgi yetersiz, dolayısıyla nötr kabul edilmiştir.",0.0,neutral,"Bilgi yetersiz, dolayısıyla nötr kabul edilmiştir.",0.0,neutral,"Bilgi yetersiz, dolayısıyla nötr kabul edilmiştir.",0.0,neutral,"Bilgi yetersiz, dolayısıyla nötr kabul edilmiştir.",0.0,neutral,"Bilgi yetersiz, dolayısıyla nötr kabul edilmiştir."
Potassiucn AT: i et ss,potassiucnatietss,Bilinmeyen,Bilinmeyen,Bu maddetin kozmetik üzerindeki etkisi ve işlevi net olarak belirtilmemiştir; dolayısıyla genel bir değerlendirme yapılamaz.,,,ai,1,0.0,neutral,"Bilgi yetersiz, dolayısıyla nötr kabul edilmiştir.",0.0,neutral,"Bilgi yetersiz, dolayısıyla nötr kabul edilmiştir.",0.0,neutral,"Bilgi yetersiz, dolayısıyla nötr kabul edilmiştir.",0.0,neutral,"Bilgi yetersiz, dolayısıyla nötr kabul edilmiştir.",0.0,neutral,"Bilgi yetersiz, dolayısıyla nötr kabul edilmiştir.",0.0,neutral,"Bilgi yetersiz, dolayısıyla nötr kabul edilmiştir.",0.0,neutral,"Bilgi yetersiz, dolayısıyla nötr kabul edilmiştir."
Tabet gti cengl Why ghee Glycerin Martha Gato Tmecgcees 0 Partice ayityt Sesqucapeytate (Srey ted ect foe lingam farming) BOO Norural Cotent Boa Cee Coote cat Tre ix esSoctean ite yedict rr tet re ete (promae,tabetgticenglwhygheeglycerinmarthagatotmecgcees0particeayitytsesqucapeytateboonoruralcotentboaceecootecattreixessocteaniteyedictrrtetreetepromae,Bilinmeyen,Bilinmeyen,Bu maddetin kozmetik üzerindeki etkisi ve işlevi net olarak belirtilmemiştir; dolayısıyla genel bir değerlendirme yapılamaz.,,,ai,1,0.0,neutral,"Bilgi yetersiz, dolayısıyla nötr kabul edilmiştir.",0.0,neutral,"Bilgi yetersiz, dolayısıyla nötr kabul edilmiştir.",0.0,neutral,"Bilgi yetersiz, dolayısıyla nötr kabul edilmiştir.",0.0,neutral,"Bilgi yetersiz, dolayısıyla nötr kabul edilmiştir.",0.0,neutral,"Bilgi yetersiz, dolayısıyla nötr kabul edilmiştir.",0.0,neutral,"Bilgi yetersiz, dolayısıyla nötr kabul edilmiştir.",0.0,neutral,"Bilgi yetersiz, dolayısıyla nötr kabul edilmiştir."
"Ceoeumjarmyypa Urano tar toa Yabostesy Mish Dacete pu lat ho 4! Beryuadun ""ANAL Ub VG 22442 THE Win SeDehpa Par a pa0s24 093300",ceoeumjarmyypauranotartoayabostesymishdacetepulatho4beryuadunanalubvg22442thewinsedehpaparapa0s24093300,Bilinmeyen,Bilinmeyen,Bu maddetin kozmetik üzerindeki etkisi ve işlevi net olarak belirtilmemiştir; dolayısıyla genel bir değerlendirme yapılamaz.,,,ai,1,0.0,neutral,"Bilgi yetersiz, dolayısıyla nötr kabul edilmiştir.",0.0,neutral,"Bilgi yetersiz, dolayısıyla nötr kabul edilmiştir.",0.0,neutral,"Bilgi yetersiz, dolayısıyla nötr kabul edilmiştir.",0.0,neutral,"Bilgi yetersiz, dolayısıyla nötr kabul edilmiştir.",0.0,neutral,"Bilgi yetersiz, dolayısıyla nötr kabul edilmiştir.",0.0,neutral,"Bilgi yetersiz, dolayısıyla nötr kabul edilmiştir.",0.0,neutral,"Bilgi yetersiz, dolayısıyla nötr kabul edilmiştir."
Myrtus Communis Leaf Water,myrtuscommunisleafwater,Bitkisel Hidrosol,Bitkisel Hidrosol,"Murt yapraklarından distilasyon yoluyla elde edilen bir bitki suyudur. Cildi yatıştırma, canlandırma ve hafif antiseptik özellikler sunma kapasitesine sahiptir.",,,ai,1,0.0,neutral,Yatıştırıcıdır ancak tek başına yoğun nemlendirme sağlamaz.,2.0,beneficial,Sebum dengelenmesine yardımcı olur ve gözenek görünümünü destekler.,2.0,beneficial,Yağlı bölgeleri dengelerken cildi ferahlatır.,1.0,beneficial,Cilde tazelik ve canlılık verir.,2.0,beneficial,Doğal yatıştırıcı etkisiyle kızarıklığı azaltmaya yardımcı olabilir.,1.0,neutral,Antioksidan etkisiyle destekleyicidir ancak yaşlanma karşıtı ana içerik değildir.,2.0,beneficial,Doğal bir içerik olduğu için güvenle kullanılabilir.
Xylityl Sesquicaprylate,xylitylsesquicaprylate,Koruyucu / Kondisyoner,Koruyucu / Kondisyoner,"Prebiyotik özellik gösteren, ürünün raf ömrünü uzatan ve cildin mikrobiyom dengesini destekleyen bir içeriktir. Hassas ciltler için nazik bir koruyucu alternatifi olarak kullanılır.",,,ai,1,1.0,beneficial,Cilt bariyerini korumaya yardımcı olur.,2.0,beneficial,Hafif yapısıyla ciltte ağırlık yapmadan koruma sağlar.,2.0,beneficial,Mikrobiyom dengesini sağlayarak cilt bariyerini destekler.,2.0,beneficial,Cilt sağlığını korumak için ideal bir bileşendir.,3.0,beneficial,Geleneksel koruyuculara göre çok daha nazik ve mikrobiyom dostudur.,2.0,beneficial,Zayıflayan cilt bariyerini destekleyici etkisi vardır.,2.0,beneficial,Güvenli bir koruyucu profil sergiler.
Hydrolyzed Corn Starch Octenylsuccinate,hydrolyzedcornstarchoctenylsuccinate,Kıvam Artırıcı / Film Oluşturucu,Kıvam Artırıcı / Film Oluşturucu,"Mısır nişastasından türetilen bu modifiye polimer, ciltte ince bir film tabakası oluşturarak su kaybını azaltır ve yumuşak bir his sağlar. Ayrıca ürünlerin dokusunu iyileştirir ve diğer aktiflerin ciltte kalmasına yardımcı olur.",,,ai,1,2.0,beneficial,Ciltte nem bariyeri oluşturarak su kaybını azaltır ve yumuşaklık sağlar.,0.0,neutral,"Hafif yapısı nedeniyle yağlı ciltte ağırlık yapmaz, ancak doğrudan yağ kontrolü sağlamaz.",1.0,beneficial,Kuru bölgelerde nemlendirici etki gösterirken yağlı bölgelerde ağırlık yapmaz.,1.0,beneficial,Cilt bariyerini destekler ve genel cilt sağlığına katkıda bulunur.,-1.0,caution,"Genellikle toleransa sahip olsa da, bazı hassas ciltlerde tahrişe neden olabilir.",2.0,beneficial,Cilt elastikiyetini destekler ve ince çizgilerin görünümünü azaltmaya yardımcı olur.,2.0,beneficial,"Hamilelikte güvenli kabul edilen bir bileşendir, topikal kullanımda sistemik emilimi düşüktür."
Acetyl Tetrapeptide-15,acetyltetrapeptide15,Peptit / Anti-aging,Peptit / Anti-aging,Ciltte kolajen üretimini uyararak kırışıklıkları azaltmaya yardımcı olan bir peptittir. Ayrıca cilt bariyerini güçlendirir ve nem kaybını önler.,,,ai,1,2.0,beneficial,Cilt bariyerini güçlendirerek nem kaybını azaltır ve kuruluğu giderir.,0.0,neutral,"Yağlı ciltlerde herhangi bir olumsuz etkisi yoktur, ancak doğrudan yağ kontrolü sağlamaz.",1.0,beneficial,Karma ciltlerde hem kuru bölgelere nem sağlar hem de yağlı bölgelerde sorun yaratmaz.,1.0,beneficial,Normal ciltlerde yaşlanma karşıtı fayda sağlar ve cilt sağlığını destekler.,2.0,beneficial,Tahriş edici değildir ve cilt bariyerini onararak hassasiyeti azaltabilir.,3.0,beneficial,Kolajen üretimini artırarak yaşlanma belirtilerini azaltır ve cilt sıkılığını iyileştirir.,2.0,beneficial,"Hamilelikte güvenli kabul edilir, sistemik emilimi düşüktür."
Gossypium Herbaceum Seed Extract,gossypiumherbaceumseedextract,Nemlendirici / Yatıştırıcı,Nemlendirici / Yatıştırıcı,"Pamuk tohumu özütü, cildi nemlendiren ve yatıştıran doğal bir bileşendir. Antioksidan özellikleri sayesinde cildi serbest radikallere karşı korur ve yumuşak bir his bırakır.",,,ai,1,3.0,beneficial,Yoğun nemlendirme sağlar ve cildin nem bariyerini güçlendirir.,0.0,neutral,"Hafif yapısı nedeniyle yağlı ciltlerde ağırlık yapmaz, ancak belirgin bir fayda sağlamaz.",2.0,beneficial,Kuru bölgeleri nemlendirirken yağlı bölgelerde dengeleyici etki gösterir.,2.0,beneficial,"Cildi nemli ve sağlıklı tutar, genel cilt sağlığını destekler.",3.0,beneficial,Yatıştırıcı özellikleri sayesinde hassas ciltlerde tahrişi azaltır.,3.0,beneficial,Antioksidan içeriği ile yaşlanma belirtilerini azaltmaya yardımcı olur.,3.0,beneficial,Doğal ve güvenli bir bileşen olup hamilelikte kullanımı uygundur.
Cocoate,cocoate,Yüzey Aktif Madde,Yüzey Aktif Madde,"Cocoate, hindistan cevizi yağından elde edilen bir yüzey aktif maddedir. Temizleyicilerde köpük oluşturucu ve yağ çözücü olarak kullanılır.",,,ai,1,-1.0,caution,Ciltteki doğal yağları alarak kuruluğu artırabilir.,2.0,beneficial,Fazla yağı temizlemeye yardımcı olur.,0.0,neutral,Karma ciltlerde bölgesel etkileri değişkenlik gösterebilir.,0.0,neutral,Normal ciltlerde genellikle tolere edilir.,-2.0,caution,Hassas ciltlerde tahrişe neden olabilir.,-1.0,caution,Olgun ciltlerde kuruluk riskini artırabilir.,0.0,neutral,"Genellikle güvenli kabul edilir, ancak aşırı kullanımdan kaçınılmalıdır."
Cetearyl Sulfate,cetearylsulfate,Yüzey Aktif Madde,Yüzey Aktif Madde,"Cetearyl Sulfate, sert bir anyonik yüzey aktif maddedir. Köpük oluşturucu ve temizleyici olarak kullanılır, ancak cildi kurutabilir.",,,ai,1,-2.0,caution,Cildi kurutarak nem bariyerine zarar verebilir.,2.0,beneficial,Yağlı ciltlerde etkili temizlik sağlar.,0.0,neutral,Karma ciltlerde bölgesel olarak farklı etkiler gösterebilir.,-1.0,neutral,Normal ciltlerde hafif kurutucu etki yapabilir.,-3.0,caution,Hassas ciltlerde tahriş ve kızarıklığa neden olabilir.,-2.0,caution,Olgun ciltlerde kuruluk ve hassasiyeti artırabilir.,0.0,neutral,"Genellikle güvenli kabul edilir, ancak hassasiyet durumunda dikkatli olunmalıdır."
(aloe a1: Oo,aloea1oo,3.0,2.0,2.0,2.0,3.0,2.0,3.0,,,ai,1,Nemlendirici,Nemlendirici,"Aloe vera yaprağı suyu, cildi nemlendiren, yatıştıran ve antioksidan özellikler sunan bir bileşendir. Cilt bariyerini güçlendirir ve tahrişi azaltır.",beneficial,Yoğun nemlendirme sağlar ve cilt bariyerini onarır.,beneficial,Hafif yapısıyla yağlanma yapmadan nemlendirir ve antioksidan koruma sunar.,beneficial,Dengeleyici etkisiyle karma ciltlerin hem kuru hem yağlı bölgelerine uyum sağlar.,beneficial,Cildi nemlendirir ve sağlıklı görünümünü korur.,beneficial,Yatıştırıcı özelliği sayesinde hassas ciltlerde tahrişi azaltır.,beneficial,Antioksidan içeriğiyle yaşlanma belirtilerine karşı korur ve nemlendirir.,beneficial,"Hamilelikte güvenle kullanılabilir, doğal ve yatıştırıcıdır."
> alent AH #£,alentah,3.0,0.0,2.0,2.0,-1.0,3.0,0.0,,,ai,1,Nemlendirici,Nemlendirici,Cildin nem dengesini korumaya yardımcı olan bir bileşendir. Yumuşatıcı ve nem çekici özellikleri sayesinde cildi pürüzsüzleştirir.,beneficial,Yoğun nemlendirme sağlayarak kuru cildi rahatlatır.,neutral,Hafif yapısı nedeniyle yağlı ciltte sorun yaratmaz.,beneficial,Kuru bölgeleri nemlendirirken yağlı bölgeleri ağırlaştırmaz.,beneficial,Cilt bariyerini destekleyerek sağlıklı görünüm sağlar.,caution,Bazı hassas ciltlerde hafif tahrişe neden olabilir.,beneficial,Yaşlanma belirtilerini azaltmaya yardımcı olur.,neutral,"Genellikle güvenli kabul edilir, ancak doktora danışılmalıdır."
Alkyl Benzoate,alkylbenzoate,2.0,0.0,1.0,2.0,-1.0,2.0,1.0,,,ai,1,Yumuşatıcı / Nemlendirici,Yumuşatıcı / Nemlendirici,"Alkyl Benzoate, ciltte yumuşak ve ipeksi bir his bırakan sentetik bir esterdir. Nemlendirici ve yumuşatıcı özellikleri sayesinde cilt bariyerini destekler ve ürünlerin sürümünü kolaylaştırır. Genellikle güneş kremleri, nemlendiriciler ve makyaj ürünlerinde kullanılır.",beneficial,"Cildi nemlendirir ve yumuşatır, kuruluğu gidermeye yardımcı olur.",neutral,"Hafif yapısı sayesinde yağlı ciltlerde ağırlık yapmaz, ancak aşırı kullanımda gözenek tıkayabilir.",neutral,"Karma ciltlerde genellikle iyi tolere edilir, ancak yağlı bölgelerde dikkatli kullanılmalıdır.",beneficial,Normal ciltlerde nem dengesini korur ve cildi yumuşatır.,caution,Bazı hassas ciltlerde tahrişe veya alerjik reaksiyona neden olabilir.,beneficial,Cilt bariyerini destekleyerek ince çizgilerin görünümünü azaltmaya yardımcı olur.,neutral,"Genellikle güvenli kabul edilir, ancak yüksek konsantrasyonlardan kaçınılmalıdır."
Poloxamine 1307,poloxamine1307,0.0,2.0,2.0,1.0,-1.0,0.0,2.0,,,ai,1,Yüzey Aktif Madde / Emülgatör,Yüzey Aktif Madde / Emülgatör,"Poloxamine 1307, bir blok kopolimer yüzey aktif maddedir. Temizleyicilerde ve nemlendiricilerde köpük oluşumunu ve stabiliteyi artırmak için kullanılır. Ayrıca ciltte yumuşak bir his bırakır.",neutral,"Nemlendirici etkisi sınırlıdır, ancak tahrişe neden olmaz.",beneficial,Yağlı ciltlerde temizleyici olarak etkilidir ve fazla yağı uzaklaştırmaya yardımcı olur.,beneficial,"Karma ciltlerde dengeli temizlik sağlar, yağlı bölgeleri kontrol eder.",neutral,"Normal ciltlerde herhangi bir olumsuz etkisi yoktur, temizlik için uygundur.",caution,"Hassas ciltlerde hafif tahrişe neden olabilir, düşük konsantrasyonlarda kullanılmalıdır.",neutral,"Olgun ciltlerde özel bir faydası yoktur, ancak zararlı da değildir.",beneficial,"Hamilelikte güvenli kabul edilir, sistemik emilimi düşüktür."
PPG-3 Myristyl Ether,ppg3myristylether,3.0,-1.0,0.0,2.0,1.0,3.0,2.0,,,ai,1,Yumuşatıcı / Nemlendirici,Yumuşatıcı / Nemlendirici,"PPG-3 Myristyl Ether, bir emoliyan ve nemlendirici olarak işlev görür. Cilt bariyerini güçlendirir, yumuşaklık sağlar ve su kaybını önler. Ayrıca diğer bileşenlerin cilde nüfuz etmesine yardımcı olur.",beneficial,"Kuru ciltler için mükemmel bir nemlendiricidir, cildi yumuşatır ve nemi hapseder.",caution,Yağlı ciltlerde gözenekleri tıkayabilir ve sivilce oluşumuna katkıda bulunabilir.,neutral,"Karma ciltlerde kuru bölgelere faydalı, yağlı bölgelere dikkatli uygulanmalıdır.",beneficial,Normal ciltlerde nem dengesini korur ve cildi besler.,neutral,"Hassas ciltlerde genellikle iyi tolere edilir, ancak yine de yama testi önerilir.",beneficial,Olgun ciltlerde nem kaybını önler ve ince çizgilerin görünümünü azaltır.,beneficial,"Hamilelikte güvenli kabul edilir, topikal kullanımda sistemik etkisi yoktur."
Octadecyl Di-T-Butyl-4-Hydroxyhydrocinnamate,octadecylditbutyl4hydroxyhydrocinnamate,2.0,2.0,2.0,2.0,-1.0,3.0,2.0,,,ai,1,Antioksidan / Koruyucu,Antioksidan / Koruyucu,"Bu bileşen, sentetik bir antioksidandır ve formülasyonların oksidasyonunu önleyerek raf ömrünü uzatır. Ciltte serbest radikallere karşı koruma sağlar ve yaşlanma belirtilerini geciktirmeye yardımcı olur.",beneficial,Kuru ciltlerde oksidatif strese karşı korur ve cilt bariyerini destekler.,beneficial,"Yağlı ciltlerde antioksidan koruma sağlar, ancak komedojenik değildir.",beneficial,"Karma ciltlerde genel koruma sağlar, herhangi bir olumsuz etkisi yoktur.",beneficial,Normal ciltlerde antioksidan koruma ile cilt sağlığını destekler.,caution,"Hassas ciltlerde nadiren tahrişe neden olabilir, düşük konsantrasyonlarda kullanılmalıdır.",beneficial,"Olgun ciltlerde yaşlanma karşıtı etki gösterir, kırışıklıkları azaltmaya yardımcı olur.",beneficial,"Hamilelikte güvenli kabul edilir, düşük konsantrasyonlarda topikal kullanımı sorunsuzdur."
Diethylhexyl Dihydroxybenzoate,diethylhexyldihydroxybenzoate,0.0,0.0,0.0,0.0,-1.0,2.0,-1.0,,,ai,1,Güneş Koruyucu,Güneş Koruyucu,Geniş spektrumlu UV filtresi olarak kullanılan kimyasal bir güneş koruyucudur. UVA ve UVB ışınlarına karşı koruma sağlar.,neutral,Nemlendirici özelliği yoktur ancak kuruluk yapmaz.,neutral,"Yağlı ciltlerde komedojenik değildir, hafif his bırakır.",neutral,Karma ciltlerde genellikle iyi tolere edilir.,neutral,Normal ciltlerde herhangi bir sorun yaratmaz.,caution,Hassas ciltlerde nadiren tahrişe neden olabilir.,beneficial,Yaşlanma belirtilerine karşı UV koruması sağlar.,caution,"Gebelikte kullanımı için yeterli güvenlik verisi yoktur, doktora danışılmalıdır."
Hexyl Benzoate,hexylbenzoate,0.0,0.0,0.0,0.0,-2.0,0.0,0.0,,,ai,1,Çözücü / Parfüm Bileşeni,Çözücü / Parfüm Bileşeni,Kozmetik ürünlerde çözücü ve koku verici olarak kullanılan bir bileşendir. Diğer bileşenlerin çözünmesine yardımcı olur.,neutral,Kuruluk yapmaz ancak nemlendirici değildir.,neutral,Yağlı ciltlerde sorun oluşturmaz.,neutral,Karma ciltlerde genellikle iyi tolere edilir.,neutral,Normal ciltlerde herhangi bir etkisi yoktur.,caution,Parfüm bileşeni olarak hassas ciltlerde alerjik reaksiyona neden olabilir.,neutral,Olgun ciltlerde özel bir fayda veya risk oluşturmaz.,neutral,Gebelikte kullanımı genellikle güvenli kabul edilir.
Tamido Triazone,tamidotriazone,0.0,0.0,0.0,0.0,-1.0,2.0,-1.0,,,ai,1,Güneş Koruyucu,Güneş Koruyucu,UVB ışınlarına karşı koruma sağlayan kimyasal bir güneş filtresidir. Genellikle diğer filtrelerle kombin halde kullanılır.,neutral,"Kuruluk yapmaz, nemlendirici değildir.",neutral,Yağlı ciltlerde komedojenik değildir.,neutral,Karma ciltlerde iyi tolere edilir.,neutral,Normal ciltlerde sorun yaratmaz.,caution,Hassas ciltlerde tahrişe neden olabilir.,beneficial,UV koruması ile yaşlanma karşıtı fayda sağlar.,caution,Gebelikte kullanımı için yeterli güvenlik verisi yoktur.
Rhammnoides Fruit Extract,rhammnoidesfruitextract,3.0,1.0,2.0,2.0,2.0,3.0,2.0,,,ai,1,Antioksidan / Nemlendirici,Antioksidan / Nemlendirici,"Yaban iğdesi (Hippophae rhamnoides) meyvesinden elde edilen, zengin vitamin ve antioksidan içeren bir ekstrakttır. Cildi nemlendirir ve onarır.",beneficial,Yoğun nemlendirici ve besleyici özelliği ile kuru ciltler için idealdir.,neutral,"Hafif yapılıdır, yağlı ciltlerde ağırlık yapmaz.",beneficial,Karma ciltlerde dengeleyici etki sağlar.,beneficial,Normal ciltlerde nem ve antioksidan desteği sunar.,beneficial,Yatıştırıcı ve onarıcı özellikleri hassas ciltler için uygundur.,beneficial,Antioksidan içeriği ile yaşlanma karşıtı etki gösterir.,beneficial,Doğal içerikli olup gebelikte güvenle kullanılabilir.
Sirke,sirke,-1.0,2.0,0.0,0.0,-2.0,0.0,1.0,,,ai,1,pH Düzenleyici,pH Düzenleyici,"Sirke, asetik asit içeren bir bileşendir ve genellikle cilt bakımında pH dengeleyici olarak kullanılır. Antibakteriyel özellikleri sayesinde sivilceye eğilimli ciltlerde faydalı olabilir. Ancak yüksek konsantrasyonda tahriş edici olabilir.",caution,Kuru ciltlerde kuruluğu artırabilir ve tahrişe neden olabilir.,beneficial,Yağlı ciltlerde pH dengesini sağlar ve antibakteriyel etki gösterir.,neutral,"Karma ciltlerde yağlı bölgelere faydalı, kuru bölgelere zararlı olabilir.",neutral,Normal ciltlerde seyreltilmiş olarak kullanıldığında genellikle sorun yaratmaz.,caution,Hassas ciltlerde yanma ve kızarıklığa yol açabilir.,neutral,"Olgun ciltlerde dikkatli kullanılmalı, seyreltilmiş tercih edilmelidir.",beneficial,"Hamilelikte gıda olarak tüketimi güvenlidir, ciltte seyreltilmiş kullanımı da genellikle güvenlidir."
Dipropylheptyl Carbonate,dipropylheptylcarbonate,2.0,0.0,1.0,0.0,0.0,2.0,2.0,,,ai,1,Yumuşatıcı / Emoliyent,Yumuşatıcı / Emoliyent,"Ciltte yumuşak ve kaygan bir his bırakan, hafif yapılı bir emoliyenttir. Yağlı his bırakmadan cildi nemlendirir ve diğer aktif bileşenlerin cilde nüfuz etmesine yardımcı olur.",beneficial,"Cildi nemlendirir ve yumuşatır, kuruluğu giderir.",neutral,"Hafif yapısı sayesinde yağlı ciltlerde komedojenik değildir, ancak ekstra fayda sağlamaz.",beneficial,Kuru bölgeleri nemlendirirken yağlı bölgelerde ağırlık yapmaz.,neutral,Normal ciltler için herhangi bir özel fayda veya risk oluşturmaz.,neutral,"Genellikle iyi tolere edilir, ancak çok hassas ciltlerde nadiren tahrişe neden olabilir.",beneficial,Cildi yumuşatarak ince çizgilerin görünümünü azaltmaya yardımcı olur.,beneficial,"Güvenli kabul edilir, gebelikte kullanımında bilinen bir risk yoktur."
Trimethylcyclopentenyl Methylisopentenol,trimethylcyclopentenylmethylisopentenol,0.0,0.0,0.0,0.0,-2.0,0.0,-1.0,,,ai,1,Parfüm / Koku,Parfüm / Koku,"Sentetik bir koku bileşenidir. Genellikle parfüm ve kozmetik ürünlerinde hoş bir koku sağlamak için kullanılır. Cilt üzerinde herhangi bir faydası yoktur, sadece koku verme amacı taşır.",neutral,Kuru ciltler üzerinde nemlendirici veya kurutucu etkisi yoktur.,neutral,Yağlı ciltler için herhangi bir özel etkisi yoktur.,neutral,Karma ciltlerde herhangi bir fayda veya risk oluşturmaz.,neutral,Normal ciltler için nötr bir bileşendir.,caution,Sentetik kokular hassas ciltlerde alerjik reaksiyon veya tahrişe neden olabilir.,neutral,Olgun ciltler için özel bir fayda veya risk taşımaz.,caution,"Gebelikte koku bileşenlerine karşı hassasiyet artabilir, ancak düşük konsantrasyonlarda genellikle güvenlidir."
Sodyum lauril sülfat,sodyumlaurilslfat,-2.0,2.0,0.0,0.0,-3.0,-2.0,0.0,,,ai,1,Yüzey Aktif Madde,Yüzey Aktif Madde,Güçlü bir temizleyici ve köpürtücü ajandır. Ciltteki yağ ve kiri etkili bir şekilde uzaklaştırır ancak cildin doğal bariyerine zarar verebilir.,caution,Cildin doğal yağlarını alarak kuruluğu artırabilir.,beneficial,Yağlı ciltlerde fazla sebumu temizlemeye yardımcı olur.,caution,"Kuru bölgelerde tahrişe neden olabilir, yağlı bölgelerde faydalıdır.",neutral,Normal ciltlerde dengeli kullanımda sorun yaratmaz.,caution,Hassas ciltlerde tahriş ve kızarıklığa yol açabilir.,caution,Olgun ciltlerde kuruluğu artırarak ince çizgileri belirginleştirebilir.,neutral,Hamilelikte kullanımı genellikle güvenlidir ancak hassasiyet durumunda dikkat edilmelidir.
polietilen glikol,polietilenglikol,2.0,1.0,1.0,0.0,-1.0,2.0,0.0,,,ai,1,Nemlendirici,Nemlendirici,Su bazlı bir nemlendirici ve çözücüdür. Ciltte nem tutulmasına yardımcı olur ve diğer bileşenlerin cilde nüfuz etmesini kolaylaştırır.,beneficial,Nemlendirici özelliği sayesinde kuru ciltleri rahatlatır.,neutral,"Yağlı ciltlerde ağırlık yapmaz, hafif nem sağlar.",beneficial,Karma ciltlerde dengeleyici nem sağlar.,neutral,Normal ciltlerde herhangi bir sorun yaratmaz.,caution,Bazı hassas ciltlerde tahrişe neden olabilir.,beneficial,Olgun ciltlerde nemlendirme ve cilt bariyerini destekler.,neutral,Hamilelikte genellikle güvenlidir.
parfüm,parfm,-1.0,0.0,0.0,0.0,-3.0,-1.0,-1.0,,,ai,1,Parfüm / Koku,Parfüm / Koku,Ürüne hoş bir koku vermek için eklenen sentetik veya doğal bileşenlerdir. Ciltte alerjik reaksiyonlara neden olabilir.,caution,Kuru ciltlerde tahriş riskini artırabilir.,neutral,Yağlı ciltlerde genellikle sorun yaratmaz.,neutral,Karma ciltlerde nötr etki gösterir.,neutral,Normal ciltlerde genellikle tolere edilir.,caution,Hassas ciltlerde alerjik reaksiyonlara sıkça neden olur.,caution,Olgun ciltlerde hassasiyet oluşturabilir.,caution,Hamilelikte koku hassasiyeti artabileceğinden dikkatli olunmalıdır.
amonyak,amonyak,-2.0,0.0,-1.0,-1.0,-3.0,-2.0,-2.0,,,ai,1,pH Düzenleyici,pH Düzenleyici,Saç boyalarında ve bazı temizleyicilerde pH ayarlayıcı olarak kullanılır. Keskin kokulu ve tahriş edici olabilir.,caution,Kuru ciltlerde kuruluğu ve tahrişi artırabilir.,neutral,Yağlı ciltlerde kısa süreli kullanımda sorun yaratmayabilir.,caution,Karma ciltlerde kuru bölgelerde tahrişe neden olabilir.,caution,Normal ciltlerde bile tahriş riski taşır.,caution,Hassas ciltlerde şiddetli tahriş ve alerjik reaksiyona yol açabilir.,caution,Olgun ciltlerde hassasiyeti artırabilir.,caution,"Hamilelikte solunum yoluyla maruziyet riskli olabilir, cilt temasından kaçınılmalıdır."
klor,klor,-2.0,0.0,-1.0,-1.0,-3.0,-2.0,-1.0,,,ai,1,Koruyucu,Koruyucu,"Dezenfektan olarak kullanılan bir kimyasaldır. Genellikle havuz suyunda bulunur, cilt bakım ürünlerinde nadiren kullanılır.",caution,Kuru ciltleri daha da kurutabilir ve tahriş edebilir.,neutral,Yağlı ciltlerde kısa süreli maruziyet sorun yaratmayabilir.,caution,Karma ciltlerde kuru bölgelerde tahrişe neden olabilir.,caution,Normal ciltlerde bile kuruluk ve tahriş yapabilir.,caution,Hassas ciltlerde şiddetli tahriş ve egzama benzeri reaksiyonlara yol açabilir.,caution,Olgun ciltlerde kuruluğu artırarak cilt bariyerini zayıflatabilir.,caution,Hamilelikte klorlu suya maruziyet genellikle güvenli kabul edilir ancak aşırı maruziyetten kaçınılmalıdır.
PARFUM / FRAGRANCE,parfumfragrance,-1.0,0.0,0.0,0.0,-2.0,-1.0,-1.0,,,ai,1,Parfüm / Koku,Parfüm / Koku,Ürüne hoş bir koku vermek için eklenen sentetik veya doğal koku bileşenleridir. Ciltte alerjik reaksiyonlara ve tahrişe neden olabilir.,caution,"Kuru ciltte parfüm, cildin nem bariyerini zayıflatarak tahrişe yol açabilir.",neutral,Yağlı ciltte parfüm genellikle sorun yaratmaz ancak hassasiyet durumunda tahriş edici olabilir.,neutral,"Karma ciltte parfüm, bölgesel olarak hassasiyete neden olabilir ancak genelde tolere edilir.",neutral,"Normal ciltte parfüm genellikle sorunsuz kullanılır, ancak alerjik reaksiyon riski vardır.",caution,"Hassas ciltte parfüm, kızarıklık, kaşıntı ve alerjik reaksiyonlara sıkça neden olur.",caution,"Olgun ciltte parfüm, ince ve hassaslaşmış cildi tahriş edebilir.",caution,"Hamilelikte parfüm, koku hassasiyetini artırabilir ve bazı bileşenler güvenli kabul edilmez."
5-Diamine Sulfate,5diaminesulfate,0.0,0.0,0.0,0.0,-2.0,0.0,-1.0,,,ai,1,Saç Boyası Bileşeni,Saç Boyası Bileşeni,Saç boyalarında renk oluşumunu sağlayan bir ara maddedir. Oksidasyon reaksiyonları ile kalıcı renk elde edilmesine yardımcı olur.,neutral,"Ciltle doğrudan teması sınırlıdır, saç boyasında kullanılır.",neutral,"Ciltle doğrudan teması sınırlıdır, saç boyasında kullanılır.",neutral,"Ciltle doğrudan teması sınırlıdır, saç boyasında kullanılır.",neutral,"Ciltle doğrudan teması sınırlıdır, saç boyasında kullanılır.",caution,"Alerjik reaksiyonlara neden olabilir, hassas ciltlerde dikkatli kullanılmalıdır.",neutral,"Ciltle doğrudan teması sınırlıdır, saç boyasında kullanılır.",caution,"Hamilelikte saç boyası kullanımı önerilmez, bu nedenle dikkatli olunmalıdır."
Linoleamidopropyl PG-Dimonium Chloride Phosphate,linoleamidopropylpgdimoniumchloridephosphate,2.0,0.0,0.0,0.0,-1.0,1.0,0.0,,,ai,1,Yüzey Aktif Madde / Saç Bakım,Yüzey Aktif Madde / Saç Bakım,Antistatik ve yumuşatıcı özellikleri sayesinde saç bakım ürünlerinde kullanılır. Saçı yumuşatır ve elektriklenmeyi azaltır.,beneficial,Nemlendirici ve yumuşatıcı etkisi kuru cilt ve saç için faydalıdır.,neutral,"Yağlı ciltlerde ağırlaştırıcı olabilir, ancak genellikle saç ürünlerinde kullanılır.",neutral,"Karma ciltlerde nötr etki gösterir, saç ürünlerinde kullanılır.",neutral,Normal ciltlerde belirgin bir etkisi yoktur.,caution,"Hassas ciltlerde tahrişe neden olabilir, dikkatli kullanılmalıdır.",beneficial,Saçı yumuşatarak olgun saçların daha sağlıklı görünmesine yardımcı olur.,neutral,"Genellikle güvenli kabul edilir, ancak yine de dikkatli olunmalıdır."
Phenoxyethyl Isobutyrate,phenoxyethylisobutyrate,0.0,0.0,0.0,0.0,-2.0,0.0,0.0,,,ai,1,Parfüm / Koku,Parfüm / Koku,Kozmetik ürünlerde koku vermek için kullanılan bir ester bileşiğidir. Genellikle parfüm ve losyonlarda bulunur.,neutral,Koku bileşeni olarak cilt tipinden bağımsız etki gösterir.,neutral,Koku bileşeni olarak cilt tipinden bağımsız etki gösterir.,neutral,Koku bileşeni olarak cilt tipinden bağımsız etki gösterir.,neutral,Koku bileşeni olarak cilt tipinden bağımsız etki gösterir.,caution,Parfüm bileşenleri hassas ciltlerde alerjik reaksiyonlara neden olabilir.,neutral,Koku bileşeni olarak cilt tipinden bağımsız etki gösterir.,neutral,"Genellikle güvenli kabul edilir, ancak hassasiyet durumunda dikkatli olunmalıdır."
Huile Minérale),huileminrale,3.0,-2.0,0.0,0.0,0.0,2.0,2.0,,,ai,1,Nemlendirici / Yumuşatıcı,Nemlendirici / Yumuşatıcı,"Mineral yağ olarak da bilinen bu madde, ciltte koruyucu bir bariyer oluşturarak nem kaybını önler. Genellikle bebek yağları ve nemlendiricilerde kullanılır.",beneficial,Kuru ciltler için yoğun nemlendirme sağlar ve su kaybını önler.,caution,Yağlı ciltlerde gözenekleri tıkayabilir ve sivilce oluşumuna neden olabilir.,neutral,"Karma ciltlerde bölgesel olarak kullanılabilir, ancak yağlı bölgelerde dikkatli olunmalıdır.",neutral,"Normal ciltlerde ağır gelebilir, hafif nemlendiriciler tercih edilir.",neutral,"Genellikle toleransı yüksektir, ancak bazı hassas ciltlerde tahrişe neden olabilir.",beneficial,Olgun ciltlerde nem bariyerini güçlendirir ve kuruluğu önler.,beneficial,"Hamilelikte güvenle kullanılabilir, cilt kuruluğunu önlemeye yardımcı olur."
6-Dicarboxypyridine,6dicarboxypyridine,0.0,0.0,0.0,0.0,-1.0,0.0,0.0,,,ai,1,pH Düzenleyici / Şelatlayıcı,pH Düzenleyici / Şelatlayıcı,Kozmetik formülasyonlarda pH ayarlayıcı ve metal iyonlarını bağlayarak ürün stabilitesini artıran bir bileşendir.,neutral,"Düşük konsantrasyonlarda kullanılır, cilt tipine doğrudan etkisi yoktur.",neutral,"Düşük konsantrasyonlarda kullanılır, cilt tipine doğrudan etkisi yoktur.",neutral,"Düşük konsantrasyonlarda kullanılır, cilt tipine doğrudan etkisi yoktur.",neutral,"Düşük konsantrasyonlarda kullanılır, cilt tipine doğrudan etkisi yoktur.",caution,Hassas ciltlerde düşük konsantrasyonlarda bile tahrişe neden olabilir.,neutral,"Düşük konsantrasyonlarda kullanılır, cilt tipine doğrudan etkisi yoktur.",neutral,"Genellikle güvenli kabul edilir, ancak yine de dikkatli olunmalıdır."
Peg 75 Lanolin,peg75lanolin,3.0,-1.0,0.0,2.0,-1.0,2.0,0.0,,,ai,1,Nemlendirici / Yumuşatıcı,Nemlendirici / Yumuşatıcı,"Lanolinin PEG türevi olan bu madde, ciltte nem tutucu ve yumuşatıcı olarak görev yapar. Su bazlı formüllerde lanolinin yağlı hissini azaltarak daha hafif bir doku sağlar.",beneficial,Güçlü nemlendirici ve yumuşatıcı etkisiyle kuru cildi besler ve nem kaybını önler.,caution,Komodojenik olabilir ve yağlı ciltte gözenek tıkanmasına yol açabilir.,neutral,Karma ciltte kuru bölgelere faydalı olabilir ancak yağlı T bölgesinde dikkatli kullanılmalıdır.,beneficial,Normal cilt için iyi bir nemlendiricidir ve cilt bariyerini destekler.,caution,Hassas ciltlerde alerjik reaksiyon veya tahrişe neden olabilir.,beneficial,Olgun ciltte nem kaybını azaltarak ince çizgilerin görünümünü hafifletir.,neutral,Genellikle güvenli kabul edilir ancak hassasiyet durumunda doktora danışılmalıdır.
Arnica Montana Flower Extract,arnicamontanaflowerextract,1.0,2.0,2.0,0.0,3.0,2.0,-1.0,,,ai,1,Bitkisel Ekstrakt / Antiinflamatuar,Bitkisel Ekstrakt / Antiinflamatuar,"Arnika çiçeği özütü, antiinflamatuar ve yatıştırıcı özellikleriyle bilinir. Ciltteki kızarıklık, şişlik ve morlukları azaltmaya yardımcı olur. Genellikle hassas ve tahriş olmuş ciltler için kullanılır.",neutral,Nemlendirici etkisi yoktur ancak tahrişi azaltarak dolaylı fayda sağlayabilir.,beneficial,Antiinflamatuar özelliği sayesinde sivilce ve iltihaplanmayı azaltabilir.,beneficial,"Karma ciltteki iltihaplı bölgelere iyi gelir, yağlı bölgelerde denge sağlar.",neutral,"Normal ciltte belirgin bir etkisi yoktur, genellikle ihtiyaç duyulmaz.",beneficial,Yatıştırıcı ve antiinflamatuar özellikleri hassas cildi rahatlatır.,beneficial,Yaşlanma belirtilerine karşı antioksidan etki gösterir ve cilt tonunu eşitler.,caution,"Hamilelikte topikal kullanımı genellikle güvenli kabul edilse de, yüksek konsantrasyonlardan kaçınılmalıdır."
Acetone,acetone,-3.0,-1.0,-2.0,-2.0,-3.0,-3.0,-2.0,,,ai,1,Çözücü,Çözücü,"Aseton, oje çıkarıcı ve bazı cilt temizleyicilerde kullanılan güçlü bir çözücüdür. Yağları ve kalıntıları hızla çözer, ancak cildin doğal bariyerini bozarak kuruluğa ve tahrişe neden olabilir.",caution,Cildi aşırı kurutarak nem kaybına ve pullanmaya yol açar.,caution,Yağı geçici olarak azaltsa da cilt bariyerini zayıflatarak daha fazla yağ üretimine neden olabilir.,caution,Kuru bölgeleri daha da kuruturken yağlı bölgelerde dengeyi bozabilir.,caution,Normal ciltte bile kuruluk ve hassasiyet yaratma riski yüksektir.,caution,"Güçlü çözücü yapısı hassas ciltte şiddetli tahriş, kızarıklık ve yanma hissine yol açar.",caution,Yaşlanan cilt daha ince ve kuru olduğu için aseton bariyeri daha da zayıflatır.,caution,Hamilelikte cilt hassasiyeti artar; aseton solunması veya cilde teması riskli olabilir.
Deiyonize Su,deiyonizesu,0.0,0.0,0.0,0.0,0.0,0.0,3.0,,,ai,1,Çözücü / Taşıyıcı,Çözücü / Taşıyıcı,"Deiyonize su, iyonları uzaklaştırılmış saf sudur. Kozmetik formülasyonlarda ana çözücü ve taşıyıcı olarak kullanılır, diğer bileşenlerin homojen dağılmasını sağlar.",neutral,"Su cildi nemlendirmez ancak formülasyonun temelidir, kuru ciltler için nötrdür.",neutral,"Su yağlı ciltler için nötrdür, herhangi bir olumlu veya olumsuz etkisi yoktur.",neutral,"Karma ciltler için nötrdür, formülasyonun temel bileşenidir.",neutral,"Normal ciltler için nötrdür, herhangi bir özel etkisi yoktur.",neutral,"Deiyonize su saf olduğu için hassas ciltlerde tahrişe neden olmaz, nötrdür.",neutral,"Olgun ciltler için nötrdür, nemlendirici etkisi yoktur ancak zararlı da değildir.",beneficial,"Deiyonize su hamilelikte güvenle kullanılabilir, herhangi bir risk taşımaz."
Noniyonik Yüzey Aktif Madde,noniyonikyzeyaktifmadde,2.0,2.0,2.0,2.0,3.0,2.0,2.0,,,ai,1,Yüzey Aktif Madde,Yüzey Aktif Madde,"Noniyonik yüzey aktif maddeler, iyonik olmayan ve genellikle nazik temizleyicilerdir. Ciltteki kir ve yağı temizlerken cildin doğal bariyerine zarar verme riski düşüktür.",beneficial,"Nazik yapısı sayesinde kuru cildi aşırı kurutmaz, nem dengesini korumaya yardımcı olur.",beneficial,"Yağlı ciltteki fazla sebumu temizlerken cildi tahriş etmez, dengeli bir temizlik sağlar.",beneficial,"Karma ciltlerde hem kuru hem yağlı bölgelere uyum sağlar, nazik temizlik sunar.",beneficial,"Normal ciltler için etkili ve nazik bir temizleyicidir, cilt dengesini korur.",beneficial,"Hassas ciltler için idealdir, düşük tahriş potansiyeli ile güvenli temizlik sağlar.",beneficial,"Olgun ciltlerde nazik temizlik yaparak cilt bariyerini korur, kuruluk riskini azaltır.",beneficial,"Noniyonik yüzey aktif maddeler genellikle hamilelikte güvenlidir, sistemik emilim riski düşüktür."
Vinegar,vinegar,-1.0,2.0,0.0,0.0,-2.0,-1.0,2.0,,,ai,1,pH Düzenleyici / Doğal Asit,pH Düzenleyici / Doğal Asit,"Sirke, asetik asit içeren doğal bir asittir. Kozmetikte pH düzenleyici olarak kullanılır, cildin asit mantosunu destekler ve hafif antibakteriyel özellik gösterir.",caution,"Sirke asidik yapısıyla kuru cildi tahriş edebilir ve kuruluğu artırabilir, dikkatli kullanılmalıdır.",beneficial,Yağlı ciltte pH dengesini sağlamaya yardımcı olur ve antibakteriyel etkisiyle sivilce oluşumunu azaltabilir.,neutral,"Karma ciltlerde yağlı bölgelere faydalı olabilir ancak kuru bölgelerde tahriş riski vardır, dikkatli kullanılmalıdır.",neutral,"Normal ciltler için genellikle nötrdür, ancak aşırı kullanımda tahrişe neden olabilir.",caution,"Hassas ciltlerde asidik yapısı nedeniyle yanma, kızarıklık ve tahrişe yol açabilir, önerilmez.",caution,"Olgun ciltler daha hassas olabileceğinden sirke tahrişe neden olabilir, dikkatli kullanılmalıdır.",beneficial,"Sirke hamilelikte topikal kullanım için güvenlidir, ancak seyreltilmiş olarak kullanılmalıdır."
APIGENIN,apigenin,2.0,2.0,2.0,1.0,2.0,2.0,0.0,,,ai,1,Antioksidan,Antioksidan,"Apigenin, bitkilerde bulunan bir flavonoiddir ve güçlü antioksidan özellikleri sayesinde cildi serbest radikallerin neden olduğu hasara karşı korur. Ayrıca yatıştırıcı ve iltihap önleyici etkileri vardır.",beneficial,Antioksidan koruma sağlar ve yatıştırıcı etkisiyle kuru cildi rahatlatır.,beneficial,İltihap önleyici özelliği akne oluşumunu azaltmaya yardımcı olabilir.,beneficial,Hem kuru hem yağlı bölgelere dengeli fayda sağlar.,beneficial,Cildi korur ve genel sağlığını destekler.,beneficial,Yatıştırıcı ve anti-inflamatuar özellikleri hassas cildi rahatlatır.,beneficial,Antioksidan etkisi yaşlanma belirtilerine karşı korur.,neutral,"Topikal kullanımda genellikle güvenli kabul edilir, ancak yeterli çalışma yoktur."
OLEANOLIC ACID,oleanolicacid,1.0,2.0,1.0,1.0,-1.0,2.0,0.0,,,ai,1,Antioksidan,Antioksidan,"Oleanolic asit, bitkilerde bulunan bir triterpenoiddir ve antioksidan, iltihap önleyici ve antimikrobiyal özelliklere sahiptir. Ciltte kolajen üretimini destekleyerek yaşlanma karşıtı fayda sağlayabilir.",beneficial,Nemlendirici etkisi olmasa da antioksidan koruma ile kuru cildi destekler.,beneficial,Antimikrobiyal özelliği akneye neden olan bakterilerle savaşabilir.,beneficial,Dengeli etkisiyle karma cilt için uygundur.,beneficial,Cilt sağlığını koruyucu etki sağlar.,caution,"Yüksek konsantrasyonlarda tahrişe neden olabilir, düşük dozlarda kullanılmalıdır.",beneficial,Kolajen desteği ile yaşlanma karşıtı fayda sağlar.,neutral,"Topikal kullanımda güvenli kabul edilir, ancak sınırlı veri vardır."
BIOTINOYL TRIPEPTIDE-1,biotinoyltripeptide1,0.0,0.0,0.0,1.0,0.0,2.0,0.0,,,ai,1,Saç ve Cilt Bakım Peptidi,Saç ve Cilt Bakım Peptidi,"Biotinoyl tripeptide-1, biotin ve bir peptit kombinasyonudur. Saç ve kirpiklerin uzamasını destekler, ciltte ise kolajen sentezini uyararak sıkılaştırıcı etki gösterir.",neutral,"Doğrudan nemlendirme sağlamaz, ancak cilt bariyerini destekleyebilir.",neutral,"Yağ dengesini etkilemez, genellikle iyi tolere edilir.",neutral,Karma ciltte özel bir etkisi yoktur.,beneficial,Cilt sıkılığını artırarak genel görünümü iyileştirir.,neutral,"Genellikle tahriş edici değildir, ancak hassas ciltlerde yama testi önerilir.",beneficial,Kolajen sentezini uyararak yaşlanma belirtilerini azaltır.,neutral,"Topikal kullanımda güvenli kabul edilir, ancak yeterli çalışma yoktur."
AESCULUS HIPPOCASTANUM SEED EXTRACT,aesculushippocastanumseedextract,0.0,1.0,0.0,1.0,-1.0,1.0,0.0,,,ai,1,Bitkisel Ekstrakt,Bitkisel Ekstrakt,"At kestanesi tohumu ekstresi, antioksidan ve iltihap önleyici özelliklere sahiptir. Kan dolaşımını iyileştirici etkisiyle göz altı morlukları ve şişliklerin azaltılmasında kullanılır.",neutral,"Nemlendirme sağlamaz, ancak antioksidan koruma sunar.",beneficial,İltihap önleyici özelliği akne ve sivilceleri yatıştırabilir.,neutral,Karma ciltte belirgin bir etkisi yoktur.,beneficial,Cilt sağlığını destekleyici antioksidan etki sağlar.,caution,Bazı hassas ciltlerde alerjik reaksiyona neden olabilir.,beneficial,Kan dolaşımını artırarak cilt tonunu eşitlemeye yardımcı olur.,neutral,"Topikal kullanımda genellikle güvenli kabul edilir, ancak aşırı kullanımdan kaçınılmalıdır."
DIAMINOPYRIMIDINE OXIDE,diaminopyrimidineoxide,0.0,0.0,0.0,0.0,-2.0,0.0,-1.0,,,ai,1,Saç Boyası Bileşeni,Saç Boyası Bileşeni,Saç boyalarında renk oluşumunu sağlayan bir ara maddedir. Oksidasyon reaksiyonları ile kalıcı renk elde edilmesine yardımcı olur.,neutral,"Saç derisinde kullanıldığında kuruluk yapma potansiyeli düşüktür, ancak doğrudan ciltle teması nadirdir.",neutral,"Yağlı cilt üzerinde belirgin bir etkisi yoktur, saç boyası içinde kullanılır.",neutral,Karma cilt için özel bir etkisi bulunmamaktadır.,neutral,Normal cilt için herhangi bir fayda veya risk taşımaz.,caution,Hassas ciltlerde alerjik reaksiyonlara veya tahrişe neden olabilir.,neutral,Olgun cilt üzerinde belirgin bir etkisi yoktur.,caution,"Hamilelikte saç boyası kullanımı genellikle önerilmez, bu nedenle dikkatli olunmalıdır."
SAFFLOWER GLUCOSIDE,safflowerglucoside,2.0,2.0,2.0,2.0,2.0,2.0,3.0,,,ai,1,Yüzey Aktif Madde,Yüzey Aktif Madde,Aspir bitkisinden elde edilen doğal bir yüzey aktif maddedir. Temizleyicilerde köpük oluşumunu sağlar ve cildi nazikçe temizler.,beneficial,Nazik yapısı sayesinde kuru cildi kurutmadan temizler.,beneficial,"Yağlı ciltte fazla yağı uzaklaştırmaya yardımcı olur, ancak aşırı kurutmaz.",beneficial,Karma cilt için dengeli bir temizlik sağlar.,beneficial,Normal cilt için nazik ve etkili bir temizleyicidir.,beneficial,"Hassas ciltler için uygun, tahriş riski düşüktür.",beneficial,"Olgun ciltte nazik temizlik sağlar, nem bariyerini korur.",beneficial,Doğal kaynaklı olduğu için hamilelikte güvenle kullanılabilir.
Disodium Distyrylbiphenyl Disulfonate,disodiumdistyrylbiphenyldisulfonate,0.0,0.0,0.0,0.0,-1.0,2.0,0.0,,,ai,1,UV Filtresi / Optik Parlatıcı,UV Filtresi / Optik Parlatıcı,"Bu bileşen, UV ışınlarını emerek cildi güneşin zararlı etkilerinden koruyan bir kimyasal UV filtresidir. Ayrıca optik parlatıcı özelliği sayesinde cilde parlaklık ve aydınlık bir görünüm kazandırır.",neutral,"Kuru ciltler için özel bir fayda veya risk oluşturmaz, ancak nemlendirici özelliği yoktur.",neutral,"Yağlı ciltlerde ekstra yağlanma yapmaz, genellikle iyi tolere edilir.",neutral,"Karma ciltlerde herhangi bir olumsuz etki yaratmaz, dengeli bir kullanım sunar.",neutral,Normal ciltler için herhangi bir özel fayda veya risk taşımaz.,caution,"Hassas ciltlerde nadiren de olsa tahrişe neden olabilir, dikkatli kullanılmalıdır.",beneficial,"UV koruması sayesinde yaşlanma belirtilerini azaltmaya yardımcı olur, olgun ciltler için faydalıdır.",neutral,"Hamilelikte kullanımı genellikle güvenli kabul edilir, ancak yine de doktora danışılması önerilir."
CAPRYLIC,caprylic,2.0,0.0,1.0,1.0,1.0,2.0,2.0,,,ai,1,Nemlendirici,Nemlendirici,"Kaprilik asit, cilt tarafından kolayca emilen ve nemlendirici özellikler sağlayan bir yağ asididir. Genellikle diğer bileşenlerle birleşerek cilt bariyerini güçlendirir.",beneficial,"Cildi nemlendirir ve yumuşatır, kuruluğu giderir.",neutral,Hafif yapısı nedeniyle yağlı ciltlerde genellikle sorun yaratmaz.,beneficial,Kuru bölgeleri nemlendirirken yağlı bölgelerde ağırlık yapmaz.,beneficial,Cilt bariyerini destekler ve nem dengesini korur.,beneficial,Tahriş riski düşüktür ve yatıştırıcı olabilir.,beneficial,Cilt elastikiyetini artırmaya yardımcı olur.,beneficial,"Güvenli kabul edilir, yaygın olarak kullanılır."
CAPRIC,capric,2.0,0.0,1.0,1.0,1.0,2.0,2.0,,,ai,1,Nemlendirici,Nemlendirici,"Kaprik asit, cilt tarafından kolayca emilen ve nemlendirici özellikler sağlayan bir yağ asididir. Genellikle diğer bileşenlerle birleşerek cilt bariyerini güçlendirir.",beneficial,"Cildi nemlendirir ve yumuşatır, kuruluğu giderir.",neutral,Hafif yapısı nedeniyle yağlı ciltlerde genellikle sorun yaratmaz.,beneficial,Kuru bölgeleri nemlendirirken yağlı bölgelerde ağırlık yapmaz.,beneficial,Cilt bariyerini destekler ve nem dengesini korur.,beneficial,Tahriş riski düşüktür ve yatıştırıcı olabilir.,beneficial,Cilt elastikiyetini artırmaya yardımcı olur.,beneficial,"Güvenli kabul edilir, yaygın olarak kullanılır."
TRIGLYCERIDE,triglyceride,3.0,-1.0,0.0,2.0,1.0,3.0,2.0,,,ai,1,Nemlendirici,Nemlendirici,"Trigliseritler, cilt tarafından kolayca emilen ve nemlendirici özellikler sağlayan yağlardır. Cilt bariyerini güçlendirir ve yumuşaklık kazandırır.",beneficial,Yoğun nemlendirme sağlar ve cildi besler.,caution,"Ağır yapısı gözenekleri tıkayabilir, hafif formüller tercih edilmelidir.",neutral,Kuru bölgelerde faydalı olabilir ancak yağlı bölgelerde dikkatli kullanılmalıdır.,beneficial,Cilt bariyerini destekler ve nem dengesini korur.,beneficial,"Genellikle tahrişe neden olmaz, yatıştırıcıdır.",beneficial,Cilt elastikiyetini artırır ve ince çizgileri azaltır.,beneficial,"Güvenli kabul edilir, yaygın olarak kullanılır."
TRITICUM VULGARE,triticumvulgare,2.0,-1.0,0.0,1.0,-1.0,2.0,1.0,,,ai,1,Nemlendirici,Nemlendirici,"Buğday özü, cildi nemlendiren ve yumuşatan doğal bir bileşendir. Antioksidan özellikleri sayesinde cildi serbest radikallere karşı korur.",beneficial,Yoğun nemlendirme sağlar ve cildi besler.,caution,"Ağır yapısı gözenekleri tıkayabilir, akneye yatkın ciltlerde dikkatli olunmalıdır.",neutral,Kuru bölgelerde faydalı olabilir ancak yağlı bölgelerde dikkatli kullanılmalıdır.,beneficial,Cilt bariyerini destekler ve nem dengesini korur.,caution,"Buğday alerjisi olanlarda reaksiyona neden olabilir, hassas ciltlerde yama testi önerilir.",beneficial,Antioksidan özellikleri yaşlanma belirtilerini azaltmaya yardımcı olur.,beneficial,"Güvenli kabul edilir, ancak alerji durumunda dikkatli olunmalıdır."
Titanyum Dioksit (Nano),titanyumdioksit,2.0,2.0,2.0,2.0,2.0,3.0,2.0,,,ai,1,Güneş Koruyucu / Fiziksel Filtre,Güneş Koruyucu / Fiziksel Filtre,"Fiziksel bir güneş filtresidir; UVA ve UVB ışınlarını yansıtarak cildi güneş hasarından korur. Nano boyutlu formu, beyaz kalıntı bırakmadan daha şeffaf bir uygulama sağlar.",beneficial,"Güneş koruması sağlarken cildi kurutmaz, ancak nemlendirici ile birlikte kullanılmalıdır.",beneficial,Yağlı ciltlerde mat bir bitiş sağlar ve gözenekleri tıkamaz.,beneficial,"Karma ciltlerde dengeli koruma sağlar, yağlı bölgelerde matlaştırıcı etki gösterir.",beneficial,Normal ciltler için etkili ve hafif bir güneş koruyucudur.,beneficial,Fiziksel filtre olduğu için hassas ciltlerde tahriş riski düşüktür.,beneficial,Olgun ciltlerde güneş hasarını önleyerek yaşlanma belirtilerini azaltır.,beneficial,Hamilelikte güvenli kabul edilen fiziksel bir filtredir.
Gliseril Oleat,gliseriloleat,2.0,0.0,0.0,0.0,0.0,1.0,2.0,,,ai,1,Emülgatör / Yumuşatıcı,Emülgatör / Yumuşatıcı,Su ve yağ fazlarını birleştirerek emülsiyonların stabilitesini sağlar. Aynı zamanda cildi yumuşatıcı ve nemlendirici özellikler gösterir.,beneficial,Nemlendirici ve yumuşatıcı etkisiyle kuru ciltler için faydalıdır.,neutral,"Hafif yapısı yağlı ciltlerde sorun yaratmaz, ancak özel bir fayda sağlamaz.",neutral,"Karma ciltlerde dengeli bir etki gösterir, ne fazla yağlı ne de kurutucudur.",neutral,Normal ciltlerde herhangi bir olumsuz etki yapmaz.,neutral,"Genellikle iyi tolere edilir, ancak çok hassas ciltlerde nadiren tahrişe neden olabilir.",beneficial,Yumuşatıcı özelliği olgun ciltlerde nem dengesini destekler.,beneficial,Hamilelikte güvenli kabul edilir.
Butil Metoksidibenzoil-metan,butilmetoksidibenzoilmetan,0.0,0.0,0.0,0.0,-1.0,2.0,-1.0,,,ai,1,Güneş Koruyucu / Kimyasal Filtre,Güneş Koruyucu / Kimyasal Filtre,Geniş spektrumlu UVA koruması sağlayan kimyasal bir güneş filtresidir. Diğer filtrelerle kombinasyon halinde kullanılır.,neutral,"Kuru ciltlerde ekstra kuruluk yapmaz, ancak nemlendirici ile kullanılması önerilir.",neutral,"Yağlı ciltlerde hafif yağlı his bırakabilir, ancak genellikle sorun yaratmaz.",neutral,Karma ciltlerde dengeli bir koruma sağlar.,neutral,Normal ciltlerde etkili bir UVA filtresidir.,caution,Kimyasal filtre olduğu için hassas ciltlerde tahriş veya alerjik reaksiyon riski vardır.,beneficial,UVA koruması ile foto-yaşlanmayı önlemeye yardımcı olur.,caution,"Hamilelikte kimyasal filtrelerin kullanımı konusunda sınırlı veri vardır, dikkatli olunmalıdır."
Dietilamino Hidroksibenzoat,dietilaminohidroksibenzoat,0.0,0.0,0.0,0.0,-1.0,2.0,-1.0,,,ai,1,Güneş Koruyucu / Kimyasal Filtre,Güneş Koruyucu / Kimyasal Filtre,UVA ve UVB ışınlarına karşı koruma sağlayan kimyasal bir güneş filtresidir. Genellikle diğer filtrelerle birlikte kullanılır.,neutral,Kuru ciltlerde ekstra kuruluk yapmaz.,neutral,Yağlı ciltlerde hafif yağlı his bırakabilir.,neutral,Karma ciltlerde dengeli koruma sağlar.,neutral,Normal ciltlerde etkili bir filtredir.,caution,Kimyasal filtre hassas ciltlerde tahrişe neden olabilir.,beneficial,Geniş spektrumlu koruma ile yaşlanma belirtilerini azaltmaya yardımcı olur.,caution,Hamilelikte kullanımı konusunda yeterli güvenlik verisi yoktur.
Dietilamino Hidroksibenat,dietilaminohidroksibenat,0.0,0.0,0.0,0.0,-1.0,2.0,-1.0,,,ai,1,Güneş Koruyucu / Kimyasal Filtre,Güneş Koruyucu / Kimyasal Filtre,UVA ve UVB koruması sağlayan kimyasal bir güneş filtresidir. Cilt tarafından emilerek güneş ışınlarını absorbe eder.,neutral,Kuru ciltlerde ekstra kuruluk yapmaz.,neutral,Yağlı ciltlerde hafif yağlı his bırakabilir.,neutral,Karma ciltlerde dengeli koruma sağlar.,neutral,Normal ciltlerde etkili bir filtredir.,caution,Kimyasal filtre hassas ciltlerde tahrişe neden olabilir.,beneficial,Geniş spektrumlu koruma ile yaşlanma belirtilerini azaltmaya yardımcı olur.,caution,Hamilelikte kullanımı konusunda yeterli güvenlik verisi yoktur.
Sülfat,slfat,-2.0,1.0,-1.0,0.0,-2.0,-1.0,0.0,,,ai,1,Yüzey Aktif Madde / Temizleyici,Yüzey Aktif Madde / Temizleyici,"Köpürtücü ve temizleyici özellik gösteren bir yüzey aktif maddedir. Ciltteki yağ ve kiri uzaklaştırır, ancak kurutucu etkisi olabilir.",caution,Kuru ciltlerde doğal yağları alarak kuruluğu artırabilir.,beneficial,Yağlı ciltlerde fazla yağı temizleyerek faydalı olabilir.,caution,Karma ciltlerde kuru bölgeleri daha da kurutabilir.,neutral,Normal ciltlerde aşırı kullanılmadığında dengeli temizlik sağlar.,caution,Hassas ciltlerde tahrişe ve kuruluğa neden olabilir.,caution,Olgun ciltlerde kurutucu etkisi yaşlanma belirtilerini artırabilir.,neutral,"Hamilelikte genellikle güvenlidir, ancak kurutucu etkisi nedeniyle dikkatli kullanılmalıdır."
Dimetikon,dimetikon,2.0,0.0,0.0,0.0,1.0,2.0,2.0,,,ai,1,Silikon / Yumuşatıcı,Silikon / Yumuşatıcı,"Ciltte koruyucu bir bariyer oluşturan, pürüzsüz ve ipeksi bir his veren bir silikondur. Nem kaybını önler ve ürünlerin sürümünü kolaylaştırır.",beneficial,Kuru ciltlerde nemi hapsederek yumuşatıcı etki sağlar.,neutral,"Yağlı ciltlerde gözenek tıkama riski düşüktür, ancak bazıları için ağır gelebilir.",neutral,Karma ciltlerde dengeli bir yumuşatıcıdır.,neutral,Normal ciltlerde pürüzsüz bir his sağlar.,beneficial,Hassas ciltlerde tahriş riski düşüktür ve yatıştırıcı olabilir.,beneficial,Olgun ciltlerde ince çizgilerin görünümünü geçici olarak azaltır.,beneficial,Hamilelikte güvenli kabul edilir.
Lesitin,lesitin,2.0,0.0,0.0,0.0,1.0,2.0,2.0,,,ai,1,Emülgatör / Nemlendirici,Emülgatör / Nemlendirici,Su ve yağı birleştiren doğal bir emülgatördür. Cilt bariyerini güçlendirir ve nemlendirici özellik gösterir.,beneficial,Kuru ciltlerde nemlendirici ve bariyer onarıcı etki sağlar.,neutral,Yağlı ciltlerde hafif yapısı nedeniyle sorun yaratmaz.,neutral,Karma ciltlerde dengeli bir nemlendiricidir.,neutral,Normal ciltlerde cilt bariyerini destekler.,beneficial,Hassas ciltlerde yatıştırıcı ve onarıcı etki gösterebilir.,beneficial,Olgun ciltlerde nem ve bariyer desteği sağlar.,beneficial,Hamilelikte güvenli kabul edilir.
Bis-Etilheksiloksif-nol Metoksifenil Triazin,bisetilheksiloksifnolmetoksifeniltriazin,0.0,0.0,0.0,0.0,-1.0,2.0,-1.0,,,ai,1,Güneş Koruyucu / Kimyasal Filtre,Güneş Koruyucu / Kimyasal Filtre,Geniş spektrumlu UVA ve UVB koruması sağlayan kimyasal bir güneş filtresidir. Yükek fotostabiliteye sahiptir.,neutral,Kuru ciltlerde ekstra kuruluk yapmaz.,neutral,Yağlı ciltlerde hafif yağlı his bırakabilir.,neutral,Karma ciltlerde dengeli koruma sağlar.,neutral,Normal ciltlerde etkili bir filtredir.,caution,Kimyasal filtre hassas ciltlerde tahrişe neden olabilir.,beneficial,Geniş spektrumlu koruma ile yaşlanma belirtilerini azaltmaya yardımcı olur.,caution,Hamilelikte kullanımı konusunda yeterli güvenlik verisi yoktur.
Silika,silika,-1.0,2.0,1.0,0.0,0.0,0.0,2.0,,,ai,1,Kıvam Artırıcı / Matlaştırıcı,Kıvam Artırıcı / Matlaştırıcı,Ürünlerde kıvam artırıcı ve matlaştırıcı olarak kullanılan bir mineraldir. Yağı emer ve ciltte pürüzsüz bir his bırakır.,neutral,"Kuru ciltlerde kurutucu etki yapabilir, ancak düşük konsantrasyonlarda sorun yaratmaz.",beneficial,Yağlı ciltlerde fazla yağı emerek mat bir görünüm sağlar.,beneficial,Karma ciltlerde yağlı bölgelerde matlaştırıcı etki gösterir.,neutral,Normal ciltlerde herhangi bir olumsuz etki yapmaz.,neutral,Hassas ciltlerde genellikle iyi tolere edilir.,neutral,"Olgun ciltlerde kurutucu olabilir, nemlendirici ile kullanılmalıdır.",beneficial,Hamilelikte güvenli kabul edilir.
Çinko Stearat,inkostearat,-1.0,0.0,0.0,0.0,0.0,0.0,2.0,,,ai,1,Kıvam Artırıcı / Kayganlaştırıcı,Kıvam Artırıcı / Kayganlaştırıcı,Ürünlere pürüzsüz bir doku kazandıran ve kıvam artırıcı olarak kullanılan bir bileşendir. Ayrıca su itici özellik gösterir.,neutral,Kuru ciltlerde kurutucu etki yapabilir.,neutral,Yağlı ciltlerde gözenek tıkama riski düşüktür.,neutral,Karma ciltlerde dengeli bir etki gösterir.,neutral,Normal ciltlerde herhangi bir olumsuz etki yapmaz.,neutral,Hassas ciltlerde genellikle iyi tolere edilir.,neutral,Olgun ciltlerde kurutucu olabilir.,beneficial,Hamilelikte güvenli kabul edilir.
Etilheksilgliserin,etilheksilgliserin,1.0,0.0,0.0,0.0,1.0,1.0,2.0,,,ai,1,Koruyucu / Nemlendirici,Koruyucu / Nemlendirici,"Koruyucu sistemlerde sinerjist olarak kullanılan, aynı zamanda hafif nemlendirici özellik gösteren bir bileşendir. Parabenlerin alternatifi olarak sıkça tercih edilir.",beneficial,Hafif nemlendirici etkisi kuru ciltler için faydalıdır.,neutral,Yağlı ciltlerde sorun yaratmaz.,neutral,Karma ciltlerde dengeli bir etki gösterir.,neutral,Normal ciltlerde herhangi bir olumsuz etki yapmaz.,beneficial,Hassas ciltlerde tahriş riski düşüktür.,beneficial,Olgun ciltlerde nemlendirici desteği sağlar.,beneficial,Hamilelikte güvenli kabul edilir.
Fen-oksietanol,fenoksietanol,0.0,0.0,0.0,0.0,-1.0,0.0,2.0,,,ai,1,Koruyucu,Koruyucu,"Geniş spektrumlu antimikrobiyal koruma sağlayan bir koruyucudur. Bakteri, maya ve küflere karşı etkilidir.",neutral,Kuru ciltlerde ekstra kuruluk yapmaz.,neutral,Yağlı ciltlerde sorun yaratmaz.,neutral,Karma ciltlerde dengeli bir etki gösterir.,neutral,Normal ciltlerde herhangi bir olumsuz etki yapmaz.,caution,Hassas ciltlerde nadiren alerjik reaksiyona neden olabilir.,neutral,Olgun ciltlerde genellikle iyi tolere edilir.,beneficial,Hamilelikte güvenli kabul edilir.
Sorbik Asit.,sorbikasit,0.0,0.0,0.0,0.0,0.0,0.0,2.0,,,ai,1,Koruyucu,Koruyucu,Maya ve küflere karşı etkili bir koruyucudur. Genellikle potasyum sorbat formunda kullanılır ve pH 6'nın altında etkilidir.,neutral,Kuru ciltlerde ekstra kuruluk yapmaz.,neutral,Yağlı ciltlerde sorun yaratmaz.,neutral,Karma ciltlerde dengeli bir etki gösterir.,neutral,Normal ciltlerde herhangi bir olumsuz etki yapmaz.,neutral,Hassas ciltlerde genellikle iyi tolere edilir.,neutral,Olgun ciltlerde herhangi bir olumsuz etki yapmaz.,beneficial,Hamilelikte güvenli kabul edilir.
Aroma,aroma,0.0,0.0,0.0,0.0,-2.0,0.0,-1.0,,,ai,1,Parfüm / Koku,Parfüm / Koku,Ürüne hoş bir koku vermek için eklenen karışım. Genellikle sentetik veya doğal bileşenlerden oluşur ve ciltte alerjik reaksiyonlara neden olabilir.,neutral,"Koku cildi nemlendirmez veya kurutmaz, ancak hassasiyet yaratabilir.",neutral,"Koku yağlı ciltte ek bir sorun yaratmaz, ancak bazı kokular gözenekleri tıkayabilir.",neutral,"Karma ciltte genellikle sorun oluşturmaz, ancak hassas bölgelerde tahrişe yol açabilir.",neutral,"Normal ciltte genellikle tolere edilir, ancak gereksiz bir katkı maddesidir.",caution,"Parfüm bileşenleri hassas ciltte alerji, kızarıklık ve tahrişe neden olabilir.",neutral,"Olgun ciltte ek bir fayda sağlamaz, ancak hassasiyet riski taşır.",caution,"Bazı parfüm bileşenleri hamilelikte güvenli kabul edilmez, ancak genel olarak düşük risklidir."
Glycol Montanete,glycolmontanete,2.0,0.0,1.0,1.0,-1.0,2.0,0.0,,,ai,1,Emülgatör,Emülgatör,Su ve yağ bazlı bileşenlerin bir arada kalmasını sağlayan bir emülgatör. Ayrıca kıvam artırıcı ve stabilizatör olarak görev yapar.,beneficial,"Emülgatör olarak nemlendiricilerin ciltte kalmasına yardımcı olur, kuru cilt için faydalıdır.",neutral,"Yağlı ciltte ek bir yağlanma yapmaz, ancak aşırı kullanımda gözenek tıkayabilir.",neutral,"Karma ciltte genellikle sorun oluşturmaz, dengeli bir formül sağlar.",neutral,"Normal ciltte herhangi bir olumsuz etkisi yoktur, ürün stabilitesini artırır.",caution,"Bazı emülgatörler hassas ciltte tahrişe neden olabilir, ancak genellikle iyi tolere edilir.",beneficial,Olgun ciltte nemlendiricilerin etkinliğini artırarak cilt bariyerini destekler.,neutral,"Hamilelikte kullanımı genellikle güvenlidir, ancak spesifik veri sınırlıdır."
Shoera Robusta Resin,shoerarobustaresin,2.0,-2.0,0.0,0.0,-2.0,2.0,0.0,,,ai,1,Kıvam Artırıcı / Film Oluşturucu,Kıvam Artırıcı / Film Oluşturucu,Bir ağaç reçinesi olup kozmetikte kıvam artırıcı ve film oluşturucu olarak kullanılır. Ciltte koruyucu bir tabaka oluşturarak nem kaybını azaltabilir.,beneficial,"Ciltte koruyucu film oluşturarak nemi hapseder, kuru cilt için faydalıdır.",caution,Ağır yapısı yağlı ciltte gözenek tıkayıp sivilceye neden olabilir.,neutral,"Karma ciltte kuru bölgelere faydalı, yağlı bölgelere riskli olabilir; dikkatli kullanılmalıdır.",neutral,"Normal ciltte genellikle sorun oluşturmaz, ancak gereksiz ağırlık yapabilir.",caution,Reçineler hassas ciltte alerjik reaksiyon veya tahrişe yol açabilir.,beneficial,Olgun ciltte nem bariyerini güçlendirir ve ince çizgilerin görünümünü azaltabilir.,neutral,"Hamilelikte kullanımı hakkında yeterli bilgi yoktur, ancak doğal reçineler genellikle düşük risklidir."
Oxybenzone,oxybenzone,0.0,0.0,0.0,0.0,-2.0,2.0,-2.0,,,ai,1,Güneş Koruyucu,Güneş Koruyucu,"Oxybenzone, geniş spektrumlu UV koruması sağlayan kimyasal bir güneş filtresidir. UVB ve kısa UVA ışınlarını emerek cildi güneş hasarından korur. Ancak, bazı çalışmalarda endokrin bozucu etkileri olabileceği ve cilt tahrişine yol açabileceği belirtilmiştir.",neutral,"Kuruluk üzerinde belirgin bir etkisi yoktur, ancak bazı formülasyonlarda alkol içerebilir.",neutral,"Yağlı ciltlerde genellikle sorun yaratmaz, ancak bazı ürünlerde komedojenik olabilir.",neutral,"Karma ciltlerde dengeli bir etki gösterir, ancak hassas bölgelerde tahrişe neden olabilir.",neutral,Normal ciltlerde genellikle iyi tolere edilir.,caution,Hassas ciltlerde alerjik reaksiyonlara ve tahrişe yol açabilir.,beneficial,UV koruması sayesinde yaşlanma belirtilerini önlemeye yardımcı olur.,caution,"Hamilelikte kullanımı önerilmez, çünkü endokrin bozucu etkileri olabilir."
Octinoxate,octinoxate,0.0,0.0,0.0,0.0,-2.0,2.0,-2.0,,,ai,1,Güneş Koruyucu,Güneş Koruyucu,"Octinoxate, UVB ışınlarını emerek güneş yanıklarını önleyen kimyasal bir güneş filtresidir. Genellikle diğer filtrelerle kombin halde kullanılır. Bazı çalışmalarda endokrin sistemi etkileyebileceği ve ciltte tahrişe neden olabileceği belirtilmiştir.",neutral,Kuruluk üzerinde belirgin bir etkisi yoktur.,neutral,Yağlı ciltlerde genellikle sorun yaratmaz.,neutral,Karma ciltlerde dengeli bir etki gösterir.,neutral,Normal ciltlerde genellikle iyi tolere edilir.,caution,Hassas ciltlerde alerjik reaksiyonlara ve tahrişe yol açabilir.,beneficial,UVB koruması sayesinde güneş hasarını ve erken yaşlanmayı önler.,caution,"Hamilelikte kullanımı önerilmez, çünkü endokrin bozucu etkileri olabilir."
Avobenzone,avobenzone,0.0,0.0,0.0,0.0,-1.0,3.0,1.0,,,ai,1,Güneş Koruyucu,Güneş Koruyucu,"Avobenzone, geniş spektrumlu UVA koruması sağlayan kimyasal bir güneş filtresidir. UVA ışınlarını emerek cilt yaşlanmasını ve leke oluşumunu önlemeye yardımcı olur. Fotostabil değildir, bu nedenle genellikle stabilizatörlerle birlikte kullanılır.",neutral,Kuruluk üzerinde belirgin bir etkisi yoktur.,neutral,Yağlı ciltlerde genellikle sorun yaratmaz.,neutral,Karma ciltlerde dengeli bir etki gösterir.,neutral,Normal ciltlerde genellikle iyi tolere edilir.,caution,Hassas ciltlerde nadiren de olsa tahrişe neden olabilir.,beneficial,UVA koruması sayesinde yaşlanma belirtilerini ve kırışıklıkları önlemeye yardımcı olur.,neutral,"Hamilelikte genellikle güvenli kabul edilir, ancak yine de doktora danışılmalıdır."
BIS-ETHYLHEXYLOXYPHENOL,bisethylhexyloxyphenol,2.0,2.0,2.0,2.0,-1.0,3.0,2.0,,,ai,1,Güneş Koruyucu,Güneş Koruyucu,"Geniş spektrumlu bir UV filtresidir, UVA ve UVB ışınlarına karşı koruma sağlar. Cildi güneş hasarından korur ve foto-yaşlanmayı önlemeye yardımcı olur.",beneficial,Güneş koruması sağlayarak kuruluğa bağlı hasarı önler.,beneficial,Hafif yapısıyla yağlı ciltlerde ağırlık yapmaz.,beneficial,Tüm cilt tipleri için uygun güneş koruması sunar.,beneficial,Cildi güneş hasarına karşı korur.,caution,Bazı hassas ciltlerde tahrişe neden olabilir.,beneficial,Foto-yaşlanmayı önleyerek olgun ciltler için idealdir.,beneficial,Gebelikte güvenle kullanılabilen bir UV filtresidir.
METHOXYPHENYL TRIAZINE,methoxyphenyltriazine,2.0,2.0,2.0,2.0,-1.0,3.0,2.0,,,ai,1,Güneş Koruyucu,Güneş Koruyucu,"Geniş spektrumlu bir UV filtresidir, özellikle UVA koruması sağlar. Diğer güneş koruyucularla sinerjik etki gösterir ve fotostabiliteyi artırır.",beneficial,Güneş koruması sağlayarak kuruluğa bağlı hasarı önler.,beneficial,Hafif yapısıyla yağlı ciltlerde ağırlık yapmaz.,beneficial,Tüm cilt tipleri için uygun güneş koruması sunar.,beneficial,Cildi güneş hasarına karşı korur.,caution,Bazı hassas ciltlerde tahrişe neden olabilir.,beneficial,UVA koruması ile foto-yaşlanmayı önler.,beneficial,Gebelikte güvenle kullanılabilen bir UV filtresidir.
RHAMNOSE PROPYLENE GLYCOL,rhamnosepropyleneglycol,3.0,0.0,2.0,2.0,2.0,2.0,2.0,,,ai,1,Nemlendirici,Nemlendirici,"Doğal bir şeker türevi olan ramnoz ve propilen glikol içeren bir nemlendiricidir. Cildi nemlendirir, yatıştırır ve cilt bariyerini güçlendirir.",beneficial,Yoğun nemlendirme sağlayarak kuru cildi rahatlatır.,neutral,Hafif yapısıyla yağlı ciltlerde sorun yaratmaz.,beneficial,"Kuru bölgeleri nemlendirir, yağlı bölgelerde ağırlık yapmaz.",beneficial,Cilt bariyerini destekleyerek nem dengesini korur.,beneficial,Yatıştırıcı özelliği ile hassas ciltler için uygundur.,beneficial,Cilt bariyerini güçlendirerek yaşlanma belirtilerini azaltır.,beneficial,Gebelikte güvenle kullanılabilir.
TOCOPHEROL CAPRYLIC/CAPRIC,tocopherolcapryliccapric,2.0,0.0,2.0,2.0,2.0,3.0,2.0,,,ai,1,Antioksidan,Antioksidan,"E vitamini türevi olan tokoferolün kaprilik/kaprik asit ile esterleşmiş formudur. Güçlü antioksidan özellik gösterir, cildi serbest radikallere karşı korur ve nemlendirici etki sağlar.",beneficial,Nemlendirici ve koruyucu etkisiyle kuru cildi besler.,neutral,Hafif yapısıyla yağlı ciltlerde komedojenik değildir.,beneficial,Antioksidan koruma sağlayarak cilt dengesini destekler.,beneficial,Cildi çevresel hasara karşı korur.,beneficial,Yatıştırıcı ve koruyucu özelliği ile hassas ciltler için uygundur.,beneficial,Antioksidan etkisiyle yaşlanma karşıtı bakım sağlar.,beneficial,Gebelikte güvenle kullanılabilir.
