name,name_normalized,score_dry,score_oily,score_combination,score_normal,score_sensitive,score_mature,score_pregnancy_safe,good_tags,avoid_tags,source,product_frequency,category,category_tr,description_tr,dry_effect,dry_reason_tr,oily_effect,oily_reason_tr,combination_effect,combination_reason_tr,normal_effect,normal_reason_tr,sensitive_effect,sensitive_reason_tr,mature_effect,mature_reason_tr,pregnancy_safe_effect,pregnancy_safe_reason_tr,score_acne_prone,acne_prone_effect,acne_prone_reason_tr
"1,2-Hexanediol",12hexanediol,2.0,0.0,0.0,0.0,2.0,1.0,3.0,,,manual_v2,0,Koruyucu / Nemlendirici,Koruyucu / Nemlendirici,"1,2-Hexanediol, hem nemlendirici hem de koruyucu olarak işlev gören bir dioldür. Düşük konsantrasyonlarda antimikrobiyal etki gösterir ve formülasyonlarda koruyucu sistemin bir parçası olarak kullanılır. Ayrıca ciltte nem tutucu özelliği sayesinde hafif nemlendirme sağlar.",beneficial,"1,2-Hexanediol, nem bağlayıcı özelliği ile kuru ciltte su kaybını azaltır ve bariyer fonksiyonunu destekler. Düşük konsantrasyonlarda tahriş edici değildir, bu nedenle kuru ve hassas ciltler için uygundur. 💡 Kuru ciltler için nemlendirici ürünlerde tercih edilebilir; günde 1-2 kez kullanımı yeterlidir.",neutral,"Yağlı ciltlerde ek bir fayda sağlamaz, ancak hafif nemlendirme ile cildin su dengesini koruyabilir. Komedojenik değildir, bu nedenle yağlı ciltlerde sorun yaratmaz. 💡 Yağlı ciltler için özel bir öneri yoktur; mevcut nemlendiricilerde bulunması sorun teşkil etmez.",neutral,Karma ciltlerde hem kuru hem yağlı bölgelere dengeli bir nemlendirme sağlar. Herhangi bir olumsuz etkisi yoktur. 💡 Karma ciltler için günlük nemlendiricide kullanılabilir.,neutral,"Normal ciltlerde nemlendirici olarak işlev görür, ancak özel bir fayda sağlamaz. Genellikle güvenli ve tolere edilebilir. 💡 Normal cilt bakımında herhangi bir kısıtlama yoktur.",beneficial,"1,2-Hexanediol, düşük tahriş potansiyeli ile hassas ciltler için uygundur. Antimikrobiyal etkisi sayesinde koruyucu olarak kullanılır ve ciltte yanma veya kızarıklık yapma olasılığı düşüktür. 💡 Hassas ciltler için güvenle kullanılabilir; yine de yeni bir ürünü yama testi ile denemek önerilir.",neutral,"Olgun ciltlerde nemlendirme sağlar, ancak anti-aging etkisi sınırlıdır. Bariyer desteği ile cildin nem dengesini koruyarak kırışıklık görünümünü hafifletebilir. 💡 Olgun ciltler için nemlendirici olarak kullanılabilir; retinol gibi aktiflerle birlikte kullanımı uygundur.",beneficial,"1,2-Hexanediol, hamilelikte güvenli kabul edilen bir bileşendir. Teratojenik veya sistemik etkisi yoktur, topikal kullanımda emilimi düşüktür. 💡 Hamilelikte rahatlıkla kullanılabilir; herhangi bir kısıtlama yoktur.",0.0,neutral,"Komedojenik değildir ve akneyi tetiklemez. Nemlendirici etkisi akne tedavisinde yardımcı olabilir, ancak doğrudan anti-akne etkisi yoktur. 💡 Akneye meyilli ciltlerde kullanımı güvenlidir; diğer akne tedavileri ile kombine edilebilir."
1-Methylhydantoin-2-Imide,1methylhydantoin2imide,-1.0,0.0,0.0,0.0,-2.0,-1.0,-1.0,,,manual_v2,0,Koruyucu Destekçi,Koruyucu Destekçi,"1-Methylhydantoin-2-Imide, formaldehit donörü bir koruyucudur. Zamanla formaldehit salarak mikrobiyal büyümeyi engeller. Ancak formaldehit salınımı nedeniyle hassas ciltlerde tahrişe neden olabilir ve bazı ülkelerde kullanımı sınırlandırılmıştır.",caution,"Kuru ciltlerde bariyer hasarı varsa, formaldehit salınımı tahrişi artırabilir. Uzun süreli kullanımda ciltte kuruluk ve pullanmayı kötüleştirebilir. 💡 Kuru ve hassas ciltlerde bu bileşeni içeren ürünlerden kaçınılması önerilir.",neutral,"Yağlı ciltlerde tahriş riski daha düşüktür, ancak formaldehit duyarlılığı olan kişilerde sorun yaratabilir. Genellikle yağlı ciltler için güvenli kabul edilir. 💡 Yağlı ciltlerde kullanılabilir, ancak hassasiyet durumunda alternatif koruyucular tercih edilmelidir.",neutral,"Karma ciltlerde genellikle tolere edilir, ancak kuru bölgelerde tahriş potansiyeli vardır. Düşük konsantrasyonlarda sorun yaratmaz. 💡 Karma ciltlerde dikkatli kullanılmalı; kuru bölgelerde tahriş görülürse bırakılmalıdır.",neutral,"Normal ciltlerde genellikle güvenlidir, ancak formaldehit alerjisi olan kişilerde kontakt dermatite yol açabilir. 💡 Normal ciltlerde kullanılabilir, ancak alerjik reaksiyon belirtilerinde kullanım durdurulmalıdır.",caution,"Hassas ciltlerde formaldehit salınımı nedeniyle yüksek tahriş riski vardır. Rozasea ve egzama gibi durumları kötüleştirebilir, kızarıklık ve yanmaya neden olabilir. 💡 Hassas ciltlerde kesinlikle önerilmez; formaldehitsiz koruyucu sistemler tercih edilmelidir.",caution,Olgun ciltlerde bariyer fonksiyonu zayıflamış olabileceğinden formaldehit tahrişi daha olasıdır. Uzun vadede cilt yaşlanmasını hızlandırabilir. 💡 Olgun ciltlerde bu bileşenden kaçınılması önerilir; daha güvenli koruyucular tercih edilmelidir.,caution,"Formaldehit donörleri hamilelikte düşük konsantrasyonlarda genellikle güvenli kabul edilse de, yüksek maruziyetten kaçınılmalıdır. Topikal kullanımda sistemik emilim düşüktür, ancak hassasiyet durumunda risk oluşturabilir. 💡 Hamilelikte kullanımı genellikle güvenlidir, ancak alternatif koruyucular tercih edilebilir.",0.0,neutral,"Akneye meyilli ciltlerde doğrudan akne ile ilişkili değildir, ancak tahrişe bağlı inflamasyonu artırabilir. Komedojenik değildir. 💡 Akneli ciltlerde kullanılabilir, ancak hassasiyet durumunda alternatifler düşünülmelidir."
2-Bromo-2-Nitropropane-1,2bromo2nitropropane1,-2.0,-1.0,-1.0,-1.0,-3.0,-2.0,-1.0,,,top1000,55,Cilt Bakım Bileşeni,Cilt Bakım Bileşeni,"2-Bromo-2-Nitropropane-1,3-diol (Bronopol), formaldehit donörü bir koruyucudur. Geniş spektrumlu antimikrobiyal etkiye sahiptir, ancak formaldehit salınımı nedeniyle tahriş ve alerjik reaksiyon riski taşır. Bazı ülkelerde kullanımı kısıtlanmıştır.",caution,"Kuru ciltlerde bariyer hasarı varsa, formaldehit salınımı tahrişi artırabilir ve kuruluğu kötüleştirebilir. Uzun süreli kullanımda kontakt dermatit riski yüksektir. 💡 Kuru ciltlerde bu bileşeni içeren ürünlerden kaçınılması önerilir.",neutral,"Yağlı ciltlerde tahriş riski daha düşüktür, ancak formaldehit duyarlılığı olan kişilerde sorun yaratabilir. Genellikle yağlı ciltler için güvenli kabul edilmez. 💡 Yağlı ciltlerde kullanımı önerilmez; alternatif koruyucular tercih edilmelidir.",caution,Karma ciltlerde kuru bölgelerde tahriş potansiyeli vardır. Düşük konsantrasyonlarda bile hassasiyet oluşturabilir. 💡 Karma ciltlerde dikkatli kullanılmalı; tahriş belirtilerinde bırakılmalıdır.,neutral,"Normal ciltlerde genellikle tolere edilir, ancak formaldehit alerjisi olan kişilerde kontakt dermatite yol açabilir. Uzun vadede güvenli değildir. 💡 Normal ciltlerde kullanımı önerilmez; daha güvenli koruyucular tercih edilmelidir.",caution,"Hassas ciltlerde formaldehit salınımı nedeniyle yüksek tahriş riski vardır. Rozasea, egzama ve atopik dermatiti kötüleştirebilir, şiddetli kızarıklık ve yanmaya neden olabilir. 💡 Hassas ciltlerde kesinlikle kullanılmamalıdır; formaldehitsiz ürünler tercih edilmelidir.",caution,Olgun ciltlerde bariyer fonksiyonu zayıflamış olabileceğinden formaldehit tahrişi daha olasıdır. Uzun vadede cilt yaşlanmasını hızlandırabilir ve kırışıklıkları artırabilir. 💡 Olgun ciltlerde bu bileşenden kaçınılması önerilir; daha güvenli koruyucular tercih edilmelidir.,caution,"Formaldehit donörleri hamilelikte düşük konsantrasyonlarda genellikle güvenli kabul edilse de, yüksek maruziyetten kaçınılmalıdır. Topikal kullanımda sistemik emilim düşüktür, ancak hassasiyet durumunda risk oluşturabilir. 💡 Hamilelikte kullanımı genellikle güvenlidir, ancak alternatif koruyucular tercih edilebilir.",-1.0,neutral,"Akneye meyilli ciltlerde doğrudan akne ile ilişkili değildir, ancak tahrişe bağlı inflamasyonu artırabilir. Komedojenik değildir. 💡 Akneli ciltlerde kullanımı önerilmez; alternatif koruyucular tercih edilmelidir."
2-Hexanediol,2hexanediol,2.0,0.0,0.0,0.0,2.0,1.0,3.0,,,top1000,329,Cilt Bakım Bileşeni,Cilt Bakım Bileşeni,"2-Hexanediol, 1,2-Hexanediol ile aynı bileşendir. Nemlendirici ve koruyucu olarak işlev görür. Düşük konsantrasyonlarda antimikrobiyal etki gösterir ve ciltte nem tutucu özelliği sayesinde hafif nemlendirme sağlar.",beneficial,"2-Hexanediol, nem bağlayıcı özelliği ile kuru ciltte su kaybını azaltır ve bariyer fonksiyonunu destekler. Düşük konsantrasyonlarda tahriş edici değildir, bu nedenle kuru ve hassas ciltler için uygundur. 💡 Kuru ciltler için nemlendirici ürünlerde tercih edilebilir; günde 1-2 kez kullanımı yeterlidir.",neutral,"Yağlı ciltlerde ek bir fayda sağlamaz, ancak hafif nemlendirme ile cildin su dengesini koruyabilir. Komedojenik değildir, bu nedenle yağlı ciltlerde sorun yaratmaz. 💡 Yağlı ciltler için özel bir öneri yoktur; mevcut nemlendiricilerde bulunması sorun teşkil etmez.",neutral,Karma ciltlerde hem kuru hem yağlı bölgelere dengeli bir nemlendirme sağlar. Herhangi bir olumsuz etkisi yoktur. 💡 Karma ciltler için günlük nemlendiricide kullanılabilir.,neutral,"Normal ciltlerde nemlendirici olarak işlev görür, ancak özel bir fayda sağlamaz. Genellikle güvenli ve tolere edilebilir. 💡 Normal cilt bakımında herhangi bir kısıtlama yoktur.",beneficial,"2-Hexanediol, düşük tahriş potansiyeli ile hassas ciltler için uygundur. Antimikrobiyal etkisi sayesinde koruyucu olarak kullanılır ve ciltte yanma veya kızarıklık yapma olasılığı düşüktür. 💡 Hassas ciltler için güvenle kullanılabilir; yine de yeni bir ürünü yama testi ile denemek önerilir.",neutral,"Olgun ciltlerde nemlendirme sağlar, ancak anti-aging etkisi sınırlıdır. Bariyer desteği ile cildin nem dengesini koruyarak kırışıklık görünümünü hafifletebilir. 💡 Olgun ciltler için nemlendirici olarak kullanılabilir; retinol gibi aktiflerle birlikte kullanımı uygundur.",beneficial,"2-Hexanediol, hamilelikte güvenli kabul edilen bir bileşendir. Teratojenik veya sistemik etkisi yoktur, topikal kullanımda emilimi düşüktür. 💡 Hamilelikte rahatlıkla kullanılabilir; herhangi bir kısıtlama yoktur.",0.0,neutral,"Komedojenik değildir ve akneyi tetiklemez. Nemlendirici etkisi akne tedavisinde yardımcı olabilir, ancak doğrudan anti-akne etkisi yoktur. 💡 Akneye meyilli ciltlerde kullanımı güvenlidir; diğer akne tedavileri ile kombine edilebilir."
2-Methylresorcinol,2methylresorcinol,-1.0,2.0,1.0,1.0,-2.0,2.0,-1.0,,,top1000,35,Cilt Bakım Bileşeni,Cilt Bakım Bileşeni,"2-Methylresorcinol, resorsinol türevi bir bileşendir. Güçlü antioksidan ve cilt aydınlatıcı özelliklere sahiptir. Tirozinaz enzimini inhibe ederek melanin sentezini baskılar ve hiperpigmentasyon tedavisinde kullanılır. Ayrıca antimikrobiyal etkisi sayesinde akne tedavisinde de faydalı olabilir.",caution,"2-Methylresorcinol, kuru ciltlerde kuruluğu artırabilir ve bariyeri zayıflatabilir. Yüksek konsantrasyonlarda tahrişe neden olabilir. Nemlendirici ile kombine edilmelidir. 💡 Kuru ciltlerde düşük konsantrasyonlarda ve nemlendirici ile birlikte kullanılmalı; haftada 2-3 kez başlanmalıdır.",beneficial,Yağlı ciltlerde sebum kontrolüne yardımcı olabilir ve antimikrobiyal etkisi ile akne oluşumunu azaltabilir. Ayrıca leke görünümünü hafifletir. 💡 Yağlı ciltler için gece rutininde kullanılabilir; gündüz SPF50+ güneş kremi ile korunmalıdır.,neutral,"Karma ciltlerde T-bölgede faydalı olabilir, ancak kuru bölgelerde tahriş riski vardır. Bölgesel uygulama önerilir. 💡 Karma ciltlerde sadece yağlı bölgelere uygulanmalı; kuru bölgelerden kaçınılmalıdır.",neutral,Normal ciltlerde leke tedavisi ve antioksidan olarak faydalıdır. Genellikle iyi tolere edilir. 💡 Normal ciltlerde haftada 2-3 kez kullanılabilir; güneş koruması ihmal edilmemelidir.,caution,"Hassas ciltlerde yüksek tahriş potansiyeli vardır. Rozasea ve egzama gibi durumları kötüleştirebilir, kızarıklık ve yanmaya neden olabilir. 💡 Hassas ciltlerde kullanımı önerilmez; daha nazik aydınlatıcılar (örneğin azelaik asit) tercih edilmelidir.",beneficial,"Antioksidan etkisi ile yaşlanma belirtilerini azaltır ve kolajen sentezini destekler. Hiperpigmentasyonu azaltarak cilt tonunu eşitler. 💡 Olgun ciltler için gece rutininde kullanılabilir; retinol ile kombine edilebilir, ancak aşırı tahrişten kaçınmak için haftada 2-3 kez başlanmalıdır.",caution,"2-Methylresorcinol'ün hamilelikte güvenliği konusunda yeterli veri yoktur. Resorsinol türevlerinin yüksek dozlarda sistemik etkileri olabilir, bu nedenle dikkatli olunmalıdır. 💡 Hamilelikte kullanımı önerilmez; güvenli alternatifler (örneğin azelaik asit, C vitamini) tercih edilmelidir.",2.0,beneficial,Antimikrobiyal ve antiinflamatuar etkileri sayesinde akne oluşumunu azaltır. Ayrıca akne sonrası koyu lekelerin (post-inflamatuar hiperpigmentasyon) tedavisinde etkilidir. 💡 Akneli ciltler için gece kullanımı önerilir; gündüz mutlaka SPF50+ güneş kremi kullanılmalıdır.
2-Oleamido-1,2oleamido1,3.0,1.0,2.0,2.0,3.0,3.0,3.0,,,top1000,79,Cilt Bakım Bileşeni,Cilt Bakım Bileşeni,"2-Oleamido-1,3-Octadecanediol, seramid benzeri yapıda bir lipit bileşenidir. Cilt bariyerini güçlendirir ve nem kaybını önler. Anti-enflamatuar özellikleri sayesinde hassas ciltlerde yatıştırıcı etki gösterir.",beneficial,"Seramid benzeri yapısıyla cilt bariyerini onarır, transepidermal su kaybını azaltır. Kuru ciltlerde pullanma ve sıkılık hissini giderir, lipit tabakasını destekler. 💡 Günlük nemlendiricide kullanılabilir. Hyaluronik asit ile kombine edildiğinde nemlendirme etkisi artar.",neutral,"Hafif yağlı his bırakabilir ancak komedojenik değildir. Yağlı ciltlerde bariyer desteği sağlar, aşırı sebum üretimini tetiklemez. 💡 Yağsız formülasyonlarda tercih edin. Gece kullanımı uygundur.",beneficial,"Kuru bölgelerde bariyer onarımı sağlar, yağlı bölgelerde ise dengeleyici etki gösterir. Karma ciltlerde her iki bölgeye de uyum sağlar. 💡 Tüm yüze uygulanabilir. Gündüz hafif bir nemlendirici ile kullanın.",beneficial,Normal ciltte bariyer fonksiyonunu korur ve nem dengesini destekler. Uzun vadede cilt sağlığını iyileştirir. 💡 Günlük bakım rutinine ekleyin. Diğer aktiflerle uyumludur.,beneficial,Anti-enflamatuar özellikleri sayesinde rozasea ve egzama gibi hassas cilt durumlarında kızarıklık ve tahrişi azaltır. Bariyer onarımı ile cildi yatıştırır. 💡 Hassas ciltler için idealdir. Yatıştırıcı serum veya nemlendiricide kullanın.,beneficial,"Yaşlanma ile azalan seramidleri takviye eder, cilt elastikiyetini artırır. İnce çizgilerin görünümünü azaltır ve bariyeri güçlendirir. 💡 Retinol veya peptitlerle birlikte kullanılabilir. Gece bakımında tercih edin.",beneficial,"Topikal kullanımda güvenli kabul edilir, sistemik emilimi düşüktür. Hamilelikte cilt bariyerini desteklemek için uygundur. 💡 Güvenle kullanılabilir. Herhangi bir kısıtlama yoktur.",1.0,neutral,"Komedojenik değildir, ancak yağlı yapısı bazı akne tiplerinde gözenekleri tıkayabilir. Anti-enflamatuar etkisi sayesinde inflamatuar akneyi hafifletebilir. 💡 Düşük konsantrasyonlu ürünler tercih edin. Salisilik asit ile kombine kullanmayın."
"2-Oleamido-1,3-Octadecanediol",2oleamido13octadecanediol,3.0,1.0,2.0,2.0,3.0,3.0,3.0,Impaired skin barrier|Dry and dehydrated skin,,manual_v2,0,Seramid Benzeri Lipit,Seramid Benzeri Lipit,"2-Oleamido-1,3-Octadecanediol, seramid benzeri bir lipit olup cilt bariyerini onarır ve nemi hapseder. Anti-enflamatuar ve yatıştırıcı özellikleri sayesinde hassas ciltlerde etkilidir.",beneficial,"Seramid benzeri yapısıyla cilt bariyerini güçlendirir, transepidermal su kaybını azaltır. Kuru ciltlerde pullanma ve sıkılık hissini giderir. 💡 Günlük nemlendiricide kullanın. Hyaluronik asit ile kombine edildiğinde etki artar.",neutral,"Hafif yağlı his bırakabilir ancak komedojenik değildir. Yağlı ciltlerde bariyer desteği sağlar, sebum dengesini bozmaz. 💡 Yağsız formülasyonlarda tercih edin. Gece kullanımı uygundur.",beneficial,"Kuru bölgelerde bariyer onarımı sağlar, yağlı bölgelerde dengeleyici etki gösterir. Karma ciltlerde her iki bölgeye de uyum sağlar. 💡 Tüm yüze uygulanabilir. Gündüz hafif bir nemlendirici ile kullanın.",beneficial,Normal ciltte bariyer fonksiyonunu korur ve nem dengesini destekler. Uzun vadede cilt sağlığını iyileştirir. 💡 Günlük bakım rutinine ekleyin. Diğer aktiflerle uyumludur.,beneficial,Anti-enflamatuar özellikleri sayesinde rozasea ve egzama gibi hassas cilt durumlarında kızarıklık ve tahrişi azaltır. Bariyer onarımı ile cildi yatıştırır. 💡 Hassas ciltler için idealdir. Yatıştırıcı serum veya nemlendiricide kullanın.,beneficial,"Yaşlanma ile azalan seramidleri takviye eder, cilt elastikiyetini artırır. İnce çizgilerin görünümünü azaltır ve bariyeri güçlendirir. 💡 Retinol veya peptitlerle birlikte kullanılabilir. Gece bakımında tercih edin.",beneficial,"Topikal kullanımda güvenli kabul edilir, sistemik emilimi düşüktür. Hamilelikte cilt bariyerini desteklemek için uygundur. 💡 Güvenle kullanılabilir. Herhangi bir kısıtlama yoktur.",1.0,neutral,"Komedojenik değildir, ancak yağlı yapısı bazı akne tiplerinde gözenekleri tıkayabilir. Anti-enflamatuar etkisi sayesinde inflamatuar akneyi hafifletebilir. 💡 Düşük konsantrasyonlu ürünler tercih edin. Salisilik asit ile kombine kullanmayın."
3-Diol,3diol,2.0,1.0,1.0,1.0,2.0,1.0,3.0,,,top1000,51,Cilt Bakım Bileşeni,Cilt Bakım Bileşeni,"3-Diol, genellikle nemlendirici ve yumuşatıcı olarak kullanılan bir diol bileşiğidir. Ciltte nem tutulumunu artırır ve hafif antimikrobiyal özellik gösterebilir.",beneficial,"Nemlendirici özelliği sayesinde kuru ciltte su kaybını azaltır, yumuşatıcı etki sağlar. Ancak tek başına bariyer onarımı yapmaz. 💡 Nemlendirici formülasyonlarda kullanılabilir. Seramidlerle kombine edildiğinde daha etkilidir.",neutral,"Hafif nemlendirme sağlar, yağlı ciltte ağırlık yapmaz. Antimikrobiyal etkisi akneye meyilli ciltlerde faydalı olabilir. 💡 Yağsız nemlendiricilerde tercih edin. Gündüz kullanımı uygundur.",neutral,"Karma ciltte dengeleyici bir nemlendirme sağlar, ancak belirgin bir etkisi yoktur. T bölgesinde hafif kalabilir. 💡 Tüm yüze uygulanabilir. Diğer aktiflerle birlikte kullanın.",neutral,"Normal ciltte nemlendirme sağlar, ancak özel bir faydası yoktur. Genel bakımda kullanılabilir. 💡 Günlük nemlendirici olarak kullanılabilir.",beneficial,Hafif antimikrobiyal ve yatıştırıcı özellikleri sayesinde hassas ciltte tahrişi azaltabilir. Ancak bazı hassas ciltlerde reaksiyona neden olabilir. 💡 Düşük konsantrasyonlu ürünlerle başlayın. Yama testi yapın.,neutral,Nemlendirme sağlar ancak yaşlanma karşıtı belirgin bir etkisi yoktur. Diğer aktiflerle birlikte kullanılabilir. 💡 Retinol veya C vitamini ile kombine edin.,beneficial,"Topikal kullanımda güvenli kabul edilir, sistemik emilimi düşüktür. Hamilelikte nemlendirici olarak kullanılabilir. 💡 Güvenle kullanılabilir.",2.0,beneficial,Antimikrobiyal etkisi sayesinde akneye neden olan bakterileri azaltabilir. Nemlendirici özelliği ile kuruluğu önler. 💡 Akne tedavisinde yardımcı olarak kullanılabilir. Salisilik asit ile kombine edilebilir.
3-O-Ethyl Ascorbic Acid,3oethylascorbicacid,2.0,2.0,2.0,2.0,1.0,3.0,3.0,Pigmentation|Radiance|Fine Lines|Anyone,,manual_v2,0,C Vitamini (Etil Askorbik Asit),C Vitamini (Etil Askorbik Asit),"3-O-Ethyl Ascorbic Acid, stabil bir C vitamini türevidir. Antioksidan özellik gösterir, kolajen sentezini uyarır ve hiperpigmentasyonu azaltır. L-askorbik aside göre daha stabil ve daha az tahriş edicidir.",beneficial,"Antioksidan etkisiyle serbest radikalleri nötralize eder, kolajen sentezini destekler. Ancak yüksek konsantrasyonlarda kuruluk yapabilir. 💡 Nemlendirici ile birlikte kullanın. Gece kullanımı tercih edilebilir.",beneficial,"Antioksidan koruma sağlar, sebum oksidasyonunu azaltır. Hafif formülasyonlarda yağlı ciltler için uygundur. 💡 Gündüz SPF ile birlikte kullanın. Yağsız serum formunu tercih edin.",beneficial,Tüm cilt tipleri için uygun antioksidan koruma sağlar. Hiperpigmentasyonu azaltmada etkilidir. 💡 Gündüz kullanımı önerilir. Nemlendirici sonrası uygulayın.,beneficial,Antioksidan koruma ve aydınlatma sağlar. Normal ciltte düzenli kullanımda cilt tonunu eşitler. 💡 Günlük bakım rutinine ekleyin. SPF ile kombine edin.,caution,"L-askorbik aside göre daha az tahriş edici olsa da, hassas ciltlerde yanma veya kızarıklığa neden olabilir. Düşük konsantrasyonlarla başlanmalıdır. 💡 Düşük konsantrasyonlu (%10-15) ürünlerle başlayın. Yama testi yapın.",beneficial,"Kolajen sentezini uyararak ince çizgileri azaltır, antioksidan koruma ile yaşlanma belirtilerini geciktirir. Hiperpigmentasyonu azaltır. 💡 Gündüz SPF ile birlikte kullanın. Retinol ile dönüşümlü kullanılabilir.",beneficial,"Topikal C vitamini türevleri hamilelikte güvenli kabul edilir. Sistemik emilimi düşüktür, teratojenik risk taşımaz. 💡 Güvenle kullanılabilir. SPF ile kombine edin.",2.0,beneficial,"Antioksidan etkisiyle inflamasyonu azaltır, akne sonrası lekelerin görünümünü hafifletir. Komedojenik değildir. 💡 Gündüz kullanımı önerilir. Salisilik asit ile aynı rutinde kullanılabilir."
3-Octadecanediol,3octadecanediol,2.0,1.0,1.0,1.0,2.0,1.0,3.0,,,top1000,75,Cilt Bakım Bileşeni,Cilt Bakım Bileşeni,"3-Octadecanediol, bir diol bileşiği olup nemlendirici ve yumuşatıcı özellik gösterir. Ciltte nem tutulumunu artırır ve hafif antimikrobiyal etkiye sahip olabilir.",beneficial,"Nemlendirici özelliği sayesinde kuru ciltte su kaybını azaltır, yumuşatıcı etki sağlar. Ancak tek başına bariyer onarımı yapmaz. 💡 Nemlendirici formülasyonlarda kullanılabilir. Seramidlerle kombine edildiğinde daha etkilidir.",neutral,"Hafif nemlendirme sağlar, yağlı ciltte ağırlık yapmaz. Antimikrobiyal etkisi akneye meyilli ciltlerde faydalı olabilir. 💡 Yağsız nemlendiricilerde tercih edin. Gündüz kullanımı uygundur.",neutral,"Karma ciltte dengeleyici bir nemlendirme sağlar, ancak belirgin bir etkisi yoktur. T bölgesinde hafif kalabilir. 💡 Tüm yüze uygulanabilir. Diğer aktiflerle birlikte kullanın.",neutral,"Normal ciltte nemlendirme sağlar, ancak özel bir faydası yoktur. Genel bakımda kullanılabilir. 💡 Günlük nemlendirici olarak kullanılabilir.",beneficial,Hafif antimikrobiyal ve yatıştırıcı özellikleri sayesinde hassas ciltte tahrişi azaltabilir. Ancak bazı hassas ciltlerde reaksiyona neden olabilir. 💡 Düşük konsantrasyonlu ürünlerle başlayın. Yama testi yapın.,neutral,Nemlendirme sağlar ancak yaşlanma karşıtı belirgin bir etkisi yoktur. Diğer aktiflerle birlikte kullanılabilir. 💡 Retinol veya C vitamini ile kombine edin.,beneficial,"Topikal kullanımda güvenli kabul edilir, sistemik emilimi düşüktür. Hamilelikte nemlendirici olarak kullanılabilir. 💡 Güvenle kullanılabilir.",2.0,beneficial,Antimikrobiyal etkisi sayesinde akneye neden olan bakterileri azaltabilir. Nemlendirici özelliği ile kuruluğu önler. 💡 Akne tedavisinde yardımcı olarak kullanılabilir. Salisilik asit ile kombine edilebilir.
5-Diamine,5diamine,0.0,0.0,0.0,0.0,-1.0,0.0,0.0,,,top1000,44,Cilt Bakım Bileşeni,Cilt Bakım Bileşeni,"5-Diamine, genellikle saç bakım ürünlerinde kullanılan bir bileşendir ve saçın yapısını güçlendirmeye yardımcı olur. Cilt bakımında nadiren kullanılır ve etkinliği sınırlıdır.",neutral,5-Diamine'in kuru cilt üzerinde belirgin bir nemlendirici veya bariyer onarıcı etkisi yoktur. Cilt bakımında yaygın olarak kullanılmadığından kuru cilt için özel bir fayda sağlamaz. 💡 Kuru cilt bakımında hyaluronik asit veya seramid gibi kanıtlanmış nemlendiricileri tercih edin.,neutral,5-Diamine'in sebum düzenleyici veya gözenek sıkılaştırıcı etkisi yoktur. Yağlı ciltlerde kullanımı gereksizdir. 💡 Yağlı ciltler için salisilik asit veya niasinamid içeren ürünler daha uygundur.,neutral,Karma ciltlerde 5-Diamine'in belirgin bir etkisi yoktur. Cilt tipine özel bir fayda sağlamaz. 💡 Karma cilt bakımında bölgesel ihtiyaçlara yönelik ürünler kullanın.,neutral,Normal ciltlerde 5-Diamine'in herhangi bir olumlu veya olumsuz etkisi bulunmamaktadır. Cilt bakım rutinine eklenmesi gerekmez. 💡 Normal ciltler için antioksidan ve nemlendirici içeren basit bir rutin yeterlidir.,caution,"5-Diamine hassas ciltlerde potansiyel bir tahriş edici olabilir. Alerjik reaksiyon riski düşük olmakla birlikte, hassas ciltlerde kullanımı önerilmez. 💡 Hassas ciltlerde yeni bir ürün kullanmadan önce yama testi yapın ve tahriş edici bileşenlerden kaçının.",neutral,"5-Diamine'in yaşlanma karşıtı etkisi yoktur. Kolajen üretimini uyarmaz veya kırışıklıkları azaltmaz. 💡 Olgun ciltler için retinol, peptitler veya C vitamini gibi yaşlanma karşıtı bileşenler kullanın.",neutral,5-Diamine hakkında hamilelikte güvenlik verisi sınırlıdır ancak topikal kullanımda düşük risk taşıdığı düşünülmektedir. Yine de gereksiz kullanımdan kaçınılmalıdır. 💡 Hamilelikte yeni bir ürün kullanmadan önce doktorunuza danışın.,0.0,neutral,"5-Diamine'in akne üzerinde doğrudan bir etkisi yoktur. Komedojenik değildir ancak akne tedavisine katkı sağlamaz. 💡 Akneye meyilli ciltler için salisilik asit, benzoil peroksit veya retinoidler gibi kanıtlanmış bileşenleri tercih edin."
Acacia Senegal Gum,acaciasenegalgum,2.0,0.0,1.0,0.0,2.0,1.0,2.0,,,top1000,68,Kıvam Artırıcı / Stabilizatör,Kıvam Artırıcı / Stabilizatör,"Acacia Senegal Gum (Arap zamkı), doğal bir polisakkarittir ve kozmetikte kıvam artırıcı, emülgatör ve stabilizatör olarak kullanılır. Ciltte ince bir film oluşturarak yumuşaklık hissi verir.",beneficial,"Acacia Senegal Gum, ciltte nemi hapseden ince bir film oluşturarak transepidermal su kaybını azaltır. Kuru ciltlerde yumuşatıcı ve nemlendirici etki gösterir, bariyer fonksiyonunu destekler. 💡 Kuru ciltler için nemlendirici kremlerde bu bileşeni içeren ürünleri tercih edebilirsiniz.",neutral,Acacia Senegal Gum hafif bir film oluşturur ancak yağlı ciltlerde ağırlık yapmaz. Sebum kontrolüne doğrudan katkısı yoktur. 💡 Yağlı ciltlerde kullanımı güvenlidir ancak ek bir fayda sağlamaz.,neutral,Karma ciltlerde kuru bölgelere hafif nemlendirme sağlarken yağlı bölgelerde ağırlık yapmaz. Genel olarak tolere edilir. 💡 Karma ciltlerde hafif nemlendiricilerde bu bileşen bulunabilir.,neutral,"Normal ciltlerde belirgin bir etkisi yoktur, sadece formülasyon stabilitesine katkı sağlar. 💡 Normal ciltler için ek bir fayda sağlamaz.",beneficial,Acacia Senegal Gum doğal ve yatıştırıcı bir bileşendir. Hassas ciltlerde tahriş riski düşüktür ve ciltte koruyucu bir bariyer oluşturarak dış etkenlere karşı korur. 💡 Hassas ciltler için yatıştırıcı ürünlerde güvenle kullanılabilir.,neutral,Acacia Senegal Gum ciltte hafif bir sıkılaştırma hissi verebilir ancak yaşlanma karşıtı kanıtlanmış bir etkisi yoktur. Nemlendirme yoluyla cilt görünümünü iyileştirebilir. 💡 Olgun ciltlerde nemlendirici olarak kullanılabilir ancak yaşlanma karşıtı ana bileşen olarak düşünülmemelidir.,beneficial,Acacia Senegal Gum doğal bir bileşendir ve topikal kullanımda hamilelikte güvenli kabul edilir. Sistemik emilimi düşüktür. 💡 Hamilelikte güvenle kullanılabilir.,0.0,neutral,Acacia Senegal Gum komedojenik değildir ve gözenek tıkamaz. Akne üzerinde doğrudan bir etkisi yoktur ancak akneye meyilli ciltlerde güvenle kullanılabilir. 💡 Akneye meyilli ciltlerde kullanımı güvenlidir.
Acetic Acid,aceticacid,-2.0,2.0,0.0,0.0,-3.0,0.0,1.0,,,top1000,58,Cilt Bakım Bileşeni,Cilt Bakım Bileşeni,"Asetik asit, sirkenin ana bileşenidir ve kozmetikte pH düzenleyici olarak kullanılır. Düşük konsantrasyonlarda ciltte hafif eksfoliasyon sağlayabilir ancak yüksek konsantrasyonlarda tahriş edicidir.",caution,Asetik asit kuru ciltlerde bariyer hasarını artırabilir ve transepidermal su kaybını yükseltebilir. Düşük pH değeri nedeniyle cildi kurutabilir ve pullanmaya neden olabilir. 💡 Kuru ciltlerde asetik asit içeren ürünlerden kaçının veya çok düşük konsantrasyonlarda kullanın.,beneficial,"Asetik asit hafif asidik yapısıyla cilt yüzeyindeki fazla sebumu temizlemeye yardımcı olabilir. Ayrıca antibakteriyel etkisi sayesinde akneye neden olan bakterileri azaltabilir. 💡 Yağlı ciltlerde haftada 1-2 kez tonik olarak kullanılabilir, ancak yüksek konsantrasyonlardan kaçının.",neutral,Karma ciltlerde asetik asit yağlı bölgelere fayda sağlarken kuru bölgeleri tahriş edebilir. Dikkatli kullanılmalıdır. 💡 Karma ciltlerde sadece T-bölgesine uygulayın ve kuru yanaklardan kaçının.,neutral,Normal ciltlerde asetik asit düşük konsantrasyonlarda hafif eksfoliasyon sağlayabilir ancak düzenli kullanım gereksizdir. 💡 Normal ciltlerde asetik asit kullanımına gerek yoktur.,caution,"Asetik asit hassas ciltlerde güçlü bir tahriş edicidir. Rozasea ve egzama gibi durumları şiddetlendirebilir, kızarıklık ve yanmaya neden olabilir. 💡 Hassas ciltlerde asetik asit içeren ürünlerden kesinlikle kaçının.",neutral,Asetik asit yaşlanma karşıtı etki göstermez. Hafif eksfoliasyon ile cilt dokusunu iyileştirebilir ancak bu etki için daha güvenli alternatifler (AHA'lar) vardır. 💡 Olgun ciltlerde asetik asit yerine glikolik asit veya laktik asit gibi AHA'ları tercih edin.,beneficial,"Düşük konsantrasyonlarda topikal asetik asit hamilelikte güvenli kabul edilir. Ancak yüksek konsantrasyonlardan kaçınılmalıdır. 💡 Hamilelikte seyreltilmiş formda kullanılabilir, ancak doktorunuza danışın.",2.0,beneficial,Asetik asit antibakteriyel ve hafif keratolitik etkisiyle akneye neden olan Propionibacterium acnes'i azaltabilir ve gözenekleri temizleyebilir. Ancak yüksek konsantrasyonlarda tahriş yapabilir. 💡 Akneye meyilli ciltlerde seyreltilmiş formda (örneğin %1-2) haftada birkaç kez kullanılabilir.
Acetyl Cedrene,acetylcedrene,0.0,0.0,0.0,0.0,-2.0,0.0,0.0,,,top1000,28,Cilt Bakım Bileşeni,Cilt Bakım Bileşeni,"Acetyl Cedrene, sedir ağacından elde edilen bir terpenoiddir ve kozmetikte koku bileşeni olarak kullanılır. Cilt bakımında belirgin bir terapötik etkisi yoktur.",neutral,Acetyl Cedrene'in kuru cilt üzerinde nemlendirici veya bariyer onarıcı etkisi yoktur. Sadece koku sağlar. 💡 Kuru cilt bakımında bu bileşenin bulunması gerekmez.,neutral,Acetyl Cedrene'in yağlı ciltlerde sebum kontrolü veya gözenek sıkılaştırma gibi bir etkisi yoktur. 💡 Yağlı ciltler için ek bir fayda sağlamaz.,neutral,Karma ciltlerde herhangi bir etkisi yoktur. 💡 Karma cilt bakımında gereksiz bir bileşendir.,neutral,"Normal ciltlerde sadece koku olarak bulunur, cilt üzerinde etkisi yoktur. 💡 Normal ciltlerde kullanımı güvenlidir ancak faydası yoktur.",caution,"Acetyl Cedrene bir koku bileşenidir ve hassas ciltlerde alerjik kontakt dermatite neden olabilir. Özellikle rozasea ve egzama gibi durumları tetikleyebilir. 💡 Hassas ciltlerde kokulu ürünlerden kaçının, bu bileşeni içeren ürünleri kullanmayın.",neutral,Acetyl Cedrene'in yaşlanma karşıtı etkisi yoktur. 💡 Olgun ciltlerde yaşlanma karşıtı fayda sağlamaz.,neutral,Acetyl Cedrene hakkında hamilelikte güvenlik verisi sınırlıdır ancak düşük konsantrasyonlarda topikal kullanımı genellikle güvenli kabul edilir. 💡 Hamilelikte kokulu ürünlerden kaçınmak en iyisidir.,0.0,neutral,Acetyl Cedrene komedojenik değildir ancak akne üzerinde olumlu veya olumsuz bir etkisi yoktur. 💡 Akneye meyilli ciltlerde kullanımı güvenlidir ancak gereksizdir.
Acetyl Dipeptide-1 Cetyl Ester,acetyldipeptide1cetylester,2.0,0.0,1.0,0.0,3.0,1.0,2.0,Redness|Impaired skin barrier,,manual_v2,0,Peptit (Calmosensine),Peptit (Calmosensine),"Acetyl Dipeptide-1 Cetyl Ester (Calmosensine), yatıştırıcı etkisi olan bir peptittir. Ciltteki hassasiyeti ve kızarıklığı azaltmaya yardımcı olur, nörokozmetik olarak sınıflandırılır.",beneficial,"Calmosensine, kuru ciltte sık görülen hassasiyet ve gerginlik hissini azaltabilir. Cilt bariyerini onarmasa da rahatlatıcı etkisiyle kuru ciltlerde konfor sağlar. 💡 Kuru ve hassas ciltler için yatıştırıcı kremlerde bu peptidi arayın.",neutral,Calmosensine'in yağlı ciltlerde sebum kontrolü veya gözenek sıkılaştırma gibi bir etkisi yoktur. Ancak tahrişe bağlı yağlanma varsa faydalı olabilir. 💡 Yağlı ciltlerde gerekli değildir.,beneficial,Karma ciltlerde hassas bölgeleri yatıştırabilir. Özellikle kuru yanaklarda rahatlatıcı etki gösterir. 💡 Karma ciltlerde sadece kuru bölgelere uygulayın.,neutral,"Normal ciltlerde belirgin bir etkisi yoktur, çünkü hassasiyet genellikle yoktur. 💡 Normal ciltler için gereksiz bir bileşendir.",beneficial,"Calmosensine, hassas ciltlerde nörojenik inflamasyonu azaltarak kızarıklık, yanma ve kaşıntıyı hafifletir. Rozasea ve egzama gibi durumlarda semptomları yatıştırır. 💡 Hassas ciltler için yatıştırıcı serum veya kremlerde bu peptidi tercih edin.",beneficial,"Calmosensine, olgun ciltte hassasiyeti azaltarak konfor sağlar. Yaşlanma karşıtı doğrudan etkisi yoktur ancak rahatlatıcı özelliği ile bakımı destekler. 💡 Olgun ciltlerde hassasiyet varsa kullanılabilir.",beneficial,Calmosensine topikal kullanımda hamilelikte güvenli kabul edilir. Sistemik emilimi düşüktür ve teratojenik risk taşımaz. 💡 Hamilelikte güvenle kullanılabilir.,0.0,neutral,Calmosensine'in akne üzerinde doğrudan bir etkisi yoktur. Ancak akne tedavisinde kullanılan tahriş edici ürünlerin yan etkilerini azaltmaya yardımcı olabilir. 💡 Akne tedavisi sırasında yatıştırıcı olarak kullanılabilir.
Acetyl Hexapeptide-8,acetylhexapeptide8,0.0,0.0,0.0,2.0,-1.0,3.0,2.0,Fine Lines|Wrinkles,,manual_v2,0,Peptit (Argireline),Peptit (Argireline),"Acetyl Hexapeptide-8, botulinum toksini benzeri etki gösteren sentetik bir peptittir. Yüz kaslarına uygulandığında nörotransmitter salınımını inhibe ederek kas kasılmalarını geçici olarak azaltır. Bu sayede dinamik kırışıklıkların (özellikle alın ve göz çevresi) görünümünü yumuşatır.",neutral,Kuru ciltlerde nemlendirme veya bariyer onarımı gibi doğrudan bir faydası yoktur. Ancak kırışıklık görünümünü azaltarak cilt dokusunu iyileştirebilir. Yeterli nemlendirme ile kombine edilmelidir. 💡 Hyaluronik asit ve seramid içeren bir nemlendirici ile birlikte kullanın.,neutral,"Yağlı ciltlerde sebum kontrolü veya gözenek sıkılaştırma gibi etkileri yoktur. Kırışıklık önleyici olarak kullanılabilir ancak yağlı ciltlerde ek bir fayda sağlamaz. 💡 Hafif bir serum formunda tercih edin, ağır kremlerden kaçının.",neutral,"Karma ciltlerde bölgesel farklılıklara müdahale etmez. Kırışıklık önleyici olarak tüm yüze uygulanabilir ancak T-bölgede aşırı yağlanma yapmaz. 💡 Tüm yüze uygulayın, ardından bölgesel nemlendirici kullanın.",beneficial,"Normal ciltlerde kırışıklık önleyici olarak etkilidir. Dinamik çizgileri azaltarak cildin daha pürüzsüz görünmesini sağlar. Düzenli kullanımda ince çizgilerin belirginliğini azaltır. 💡 Günde iki kez temiz cilde uygulayın, ardından nemlendirici kullanın.",caution,"Hassas ciltlerde genellikle iyi tolere edilse de, bazı formülasyonlarda koruyucu veya taşıyıcı maddeler tahrişe neden olabilir. Rozasea veya egzama gibi durumlarda dikkatli kullanılmalıdır. 💡 Kullanmadan önce kol içinde yama testi yapın. Tahriş durumunda kullanımı durdurun.",beneficial,"Olgun ciltlerde dinamik kırışıklıkları (alın, göz çevresi, ağız çevresi) azaltmada oldukça etkilidir. Kas kasılmalarını inhibe ederek ifade çizgilerinin derinleşmesini önler. Düzenli kullanımda botoks benzeri bir etki sağlar. 💡 Günde iki kez kullanın, en iyi sonuç için 8-12 hafta düzenli uygulama yapın.",beneficial,"Hamilelikte kullanımı güvenli kabul edilir. Sistemik emilimi düşüktür ve teratojenik risk taşımaz. Kırışıklık önleyici olarak retinoidlere güvenli bir alternatiftir. 💡 Hamilelikte güvenle kullanabilirsiniz, ancak yine de doktorunuza danışmanız önerilir.",0.0,neutral,"Akne üzerinde doğrudan bir etkisi yoktur. Komedojenik değildir, bu nedenle akneye meyilli ciltlerde güvenle kullanılabilir. Ancak akne tedavisine katkı sağlamaz. 💡 Akne tedavisi için salisilik asit veya retinoid içeren ürünlerle kombine edebilirsiniz."
Acetyl Tributyl Citrate,acetyltributylcitrate,0.0,0.0,0.0,0.0,-1.0,0.0,2.0,,,top1000,40,Cilt Bakım Bileşeni,Cilt Bakım Bileşeni,"Acetyl Tributyl Citrate, sitrik asit türevi bir plastikleştirici ve çözücüdür. Kozmetikte genellikle film oluşturucu veya diğer bileşenlerin çözünürlüğünü artırmak için kullanılır. Cilt üzerinde belirgin bir aktif etkisi yoktur, daha çok formülasyon yardımcısıdır.",neutral,"Kuru ciltlerde nemlendirme veya bariyer onarımı gibi bir faydası yoktur. Ancak tahriş edici değildir ve genellikle iyi tolere edilir. 💡 Kuru ciltlerde ek bir fayda sağlamaz, nemlendirici içeren ürünler tercih edin.",neutral,"Yağlı ciltlerde sebum kontrolü veya gözenek sıkılaştırma gibi etkileri yoktur. Komedojenik değildir, bu nedenle güvenle kullanılabilir. 💡 Yağlı ciltlerde sorun yaratmaz, ancak aktif bir fayda beklemeyin.",neutral,"Karma ciltlerde herhangi bir olumlu veya olumsuz etkisi yoktur. Formülasyonlarda yardımcı bileşen olarak bulunur. 💡 Kullanımı güvenlidir, ancak cilt tipinize uygun aktif içeriklere odaklanın.",neutral,Normal ciltlerde belirgin bir faydası yoktur. Kozmetik ürünlerde formülasyon stabilitesini sağlamak için kullanılır. 💡 Herhangi bir özel önlem gerektirmez.,caution,"Hassas ciltlerde düşük konsantrasyonlarda genellikle iyi tolere edilse de, bazı bireylerde hafif tahrişe neden olabilir. Rozasea veya egzama gibi durumlarda dikkatli olunmalıdır. 💡 Yama testi yapın, tahriş durumunda kullanmayın.",neutral,Olgun ciltlerde kırışıklık veya elastikiyet üzerinde doğrudan bir etkisi yoktur. Yaşlanma karşıtı ürünlerde yardımcı bileşen olarak bulunabilir. 💡 Yaşlanma karşıtı fayda için peptit veya antioksidan içeren ürünler tercih edin.,beneficial,Hamilelikte kullanımı güvenli kabul edilir. Sistemik emilimi düşüktür ve teratojenik risk taşımaz. 💡 Hamilelikte güvenle kullanılabilir.,0.0,neutral,"Akne üzerinde doğrudan bir etkisi yoktur. Komedojenik potansiyeli düşüktür, bu nedenle akneye meyilli ciltlerde güvenle kullanılabilir. 💡 Akne tedavisine katkı sağlamaz, ancak zararlı da değildir."
Acetylated Glycol Stearate,acetylatedglycolstearate,2.0,-1.0,0.0,0.0,-1.0,1.0,2.0,,,manual_v2,0,Yumuşatıcı,Yumuşatıcı,"Acetylated Glycol Stearate, stearik asit türevi bir emülgatör ve yumuşatıcıdır. Ciltte ince bir film oluşturarak nem kaybını önler ve pürüzsüz bir his sağlar. Genellikle krem ve losyonlarda kıvam artırıcı olarak kullanılır.",beneficial,Kuru ciltlerde nemi hapsederek bariyer fonksiyonunu destekler. Yumuşatıcı etkisiyle pullanmayı azaltır ve cildi daha pürüzsüz hale getirir. Ancak tek başına yeterli nemlendirme sağlamaz. 💡 Hyaluronik asit veya gliserin gibi nem çekicilerle kombine edin.,caution,"Yağlı ciltlerde ağır bir his bırakabilir ve gözenekleri tıkama potansiyeli vardır. Komedojenik indeksi düşük olsa da, akneye meyilli ciltlerde dikkatli kullanılmalıdır. 💡 Hafif formülleri tercih edin, yağlı bölgelere uygulamaktan kaçının.",neutral,"Karma ciltlerde kuru bölgelere faydalı olabilirken, yağlı bölgelerde ağırlaştırıcı etki yapabilir. Bölgesel kullanım önerilir. 💡 Sadece kuru bölgelere (yanaklar) uygulayın, T-bölgeden kaçının.",neutral,"Normal ciltlerde belirgin bir fayda veya zarar sağlamaz. Nemlendirici olarak yeterli olmayabilir. 💡 Hafif bir nemlendirici olarak kullanılabilir, ancak ek aktifler içeren ürünler tercih edin.",caution,"Hassas ciltlerde genellikle iyi tolere edilse de, bazı formülasyonlarda tahrişe neden olabilir. Rozasea veya egzama gibi durumlarda yama testi önerilir. 💡 Yama testi yapın, tahriş durumunda kullanmayın.",beneficial,"Olgun ciltlerde nem kaybını önleyerek ince çizgilerin görünümünü azaltmaya yardımcı olabilir. Ancak yaşlanma karşıtı aktifler içermez, sadece destekleyicidir. 💡 Retinol veya peptit içeren ürünlerle kombine edin.",beneficial,Hamilelikte kullanımı güvenli kabul edilir. Sistemik emilimi düşüktür ve teratojenik risk taşımaz. 💡 Hamilelikte güvenle kullanılabilir.,-1.0,caution,"Komedojenik potansiyeli düşük olsa da, yağlı yapısı nedeniyle akneye meyilli ciltlerde gözenek tıkama riski vardır. Özellikle kistik akne eğilimi olanlarda dikkatli kullanılmalıdır. 💡 Non-komedojenik etiketli ürünleri tercih edin, aşırı kullanımdan kaçının."
Achillea Maritima Callus Lysate,achilleamaritimacalluslysate,2.0,0.0,0.0,1.0,2.0,2.0,2.0,Fine Lines|Wrinkles|Elasticity,,manual_v2,0,Bitki Kök Hücre Lizatı,Bitki Kök Hücre Lizatı,"Achillea Maritima Callus Lysate, deniz civanperçemi bitkisinin kök hücrelerinden elde edilen bir lizattır. Antioksidan ve anti-inflamatuar özellikler gösterir, cilt yenilenmesini destekler. Kozmetikte yaşlanma karşıtı ve onarıcı olarak kullanılır.",beneficial,"Kuru ciltlerde antioksidan etkisiyle serbest radikal hasarını azaltır ve cilt bariyerini destekler. Nemlendirme sağlamaz ancak onarıcı etkisiyle kuruluğu hafifletebilir. 💡 Nemlendirici ile birlikte kullanın, gece rutinine ekleyin.",neutral,Yağlı ciltlerde sebum kontrolü veya gözenek sıkılaştırma gibi doğrudan bir etkisi yoktur. Antioksidan olarak faydalı olabilir ancak yağlı ciltlerde ek bir avantaj sağlamaz. 💡 Hafif bir serum formunda kullanın.,neutral,"Karma ciltlerde bölgesel farklılıklara müdahale etmez. Antioksidan koruma sağlar ancak cilt tipine özel bir etkisi yoktur. 💡 Tüm yüze uygulayın, ardından bölgesel nemlendirici kullanın.",beneficial,"Normal ciltlerde antioksidan koruma sağlayarak çevresel hasarı önler. Cilt yenilenmesini destekler ve genel cilt sağlığını iyileştirir. 💡 Günlük bakım rutininize ekleyin, sabah kullanımı idealdir.",beneficial,"Anti-inflamatuar özellikleri sayesinde hassas ciltlerde kızarıklık ve tahrişi azaltabilir. Rozasea ve egzama gibi durumlarda yatıştırıcı etki gösterebilir. Genellikle iyi tolere edilir. 💡 Yatıştırıcı bir serum olarak kullanın, diğer tahriş edici ürünlerle kombine etmeyin.",beneficial,"Olgun ciltlerde antioksidan etkisiyle kolajen yıkımını azaltır ve cilt yenilenmesini destekler. İnce çizgilerin görünümünü azaltmaya yardımcı olabilir. 💡 Retinol veya C vitamini ile birlikte kullanın, gece rutinine ekleyin.",beneficial,Hamilelikte kullanımı güvenli kabul edilir. Bitkisel kökenli olup sistemik emilimi düşüktür. 💡 Hamilelikte güvenle kullanılabilir.,1.0,beneficial,"Anti-inflamatuar etkisi akne lezyonlarındaki kızarıklık ve şişliği azaltabilir. Ancak doğrudan antibakteriyel veya komedolitik etkisi yoktur, bu nedenle tek başına akne tedavisinde yeterli değildir. 💡 Salisilik asit veya benzoil peroksit ile kombine edin."
Acmella Oleracea Extract,acmellaoleraceaextract,0.0,0.0,0.0,2.0,-1.0,3.0,2.0,Fine Lines|Wrinkles|Elasticity,,manual_v2,0,Bitkisel Ekstrakt (Jambu / Doğal Botoks),Bitkisel Ekstrakt (Jambu / Doğal Botoks),"Acmella Oleracea Extract, jambu bitkisinden elde edilen bir ekstrakttır. Spilanthol adlı aktif bileşeni sayesinde kas gevşetici etki gösterir, dinamik kırışıklıkları azaltır. Ayrıca antioksidan ve anti-inflamatuar özelliklere sahiptir.",neutral,Kuru ciltlerde nemlendirme veya bariyer onarımı gibi doğrudan bir faydası yoktur. Kırışıklık azaltıcı etkisi vardır ancak kurulukla mücadele etmez. 💡 Nemlendirici ile birlikte kullanın.,neutral,Yağlı ciltlerde sebum kontrolü veya gözenek sıkılaştırma gibi etkileri yoktur. Kırışıklık önleyici olarak kullanılabilir ancak yağlı ciltlerde ek bir fayda sağlamaz. 💡 Hafif bir serum formunda tercih edin.,neutral,"Karma ciltlerde bölgesel farklılıklara müdahale etmez. Kırışıklık önleyici olarak tüm yüze uygulanabilir. 💡 Tüm yüze uygulayın, ardından bölgesel nemlendirici kullanın.",beneficial,Normal ciltlerde kırışıklık önleyici olarak etkilidir. Dinamik çizgileri azaltarak cildin daha pürüzsüz görünmesini sağlar. Antioksidan etkisiyle çevresel hasarı önler. 💡 Günde iki kez temiz cilde uygulayın.,caution,"Hassas ciltlerde genellikle iyi tolere edilse de, bazı bireylerde hafif karıncalanma veya tahrişe neden olabilir. Rozasea veya egzama gibi durumlarda dikkatli kullanılmalıdır. 💡 Yama testi yapın, düşük konsantrasyonla başlayın.",beneficial,"Olgun ciltlerde dinamik kırışıklıkları (alın, göz çevresi) azaltmada oldukça etkilidir. Spilanthol sayesinde kas kasılmalarını inhibe eder ve ifade çizgilerini yumuşatır. Düzenli kullanımda botoks benzeri bir etki sağlar. 💡 Günde iki kez kullanın, en iyi sonuç için 8-12 hafta düzenli uygulama yapın.",beneficial,"Hamilelikte kullanımı güvenli kabul edilir. Bitkisel kökenli olup sistemik emilimi düşüktür ve teratojenik risk taşımaz. 💡 Hamilelikte güvenle kullanılabilir, ancak yine de doktorunuza danışmanız önerilir.",0.0,neutral,"Akne üzerinde doğrudan bir etkisi yoktur. Komedojenik değildir, bu nedenle akneye meyilli ciltlerde güvenle kullanılabilir. 💡 Akne tedavisi için salisilik asit veya retinoid içeren ürünlerle kombine edebilirsiniz."
Acrylamide/Sodium Acryloyldimethyltaurate Copolymer,acrylamidesodiumacryloyldimethyltauratecopolymer,0.0,0.0,0.0,0.0,0.0,0.0,0.0,,,manual_v2,0,Kıvam Artırıcı / Stabilizatör,Kıvam Artırıcı / Stabilizatör,"Akrilamid/Sodyum Akriloildimetiltaurat Kopolimer, su bazlı formülasyonlarda jelleştirici ve stabilize edici olarak kullanılan sentetik bir polimerdir. Düşük konsantrasyonlarda etkilidir ve ciltte film oluşturmaz, genellikle nötr kabul edilir.",neutral,"Kuru ciltlerde bariyer onarımına veya nemlendirmeye doğrudan katkısı yoktur. Ancak formülasyon içinde stabilizatör olarak bulunması ürün bütünlüğünü korur, bu da dolaylı olarak faydalıdır. 💡 Kuru ciltler için özel bir endişe yoktur, ancak nemlendirici bileşenlerle kombine edilmiş ürünleri tercih edin.",neutral,"Yağlı ciltlerde sebum kontrolüne veya gözenek görünümüne etkisi yoktur. Hafif bir jel kıvamı sağlayabilir ancak yağlı ciltlerde komedojenik değildir. 💡 Yağlı ciltler için güvenle kullanılabilir, ancak aktif bileşen içeren ürünler tercih edin.",neutral,"Karma ciltlerde bölgesel farklılıklara etkisi yoktur. Herhangi bir tahriş veya kuruluk yapmaz, genellikle iyi tolere edilir. 💡 Karma ciltler için özel bir önlem gerektirmez.",neutral,"Normal ciltlerde herhangi bir terapötik etkisi yoktur, sadece formülasyon yardımcısıdır. Cilt bariyerine zarar vermez. 💡 Normal cilt bakımında sorunsuz kullanılabilir.",neutral,"Hassas ciltlerde genellikle iyi tolere edilir, düşük irritasyon potansiyeli vardır. Ancak akrilamid monomer kalıntıları nadiren hassasiyete neden olabilir, bu nedenle yüksek saflıkta ürünler tercih edilmelidir. 💡 Hassas ciltler için güvenlidir, ancak yama testi yaparak kullanın.",neutral,Olgun ciltlerde kırışıklık veya sıkılık üzerine etkisi yoktur. Yaşlanma karşıtı aktiflerle birlikte kullanıldığında formülasyonu stabilize eder. 💡 Yaşlanma karşıtı ürünlerde yardımcı bileşen olarak sorunsuzdur.,neutral,"Hamilelikte topikal kullanımı güvenlidir, sistemik emilimi ihmal edilebilir düzeydedir. Teratojenik risk taşımaz. 💡 Hamilelikte güvenle kullanılabilir.",0.0,neutral,"Akneye meyilli ciltlerde komedojenik değildir ve gözenek tıkamaz. Akne tedavisine doğrudan katkısı yoktur, ancak formülasyon stabilitesini sağlar. 💡 Akne ciltlerinde güvenle kullanılabilir, ancak salisilik asit veya niasinamid gibi aktiflerle kombine ürünleri tercih edin."
Acrylates Copolymer,acrylatescopolymer,-1.0,0.0,0.0,0.0,-1.0,0.0,0.0,,,top1000,367,Kıvam Artırıcı / Stabilizatör,Kıvam Artırıcı / Stabilizatör,"Akrilat Kopolimer, su bazlı formülasyonlarda film oluşturucu ve kıvam artırıcı olarak kullanılan sentetik bir polimerdir. Ciltte ince bir tabaka bırakabilir ve suya dayanıklılık sağlayabilir.",caution,"Kuru ciltlerde film oluşturucu yapısı nedeniyle bariyeri güçlendirebilir, ancak bazı formülasyonlarda cildi gergin hissettirebilir ve nem kaybını artırabilir. Özellikle yüksek konsantrasyonlarda kuruluk yapabilir. 💡 Kuru ciltlerde düşük konsantrasyonlu ürünleri tercih edin ve mutlaka nemlendirici ile birlikte kullanın.",neutral,"Yağlı ciltlerde film oluşturucu özelliği sebum kontrolüne yardımcı olabilir, ancak komedojenik değildir. Genellikle iyi tolere edilir. 💡 Yağlı ciltler için güvenlidir, ancak aşırı film hissi istemiyorsanız hafif jelleri tercih edin.",neutral,"Karma ciltlerde T-bölgesinde hafif matlaştırıcı etki yapabilir, yanaklarda ise kuruluk yapmamalıdır. Genellikle dengeli bir etki gösterir. 💡 Karma ciltlerde sorunsuz kullanılabilir.",neutral,"Normal ciltlerde herhangi bir olumsuz etkisi yoktur, formülasyonu stabilize eder. 💡 Normal cilt bakımında rahatlıkla kullanılabilir.",caution,Hassas ciltlerde film oluşturucu yapı bazen tahrişe veya tıkanıklık hissine neden olabilir. Özellikle rozasea veya egzama gibi durumlarda dikkatli olunmalıdır. 💡 Hassas ciltlerde yama testi yapın ve tahriş durumunda kullanmayı bırakın.,neutral,"Olgun ciltlerde film oluşturucu etki ince çizgilerin görünümünü geçici olarak azaltabilir, ancak uzun vadeli bir faydası yoktur. 💡 Yaşlanma karşıtı ürünlerde yardımcı olarak kullanılabilir.",neutral,"Hamilelikte topikal kullanımı güvenlidir, sistemik emilimi düşüktür. 💡 Hamilelikte güvenle kullanılabilir.",-1.0,caution,Akneye meyilli ciltlerde film oluşturucu özellik gözenekleri tıkayabilir ve komedon oluşumunu tetikleyebilir. Non-komedojenik olarak etiketlense bile risk taşır. 💡 Akne ciltlerinde kullanmaktan kaçının veya düşük konsantrasyonlu ürünleri tercih edin.
Acrylates/C10-30 Alkyl Acrylate Crosspolymer,acrylatesc1030alkylacrylatecrosspolymer,0.0,0.0,0.0,0.0,0.0,0.0,0.0,,,top1000,455,Kıvam Artırıcı / Stabilizatör,Kıvam Artırıcı / Stabilizatör,"Akrilatlar/C10-30 Alkil Akrilat Çapraz Polimeri, su bazlı formülasyonlarda jelleştirici ve stabilize edici olarak kullanılan sentetik bir polimerdir. Düşük konsantrasyonlarda etkilidir ve ciltte film oluşturmaz.",neutral,"Kuru ciltlerde bariyer onarımına katkısı yoktur, ancak nemlendirici bileşenlerin formülasyonda kalmasına yardımcı olabilir. Genellikle iyi tolere edilir. 💡 Kuru ciltler için özel bir endişe yoktur.",neutral,"Yağlı ciltlerde sebum kontrolüne etkisi yoktur, ancak hafif bir jel kıvamı sağlar ve komedojenik değildir. 💡 Yağlı ciltlerde güvenle kullanılabilir.",neutral,"Karma ciltlerde herhangi bir olumsuz etkisi yoktur, formülasyonu stabilize eder. 💡 Karma ciltler için sorunsuzdur.",neutral,"Normal ciltlerde herhangi bir terapötik etkisi yoktur, ancak zararlı da değildir. 💡 Normal cilt bakımında kullanılabilir.",neutral,"Hassas ciltlerde genellikle iyi tolere edilir, düşük irritasyon potansiyeli vardır. Ancak çok nadiren hassasiyet reaksiyonları görülebilir. 💡 Hassas ciltlerde yama testi yaparak kullanın.",neutral,"Olgun ciltlerde kırışıklık veya sıkılık üzerine etkisi yoktur, ancak formülasyon stabilitesini sağlar. 💡 Yaşlanma karşıtı ürünlerde yardımcı bileşen olarak sorunsuzdur.",neutral,"Hamilelikte topikal kullanımı güvenlidir, sistemik emilimi ihmal edilebilir düzeydedir. 💡 Hamilelikte güvenle kullanılabilir.",0.0,neutral,Akneye meyilli ciltlerde komedojenik değildir ve gözenek tıkamaz. Akne tedavisine doğrudan katkısı yoktur. 💡 Akne ciltlerinde güvenle kullanılabilir.
Adansonia Digitata Seed Extract,adansoniadigitataseedextract,2.0,0.0,1.0,1.0,2.0,2.0,1.0,Dry and dehydrated skin|Radiance,,manual_v2,0,Bitkisel Ekstrakt (Baobab),Bitkisel Ekstrakt (Baobab),"Adansonia digitata (baobab) tohum ekstraktı, antioksidan, nemlendirici ve cilt yatıştırıcı özellikleriyle bilinen bir bitkisel bileşendir. Yüksek miktarda C vitamini, omega-3 ve omega-6 yağ asitleri içerir.",beneficial,Kuru ciltler için mükemmel bir nemlendiricidir. İçerdiği yağ asitleri cilt bariyerini güçlendirir ve transepidermal su kaybını azaltır. Ayrıca antioksidan içeriği ile serbest radikal hasarını önler. 💡 Kuru ciltler için nemlendirici kremlerde veya serumlarda kullanılması önerilir.,neutral,"Yağlı ciltlerde hafif nemlendirme sağlayabilir ancak sebum kontrolüne doğrudan etkisi yoktur. Komedojenik değildir, ancak aşırı yağlı ciltlerde ağır gelebilir. 💡 Yağlı ciltlerde hafif formülasyonlarda kullanılabilir, ancak yağsız ürünler tercih edin.",beneficial,"Karma ciltlerde kuru bölgeleri nemlendirirken yağlı bölgelerde ağırlık yapmaz. Dengeli bir nemlendirme sağlar. 💡 Karma ciltler için uygun bir bileşendir, özellikle kuru yanaklar için faydalıdır.",beneficial,Normal ciltlerde antioksidan koruma ve hafif nemlendirme sağlar. Cilt sağlığını destekler. 💡 Normal cilt bakımında antioksidan desteği olarak kullanılabilir.,beneficial,"Hassas ciltler için yatıştırıcı ve anti-inflamatuar özellikleri sayesinde faydalıdır. Kızarıklık ve tahrişi azaltabilir. Ancak nadiren bitkisel alerji riski vardır. 💡 Hassas ciltlerde yama testi yaparak kullanın, genellikle iyi tolere edilir.",beneficial,"Olgun ciltler için antioksidan ve nemlendirici özellikleri sayesinde idealdir. C vitamini içeriği kolajen sentezini destekler ve ince çizgilerin görünümünü azaltabilir. 💡 Yaşlanma karşıtı ürünlerde kullanılması önerilir, özellikle gece bakımında.",beneficial,"Hamilelikte topikal kullanımı güvenlidir, doğal bir bileşendir ve teratojenik risk taşımaz. 💡 Hamilelikte güvenle kullanılabilir.",0.0,neutral,"Akneye meyilli ciltlerde komedojenik değildir, ancak doğrudan akne tedavisine katkısı yoktur. Antioksidan etkisi ile dolaylı olarak faydalı olabilir. 💡 Akne ciltlerinde güvenle kullanılabilir, ancak akne tedavisi için yeterli değildir."
Adenosine,adenosine,2.0,0.0,1.0,1.0,2.0,3.0,1.0,,,top1000,45,Cilt Bakım Bileşeni,Cilt Bakım Bileşeni,"Adenozin, vücutta doğal olarak bulunan bir nükleoziddir ve hücresel enerji metabolizmasında rol oynar. Kozmetikte anti-aging ve cilt onarıcı olarak kullanılır, kolajen üretimini uyarır.",beneficial,Kuru ciltlerde bariyer onarımını destekler ve nem tutulumunu artırır. Hücre yenilenmesini teşvik ederek kuru ve pul pul dökülen cildi iyileştirir. 💡 Kuru ciltler için nemlendirici ile birlikte kullanılması önerilir.,neutral,"Yağlı ciltlerde sebum kontrolüne etkisi yoktur, ancak komedojenik değildir. Hafif nemlendirme sağlayabilir. 💡 Yağlı ciltlerde sorunsuz kullanılabilir, ancak ek bir fayda beklenmez.",beneficial,Karma ciltlerde cilt bariyerini güçlendirir ve genel cilt sağlığını destekler. Kuru bölgelerde nemlendirici etki gösterir. 💡 Karma ciltler için uygun bir anti-aging bileşendir.,beneficial,Normal ciltlerde cilt yenilenmesini destekler ve yaşlanma belirtilerini geciktirir. Güvenli ve etkilidir. 💡 Normal cilt bakımında anti-aging olarak kullanılabilir.,beneficial,"Hassas ciltler için oldukça güvenlidir, irritasyon potansiyeli düşüktür. Anti-inflamatuar özellikleri sayesinde kızarıklık ve tahrişi azaltabilir. 💡 Hassas ciltlerde rahatlıkla kullanılabilir, yatıştırıcı etkisi vardır.",beneficial,"Olgun ciltler için en etkili anti-aging bileşenlerden biridir. Kolajen sentezini uyararak kırışıklıkları azaltır ve cilt sıkılığını artırır. Klinik çalışmalarla desteklenmiştir. 💡 Yaşlanma karşıtı ürünlerde mutlaka bulunması önerilir, özellikle gece kremlerinde etkilidir.",beneficial,"Hamilelikte topikal kullanımı güvenlidir, vücutta doğal olarak bulunan bir bileşendir ve teratojenik risk taşımaz. 💡 Hamilelikte güvenle kullanılabilir.",0.0,neutral,"Akneye meyilli ciltlerde komedojenik değildir, ancak akne tedavisine doğrudan katkısı yoktur. Cilt onarımını destekleyebilir. 💡 Akne ciltlerinde güvenle kullanılabilir, ancak akne tedavisi için yeterli değildir."
Adipic Acid/Neopentyl Glycol/Trimellitic Anhydride Copolymer,adipicacidneopentylglycoltrimelliticanhydridecopolymer,0.0,1.0,0.0,0.0,-1.0,0.0,2.0,,,top1000,28,Kıvam Artırıcı / Stabilizatör,Kıvam Artırıcı / Stabilizatör,"Adipic Acid/Neopentyl Glycol/Trimellitic Anhydride Copolymer, sentetik bir film oluşturucu polimerdir. Kozmetik formülasyonlarda kıvam artırıcı, stabilizatör ve suya dayanıklılık sağlayıcı olarak kullanılır. Cilt üzerinde ince bir film tabakası oluşturarak ürünün kalıcılığını artırır.",neutral,Film oluşturucu yapısı kuru ciltte bariyeri güçlendirebilir ancak nemlendirici etkisi yoktur. Aşırı kuru ciltlerde ek nemlendirici ile kullanılmalıdır. 💡 Kuru ciltlerde hyaluronik asit veya seramid içeren ürünlerle kombine edin.,beneficial,"Yağlı ciltlerde sebum kontrolüne yardımcı olmaz ancak mat bir bitiş sağlayabilir. Gözenek tıkama riski düşüktür. 💡 Yağlı ciltlerde güvenle kullanılabilir, ekstra yağlanma yapmaz.",neutral,Karma ciltlerde herhangi bir olumlu veya olumsuz etkisi belirgin değildir. Genellikle toleransı iyidir. 💡 Karma ciltlerde sorunsuz kullanılabilir.,neutral,"Normal ciltlerde belirgin bir fayda sağlamaz, sadece formülasyon stabilitesine katkıda bulunur. 💡 Normal ciltlerde gereksiz bir bileşen olabilir, ancak zararı yoktur.",caution,"Sentetik polimerler hassas ciltlerde nadiren de olsa tahrişe veya tıkanmaya yol açabilir. Özellikle rozasea ve egzamalı ciltlerde dikkatli olunmalıdır. 💡 Hassas ciltlerde yama testi yaparak kullanın, tahriş durumunda bırakın.",neutral,Olgun ciltlerde kırışıklık veya elastikiyet üzerinde doğrudan etkisi yoktur. Ancak ürün kalıcılığını artırarak dolaylı fayda sağlayabilir. 💡 Olgun ciltlerde anti-aging aktiflerle birlikte kullanılabilir.,beneficial,"Sentetik bir polimer olup cilt tarafından emilmez, sistemik dolaşıma geçmez. Hamilelik ve emzirme döneminde güvenle kullanılabilir. 💡 Hamilelikte güvenle kullanılabilir, herhangi bir kısıtlama yoktur.",-1.0,caution,"Film oluşturucu yapısı gözenekleri tıkayabilir ve komedojenik potansiyeli düşük de olsa akneye meyilli ciltlerde sivilce oluşumunu tetikleyebilir. 💡 Akneye meyilli ciltlerde non-komedojenik etiketli ürünleri tercih edin, bu bileşeni içeren ürünlerden kaçının."
Agua,agua,2.0,2.0,2.0,2.0,3.0,2.0,3.0,,,top1000,31,Cilt Bakım Bileşeni,Cilt Bakım Bileşeni,"Agua (su), kozmetik formülasyonların temel çözücüsüdür. Cilde nem sağlar, diğer bileşenlerin taşınmasına yardımcı olur ve formülasyonun kıvamını ayarlar. Hipoalerjenik ve non-komedojeniktir.",beneficial,"Su, kuru cilde anlık nem sağlar ve bariyer fonksiyonunu destekler. Ancak tek başına yeterli değildir, nemlendiricilerle birlikte kullanılmalıdır. 💡 Kuru ciltlerde su bazlı nemlendiriciler tercih edin, ardından yağ bazlı ürünle kapatın.",beneficial,"Su, yağlı ciltlerde hafif nem sağlar ve sebum üretimini dengelemeye yardımcı olabilir. Yağ bazlı ürünlere göre daha hafiftir. 💡 Yağlı ciltlerde su bazlı jeller veya losyonlar kullanın.",beneficial,"Su, karma ciltlerde hem kuru hem yağlı bölgelere uygun hafif nem sağlar. Herhangi bir olumsuz etkisi yoktur. 💡 Karma ciltlerde su bazlı ürünler güvenle kullanılabilir.",beneficial,Normal ciltlerde temel nem kaynağıdır ve cilt bariyerini destekler. Günlük bakımda vazgeçilmezdir. 💡 Normal ciltlerde su bazlı nemlendiriciler idealdir.,beneficial,"Su, hassas ciltler için en güvenli bileşendir. Tahriş etmez, alerjik reaksiyona yol açmaz ve cildi yatıştırır. Rozasea ve egzamada rahatlatıcıdır. 💡 Hassas ciltlerde su bazlı, alkolsüz ürünler tercih edin.",beneficial,"Su, olgun ciltlerde nemlendirme için temel bileşendir. Kırışıklıkların görünümünü azaltmaya yardımcı olabilir. 💡 Olgun ciltlerde hyaluronik asit gibi nem bağlayıcılarla birlikte kullanın.",beneficial,"Su, hamilelik ve emzirme döneminde tamamen güvenlidir. Herhangi bir risk taşımaz. 💡 Hamilelikte güvenle kullanılabilir.",3.0,beneficial,"Su, akneye meyilli ciltlerde gözenekleri tıkamaz, komedojenik değildir. Nem dengesini sağlayarak aşırı sebum üretimini önlemeye yardımcı olur. 💡 Akneye meyilli ciltlerde su bazlı, hafif nemlendiriciler kullanın."
Ahnfeltia Concinna Extract,ahnfeltiaconcinnaextract,2.0,0.0,1.0,1.0,2.0,2.0,2.0,Dry and dehydrated skin,,manual_v2,0,Deniz Yosunu Ekstrakt (Kırmızı Alg),Deniz Yosunu Ekstrakt (Kırmızı Alg),"Ahnfeltia Concinna Extract, kırmızı alglerden elde edilen bir deniz yosunu ekstraktıdır. Antioksidan, nemlendirici ve cilt yatıştırıcı özelliklere sahiptir. Cilt bariyerini güçlendirmeye yardımcı olabilir.",beneficial,Nemlendirici ve bariyer onarıcı özellikleri sayesinde kuru ciltlerde nem kaybını azaltır ve cildi yumuşatır. Pullanmayı hafifletebilir. 💡 Kuru ciltlerde nemlendirici kremlerle birlikte kullanın.,neutral,Yağlı ciltlerde aşırı yağlanmaya neden olmaz ancak belirgin bir sebum dengeleyici etkisi yoktur. Hafif nem sağlar. 💡 Yağlı ciltlerde hafif losyon formunda kullanılabilir.,beneficial,Karma ciltlerde kuru bölgelere nem sağlarken yağlı bölgelerde ağırlık yapmaz. Dengeli bir etki sunar. 💡 Karma ciltlerde T-bölgesinden kaçınarak uygulayın.,beneficial,Normal ciltlerde antioksidan koruma ve hafif nemlendirme sağlar. Cilt sağlığını destekler. 💡 Normal ciltlerde günlük bakımda kullanılabilir.,beneficial,Yatıştırıcı ve anti-inflamatuar özellikleri sayesinde hassas ciltlerde kızarıklık ve tahrişi azaltabilir. Rozasea ve egzamaya iyi gelebilir. 💡 Hassas ciltlerde yatıştırıcı serum veya kremlerde arayın.,beneficial,"Antioksidan içeriği sayesinde serbest radikal hasarını azaltır, cilt elastikiyetini destekler. Kırışıklık görünümünü hafifletebilir. 💡 Olgun ciltlerde anti-aging serumlarda kullanın.",beneficial,Doğal bir ekstrakt olup hamilelikte güvenle kullanılabilir. Bilinen bir riski yoktur. 💡 Hamilelikte güvenle kullanılabilir.,1.0,beneficial,"Anti-inflamatuar etkisi akne lezyonlarının iyileşmesine yardımcı olabilir. Komedojenik değildir, gözenek tıkamaz. 💡 Akneye meyilli ciltlerde anti-akne ürünlerle kombine edilebilir."
Ahnfeltiopsis Concinna Extract,ahnfeltiopsisconcinnaextract,2.0,0.0,1.0,1.0,2.0,2.0,2.0,Dry and dehydrated skin|Fine Lines|Impaired skin barrier,,manual_v2,0,Deniz Yosunu Ekstrakt (Kırmızı Alg),Deniz Yosunu Ekstrakt (Kırmızı Alg),"Ahnfeltiopsis Concinna Extract, kırmızı alg türünden elde edilen bir deniz yosunu ekstraktıdır. Nemlendirici, antioksidan ve cilt onarıcı özellikler taşır. Cilt bariyerini güçlendirir ve ince çizgileri azaltmaya yardımcı olabilir.",beneficial,Yoğun nemlendirme sağlar ve kuru ciltlerde bariyer onarımını destekler. Pullanma ve sıkılık hissini azaltır. 💡 Kuru ciltlerde yoğun nemlendirici kremlerle birlikte kullanın.,neutral,Yağlı ciltlerde hafif nem sağlar ancak sebum kontrolüne doğrudan etkisi yoktur. Ağırlık yapmaz. 💡 Yağlı ciltlerde hafif formüllerde kullanılabilir.,beneficial,Karma ciltlerde kuru bölgelere nem verirken yağlı bölgelerde toleransı iyidir. Dengeleyici etki gösterir. 💡 Karma ciltlerde sadece kuru bölgelere uygulayın.,beneficial,Normal ciltlerde antioksidan koruma ve nemlendirme sağlar. Cilt sağlığını destekler. 💡 Normal ciltlerde günlük bakımda kullanılabilir.,beneficial,Yatıştırıcı ve anti-inflamatuar özellikleri hassas ciltlerde tahrişi azaltır. Rozasea ve egzamada rahatlatıcıdır. 💡 Hassas ciltlerde yatıştırıcı ürünlerde tercih edin.,beneficial,"Antioksidan ve onarıcı özellikleri sayesinde kolajen desteği sağlar, kırışıklıkları azaltır. Cilt elastikiyetini artırır. 💡 Olgun ciltlerde anti-aging serumlarda kullanın.",beneficial,Doğal bir ekstrakt olup hamilelikte güvenle kullanılabilir. Bilinen bir riski yoktur. 💡 Hamilelikte güvenle kullanılabilir.,1.0,beneficial,Anti-inflamatuar etkisi akne iyileşmesine yardımcı olabilir. Komedojenik değildir. 💡 Akneye meyilli ciltlerde hafif nemlendiricilerde kullanın.
Alanine,alanine,2.0,1.0,1.0,1.0,2.0,2.0,3.0,Dry and dehydrated skin,,top1000,47,Amino Asit / Protein,Amino Asit / Protein,"Alanine, ciltte doğal olarak bulunan bir amino asittir. Nemlendirici, bariyer onarıcı ve pH dengeleyici özelliklere sahiptir. Cildin nem tutma kapasitesini artırır ve tahrişi azaltır.",beneficial,Nem bağlayıcı özelliği sayesinde kuru ciltlerde nem kaybını önler ve bariyeri güçlendirir. Pullanmayı azaltır. 💡 Kuru ciltlerde nemlendirici kremlerde arayın.,beneficial,Hafif nem sağlar ve sebum dengesini bozmaz. Yağlı ciltlerde tahriş riski düşüktür. 💡 Yağlı ciltlerde hafif losyonlarda kullanılabilir.,beneficial,Karma ciltlerde hem kuru hem yağlı bölgelere uyum sağlar. Nem dengesini korur. 💡 Karma ciltlerde güvenle kullanılabilir.,beneficial,Normal ciltlerde nemlendirme ve bariyer desteği sağlar. Cilt sağlığını korur. 💡 Normal ciltlerde günlük bakımda kullanılabilir.,beneficial,Yatıştırıcı ve pH dengeleyici özellikleri hassas ciltlerde tahrişi azaltır. Rozasea ve egzamada rahatlatıcıdır. 💡 Hassas ciltlerde yatıştırıcı serumlarda tercih edin.,beneficial,Nemlendirme ve bariyer onarımı sayesinde ince çizgileri azaltır. Kolajen sentezini destekleyebilir. 💡 Olgun ciltlerde anti-aging ürünlerde arayın.,beneficial,Doğal bir amino asit olup hamilelikte tamamen güvenlidir. Herhangi bir risk taşımaz. 💡 Hamilelikte güvenle kullanılabilir.,1.0,beneficial,"Komedojenik değildir, gözenek tıkamaz. Anti-inflamatuar etkisi akne iyileşmesine yardımcı olabilir. 💡 Akneye meyilli ciltlerde hafif nemlendiricilerde kullanın."
Alcohol,alcohol,-2.0,-1.0,-1.0,0.0,-3.0,-2.0,0.0,,,top1000,612,Cilt Bakım Bileşeni,Cilt Bakım Bileşeni,"Alkol, cilt bakım ürünlerinde çözücü, kıvam artırıcı ve antimikrobiyal olarak kullanılır. Ancak yüksek konsantrasyonlarda cildi kurutup tahriş edebilir.",caution,"Alkol, cilt bariyerini bozarak transepidermal su kaybını artırır ve kuru ciltte pullanma, sıkılık hissini şiddetlendirir. Düşük konsantrasyonlarda bile uzun vadede bariyer hasarına yol açabilir. 💡 Kuru ciltler için alkol içeren ürünlerden kaçının; nemlendirici ve seramid içeren formülleri tercih edin.",caution,"Alkol geçici olarak yağı azaltsa da, cildi kurutarak kompansatuvar sebum üretimine neden olabilir. Uzun vadede yağlı cildi daha yağlı hale getirebilir ve tahriş riski taşır. 💡 Yağlı ciltlerde alkol içeren toniklerden kaçının; salisilik asit veya niasinamid gibi daha nazik alternatifler kullanın.",caution,"Karma ciltte alkol, T-bölgesinde geçici yağ azalması sağlasa da yanaklarda kuruluk ve tahrişe yol açar. Dengesiz bir etki gösterir. 💡 Karma ciltlerde alkol içeren ürünleri yalnızca T-bölgesine uygulayın veya tamamen kaçının.",neutral,"Normal ciltte düşük konsantrasyonlarda alkol genellikle tolere edilir, ancak düzenli kullanımda bariyeri zayıflatabilir. Faydası sınırlıdır. 💡 Normal ciltlerde alkol içeren ürünleri sık kullanmayın; haftada birkaç kez ile sınırlayın.",caution,"Alkol, hassas ciltte kızarıklık, yanma ve batma hissini tetikler. Rozasea ve egzama gibi durumları kötüleştirir, bariyeri daha da hassas hale getirir. 💡 Hassas ciltler için alkol içeren ürünler kesinlikle önerilmez; yatıştırıcı ve bariyer onarıcı içerikler tercih edin.",caution,"Olgun ciltte alkol, kolajen sentezini olumsuz etkileyebilir ve bariyeri incelterek kırışıklıkları belirginleştirir. Anti-aging faydası yoktur. 💡 Olgun ciltlerde alkol içeren ürünlerden kaçının; retinol ve peptit içeren formülleri tercih edin.",neutral,"Alkolün topikal kullanımı hamilelikte güvenli kabul edilir, ancak yüksek konsantrasyonlarda cilt tahrişine neden olabilir. Sistemik emilim minimaldir. 💡 Hamilelikte alkol içeren ürünleri düşük konsantrasyonlarda kullanabilirsiniz, ancak hassasiyet durumunda kaçının.",-1.0,caution,"Alkol, akneye meyilli ciltte geçici kurutma etkisiyle sivilceleri azaltabilir ancak bariyer hasarı ve tahriş nedeniyle akneyi kötüleştirebilir. Komedojenik değildir. 💡 Akneli ciltlerde alkol içeren ürünlerden kaçının; salisilik asit veya benzoil peroksit gibi akne tedavilerini tercih edin."
Alcohol Denat,alcoholdenat,-3.0,-2.0,-2.0,-1.0,-3.0,-3.0,0.0,,Sensitive|Dry Dehydrated|Impaired skin barrier,manual_v2,243,Denatüre Alkol,Denatüre Alkol,"Denatüre alkol, etanole tat ve koku katmak için eklenen maddelerle elde edilir. Kozmetikte çözücü ve antimikrobiyal olarak kullanılır, ancak cildi kurutma ve tahriş etme potansiyeli yüksektir.",caution,"Denatüre alkol, cilt bariyerini hızla bozarak su kaybını artırır ve kuru ciltte şiddetli pullanma, kızarıklık ve sıkılık hissine yol açar. Uzun vadede egzama riskini artırabilir. 💡 Kuru ciltler için denatüre alkol içeren ürünlerden kesinlikle kaçının; seramid ve hyaluronik asit içeren nemlendiriciler kullanın.",caution,"Denatüre alkol, yağlı ciltte geçici matlaştırma sağlasa da, cildi aşırı kurutarak sebum üretimini artırır ve tahrişe bağlı akne oluşumunu tetikleyebilir. 💡 Yağlı ciltlerde denatüre alkol içeren ürünlerden kaçının; salisilik asit veya çay ağacı yağı gibi daha nazik alternatifler kullanın.",caution,"Karma ciltte denatüre alkol, T-bölgesinde geçici yağ azalması sağlarken yanaklarda kuruluk ve tahrişe neden olur. Cilt dengesini bozar. 💡 Karma ciltlerde denatüre alkol içeren ürünleri yalnızca T-bölgesine uygulayın veya tamamen kaçının.",caution,"Normal ciltte denatüre alkol düşük konsantrasyonlarda tolere edilebilir, ancak düzenli kullanım bariyeri zayıflatır ve hassasiyete yol açar. 💡 Normal ciltlerde denatüre alkol içeren ürünleri haftada birkaç kez kullanmakla sınırlayın.",caution,"Denatüre alkol, hassas ciltte şiddetli kızarıklık, yanma ve batma hissine yol açar. Rozasea ve egzama semptomlarını kötüleştirir, bariyeri onarılamaz şekilde hasarlandırabilir. 💡 Hassas ciltler için denatüre alkol içeren ürünler kesinlikle yasaktır; yatıştırıcı ve bariyer onarıcı içerikler tercih edin.",caution,"Olgun ciltte denatüre alkol, kolajen sentezini baskılayarak kırışıklıkları artırır ve cilt elastikiyetini azaltır. Anti-aging faydası yoktur, aksine zararlıdır. 💡 Olgun ciltlerde denatüre alkol içeren ürünlerden kesinlikle kaçının; retinol ve peptit içeren formülleri tercih edin.",neutral,"Denatüre alkolün topikal kullanımı hamilelikte güvenli kabul edilir, ancak yüksek konsantrasyonlarda cilt tahrişine neden olabilir. Sistemik emilim minimaldir. 💡 Hamilelikte denatüre alkol içeren ürünleri düşük konsantrasyonlarda kullanabilirsiniz, ancak hassasiyet durumunda kaçının.",-2.0,caution,"Denatüre alkol, akneye meyilli ciltte geçici kurutma etkisiyle sivilceleri azaltabilir ancak bariyer hasarı ve tahriş nedeniyle akneyi kötüleştirir. Komedojenik değildir. 💡 Akneli ciltlerde denatüre alkol içeren ürünlerden kaçının; salisilik asit veya benzoil peroksit gibi akne tedavilerini tercih edin."
Algin,algin,2.0,0.0,1.0,0.0,2.0,1.0,2.0,,,top1000,35,Cilt Bakım Bileşeni,Cilt Bakım Bileşeni,"Algin, kahverengi alglerden elde edilen bir polisakkarittir. Kozmetikte kıvam artırıcı, nemlendirici ve film oluşturucu olarak kullanılır. Ciltte yatıştırıcı ve bariyer güçlendirici etkileri vardır.",beneficial,"Algin, cilt yüzeyinde nemi hapseden ince bir film oluşturarak transepidermal su kaybını azaltır. Kuru ciltte pullanmayı önler ve bariyeri destekler. 💡 Kuru ciltler için algin içeren nemlendiricileri günde iki kez kullanın; hyaluronik asit ile kombine edebilirsiniz.",neutral,"Algin, yağlı ciltte hafif nemlendirme sağlar ancak yağlanmayı azaltmaz. Komedojenik değildir, gözenek tıkamaz. 💡 Yağlı ciltlerde algin içeren hafif jelleri tercih edebilirsiniz; ağır kremlerden kaçının.",beneficial,"Algin, karma ciltte kuru bölgelere nem sağlarken yağlı bölgelerde ağırlık yapmaz. Cilt dengesini korumaya yardımcı olur. 💡 Karma ciltlerde algin içeren hafif nemlendiricileri tüm yüze uygulayabilirsiniz.",neutral,"Normal ciltte algin, hafif nemlendirme ve bariyer desteği sağlar ancak belirgin bir faydası yoktur. 💡 Normal ciltlerde algin içeren ürünleri günlük bakımda kullanabilirsiniz.",beneficial,"Algin, yatıştırıcı ve anti-inflamatuar özellikleri sayesinde hassas ciltte kızarıklık ve tahrişi azaltır. Bariyeri güçlendirerek dış etkenlere karşı korur. 💡 Hassas ciltler için algin içeren yatıştırıcı serumları veya maskeleri haftada 2-3 kez kullanın.",beneficial,"Algin, olgun ciltte nemlendirme ve bariyer desteği sağlayarak ince çizgilerin görünümünü azaltabilir. Kolajen sentezini doğrudan etkilemez. 💡 Olgun ciltlerde algin içeren nemlendiricileri retinol gibi anti-aging ürünlerle kombine edebilirsiniz.",beneficial,"Algin, doğal kaynaklı ve güvenli bir bileşendir. Hamilelikte cilt bariyerini destekler ve tahriş riski yoktur. 💡 Hamilelikte algin içeren ürünleri güvenle kullanabilirsiniz.",0.0,neutral,"Algin, akneye meyilli ciltte komedojenik değildir ve hafif nemlendirme sağlar. Ancak akne tedavisinde doğrudan etkisi yoktur. 💡 Akneli ciltlerde algin içeren hafif nemlendiricileri kullanabilirsiniz; akne tedavileriyle birlikte güvenlidir."
Allantoin,allantoin,3.0,1.0,2.0,1.0,3.0,2.0,3.0,Redness|Impaired skin barrier|Dry and dehydrated skin|Anyone,,manual_v2,631,Yatıştırıcı / Nemlendirici,Yatıştırıcı / Nemlendirici,"Allantoin, komfrey bitkisinden elde edilen veya sentetik olarak üretilen bir bileşendir. Cilt yenileyici, yatıştırıcı ve nemlendirici özellikleriyle bilinir. Keratolitik etkisi sayesinde ölü deriyi nazikçe uzaklaştırır.",beneficial,"Allantoin, kuru ciltte nemlendirici ve yumuşatıcı etki gösterir. Keratolitik özelliği ile pullanmayı azaltır ve bariyer onarımını destekler. 💡 Kuru ciltler için allantoin içeren kremleri günde iki kez kullanın; seramidlerle kombine edin.",beneficial,"Allantoin, yağlı ciltte hafif nemlendirme sağlar ve komedojenik değildir. Keratolitik etkisi gözenek tıkanıklığını azaltmaya yardımcı olabilir. 💡 Yağlı ciltlerde allantoin içeren hafif jelleri tercih edin; salisilik asit ile kombine edebilirsiniz.",beneficial,"Allantoin, karma ciltte kuru bölgelere nem sağlarken yağlı bölgelerde ağırlık yapmaz. Cilt dengesini korur. 💡 Karma ciltlerde allantoin içeren nemlendiricileri tüm yüze uygulayabilirsiniz.",beneficial,"Allantoin, normal ciltte nemlendirme ve yumuşatma sağlar. Düzenli kullanımda cilt dokusunu iyileştirir. 💡 Normal ciltlerde allantoin içeren ürünleri günlük bakımda kullanabilirsiniz.",beneficial,"Allantoin, hassas ciltte güçlü yatıştırıcı ve anti-inflamatuar etki gösterir. Kızarıklık, tahriş ve kaşıntıyı azaltır. Egzama ve rozasea semptomlarını hafifletir. 💡 Hassas ciltler için allantoin içeren yatıştırıcı kremleri günde iki kez kullanın; niacinamide ile kombine edebilirsiniz.",beneficial,"Allantoin, olgun ciltte nemlendirme ve cilt yenileyici etki sağlar. İnce çizgilerin görünümünü azaltmaya yardımcı olabilir. 💡 Olgun ciltlerde allantoin içeren kremleri retinol gibi anti-aging ürünlerle kombine edebilirsiniz.",beneficial,"Allantoin, hamilelikte güvenli kabul edilir. Topikal kullanımda sistemik emilim minimaldir ve teratojenik risk yoktur. 💡 Hamilelikte allantoin içeren ürünleri güvenle kullanabilirsiniz.",2.0,beneficial,"Allantoin, akneye meyilli ciltte keratolitik etkisiyle gözenek tıkanıklığını azaltır ve yatıştırıcı özelliğiyle inflamasyonu baskılar. Komedojenik değildir. 💡 Akneli ciltlerde allantoin içeren hafif nemlendiricileri akne tedavileriyle birlikte kullanabilirsiniz."
Aloe Barbadensis Extract,aloebarbadensisextract,2.0,1.0,2.0,1.0,3.0,1.0,3.0,,,top1000,27,Bitkisel Ekstrakt,Bitkisel Ekstrakt,"Aloe barbadensis yaprak ekstresi, anti-inflamatuar, nemlendirici ve yatıştırıcı özellikleriyle bilinir. Polisakkaritler, vitaminler ve enzimler içerir. Cilt bariyerini destekler ve tahrişi azaltır.",beneficial,"Aloe vera, kuru ciltte nemlendirici ve yatıştırıcı etki gösterir. Polisakkaritleri cilt yüzeyinde nemi hapseder ve pullanmayı azaltır. 💡 Kuru ciltler için aloe vera içeren jelleri veya kremleri günde iki kez kullanın; hyaluronik asit ile kombine edebilirsiniz.",beneficial,"Aloe vera, yağlı ciltte hafif nemlendirme sağlar ve komedojenik değildir. Anti-inflamatuar özelliği akne oluşumunu azaltmaya yardımcı olabilir. 💡 Yağlı ciltlerde aloe vera içeren hafif jelleri tercih edin; salisilik asit ile kombine edebilirsiniz.",beneficial,"Aloe vera, karma ciltte kuru bölgelere nem sağlarken yağlı bölgelerde ağırlık yapmaz. Cilt dengesini korur. 💡 Karma ciltlerde aloe vera içeren nemlendiricileri tüm yüze uygulayabilirsiniz.",beneficial,"Aloe vera, normal ciltte nemlendirme ve yatıştırma sağlar. Düzenli kullanımda cilt sağlığını destekler. 💡 Normal ciltlerde aloe vera içeren ürünleri günlük bakımda kullanabilirsiniz.",beneficial,"Aloe vera, hassas ciltte güçlü yatıştırıcı ve anti-inflamatuar etki gösterir. Kızarıklık, tahriş ve kaşıntıyı azaltır. Rozasea ve egzama semptomlarını hafifletir. 💡 Hassas ciltler için aloe vera içeren yatıştırıcı jelleri günde iki kez kullanın; niacinamide ile kombine edebilirsiniz.",beneficial,"Aloe vera, olgun ciltte nemlendirme ve yatıştırma sağlar. Antioksidan özellikleri sayesinde serbest radikal hasarını azaltabilir. 💡 Olgun ciltlerde aloe vera içeren nemlendiricileri retinol gibi anti-aging ürünlerle kombine edebilirsiniz.",beneficial,"Aloe vera, hamilelikte güvenli kabul edilir. Topikal kullanımda sistemik emilim minimaldir ve teratojenik risk yoktur. 💡 Hamilelikte aloe vera içeren ürünleri güvenle kullanabilirsiniz.",2.0,beneficial,"Aloe vera, akneye meyilli ciltte anti-inflamatuar etkisiyle kızarıklık ve şişliği azaltır. Nemlendirici özelliği akne tedavilerinin kurutucu etkisini dengeleyebilir. 💡 Akneli ciltlerde aloe vera içeren hafif jelleri akne tedavileriyle birlikte kullanabilirsiniz."
Aloe Barbadensis Leaf Extract,aloebarbadensisleafextract,3.0,2.0,2.0,1.0,3.0,2.0,3.0,,,top1000,230,Bitkisel Ekstrakt,Bitkisel Ekstrakt,"Aloe barbadensis yaprak ekstresi, su bazlı bir çözücü ile yapraklardan elde edilen konsantre bir özüttür. İçeriğinde polisakkaritler, vitaminler, mineraller ve antioksidanlar bulunur. Nemlendirici, yatıştırıcı ve anti-inflamatuar özellikleriyle bilinir.",beneficial,"Aloe ekstresi, içerdiği polisakkaritler sayesinde cilt yüzeyinde nem bağlayıcı bir film oluşturur ve transepidermal su kaybını azaltır. Kuru ciltlerde pullanma ve sıkılık hissini hafifletir, bariyer onarımını destekler. 💡 Günlük nemlendirici olarak kullanılabilir. Hyaluronik asit ile kombine edildiğinde nemlendirme etkisi artar.",beneficial,"Hafif yapısı sayesinde yağlı ciltlerde ekstra yağlılık hissi yaratmaz. Anti-inflamatuar etkisi, sebum üretimini doğrudan azaltmasa da akne lezyonlarının iyileşmesine yardımcı olabilir. 💡 Jel formunda ürünler tercih edin. Salisilik asit içeren ürünlerle birlikte kullanılabilir.",beneficial,"Karma ciltlerde hem kuru bölgelere nem sağlar hem de yağlı bölgelerde ağırlık yapmaz. Yatıştırıcı etkisi, T-bölgesindeki hafif inflamasyonu azaltabilir. 💡 Tüm yüze uygulanabilir. Kuru bölgelerde daha yoğun nemlendirici ile desteklenebilir.",beneficial,Normal ciltler için hafif nemlendirme ve antioksidan koruma sağlar. Cilt bariyerini güçlendirir ve dış etkenlere karşı korur. 💡 Günlük bakım rutininde serum veya nemlendirici olarak kullanılabilir.,beneficial,"Aloe ekstresi, anti-inflamatuar ve yatıştırıcı özellikleri sayesinde hassas ciltlerde kızarıklık, yanma ve tahrişi azaltır. Rozasea ve egzama gibi durumlarda semptomları hafifletir. 💡 Yatıştırıcı maskelerde veya günlük nemlendiricide kullanılabilir. Parfümsüz ve alkolsüz formülleri tercih edin.",beneficial,Antioksidan içeriği serbest radikallere karşı korur ve kolajen sentezini destekler. Nemlendirici etkisi ince çizgilerin görünümünü azaltır. 💡 Retinol veya C vitamini ile birlikte kullanılabilir. Gece rutininde nemlendirici olarak tercih edin.,beneficial,Aloe ekstresi topikal kullanımda genellikle güvenlidir. Sistemik emilimi düşüktür ve teratojenik risk taşımaz. Hamilelikte sık görülen cilt hassasiyetini yatıştırır. 💡 Hamilelikte güvenle kullanılabilir. Ancak yüksek konsantrasyonlu takviyelerden kaçının.,2.0,beneficial,"Anti-inflamatuar etkisi akne lezyonlarının kızarıklık ve şişliğini azaltır. Komedojenik değildir, gözenekleri tıkamaz. Antibakteriyel etkisi sınırlıdır ancak iyileşmeyi hızlandırır. 💡 Akne tedavisinde yardımcı olarak kullanılabilir. Salisilik asit veya benzoil peroksit ile kombine edilebilir."
Aloe Barbadensis Leaf Juice,aloebarbadensisleafjuice,3.0,2.0,2.0,1.0,3.0,2.0,3.0,,,top1000,632,Bitkisel Ekstrakt,Bitkisel Ekstrakt,"Aloe barbadensis yaprak suyu, taze yapraklardan sıkılarak elde edilen doğal bir sıvıdır. Su içeriği yüksektir ve vitamin, mineral, enzim ile polisakkaritler açısından zengindir. Nemlendirici, yatıştırıcı ve antioksidan özellikler taşır.",beneficial,Yüksek su içeriği sayesinde cildi anında nemlendirir ve yumuşatır. Polisakkaritler cilt yüzeyinde nem tutucu bir tabaka oluşturarak kuruluğu giderir. 💡 Günlük tonik veya hafif nemlendirici olarak kullanılabilir. Kuru bölgelere ekstra uygulama yapılabilir.,beneficial,Hafif ve su bazlı yapısı yağlı ciltlerde ağırlık yapmaz. Anti-inflamatuar etkisi akne oluşumunu azaltmaya yardımcı olabilir. 💡 Yağsız nemlendirici olarak tercih edilebilir. Tonik olarak kullanıldığında fazla sebumu temizler.,beneficial,"Karma ciltlerde dengeleyici etki gösterir; kuru bölgeleri nemlendirir, yağlı bölgelerde hafiflik sağlar. 💡 Tüm yüze uygulanabilir. Kuru bölgelerde daha yoğun nemlendirici ile desteklenebilir.",beneficial,Normal ciltler için hafif nemlendirme ve antioksidan koruma sağlar. Cilt bariyerini güçlendirir. 💡 Günlük bakımda tonik veya hafif nemlendirici olarak kullanılabilir.,beneficial,Yatıştırıcı ve anti-inflamatuar özellikleri hassas ciltlerde kızarıklık ve tahrişi azaltır. Rozasea ve egzama semptomlarını hafifletir. 💡 Yatıştırıcı sprey veya kompres olarak kullanılabilir. Parfümsüz ürünler tercih edin.,beneficial,Antioksidan içeriği yaşlanma belirtilerine karşı korur. Nemlendirici etkisi ince çizgileri azaltır. 💡 Anti-aging serumlarla birlikte kullanılabilir. Gece rutininde tercih edilebilir.,beneficial,Topikal kullanımda güvenlidir. Sistemik emilimi düşüktür ve teratojenik risk taşımaz. 💡 Hamilelikte güvenle kullanılabilir.,2.0,beneficial,"Anti-inflamatuar etkisi akne lezyonlarının iyileşmesini hızlandırır. Komedojenik değildir, gözenekleri tıkamaz. 💡 Akne tedavisinde yardımcı olarak kullanılabilir. Salisilik asit ile kombine edilebilir."
Aloe Barbadensis Leaf Juice Powder,aloebarbadensisleafjuicepowder,3.0,2.0,2.0,1.0,3.0,2.0,3.0,,,top1000,238,Bitkisel Ekstrakt,Bitkisel Ekstrakt,"Aloe barbadensis yaprak suyu tozu, taze yaprak suyunun kurutulmasıyla elde edilen konsantre bir formdur. Su ile karıştırıldığında taze yaprak suyuna benzer özellikler gösterir. Nemlendirici, yatıştırıcı ve antioksidan etkilidir.",beneficial,Konsantre yapısı sayesinde yoğun nemlendirme sağlar. Polisakkaritler cilt bariyerini onarır ve su kaybını önler. 💡 Su ile seyreltilerek sprey veya maske olarak kullanılabilir. Hyaluronik asit ile kombine edilebilir.,beneficial,Hafif yapısı yağlı ciltlerde ağırlık yapmaz. Anti-inflamatuar etkisi akne oluşumunu azaltabilir. 💡 Jel formunda ürünlerde kullanılabilir. Salisilik asit ile birlikte kullanılabilir.,beneficial,"Karma ciltlerde dengeleyici etki gösterir; kuru bölgeleri nemlendirir, yağlı bölgelerde hafiflik sağlar. 💡 Tüm yüze uygulanabilir. Kuru bölgelerde daha yoğun nemlendirici ile desteklenebilir.",beneficial,Normal ciltler için hafif nemlendirme ve antioksidan koruma sağlar. 💡 Günlük bakımda kullanılabilir.,beneficial,Yatıştırıcı özellikleri hassas ciltlerde tahrişi azaltır. Rozasea ve egzama semptomlarını hafifletir. 💡 Yatıştırıcı maskelerde kullanılabilir. Parfümsüz formülleri tercih edin.,beneficial,Antioksidan içeriği yaşlanma belirtilerine karşı korur. Nemlendirici etkisi ince çizgileri azaltır. 💡 Anti-aging serumlarla birlikte kullanılabilir.,beneficial,Topikal kullanımda güvenlidir. Teratojenik risk taşımaz. 💡 Hamilelikte güvenle kullanılabilir.,2.0,beneficial,Anti-inflamatuar etkisi akne lezyonlarının iyileşmesini hızlandırır. Komedojenik değildir. 💡 Akne tedavisinde yardımcı olarak kullanılabilir.
Aloe Barbadensis Leaf Polysaccharides,aloebarbadensisleafpolysaccharides,3.0,1.0,2.0,1.0,3.0,2.0,3.0,Dry and dehydrated skin|Redness|Impaired skin barrier,,manual_v2,0,Aloe Vera Polisakkaritleri,Aloe Vera Polisakkaritleri,"Aloe barbadensis yaprak polisakkaritleri, aloe veranın nemlendirici ve yatıştırıcı özelliklerinden sorumlu ana bileşenlerdir. Yüksek moleküler ağırlıklı şeker zincirlerinden oluşur ve cilt yüzeyinde nem tutucu bir film oluşturur.",beneficial,Polisakkaritler cilt yüzeyinde higroskopik bir tabaka oluşturarak nemi bağlar ve transepidermal su kaybını azaltır. Kuru ciltlerde bariyer onarımını destekler. 💡 Yoğun nemlendirici serumlarda kullanılabilir. Hyaluronik asit ile sinerjik etki gösterir.,beneficial,Hafif yapısı yağlı ciltlerde ağırlık yapmaz. Nemlendirme sağlarken sebum üretimini artırmaz. 💡 Hafif serumlarda kullanılabilir. Yağsız formülleri tercih edin.,beneficial,"Karma ciltlerde kuru bölgeleri nemlendirir, yağlı bölgelerde hafiflik sağlar. 💡 Tüm yüze uygulanabilir. Kuru bölgelerde daha yoğun nemlendirici ile desteklenebilir.",beneficial,Normal ciltler için hafif nemlendirme ve bariyer desteği sağlar. 💡 Günlük bakımda kullanılabilir.,beneficial,Polisakkaritler yatıştırıcı ve anti-inflamatuar özellikleri sayesinde hassas ciltlerde kızarıklık ve tahrişi azaltır. Rozasea ve egzama semptomlarını hafifletir. 💡 Yatıştırıcı serumlarda kullanılabilir. Parfümsüz ürünler tercih edin.,beneficial,Nemlendirici etkisi ince çizgilerin görünümünü azaltır. Antioksidan özellikleri yaşlanma belirtilerine karşı korur. 💡 Anti-aging serumlarla birlikte kullanılabilir.,beneficial,Topikal kullanımda güvenlidir. Teratojenik risk taşımaz. 💡 Hamilelikte güvenle kullanılabilir.,2.0,beneficial,Anti-inflamatuar etkisi akne lezyonlarının iyileşmesini hızlandırır. Komedojenik değildir. 💡 Akne tedavisinde yardımcı olarak kullanılabilir.
Aloe Barbadensis Leaf Powder,aloebarbadensisleafpowder,3.0,2.0,2.0,1.0,3.0,2.0,3.0,Dry and dehydrated skin|Redness,,manual_v2,0,Aloe Vera Pudrası,Aloe Vera Pudrası,"Aloe barbadensis yaprak tozu, tüm yaprağın kurutulup öğütülmesiyle elde edilir. İçeriğinde polisakkaritler, vitaminler ve mineraller bulunur. Nemlendirici, yatıştırıcı ve antioksidan özellikler taşır.",beneficial,"Toz form, su ile karıştırıldığında yoğun nemlendirme sağlar. Polisakkaritler cilt bariyerini onarır ve kuruluğu giderir. 💡 Su veya aloe suyu ile karıştırılarak maske olarak kullanılabilir. Hyaluronik asit ile kombine edilebilir.",beneficial,Hafif yapısı yağlı ciltlerde ağırlık yapmaz. Anti-inflamatuar etkisi akne oluşumunu azaltabilir. 💡 Jel formunda ürünlerde kullanılabilir. Salisilik asit ile birlikte kullanılabilir.,beneficial,"Karma ciltlerde dengeleyici etki gösterir; kuru bölgeleri nemlendirir, yağlı bölgelerde hafiflik sağlar. 💡 Tüm yüze uygulanabilir. Kuru bölgelerde daha yoğun nemlendirici ile desteklenebilir.",beneficial,Normal ciltler için hafif nemlendirme ve antioksidan koruma sağlar. 💡 Günlük bakımda kullanılabilir.,beneficial,Yatıştırıcı özellikleri hassas ciltlerde tahrişi azaltır. Rozasea ve egzama semptomlarını hafifletir. 💡 Yatıştırıcı maskelerde kullanılabilir. Parfümsüz formülleri tercih edin.,beneficial,Antioksidan içeriği yaşlanma belirtilerine karşı korur. Nemlendirici etkisi ince çizgileri azaltır. 💡 Anti-aging serumlarla birlikte kullanılabilir.,beneficial,Topikal kullanımda güvenlidir. Teratojenik risk taşımaz. 💡 Hamilelikte güvenle kullanılabilir.,2.0,beneficial,Anti-inflamatuar etkisi akne lezyonlarının iyileşmesini hızlandırır. Komedojenik değildir. 💡 Akne tedavisinde yardımcı olarak kullanılabilir.
Aloe Barbadensis Leaf Water,aloebarbadensisleafwater,2.0,1.0,1.0,0.0,2.0,0.0,3.0,Redness|Anyone,,manual_v2,0,Aloe Vera Suyu,Aloe Vera Suyu,"Aloe barbadensis yapraklarından elde edilen sulu çözeltidir. Hafif nemlendirici, yatıştırıcı ve anti-inflamatuar özellikleri vardır. Polisakkaritler, vitaminler ve mineraller içerir.",beneficial,"Aloe vera suyu, içerdiği polisakkaritler sayesinde cilt yüzeyinde hafif bir nem filmi oluşturur ve transepidermal su kaybını azaltır. Kuru ciltlerde pullanma ve sıkılık hissini geçici olarak hafifletir. Ancak tek başına yeterli nemlendirme sağlamaz, daha güçlü nemlendiricilerle kombine edilmelidir. 💡 Hyaluronik asit veya gliserin içeren bir nemlendirici ile birlikte kullanın. Kuru ciltlerde tek başına yeterli değildir.",beneficial,"Hafif yapısı sayesinde yağlı ciltlerde ekstra yağlılık hissi yaratmaz. Anti-inflamatuar etkisi, yağlı ciltte sık görülen hafif inflamasyonu azaltabilir. Ancak sebum kontrolü veya gözenek sıkılaştırma gibi spesifik bir etkisi yoktur. 💡 Yağlı ciltler için hafif bir nemlendirici olarak kullanılabilir, ancak sebum kontrolü için salisilik asit veya niasinamid gibi aktiflerle desteklenmelidir.",beneficial,"Karma ciltlerde hem kuru bölgelere hafif nem sağlar hem de yağlı bölgelerde ağırlık yapmaz. Yatıştırıcı özelliği, T-bölgesindeki hafif inflamasyonu azaltabilir. Ancak kuru yanaklar için yeterli nemlendirme sağlamayabilir. 💡 Karma ciltler için uygun bir tonik veya hafif nemlendirici olarak kullanılabilir. Kuru bölgelere ek nemlendirici uygulayın.",neutral,"Normal ciltlerde belirgin bir fayda sağlamaz, ancak tahrişe de yol açmaz. Hafif nemlendirme ve yatıştırma dışında klinik olarak anlamlı bir etkisi yoktur. 💡 Gerekli değildir, ancak hassasiyet yoksa rahatlıkla kullanılabilir.",beneficial,"Aloe vera suyu, anti-inflamatuar ve yatıştırıcı özellikleri sayesinde hassas ciltlerde kızarıklık ve tahrişi azaltabilir. Rozasea ve egzama gibi durumlarda semptomları hafifletebilir. Ancak nadiren de olsa alerjik reaksiyona neden olabilir. 💡 Yatıştırıcı bir tonik veya maske olarak kullanılabilir. İlk kullanımda yama testi yapın.",neutral,"Olgun ciltlerde nemlendirme ve yatıştırma dışında anti-aging etkisi kanıtlanmamıştır. Kolajen sentezini uyarmaz veya kırışıklıkları azaltmaz. Antioksidan içeriği düşüktür. 💡 Anti-aging rutininizde temel bir bileşen değildir, ancak yatıştırıcı olarak kullanılabilir.",beneficial,Aloe vera suyu hamilelikte topikal kullanım için güvenli kabul edilir. Sistemik emilimi ihmal edilebilir düzeydedir ve teratojenik risk taşımaz. Ciltte tahrişe yol açmaz. 💡 Hamilelikte güvenle kullanılabilir.,1.0,beneficial,"Anti-inflamatuar etkisi, akne lezyonlarındaki kızarıklık ve şişliği azaltabilir. Komedojenik değildir, gözenek tıkamaz. Ancak doğrudan antibakteriyel veya komedolitik etkisi yoktur, bu nedenle akne tedavisinde tek başına yeterli değildir. 💡 Akne tedavisine yardımcı olarak kullanılabilir, ancak salisilik asit veya benzoil peroksit gibi aktiflerle kombine edilmelidir."
Aloe Ferox Leaf Extract,aloeferoxleafextract,-1.0,2.0,0.0,0.0,-2.0,0.0,-2.0,Dry and dehydrated skin|Redness|Impaired skin barrier,,manual_v2,0,Bitkisel Ekstrakt (Cape Aloe),Bitkisel Ekstrakt (Cape Aloe),"Aloe ferox (Cape aloe) yapraklarından elde edilen ekstrakt. Aloe barbadensis'e göre daha yüksek oranda antrakinon (aloin, aloe-emodin) içerir. Güçlü anti-inflamatuar, antimikrobiyal ve hafif müshil etkisi vardır.",caution,"Aloe ferox ekstraktı, içerdiği antrakinonlar nedeniyle hassas ciltlerde tahrişe yol açabilir. Kuru ciltlerde bariyer hasarı varsa, bu bileşenler ciltte yanma ve kızarıklığa neden olabilir. Nemlendirici etkisi sınırlıdır. 💡 Kuru ve hassas ciltlerde kullanmaktan kaçının. Alternatif olarak Aloe barbadensis suyu tercih edin.",beneficial,"Antimikrobiyal özellikleri sayesinde yağlı ciltlerde akneye neden olan bakterileri (C. acnes) inhibe edebilir. Anti-inflamatuar etkisi, yağlı ciltteki inflamasyonu azaltır. Hafif büzücü etkisi ile geçici olarak gözenek görünümünü azaltabilir. 💡 Yağlı ve akneye meyilli ciltler için tonik veya serum olarak kullanılabilir. Ancak yüksek konsantrasyonlarda tahriş yapabilir, düşük konsantrasyonla başlayın.",neutral,"Karma ciltlerde yağlı bölgelere faydalı olabilirken, kuru bölgelerde tahriş riski vardır. Bu nedenle etkisi bölgesel olarak değişir. Genel bir değerlendirme yapmak zordur. 💡 Sadece T-bölgesine uygulayın, kuru yanaklardan kaçının.",neutral,"Normal ciltlerde belirgin bir fayda sağlamaz. Anti-inflamatuar etkisi rutin kullanımda anlamlı değildir. Tahriş riski düşüktür ancak gereksiz kullanım önerilmez. 💡 Gerekli değildir, ancak kullanılacaksa düşük konsantrasyonlu ürünler tercih edin.",caution,"Aloe ferox, antrakinon bileşikleri (aloin) nedeniyle hassas ciltlerde güçlü tahrişe, kızarıklığa ve yanma hissine yol açabilir. Rozasea ve egzama gibi durumları kötüleştirebilir. Alerjik kontakt dermatit riski vardır. 💡 Hassas ciltlerde kesinlikle kullanmayın. Yatıştırıcı olarak Aloe barbadensis tercih edin.",neutral,Olgun ciltlerde anti-aging etkisi kanıtlanmamıştır. Antioksidan içeriği düşüktür. Tahriş riski nedeniyle olgun ve hassas ciltlerde dikkatli kullanılmalıdır. 💡 Anti-aging için etkili bir bileşen değildir. Kullanılacaksa düşük konsantrasyonda ve seyrek olarak kullanın.,caution,"Aloe ferox, antrakinonlar (aloin) içerir. Topikal kullanımda düşük miktarlarda sistemik emilim olabilir. Aloin, yüksek dozlarda oral alındığında uterin kontraksiyonlara neden olabilir. Topikal kullanımda risk düşük olsa da, hamilelikte güvenli kabul edilmez. 💡 Hamilelikte kullanmaktan kaçının. Alternatif olarak Aloe barbadensis suyu tercih edin.",2.0,beneficial,"Antimikrobiyal etkisi sayesinde C. acnes bakterisini inhibe eder. Anti-inflamatuar özelliği, akne lezyonlarındaki kızarıklık ve şişliği azaltır. Hafif komedolitik etkisi olabilir. Ancak yüksek konsantrasyonlarda tahriş yapabilir. 💡 Akne tedavisinde yardımcı olarak kullanılabilir. Düşük konsantrasyonlu ürünlerle başlayın ve tahriş durumunda kullanımı bırakın."
Aloe Vera Extract,aloeveraextract,2.0,1.0,1.0,0.0,2.0,0.0,3.0,Dry and dehydrated skin|Redness|Impaired skin barrier|Anyone,,manual_v2,0,Bitkisel Ekstrakt (Aloe Vera),Bitkisel Ekstrakt (Aloe Vera),"Aloe barbadensis yapraklarından elde edilen konsantre ekstrakt. Aloe vera suyuna göre daha yüksek oranda aktif bileşen (polisakkaritler, vitaminler, enzimler) içerir. Nemlendirici, yatıştırıcı ve anti-inflamatuar özellikleri daha belirgindir.",beneficial,"Aloe vera ekstraktı, yüksek polisakkarit içeriği sayesinde cilt yüzeyinde nem tutucu bir film oluşturur ve transepidermal su kaybını azaltır. Kuru ciltlerde pullanma ve sıkılık hissini hafifletir. Ancak tek başına yoğun nemlendirme sağlamaz. 💡 Hyaluronik asit veya seramid içeren bir nemlendirici ile birlikte kullanın. Kuru ciltler için tek başına yeterli değildir.",beneficial,"Hafif yapısı yağlı ciltlerde ağırlık yapmaz. Anti-inflamatuar etkisi, yağlı ciltteki hafif inflamasyonu azaltabilir. Sebum kontrolü veya gözenek sıkılaştırma gibi spesifik etkileri yoktur. 💡 Yağlı ciltler için hafif bir nemlendirici olarak kullanılabilir. Sebum kontrolü için niasinamid veya salisilik asit ile kombine edin.",beneficial,"Karma ciltlerde hem kuru bölgelere hafif nem sağlar hem de yağlı bölgelerde ağırlık yapmaz. Yatıştırıcı özelliği, T-bölgesindeki hafif inflamasyonu azaltabilir. Ancak kuru yanaklar için yeterli nemlendirme sağlamayabilir. 💡 Karma ciltler için uygun bir nemlendirici olarak kullanılabilir. Kuru bölgelere ek nemlendirici uygulayın.",neutral,"Normal ciltlerde belirgin bir fayda sağlamaz. Hafif nemlendirme ve yatıştırma dışında klinik olarak anlamlı bir etkisi yoktur. 💡 Gerekli değildir, ancak hassasiyet yoksa rahatlıkla kullanılabilir.",beneficial,Anti-inflamatuar ve yatıştırıcı özellikleri sayesinde hassas ciltlerde kızarıklık ve tahrişi azaltabilir. Rozasea ve egzama gibi durumlarda semptomları hafifletebilir. Alerjik reaksiyon riski düşüktür. 💡 Yatıştırıcı bir serum veya nemlendirici olarak kullanılabilir. İlk kullanımda yama testi yapın.,neutral,"Olgun ciltlerde nemlendirme ve yatıştırma dışında anti-aging etkisi kanıtlanmamıştır. Kolajen sentezini uyarmaz veya kırışıklıkları azaltmaz. Antioksidan içeriği düşüktür. 💡 Anti-aging rutininizde temel bir bileşen değildir, ancak yatıştırıcı olarak kullanılabilir.",beneficial,Aloe vera ekstraktı hamilelikte topikal kullanım için güvenli kabul edilir. Sistemik emilimi ihmal edilebilir düzeydedir ve teratojenik risk taşımaz. 💡 Hamilelikte güvenle kullanılabilir.,1.0,beneficial,"Anti-inflamatuar etkisi, akne lezyonlarındaki kızarıklık ve şişliği azaltabilir. Komedojenik değildir. Ancak doğrudan antibakteriyel veya komedolitik etkisi yoktur. 💡 Akne tedavisine yardımcı olarak kullanılabilir, ancak salisilik asit veya benzoil peroksit gibi aktiflerle kombine edilmelidir."
Alpha Arbutin,alphaarbutin,2.0,2.0,2.0,1.0,2.0,2.0,2.0,Pigmentation|Radiance|Anyone,,manual_v2,0,Aydınlatıcı,Aydınlatıcı,"Alfa arbutin, hidrokinonun glikozillenmiş bir türevidir. Ciltte tirozinaz enzimini inhibe ederek melanin sentezini baskılar. L-arbutine göre daha stabil ve daha az tahriş edicidir. Hiperpigmentasyon tedavisinde etkilidir.",beneficial,"Alfa arbutin, kuru ciltlerde genellikle iyi tolere edilir ve tahriş yapmaz. Hiperpigmentasyon sorunları (güneş lekeleri, melazma) kuru ciltlerde de görülür ve alfa arbutin bu lekeleri azaltmada etkilidir. Nemlendirici etkisi yoktur, bu nedenle nemlendirici ile kombine edilmelidir. 💡 Gece rutininize ekleyin, sabah mutlaka SPF50+ güneş kremi kullanın. Nemlendirici ile birlikte uygulayın.",beneficial,"Alfa arbutin, yağlı ciltlerde hafif yapısı sayesinde ağırlık yapmaz ve gözenek tıkamaz. Hiperpigmentasyon (akne sonrası lekeler) yağlı ciltlerde sık görülür ve alfa arbutin bu lekeleri azaltmada etkilidir. Sebum kontrolüne etkisi yoktur. 💡 Akne sonrası lekeler için idealdir. Gece kullanın, sabah güneş koruyucu uygulayın. Niasinamid ile kombine edilebilir.",beneficial,"Karma ciltlerde hem kuru hem yağlı bölgelerde kullanılabilir. Hiperpigmentasyon sorunlarına karşı etkilidir. Tahriş riski düşüktür. 💡 Tüm yüze uygulanabilir. Gece kullanın, sabah güneş koruyucu ihmal etmeyin.",beneficial,"Normal ciltlerde hiperpigmentasyon varsa faydalıdır. Aksi halde belirgin bir etkisi yoktur. Güvenli ve iyi tolere edilir. 💡 Leke sorunu varsa kullanın, yoksa gerekli değildir.",beneficial,"Alfa arbutin, hidrokinona göre çok daha az tahriş edicidir ve hassas ciltlerde genellikle iyi tolere edilir. Hiperpigmentasyon tedavisinde güvenli bir alternatiftir. Ancak nadiren de olsa hafif irritasyona neden olabilir. 💡 Hassas ciltler için uygun bir leke tedavisidir. Düşük konsantrasyonla başlayın ve yama testi yapın.",beneficial,"Olgun ciltlerde yaşlılık lekeleri ve güneş hasarına bağlı hiperpigmentasyon sık görülür. Alfa arbutin, bu lekeleri azaltmada etkilidir. Anti-aging etkisi doğrudan olmasa da, leke görünümünü azaltarak cilt tonunu eşitler. 💡 Yaşlılık lekeleri için etkilidir. Gece kullanın, sabah güneş koruyucu şarttır. Retinol veya C vitamini ile kombine edilebilir.",beneficial,"Alfa arbutin, hidrokinona göre daha güvenli kabul edilir. Topikal kullanımda sistemik emilimi düşüktür ve teratojenik risk taşımadığı düşünülmektedir. Ancak hamilelikte kullanımıyla ilgili yeterli çalışma yoktur, bu nedenle dikkatli olunmalıdır. 💡 Hamilelikte kullanılabilir, ancak doktorunuza danışmanız önerilir. Güneş koruyucu kullanmayı ihmal etmeyin.",2.0,beneficial,"Alfa arbutin, akne sonrası hiperpigmentasyon (PIH) tedavisinde etkilidir. Komedojenik değildir ve akneyi kötüleştirmez. Anti-inflamatuar etkisi yoktur, ancak leke tedavisinde önemli bir bileşendir. 💡 Akne sonrası lekeler için idealdir. Gece kullanın, sabah güneş koruyucu uygulayın. Salisilik asit veya retinoidlerle kombine edilebilir."
Alpha-Glucan Oligosaccharide,alphaglucanoligosaccharide,2.0,2.0,2.0,1.0,2.0,1.0,3.0,Dry and dehydrated skin,,top1000,33,Nemlendirici,Nemlendirici,"Alfa-glukan oligosakkarit, doğal bir prebiyotik bileşendir. Cilt yüzeyinde faydalı bakterilerin (mikrobiyom) büyümesini teşvik ederken, zararlı bakterileri inhibe eder. Hafif nemlendirici etkisi vardır ve cilt bariyerini destekler.",beneficial,"Alfa-glukan oligosakkarit, cilt mikrobiyomunu dengeleyerek bariyer fonksiyonunu destekler. Kuru ciltlerde bariyer hasarı sık görülür ve bu bileşen bariyer onarımına yardımcı olabilir. Nemlendirici etkisi hafiftir, ancak diğer nemlendiricilerle sinerji yaratır. 💡 Nemlendirici rutininize ekleyin. Seramid ve hyaluronik asit içeren ürünlerle kombine edin.",beneficial,"Yağlı ciltlerde mikrobiyom dengesizliği (örneğin C. acnes baskınlığı) akneye katkıda bulunabilir. Alfa-glukan oligosakkarit, faydalı bakterileri artırarak bu dengeyi düzeltebilir. Hafif nemlendirici etkisi yağlı ciltler için yeterlidir ve ağırlık yapmaz. 💡 Yağlı ve akneye meyilli ciltler için faydalıdır. Hafif bir serum veya nemlendirici olarak kullanılabilir.",beneficial,"Karma ciltlerde mikrobiyom dengesi önemlidir. Alfa-glukan oligosakkarit, hem kuru hem yağlı bölgelerde mikrobiyomu destekler. Hafif nemlendirme sağlar ve bariyer fonksiyonunu iyileştirir. 💡 Karma ciltler için uygun bir prebiyotik nemlendiricidir. Tüm yüze uygulanabilir.",beneficial,"Normal ciltlerde mikrobiyom dengesini korumaya yardımcı olur. Hafif nemlendirme sağlar. Belirgin bir faydası olmasa da, cilt sağlığını destekler. 💡 Cilt bakım rutininize prebiyotik destek olarak ekleyebilirsiniz.",beneficial,"Hassas ciltlerde mikrobiyom dengesizliği sık görülür ve inflamasyonu artırabilir. Alfa-glukan oligosakkarit, faydalı bakterileri destekleyerek cilt bariyerini güçlendirir ve tahrişi azaltabilir. Egzama ve rozasea gibi durumlarda faydalı olabilir. 💡 Hassas ciltler için idealdir. Yatıştırıcı bir nemlendirici ile birlikte kullanın.",beneficial,"Olgun ciltlerde mikrobiyom çeşitliliği azalır. Alfa-glukan oligosakkarit, mikrobiyomu destekleyerek cilt bariyerini güçlendirebilir. Anti-aging etkisi doğrudan olmasa da, sağlıklı bir bariyer yaşlanma belirtilerini geciktirebilir. 💡 Anti-aging rutininize prebiyotik olarak ekleyin. Retinol ve antioksidanlarla birlikte kullanılabilir.",beneficial,"Alfa-glukan oligosakkarit, doğal bir şeker türevidir ve topikal kullanımda sistemik emilimi ihmal edilebilir düzeydedir. Hamilelikte güvenli kabul edilir. 💡 Hamilelikte güvenle kullanılabilir.",2.0,beneficial,"Akneye meyilli ciltlerde C. acnes baskınlığı vardır. Alfa-glukan oligosakkarit, faydalı bakterileri (örneğin Staphylococcus epidermidis) artırarak akne oluşumunu azaltabilir. Komedojenik değildir ve anti-inflamatuar etkisi vardır. 💡 Akne tedavisinde prebiyotik destek olarak kullanılabilir. Salisilik asit veya niasinamid ile kombine edin."
Alpha-Isomethyl Ionone,alphaisomethylionone,0.0,0.0,0.0,0.0,-2.0,0.0,0.0,,Sensitive,top1000,988,Koku Alerjeni,Koku Alerjeni,"Alpha-Isomethyl Ionone, sentetik bir koku bileşenidir ve genellikle parfümlerde kullanılır. Kozmetik ürünlerde koku vermek amacıyla eklenir, ancak cilt üzerinde belirgin bir bakım etkisi yoktur. Hassas ciltlerde alerjik reaksiyonlara neden olabilir.",neutral,"Kuru ciltlerde doğrudan bir fayda veya zarar sağlamaz; ancak koku alerjeni olarak hassasiyeti tetikleyebilir. 💡 Kuru ciltlerde kullanımı genellikle sorun yaratmaz, ancak hassasiyet durumunda kokusuz ürünler tercih edilmelidir.",neutral,"Yağlı ciltlerde herhangi bir terapötik etkisi yoktur; sadece koku katkısı sağlar. 💡 Yağlı ciltlerde kullanımı güvenlidir, ancak akneye meyilli ciltlerde tahriş riski nedeniyle dikkatli olunmalıdır.",neutral,"Karma ciltlerde belirgin bir etkisi yoktur; koku bileşeni olarak cilt bakımına katkıda bulunmaz. 💡 Karma ciltlerde sorun yaratmaz, ancak hassas bölgelerde reaksiyon görülürse kullanımdan kaçınılmalıdır.",neutral,"Normal ciltlerde herhangi bir fayda veya zarar sağlamaz; sadece koku için eklenir. 💡 Normal ciltlerde güvenle kullanılabilir, ancak alerjik reaksiyon riski düşüktür.",caution,"Alpha-Isomethyl Ionone, yaygın bir koku alerjenidir ve hassas ciltlerde kontakt dermatit, kızarıklık ve kaşıntıya neden olabilir. Rozasea ve egzama gibi durumları kötüleştirebilir. 💡 Hassas ciltlerde kokusuz ürünler tercih edilmeli; bu bileşeni içeren ürünlerden kaçınılmalıdır.",neutral,"Olgun ciltlerde herhangi bir anti-aging etkisi yoktur; sadece koku katkısı sağlar. 💡 Olgun ciltlerde kullanımı güvenlidir, ancak hassasiyet durumunda kokusuz ürünler önerilir.",neutral,"Hamilelikte kullanımı genellikle güvenli kabul edilir, ancak yüksek konsantrasyonlarda alerjik reaksiyon riski vardır. 💡 Hamilelikte düşük konsantrasyonlu ürünler tercih edilmeli; hassasiyet durumunda kullanımdan kaçınılmalıdır.",-1.0,caution,"Akneye meyilli ciltlerde doğrudan komedojenik değildir, ancak tahrişe bağlı inflamasyonu artırabilir ve akne lezyonlarını kötüleştirebilir. 💡 Akneli ciltlerde kokusuz ürünler tercih edilmeli; tahriş riskini azaltmak için bu bileşenden kaçınılmalıdır."
Alpha-Isomethyl Lonone,alphaisomethyllonone,0.0,0.0,0.0,0.0,-2.0,0.0,0.0,,,top1000,125,Cilt Bakım Bileşeni,Cilt Bakım Bileşeni,"Alpha-Isomethyl Lonone (muhtemelen yazım hatası, aslında Alpha-Isomethyl Ionone) sentetik bir koku bileşenidir. Cilt bakımında terapötik bir etkisi yoktur; sadece koku vermek için kullanılır. Hassas ciltlerde alerjik reaksiyonlara neden olabilir.",neutral,"Kuru ciltlerde doğrudan bir fayda veya zarar sağlamaz; koku bileşeni olarak cilt bariyerine etkisi yoktur. 💡 Kuru ciltlerde kullanımı genellikle sorun yaratmaz, ancak hassasiyet durumunda kokusuz ürünler tercih edilmelidir.",neutral,"Yağlı ciltlerde herhangi bir terapötik etkisi yoktur; sadece koku katkısı sağlar. 💡 Yağlı ciltlerde kullanımı güvenlidir, ancak akneye meyilli ciltlerde tahriş riski nedeniyle dikkatli olunmalıdır.",neutral,"Karma ciltlerde belirgin bir etkisi yoktur; koku bileşeni olarak cilt bakımına katkıda bulunmaz. 💡 Karma ciltlerde sorun yaratmaz, ancak hassas bölgelerde reaksiyon görülürse kullanımdan kaçınılmalıdır.",neutral,"Normal ciltlerde herhangi bir fayda veya zarar sağlamaz; sadece koku için eklenir. 💡 Normal ciltlerde güvenle kullanılabilir, ancak alerjik reaksiyon riski düşüktür.",caution,"Alpha-Isomethyl Lonone, yaygın bir koku alerjenidir ve hassas ciltlerde kontakt dermatit, kızarıklık ve kaşıntıya neden olabilir. Rozasea ve egzama gibi durumları kötüleştirebilir. 💡 Hassas ciltlerde kokusuz ürünler tercih edilmeli; bu bileşeni içeren ürünlerden kaçınılmalıdır.",neutral,"Olgun ciltlerde herhangi bir anti-aging etkisi yoktur; sadece koku katkısı sağlar. 💡 Olgun ciltlerde kullanımı güvenlidir, ancak hassasiyet durumunda kokusuz ürünler önerilir.",neutral,"Hamilelikte kullanımı genellikle güvenli kabul edilir, ancak yüksek konsantrasyonlarda alerjik reaksiyon riski vardır. 💡 Hamilelikte düşük konsantrasyonlu ürünler tercih edilmeli; hassasiyet durumunda kullanımdan kaçınılmalıdır.",-1.0,caution,"Akneye meyilli ciltlerde doğrudan komedojenik değildir, ancak tahrişe bağlı inflamasyonu artırabilir ve akne lezyonlarını kötüleştirebilir. 💡 Akneli ciltlerde kokusuz ürünler tercih edilmeli; tahriş riskini azaltmak için bu bileşenden kaçınılmalıdır."
Alumina,alumina,-1.0,0.0,0.0,0.0,-2.0,0.0,0.0,,,top1000,183,Cilt Bakım Bileşeni,Cilt Bakım Bileşeni,"Alumina (alüminyum oksit), kozmetiklerde genellikle aşındırıcı, opaklaştırıcı veya kıvam artırıcı olarak kullanılır. Cilt bakımında doğrudan terapötik bir etkisi yoktur; fiziksel peeling veya renk düzenleyici olarak işlev görür. Yüksek konsantrasyonlarda tahriş edici olabilir.",caution,"Alumina, aşındırıcı yapısıyla kuru ve hassas ciltlerde bariyer hasarını artırabilir, pullanma ve tahrişe neden olabilir. 💡 Kuru ciltlerde fiziksel peeling ürünlerinden kaçınılmalı; kullanılacaksa düşük konsantrasyonlu ve nazik formüller tercih edilmelidir.",neutral,"Yağlı ciltlerde aşındırıcı olarak kullanılabilir, ancak terapötik bir faydası yoktur; aşırı kullanım tahrişe yol açabilir. 💡 Yağlı ciltlerde haftada 1-2 kez fiziksel peeling olarak kullanılabilir, ancak kimyasal peelingler daha etkilidir.",neutral,"Karma ciltlerde bölgesel olarak kullanılabilir; yağlı T-bölgede peeling etkisi sağlarken kuru yanaklarda tahriş yapabilir. 💡 Karma ciltlerde sadece T-bölgeye uygulanmalı, kuru bölgelerden kaçınılmalıdır.",neutral,"Normal ciltlerde düzenli kullanımda sorun yaratmaz, ancak aşırı peeling cilt bariyerini zayıflatabilir. 💡 Normal ciltlerde haftada 1 kez kullanılabilir; daha sık kullanım önerilmez.",caution,"Alumina, hassas ciltlerde mekanik tahrişe neden olarak kızarıklık, yanma ve egzama/rozasea alevlenmelerine yol açabilir. 💡 Hassas ciltlerde fiziksel peeling ürünlerinden kesinlikle kaçınılmalı; kimyasal peelingler (PHA, laktik asit) tercih edilmelidir.",neutral,"Olgun ciltlerde hafif peeling etkisiyle cilt yenilenmesini destekleyebilir, ancak aşırı kullanım kırışıklıkları belirginleştirebilir. 💡 Olgun ciltlerde haftada 1 kez nazikçe kullanılabilir; retinol gibi anti-aging bileşenlerle kombine edilmemelidir.",neutral,Hamilelikte topikal kullanımı güvenlidir; sistemik emilimi ihmal edilebilir düzeydedir. 💡 Hamilelikte düşük konsantrasyonlu ürünler tercih edilmeli; aşırı peelingden kaçınılmalıdır.,-1.0,caution,Akneye meyilli ciltlerde aşındırıcı partiküller inflamasyonu artırabilir ve akne lezyonlarını yayabilir; komedojenik değildir ancak tahriş edicidir. 💡 Akneli ciltlerde fiziksel peeling yerine salisilik asit gibi kimyasal eksfoliyanlar tercih edilmelidir.
Aluminium Chlorohydrate,aluminiumchlorohydrate,-1.0,0.0,0.0,0.0,-2.0,0.0,0.0,,,top1000,37,Cilt Bakım Bileşeni,Cilt Bakım Bileşeni,"Aluminium Chlorohydrate, terlemeyi azaltmak için antiperspirantlarda kullanılan bir alüminyum tuzudur. Ter bezlerini geçici olarak tıkayarak ter üretimini azaltır. Cilt bakımında doğrudan faydası yoktur; deodorant ve antiperspirantlarda bulunur.",caution,Kuru ciltlerde antiperspirant kullanımı cildi daha da kurutabilir ve tahrişe neden olabilir; terleme azalması cilt nemini olumsuz etkileyebilir. 💡 Kuru ciltlerde antiperspirant yerine alkolsüz deodorantlar tercih edilmeli; kullanılacaksa nemlendirici ile kombine edilmelidir.,neutral,"Yağlı ciltlerde terlemeyi azaltarak parlamayı kontrol edebilir, ancak cilt bakımında doğrudan bir etkisi yoktur. 💡 Yağlı ciltlerde antiperspirant kullanımı güvenlidir; ancak gözenek tıkama riskine karşı dikkatli olunmalıdır.",neutral,"Karma ciltlerde bölgesel olarak kullanılabilir; terlemeyi azaltma etkisi cilt tipine özel bir fayda sağlamaz. 💡 Karma ciltlerde kullanımı sorun yaratmaz, ancak kuru bölgelerde tahrişe neden olabilir.",neutral,Normal ciltlerde antiperspirant olarak güvenle kullanılabilir; cilt bakımına katkısı yoktur. 💡 Normal ciltlerde kullanımı güvenlidir; ancak uzun süreli kullanımda cilt tahrişi riski vardır.,caution,"Aluminium Chlorohydrate, hassas ciltlerde kontakt dermatit, kaşıntı ve kızarıklığa neden olabilir; özellikle tıraş sonrası tahrişi artırabilir. 💡 Hassas ciltlerde antiperspirant kullanımından kaçınılmalı; doğal deodorantlar tercih edilmelidir.",neutral,Olgun ciltlerde antiperspirant kullanımı güvenlidir; ancak cilt kuruluğu varsa tahriş riski artar. 💡 Olgun ciltlerde kullanılacaksa nemlendirici ile birlikte uygulanmalıdır.,neutral,"Hamilelikte topikal antiperspirant kullanımı genellikle güvenli kabul edilir; sistemik emilimi düşüktür. 💡 Hamilelikte kullanımı güvenlidir, ancak hassasiyet durumunda doktora danışılmalıdır.",-1.0,caution,Akneye meyilli ciltlerde antiperspirantlar gözenekleri tıkayarak komedon oluşumunu tetikleyebilir; ayrıca tahriş inflamasyonu artırabilir. 💡 Akneli ciltlerde antiperspirant yerine talk pudrası gibi non-komedojenik ürünler tercih edilmelidir.
Aluminum Chlorohydrate,aluminumchlorohydrate,-1.0,0.0,0.0,0.0,-2.0,0.0,0.0,,,top1000,271,Cilt Bakım Bileşeni,Cilt Bakım Bileşeni,"Aluminum Chlorohydrate (Aluminium Chlorohydrate ile aynı bileşen), antiperspirantlarda terlemeyi azaltmak için kullanılan bir alüminyum tuzudur. Ter bezlerini geçici olarak tıkayarak etki gösterir. Cilt bakımında terapötik bir faydası yoktur.",caution,Kuru ciltlerde antiperspirant kullanımı cildi daha da kurutabilir ve tahrişe neden olabilir; terleme azalması cilt nemini olumsuz etkileyebilir. 💡 Kuru ciltlerde antiperspirant yerine alkolsüz deodorantlar tercih edilmeli; kullanılacaksa nemlendirici ile kombine edilmelidir.,neutral,"Yağlı ciltlerde terlemeyi azaltarak parlamayı kontrol edebilir, ancak cilt bakımında doğrudan bir etkisi yoktur. 💡 Yağlı ciltlerde antiperspirant kullanımı güvenlidir; ancak gözenek tıkama riskine karşı dikkatli olunmalıdır.",neutral,"Karma ciltlerde bölgesel olarak kullanılabilir; terlemeyi azaltma etkisi cilt tipine özel bir fayda sağlamaz. 💡 Karma ciltlerde kullanımı sorun yaratmaz, ancak kuru bölgelerde tahrişe neden olabilir.",neutral,Normal ciltlerde antiperspirant olarak güvenle kullanılabilir; cilt bakımına katkısı yoktur. 💡 Normal ciltlerde kullanımı güvenlidir; ancak uzun süreli kullanımda cilt tahrişi riski vardır.,caution,"Aluminum Chlorohydrate, hassas ciltlerde kontakt dermatit, kaşıntı ve kızarıklığa neden olabilir; özellikle tıraş sonrası tahrişi artırabilir. 💡 Hassas ciltlerde antiperspirant kullanımından kaçınılmalı; doğal deodorantlar tercih edilmelidir.",neutral,Olgun ciltlerde antiperspirant kullanımı güvenlidir; ancak cilt kuruluğu varsa tahriş riski artar. 💡 Olgun ciltlerde kullanılacaksa nemlendirici ile birlikte uygulanmalıdır.,neutral,"Hamilelikte topikal antiperspirant kullanımı genellikle güvenli kabul edilir; sistemik emilimi düşüktür. 💡 Hamilelikte kullanımı güvenlidir, ancak hassasiyet durumunda doktora danışılmalıdır.",-1.0,caution,Akneye meyilli ciltlerde antiperspirantlar gözenekleri tıkayarak komedon oluşumunu tetikleyebilir; ayrıca tahriş inflamasyonu artırabilir. 💡 Akneli ciltlerde antiperspirant yerine talk pudrası gibi non-komedojenik ürünler tercih edilmelidir.
Aluminum Hydroxide,aluminumhydroxide,-1.0,2.0,0.0,0.0,-2.0,0.0,-1.0,,,top1000,178,Cilt Bakım Bileşeni,Cilt Bakım Bileşeni,"Alüminyum hidroksit, antiperspirant ve büzücü olarak kullanılan bir alüminyum tuzudur. Ter bezlerini geçici olarak tıkayarak terlemeyi azaltır ve ciltte koruyucu bir bariyer oluşturur. Kozmetikte genellikle deodorant ve antiperspirant formüllerinde bulunur.",caution,Alüminyum hidroksit büzücü etkisiyle cildi kurutabilir ve bariyeri zayıflatabilir. Kuru ciltlerde pullanma ve sıkılık hissini artırabilir. 💡 Kuru ciltlerde kullanmaktan kaçının veya nemlendirici ile kombine edin.,beneficial,"Büzücü özelliği sayesinde gözenekleri geçici olarak sıkılaştırır ve sebum üretimini azaltır. Yağlı ciltlerde parlamayı kontrol altına alır. 💡 Günde bir kez, tercihen sabah kullanın. Aşırı kuruluk yaparsa sıklığı azaltın.",neutral,"Karma ciltlerde T-bölgede faydalı olabilirken yanaklarda kuruluğa neden olabilir. Etkisi bölgesel değişir. 💡 Sadece T-bölgeye uygulayın, yanaklardan kaçının.",neutral,"Normal ciltlerde belirgin bir fayda veya zarar sağlamaz. Terlemeyi azaltmak için kullanılabilir. 💡 İhtiyaç halinde kullanın, günlük zorunlu değildir.",caution,"Alüminyum hidroksit hassas ciltlerde tahriş, kızarıklık ve kontakt dermatite yol açabilir. Rozasea ve egzama gibi durumları kötüleştirebilir. 💡 Hassas ciltlerde kullanmayın. Alternatif olarak çinko oksit içeren ürünleri tercih edin.",neutral,Olgun ciltlerde belirgin bir anti-aging etkisi yoktur. Kurutucu etkisi ince çizgileri belirginleştirebilir. 💡 Nemlendirici ile birlikte kullanın veya alternatif bir antiperspirant seçin.,caution,Alüminyum bileşiklerinin hamilelikte güvenliği tam olarak kanıtlanmamıştır. Yüksek dozlarda sistemik emilim riski nedeniyle dikkatli olunmalıdır. 💡 Hamilelikte kullanmadan önce doktorunuza danışın. Mümkünse alüminyum içermeyen ürünleri tercih edin.,-1.0,caution,Gözenekleri tıkayarak komedon oluşumunu tetikleyebilir. Akneye meyilli ciltlerde siyah nokta ve beyaz nokta riskini artırabilir. 💡 Akneye meyilli ciltlerde kullanmaktan kaçının. Non-komedojenik ürünler tercih edin.
Aluminum Sesquichlorohydrate,aluminumsesquichlorohydrate,-1.0,2.0,0.0,0.0,-2.0,0.0,-1.0,,,top1000,55,Cilt Bakım Bileşeni,Cilt Bakım Bileşeni,"Alüminyum seskiklorohidrat, antiperspirant olarak kullanılan bir alüminyum tuzudur. Ter bezlerini tıkayarak terlemeyi azaltır ve genellikle deodorantlarda bulunur. Ciltte hafif büzücü etki gösterir.",caution,Büzücü etkisi kuru ciltlerde kuruluğu artırabilir ve bariyeri zayıflatabilir. Pullanma ve kaşıntıya neden olabilir. 💡 Kuru ciltlerde kullanmaktan kaçının veya yoğun nemlendirici ile destekleyin.,beneficial,Sebum kontrolüne yardımcı olur ve gözenekleri sıkılaştırır. Yağlı ciltlerde parlamayı azaltır. 💡 Günde bir kez kullanın. Aşırı kuruluk durumunda sıklığı azaltın.,neutral,Karma ciltlerde T-bölgede faydalı olabilir ancak yanaklarda kuruluğa yol açabilir. 💡 Sadece T-bölgeye uygulayın.,neutral,Normal ciltlerde belirgin bir etkisi yoktur. Terlemeyi azaltmak için kullanılabilir. 💡 İhtiyaç halinde kullanın.,caution,"Hassas ciltlerde tahriş, kızarıklık ve kontakt dermatite neden olabilir. Rozasea ve egzama semptomlarını kötüleştirebilir. 💡 Hassas ciltlerde kullanmayın. Alternatif olarak alüminyum içermeyen deodorantlar tercih edin.",neutral,Olgun ciltlerde belirgin bir anti-aging etkisi yoktur. Kurutucu etkisi ince çizgileri belirginleştirebilir. 💡 Nemlendirici ile birlikte kullanın.,caution,Hamilelikte güvenliği tam olarak kanıtlanmamıştır. Yüksek dozlarda sistemik emilim riski vardır. 💡 Hamilelikte kullanmadan önce doktorunuza danışın.,-1.0,caution,Gözenekleri tıkayarak komedon oluşumunu tetikleyebilir. Akneye meyilli ciltlerde siyah nokta riskini artırabilir. 💡 Akneye meyilli ciltlerde kullanmaktan kaçının.
Aluminum Starch Octenylsuccinate,aluminumstarchoctenylsuccinate,-1.0,2.0,0.0,0.0,0.0,0.0,1.0,Oily|Texture,,manual_v2,0,Yağ Emici / Doku Düzenleyici,Yağ Emici / Doku Düzenleyici,"Alüminyum nişasta oktenilsüksinat, modifiye bir nişasta türevidir. Yağ emici ve doku düzenleyici olarak kullanılır, ciltte mat bir görünüm sağlar ve ürünlerin kıvamını iyileştirir.",caution,Yağ emici özelliği kuru ciltlerde nemi azaltabilir ve pullanmayı artırabilir. Bariyeri zayıflatabilir. 💡 Kuru ciltlerde kullanmaktan kaçının veya nemlendirici ile kombine edin.,beneficial,Fazla sebumu emerek cildi matlaştırır ve parlamayı kontrol altına alır. Yağlı ciltler için idealdir. 💡 Günlük bakımda kullanabilirsiniz. Toz formunda ise hafifçe uygulayın.,neutral,Karma ciltlerde T-bölgede faydalı olabilir ancak yanaklarda kuruluğa neden olabilir. 💡 Sadece T-bölgeye uygulayın.,neutral,Normal ciltlerde belirgin bir etkisi yoktur. Mat bir görünüm isteniyorsa kullanılabilir. 💡 İhtiyaç halinde kullanın.,neutral,Genellikle hassas ciltlerde tahrişe neden olmaz. Ancak çok hassas ciltlerde hafif kuruluk yapabilir. 💡 Yama testi yaparak kullanın. Kuruluk yaparsa bırakın.,neutral,Olgun ciltlerde belirgin bir fayda veya zarar sağlamaz. Matlaştırıcı etkisi ince çizgileri belirginleştirebilir. 💡 Kullanacaksanız nemlendirici üzerine hafifçe uygulayın.,beneficial,Alüminyum nişasta oktenilsüksinat genellikle güvenli kabul edilir. Sistemik emilimi düşüktür. 💡 Hamilelikte güvenle kullanılabilir.,1.0,beneficial,Yağ emici özelliği sayesinde sebumu kontrol eder ve gözenek tıkanıklığını azaltabilir. Non-komedojeniktir. 💡 Akneye meyilli ciltlerde güvenle kullanılabilir. Toz formunda hafifçe uygulayın.
Aluminum Zirconium Tetrachlorohydrex Gly,aluminumzirconiumtetrachlorohydrexgly,-2.0,2.0,0.0,0.0,-3.0,0.0,-2.0,,,top1000,29,Cilt Bakım Bileşeni,Cilt Bakım Bileşeni,"Alüminyum zirkonyum tetraklorohidreks glisin, antiperspirant olarak kullanılan bir alüminyum-zirkonyum kompleksidir. Ter bezlerini tıkayarak terlemeyi azaltır ve genellikle klinik güçlü deodorantlarda bulunur.",caution,"Güçlü büzücü etkisi kuru ciltlerde ciddi kuruluk, pullanma ve tahrişe neden olabilir. Bariyeri zayıflatabilir. 💡 Kuru ciltlerde kesinlikle kullanmayın.",beneficial,Güçlü antiperspirant etkisiyle terlemeyi ve sebumu azaltır. Yağlı ciltlerde parlamayı kontrol eder. 💡 Günde bir kez kullanın. Aşırı kuruluk yaparsa sıklığı azaltın.,neutral,Karma ciltlerde T-bölgede faydalı olabilir ancak yanaklarda kuruluğa yol açabilir. 💡 Sadece T-bölgeye uygulayın.,neutral,Normal ciltlerde belirgin bir etkisi yoktur. Terlemeyi azaltmak için kullanılabilir. 💡 İhtiyaç halinde kullanın.,caution,"Güçlü tahriş edici potansiyeli vardır. Hassas ciltlerde kızarıklık, yanma ve kontakt dermatite neden olabilir. Rozasea ve egzama semptomlarını şiddetlendirebilir. 💡 Hassas ciltlerde kesinlikle kullanmayın.",neutral,Olgun ciltlerde belirgin bir anti-aging etkisi yoktur. Kurutucu etkisi ince çizgileri belirginleştirebilir. 💡 Nemlendirici ile birlikte kullanın veya alternatif bir antiperspirant seçin.,caution,Hamilelikte güvenliği kanıtlanmamıştır. Zirkonyum içeriği nedeniyle potansiyel risk taşır. 💡 Hamilelikte kullanmayın. Doktorunuza danışın.,-2.0,caution,Gözenekleri tıkayarak komedon oluşumunu tetikleyebilir. Akneye meyilli ciltlerde siyah nokta ve beyaz nokta riskini artırabilir. 💡 Akneye meyilli ciltlerde kullanmaktan kaçının.
Aminomethyl Propanol,aminomethylpropanol,0.0,0.0,0.0,0.0,-1.0,0.0,1.0,,,top1000,129,pH Düzenleyici,pH Düzenleyici,"Aminometil propanol, bir pH düzenleyici ve tamponlama maddesidir. Kozmetik formüllerde pH'ı ayarlamak için kullanılır. Genellikle düşük konsantrasyonlarda bulunur.",neutral,"Düşük konsantrasyonlarda kuru ciltlerde belirgin bir etkisi yoktur. Ancak yüksek konsantrasyonlarda tahrişe neden olabilir. 💡 Genellikle güvenlidir, ancak ürünün pH'ına dikkat edin.",neutral,Yağlı ciltlerde belirgin bir fayda veya zarar sağlamaz. pH düzenleyici olarak formül stabilitesine katkıda bulunur. 💡 Güvenle kullanılabilir.,neutral,Karma ciltlerde belirgin bir etkisi yoktur. 💡 Güvenle kullanılabilir.,neutral,Normal ciltlerde belirgin bir etkisi yoktur. 💡 Güvenle kullanılabilir.,caution,Yüksek konsantrasyonlarda hassas ciltlerde tahrişe neden olabilir. Düşük konsantrasyonlarda genellikle güvenlidir. 💡 Hassas ciltlerde düşük konsantrasyonlu ürünleri tercih edin. Yama testi yapın.,neutral,Olgun ciltlerde belirgin bir etkisi yoktur. 💡 Güvenle kullanılabilir.,beneficial,Düşük konsantrasyonlarda hamilelikte güvenli kabul edilir. Sistemik emilimi düşüktür. 💡 Hamilelikte güvenle kullanılabilir.,0.0,neutral,Akneye meyilli ciltlerde belirgin bir etkisi yoktur. pH düzenleyici olarak formülün cilt dostu olmasına katkıda bulunabilir. 💡 Güvenle kullanılabilir.
Ammonium Acryloyldimethyltaurate/VP Copolymer,ammoniumacryloyldimethyltauratevpcopolymer,2.0,1.0,1.0,0.0,2.0,2.0,3.0,,,manual_v2,0,Kıvam Artırıcı / Stabilizatör,Kıvam Artırıcı / Stabilizatör,"Ammonium Acryloyldimethyltaurate/VP Copolymer, su bazlı formülasyonlarda jelleştirici ve stabilize edici olarak kullanılan sentetik bir polimerdir. Genellikle hafif, kaygan olmayan bir doku sağlar ve ciltte film oluşturarak su kaybını azaltabilir.",beneficial,"Bu polimer ciltte ince bir film oluşturarak transepidermal su kaybını azaltır ve nemi hapseder. Kuru ciltlerde bariyer desteği sağlar, ancak tek başına nemlendirici değildir. 💡 Hyaluronik asit veya gliserin gibi nemlendiricilerle kombine edin. Kuru ciltlerde güvenle kullanılabilir.",neutral,"Hafif yapısı sayesinde yağlı ciltlerde ağırlık yapmaz ve komedojenik değildir. Sebum kontrolüne doğrudan katkısı yoktur, ancak formülasyonun stabilitesini artırır. 💡 Yağlı ciltler için uygundur, herhangi bir önlem gerektirmez.",neutral,Karma ciltlerde hem kuru hem yağlı bölgelerde tolerans gösterir. Film oluşturma özelliği kuru bölgelere hafif nem sağlarken yağlı bölgelerde ağırlık yapmaz. 💡 Karma ciltlerde rahatlıkla kullanılabilir.,neutral,Normal ciltlerde belirgin bir fayda veya risk oluşturmaz. Genellikle formülasyonun dokusunu iyileştirmek için kullanılır. 💡 Herhangi bir özel önlem gerektirmez.,beneficial,"Hipoalerjenik ve non-komedojenik yapısı sayesinde hassas ciltlerde tahrişe neden olmaz. Film oluşturma özelliği, cilt bariyerini koruyarak dış etkenlere karşı koruma sağlar. 💡 Hassas ciltlerde güvenle kullanılabilir. Alerjik reaksiyon nadirdir.",beneficial,Olgun ciltlerde bariyer desteği sağlayarak ince çizgilerin görünümünü azaltmaya yardımcı olabilir. Nem kaybını önleyici etkisi sayesinde cildin dolgun görünmesine katkıda bulunur. 💡 Anti-aging ürünlerde retinol veya peptitlerle kombine edilebilir.,beneficial,"Sistemik emilimi olmayan, topikal kullanımda güvenli bir polimerdir. Hamilelik ve emzirme döneminde herhangi bir risk taşımaz. 💡 Hamilelikte güvenle kullanılabilir.",1.0,neutral,"Komedojenik değildir ve gözenekleri tıkamaz. Akne tedavisine doğrudan katkısı olmasa da, formülasyonun stabilitesini sağlayarak diğer aktiflerin etkinliğini destekler. 💡 Akneye meyilli ciltlerde kullanımı güvenlidir."
Ammonium Chloride,ammoniumchloride,-1.0,0.0,0.0,0.0,-2.0,-1.0,1.0,,,top1000,47,Cilt Bakım Bileşeni,Cilt Bakım Bileşeni,"Amonyum klorür, bazı cilt bakım ürünlerinde pH düzenleyici veya antimikrobiyal olarak kullanılan bir tuzdur. Ancak yüksek konsantrasyonlarda tahriş edici olabilir ve genellikle düşük oranlarda bulunur.",caution,"Amonyum klorür, kuru ciltlerde bariyeri zayıflatabilir ve transepidermal su kaybını artırabilir. Düşük konsantrasyonlarda genellikle sorun yaratmasa da, hassas kuru ciltlerde kaşıntı veya kuruluk hissine yol açabilir. 💡 Kuru ciltlerde içeren ürünleri dikkatli kullanın; nemlendirici ile destekleyin.",neutral,"Yağlı ciltlerde belirgin bir olumsuz etkisi yoktur. Antimikrobiyal özelliği sayesinde akne oluşumuna katkıda bulunan bakterileri baskılayabilir, ancak bu etki sınırlıdır. 💡 Yağlı ciltlerde genellikle sorun oluşturmaz.",neutral,"Karma ciltlerde kuru bölgelerde hafif tahriş potansiyeli olsa da, genellikle tolere edilir. Yağlı bölgelerde herhangi bir olumsuz etki beklenmez. 💡 Kullanım öncesi yama testi yapılması önerilir.",neutral,Normal ciltlerde düşük konsantrasyonlarda herhangi bir sorun oluşturmaz. pH düzenleyici olarak formülasyonun stabilitesine katkıda bulunur. 💡 Herhangi bir önlem gerektirmez.,caution,"Amonyum klorür, hassas ciltlerde yanma, kızarıklık ve tahrişe neden olabilir. Özellikle rozasea veya egzama gibi durumlarda kaçınılması önerilir. 💡 Hassas ciltlerde içeren ürünlerden kaçının veya düşük konsantrasyonlu ürünleri tercih edin.",caution,"Olgun ciltlerde bariyer fonksiyonu zaten azalmış olabileceğinden, amonyum klorür tahriş riskini artırabilir. Nemlendirici ile kombine edilmelidir. 💡 Olgun ciltlerde dikkatli kullanın; nemlendirici serumlarla destekleyin.",neutral,Topikal kullanımda düşük konsantrasyonlarda sistemik emilim minimaldir ve teratojenik risk taşımaz. Ancak yüksek konsantrasyonlardan kaçınılmalıdır. 💡 Hamilelikte düşük konsantrasyonlu ürünler güvenle kullanılabilir.,0.0,neutral,"Antimikrobiyal etkisi akne bakterilerine karşı hafif fayda sağlayabilir, ancak komedojenik değildir. Yüksek konsantrasyonlarda tahrişe bağlı akne alevlenmesi riski vardır. 💡 Düşük konsantrasyonlu ürünler tercih edin; tahriş durumunda kullanımı bırakın."
Ammonium Hydroxide,ammoniumhydroxide,-2.0,-1.0,-1.0,-1.0,-3.0,-2.0,-1.0,,,top1000,80,Cilt Bakım Bileşeni,Cilt Bakım Bileşeni,"Amonyum hidroksit, pH düzenleyici olarak kullanılan bir alkali bileşiktir. Yüksek pH değeri nedeniyle ciltte tahrişe neden olabilir ve genellikle düşük konsantrasyonlarda formüle edilir.",caution,"Amonyum hidroksit, cildin doğal asit mantosunu bozarak bariyer hasarına yol açabilir. Kuru ciltlerde kuruluğu artırır ve pullanmaya neden olabilir. 💡 Kuru ciltlerde içeren ürünlerden kaçının; pH'ı düşük ürünler tercih edin.",caution,"Yağlı ciltlerde pH dengesini bozarak sebum üretimini geçici olarak artırabilir. Düşük konsantrasyonlarda genellikle tolere edilse de, uzun vadede tahriş riski vardır. 💡 Yağlı ciltlerde dikkatli kullanın; haftada birkaç kez kullanım yeterlidir.",caution,"Karma ciltlerde kuru bölgelerde tahrişe, yağlı bölgelerde ise geçici sebum artışına neden olabilir. Genellikle önerilmez. 💡 Karma ciltlerde kullanmaktan kaçının veya sadece yağlı bölgelere uygulayın.",caution,Normal ciltlerde pH dengesini bozarak cilt bariyerini zayıflatabilir. Düzenli kullanımda hassasiyet gelişebilir. 💡 Normal ciltlerde sık kullanımdan kaçının; haftada bir kez yeterlidir.,caution,"Amonyum hidroksit, hassas ciltlerde şiddetli tahriş, kızarıklık ve yanmaya neden olabilir. Rozasea ve egzama gibi durumlarda kesinlikle kaçınılmalıdır. 💡 Hassas ciltlerde asla kullanmayın; pH nötr ürünler tercih edin.",caution,"Olgun ciltlerde bariyer zaten zayıf olduğundan, amonyum hidroksit tahrişi artırır ve ince çizgileri belirginleştirebilir. Nem kaybını hızlandırır. 💡 Olgun ciltlerde kullanmayın; nemlendirici ve bariyer onarıcı ürünler tercih edin.",caution,"Topikal kullanımda düşük konsantrasyonlarda sistemik emilim düşüktür, ancak tahriş riski nedeniyle hamilelikte dikkatli olunmalıdır. Yüksek konsantrasyonlardan kaçınılmalıdır. 💡 Hamilelikte düşük konsantrasyonlu ürünler kullanılabilir, ancak tahriş durumunda bırakın.",-1.0,caution,"Yüksek pH, akne bakterilerinin çoğalmasını teşvik edebilir ve tahrişe bağlı inflamasyonu artırabilir. Düşük konsantrasyonlarda bile risklidir. 💡 Akneye meyilli ciltlerde kullanmaktan kaçının; salisilik asit gibi düşük pH'lı ürünler tercih edin."
Ammonium Lauryl Sulfate,ammoniumlaurylsulfate,-3.0,-2.0,-2.0,-1.0,-3.0,-3.0,-1.0,,Sensitive|Dry Dehydrated|Impaired skin barrier,top1000,185,Yüzey Aktif Madde (Sert),Yüzey Aktif Madde (Sert),"Amonyum lauril sülfat, güçlü temizleme ve köpürme özelliğine sahip anyonik bir yüzey aktif maddedir. Cildin doğal yağlarını ve nemini uzaklaştırarak kuruluğa ve tahrişe neden olabilir.",caution,"Amonyum lauril sülfat, kuru ciltlerde bariyer hasarını şiddetlendirir, transepidermal su kaybını artırır ve pullanmaya yol açar. Uzun vadede egzama benzeri durumları tetikleyebilir. 💡 Kuru ciltlerde kesinlikle kullanmayın; sülfatsız temizleyiciler tercih edin.",caution,"Yağlı ciltlerde aşırı sebumu uzaklaştırsa da, cildi kurutarak kompansatuvar sebum üretimine neden olabilir. Uzun vadede cilt bariyerini zayıflatır. 💡 Yağlı ciltlerde haftada 1-2 kez kullanılabilir, ancak sülfatsız alternatifler daha iyidir.",caution,"Karma ciltlerde kuru bölgelerde tahrişe, yağlı bölgelerde ise aşırı kurumaya neden olur. Dengeyi bozarak cilt sorunlarını artırabilir. 💡 Karma ciltlerde kullanmaktan kaçının; nazik temizleyiciler tercih edin.",caution,Normal ciltlerde düzenli kullanımda bariyer fonksiyonunu bozarak kuruluk ve hassasiyet gelişimine neden olabilir. Ara sıra kullanım tolere edilebilir. 💡 Normal ciltlerde sık kullanmayın; haftada bir kez yeterlidir.,caution,"Amonyum lauril sülfat, hassas ciltlerde şiddetli tahriş, kızarıklık ve yanmaya neden olur. Rozasea ve egzama gibi durumlarda kesinlikle kontrendikedir. 💡 Hassas ciltlerde asla kullanmayın; sülfatsız, nazik temizleyiciler tercih edin.",caution,"Olgun ciltlerde bariyer zaten zayıf olduğundan, amonyum lauril sülfat kuruluğu ve kırışıklıkları artırır. Nem kaybını hızlandırarak cildin yaşlanmasını hızlandırabilir. 💡 Olgun ciltlerde kesinlikle kullanmayın; nemlendirici temizleyiciler tercih edin.",caution,"Topikal kullanımda sistemik emilim düşüktür, ancak tahriş riski nedeniyle hamilelikte dikkatli olunmalıdır. Yüksek konsantrasyonlardan kaçınılmalıdır. 💡 Hamilelikte düşük konsantrasyonlu ürünler kullanılabilir, ancak tahriş durumunda bırakın.",-2.0,caution,"Cildi kurutarak bariyer hasarına yol açar, bu da akne tedavisini zorlaştırır. Tahriş, inflamasyonu artırarak akne alevlenmesine neden olabilir. 💡 Akneye meyilli ciltlerde kullanmayın; sülfatsız, hafif temizleyiciler tercih edin."
Ammonium Polyacryloyldimethyl Taurate,ammoniumpolyacryloyldimethyltaurate,2.0,1.0,1.0,0.0,2.0,2.0,3.0,,,top1000,41,Kıvam Artırıcı / Stabilizatör,Kıvam Artırıcı / Stabilizatör,"Ammonium Polyacryloyldimethyl Taurate, su bazlı formülasyonlarda jelleştirici ve stabilize edici olarak kullanılan sentetik bir polimerdir. Hafif, kaygan olmayan bir doku sağlar ve ciltte film oluşturarak su kaybını azaltabilir.",beneficial,"Bu polimer ciltte ince bir film oluşturarak transepidermal su kaybını azaltır ve nemi hapseder. Kuru ciltlerde bariyer desteği sağlar, ancak tek başına nemlendirici değildir. 💡 Hyaluronik asit veya gliserin gibi nemlendiricilerle kombine edin. Kuru ciltlerde güvenle kullanılabilir.",neutral,"Hafif yapısı sayesinde yağlı ciltlerde ağırlık yapmaz ve komedojenik değildir. Sebum kontrolüne doğrudan katkısı yoktur, ancak formülasyonun stabilitesini artırır. 💡 Yağlı ciltler için uygundur, herhangi bir önlem gerektirmez.",neutral,Karma ciltlerde hem kuru hem yağlı bölgelerde tolerans gösterir. Film oluşturma özelliği kuru bölgelere hafif nem sağlarken yağlı bölgelerde ağırlık yapmaz. 💡 Karma ciltlerde rahatlıkla kullanılabilir.,neutral,Normal ciltlerde belirgin bir fayda veya risk oluşturmaz. Genellikle formülasyonun dokusunu iyileştirmek için kullanılır. 💡 Herhangi bir özel önlem gerektirmez.,beneficial,"Hipoalerjenik ve non-komedojenik yapısı sayesinde hassas ciltlerde tahrişe neden olmaz. Film oluşturma özelliği, cilt bariyerini koruyarak dış etkenlere karşı koruma sağlar. 💡 Hassas ciltlerde güvenle kullanılabilir. Alerjik reaksiyon nadirdir.",beneficial,Olgun ciltlerde bariyer desteği sağlayarak ince çizgilerin görünümünü azaltmaya yardımcı olabilir. Nem kaybını önleyici etkisi sayesinde cildin dolgun görünmesine katkıda bulunur. 💡 Anti-aging ürünlerde retinol veya peptitlerle kombine edilebilir.,beneficial,"Sistemik emilimi olmayan, topikal kullanımda güvenli bir polimerdir. Hamilelik ve emzirme döneminde herhangi bir risk taşımaz. 💡 Hamilelikte güvenle kullanılabilir.",1.0,neutral,"Komedojenik değildir ve gözenekleri tıkamaz. Akne tedavisine doğrudan katkısı olmasa da, formülasyonun stabilitesini sağlayarak diğer aktiflerin etkinliğini destekler. 💡 Akneye meyilli ciltlerde kullanımı güvenlidir."
Ammonium Sulfate,ammoniumsulfate,-2.0,0.0,-1.0,0.0,-2.0,-1.0,0.0,,,top1000,42,Cilt Bakım Bileşeni,Cilt Bakım Bileşeni,"Amonyum sülfat, genellikle şampuan ve temizleyicilerde köpük artırıcı ve viskozite düzenleyici olarak kullanılan bir tuzdur. Cilt bakımında doğrudan terapötik bir faydası yoktur; daha çok formülasyon yardımcısıdır. Yüksek konsantrasyonlarda ciltte kuruluk ve tahrişe neden olabilir.",caution,"Amonyum sülfat, higroskopik yapısıyla ciltten nem çekerek kuru ciltte dehidrasyonu artırabilir. Bariyer hasarı olan ciltlerde pullanma ve sıkılık hissini kötüleştirir. Düşük konsantrasyonlarda bile uzun süreli temas kuruluğa yol açar. 💡 Kuru ciltler için amonyum sülfat içeren temizleyicilerden kaçının; sülfatsız, nemlendirici bazlı temizleyiciler tercih edin.",neutral,"Amonyum sülfatın yağlı cilt üzerinde belirgin bir faydası veya zararı yoktur. Sebum kontrolüne katkı sağlamaz; sadece köpük oluşturarak temizlik hissini artırabilir. Ancak aşırı kullanım cildin doğal yağ dengesini bozabilir. 💡 Yağlı ciltler için sorun oluşturmaz, ancak gereksiz yere yüksek konsantrasyonlu ürünlerden kaçının.",neutral,"Karma ciltte T-bölge yağlı, yanaklar kuru olduğu için amonyum sülfat kuru bölgelerde kuruluğa neden olabilir. Yağlı bölgelerde belirgin bir etkisi yoktur. Genel olarak dengeyi bozma potansiyeli düşüktür. 💡 Karma ciltler için amonyum sülfat içeren ürünleri yalnızca T-bölgeye uygulayın veya tamamen kaçının.",neutral,"Normal ciltte amonyum sülfat genellikle tahrişe neden olmaz, ancak uzun vadede kuruluk yapabilir. Cilt bariyeri sağlam olduğu için düşük konsantrasyonlar tolere edilebilir. 💡 Normal ciltler için ara sıra kullanım sorun yaratmaz, ancak günlük kullanımdan kaçının.",caution,"Amonyum sülfat, hassas ciltte ve rozasea/egzama gibi durumlarda bariyeri zayıflatarak kızarıklık, yanma ve kaşıntıyı tetikleyebilir. pH dengesini bozucu etkisi tahrişi artırır. 💡 Hassas ciltler için amonyum sülfat içeren ürünlerden kesinlikle kaçının; nazik, sülfatsız temizleyiciler kullanın.",caution,Olgun ciltte doğal nem tutma kapasitesi azaldığı için amonyum sülfat kuruluğu artırabilir. Kırışıklık görünümünü belirginleştirebilir. Anti-aging faydası yoktur. 💡 Olgun ciltler için amonyum sülfattan kaçının; nemlendirici ve bariyer onarıcı temizleyiciler tercih edin.,neutral,Amonyum sülfatın topikal kullanımı hamilelikte güvenli kabul edilir. Sistemik emilimi düşüktür ve teratojenik risk taşımaz. Ancak yüksek konsantrasyonlarda cilt tahrişi yapabilir. 💡 Hamilelikte düşük konsantrasyonlu ürünler güvenlidir; ancak hassasiyet durumunda kaçının.,-1.0,caution,"Amonyum sülfat akneye doğrudan neden olmaz, ancak cildi kurutarak bariyer hasarına yol açabilir. Bariyer hasarı, akne tedavisinde kullanılan aktiflerin (retinoid, BHA) tahrişini artırabilir. Komedojenik değildir. 💡 Akneye meyilli ciltlerde amonyum sülfat içeren ürünleri sınırlı kullanın; kurutucu etkisi akne tedavisini zorlaştırabilir."
Amodimethicone,amodimethicone,2.0,-1.0,0.0,0.0,2.0,2.0,0.0,Texture,,top1000,263,Silikon,Silikon,"Amodimethicone, saç ve cilt bakımında kullanılan katyonik bir silikondur. Ciltte ince bir film tabakası oluşturarak yumuşaklık ve pürüzsüzlük sağlar. Suya dayanıklıdır ve kalıntı bırakma potansiyeli düşüktür.",beneficial,"Amodimethicone, kuru ciltte bariyer onarıcı film oluşturarak transepidermal su kaybını azaltır. Pullanma ve sıkılık hissini geçici olarak yatıştırır. Nemlendiricilerle birlikte kullanıldığında etkisi artar. 💡 Kuru ciltler için nemlendirici sonrası ince bir tabaka halinde uygulayın; gece bakımında kullanılabilir.",caution,"Amodimethicone yağlı ciltte gözenek tıkama potansiyeli taşır. Film tabakası sebum birikimine yol açabilir ve parlaklığı artırabilir. Non-komedojenik olarak etiketlense de bazı kullanıcılarda komedon oluşumuna neden olabilir. 💡 Yağlı ciltlerde hafif, su bazlı silikonlar tercih edin; amodimethicone içeren ürünleri sadece kuru bölgelere uygulayın.",neutral,"Karma ciltte T-bölge yağlı, yanaklar kuru olduğu için amodimethicone kuru bölgelere faydalı, yağlı bölgelere ise potansiyel olarak komedojenik olabilir. Dengeyi sağlamak için bölgesel uygulama önerilir. 💡 Karma ciltlerde sadece kuru yanaklara uygulayın; T-bölgeden kaçının.",neutral,"Normal ciltte amodimethicone genellikle tolere edilir, ancak uzun süreli kullanımda birikim yapabilir. Belirgin bir fayda veya zarar sağlamaz. 💡 Normal ciltler için ara sıra kullanım uygundur; günlük kullanımda haftada bir kez derin temizlik önerilir.",beneficial,"Amodimethicone, hassas ciltte ve rozasea/egzama gibi durumlarda koruyucu bariyer oluşturarak tahriş edici maddelere karşı cildi korur. Yatıştırıcı etkisi sayesinde kızarıklık ve yanmayı azaltabilir. 💡 Hassas ciltler için nemlendirici sonrası ince tabaka halinde uygulayın; yatıştırıcı serumlarla kombine edin.",beneficial,"Olgun ciltte amodimethicone, ince çizgi ve kırışıklıkların görünümünü geçici olarak doldurarak pürüzsüz bir yüzey sağlar. Bariyer desteği ile nem kaybını azaltır ve cildi yumuşatır. 💡 Olgun ciltler için makyaj altına baz olarak kullanılabilir; gece bakımında nemlendirici üzerine uygulayın.",neutral,Amodimethicone topikal kullanımda hamilelikte güvenli kabul edilir. Sistemik emilimi ihmal edilebilir düzeydedir ve teratojenik risk taşımaz. 💡 Hamilelikte güvenle kullanılabilir; ancak aşırı kullanımdan kaçının.,-1.0,caution,Amodimethicone akneye meyilli ciltte gözenek tıkama riski taşır. Film tabakası sebum ve ölü deri hücrelerinin birikimine yol açarak komedon oluşumunu tetikleyebilir. Non-komedojenik iddiasına rağmen bireysel reaksiyonlar görülebilir. 💡 Akneye meyilli ciltlerde silikon içermeyen ürünler tercih edin; kullanılacaksa hafif ve su bazlı silikonlar seçin.
Amyl Cinnamal,amylcinnamal,-1.0,-1.0,-1.0,-1.0,-3.0,-1.0,-1.0,,Sensitive,top1000,222,Koku Alerjeni,Koku Alerjeni,"Amyl Cinnamal, yasemin benzeri bir kokuya sahip doğal veya sentetik bir aroma bileşiğidir. Kozmetiklerde parfüm olarak kullanılır, ancak yaygın bir kontakt alerjendir ve hassas bireylerde alerjik reaksiyonlara neden olabilir.",caution,"Amyl Cinnamal, kuru ciltte bariyer hasarı nedeniyle daha kolay penetre olabilir ve alerjik kontakt dermatit riskini artırır. Kuru ciltte kaşıntı ve kızarıklığı tetikleyebilir. 💡 Kuru ciltler için parfümsüz ürünler tercih edin; amyl cinnamal içeren ürünlerden kaçının.",caution,"Yağlı ciltte alerjen etkisi daha düşük olsa da, uzun süreli maruziyet tahrişe yol açabilir. Akneye doğrudan etkisi yoktur, ancak inflamasyonu artırabilir. 💡 Yağlı ciltlerde parfümlü ürünlerden kaçının; hipoalerjenik ürünler tercih edin.",caution,"Karma ciltte kuru bölgeler alerjene karşı daha hassastır. Amyl Cinnamal, kuru yanaklarda reaksiyona neden olabilirken yağlı T-bölgede sorun yaratmayabilir. 💡 Karma ciltler için parfümsüz ürünler kullanın; alerjen içeren ürünleri yama testi yaparak deneyin.",caution,Normal ciltte alerjen olarak kontakt dermatit riski taşır. Herhangi bir faydası yoktur; sadece koku amaçlıdır ve hassasiyet gelişebilir. 💡 Normal ciltler için parfümsüz ürünler tercih edin; alerjen içeren ürünleri sürekli kullanmaktan kaçının.,caution,"Amyl Cinnamal, hassas ciltte ve rozasea/egzama gibi durumlarda güçlü bir alerjen ve tahriş edicidir. Kızarıklık, kaşıntı, yanma ve egzama alevlenmelerine neden olabilir. Kesinlikle kaçınılmalıdır. 💡 Hassas ciltler için kesinlikle parfümsüz ve alerjen içermeyen ürünler kullanın; amyl cinnamal içeren ürünlerden uzak durun.",caution,"Olgun ciltte bariyer fonksiyonu azaldığı için alerjen penetrasyonu artar. Amyl Cinnamal, kırışıklık ve hassasiyeti artırabilir. Anti-aging faydası yoktur. 💡 Olgun ciltler için parfümsüz ürünler kullanın; alerjen içeren ürünlerden kaçının.",caution,"Amyl Cinnamal topikal kullanımda hamilelikte güvenli kabul edilse de, alerjik reaksiyon riski taşır. Sistemik toksisite beklenmez, ancak hassasiyet durumunda kaçınılmalıdır. 💡 Hamilelikte parfümlü ürünlerden kaçının; alerjen içeren ürünleri kullanmadan önce yama testi yapın.",-1.0,caution,"Amyl Cinnamal akneye doğrudan neden olmaz, ancak inflamatuar yanıtı artırarak akne lezyonlarının iyileşmesini geciktirebilir. Alerjik reaksiyon akneyi taklit edebilir. 💡 Akneye meyilli ciltlerde parfümlü ürünlerden kaçının; alerjen içermeyen formüller tercih edin."
Andrographis Paniculata Leaf Extract,andrographispaniculataleafextract,1.0,2.0,1.0,0.0,2.0,1.0,-1.0,Redness|Impaired skin barrier,,manual_v2,0,Bitkisel Ekstrakt (Hint Ekinezya),Bitkisel Ekstrakt (Hint Ekinezya),"Andrographis Paniculata, geleneksel tıpta anti-inflamatuar ve antimikrobiyal özellikleriyle bilinen bir bitkidir. Kozmetikte cilt yatıştırıcı ve akne karşıtı olarak kullanılır. Andrografolid adlı aktif bileşeni sayesinde iltihap giderici etki gösterir.",beneficial,"Andrographis Paniculata, anti-inflamatuar etkisiyle kuru ciltteki tahrişi ve kızarıklığı azaltabilir. Ancak kuruluk üzerinde doğrudan nemlendirici etkisi yoktur; nemlendiricilerle kombine edilmelidir. 💡 Kuru ciltler için nemlendirici serumlarla birlikte kullanın; tek başına yeterli nem sağlamaz.",beneficial,"Andrographis Paniculata, antimikrobiyal ve anti-inflamatuar özellikleriyle yağlı ciltte akne oluşumunu azaltabilir. Sebum kontrolüne doğrudan etkisi olmasa da iltihaplı sivilceleri yatıştırır. 💡 Yağlı ciltler için akne tedavisinde destekleyici olarak kullanılabilir; salisilik asit veya niasinamid ile kombine edin.",beneficial,"Karma ciltte anti-inflamatuar etkisi sayesinde T-bölgedeki akne ve kızarıklığı azaltabilir. Kuru bölgelerde tahriş yapmaz, ancak ek nemlendirme gereklidir. 💡 Karma ciltler için T-bölgeye uygulayın; kuru yanaklarda nemlendirici altında kullanın.",neutral,Normal ciltte belirgin bir fayda sağlamaz; anti-inflamatuar etkisi mevcut sorun olmadığında önleyici olarak düşünülebilir. Genellikle iyi tolere edilir. 💡 Normal ciltler için gerekli değildir; akne veya tahriş durumunda kullanılabilir.,beneficial,"Andrographis Paniculata, anti-inflamatuar ve antioksidan özellikleriyle hassas ciltte kızarıklık ve tahrişi azaltabilir. Rozasea ve egzama gibi durumlarda yatıştırıcı etki gösterebilir. Nadiren alerjik reaksiyon görülebilir. 💡 Hassas ciltler için yatıştırıcı serumlarda kullanılabilir; yama testi yaparak başlayın.",beneficial,"Andrographis Paniculata, antioksidan içeriğiyle serbest radikallere karşı koruma sağlayarak yaşlanma belirtilerini azaltabilir. Anti-inflamatuar etkisi olgun ciltteki kronik inflamasyonu baskılar. 💡 Olgun ciltler için anti-aging serumlarda kullanılabilir; C vitamini veya retinol ile kombine edin.",caution,"Andrographis Paniculata'nın topikal kullanımı hamilelikte yeterince araştırılmamıştır. Oral kullanımda düşük riski bildirilmiştir, bu nedenle topikal formda düşük konsantrasyonlarda dikkatli olunmalıdır. 💡 Hamilelikte kullanmadan önce doktora danışın; yüksek konsantrasyonlu ürünlerden kaçının.",2.0,beneficial,"Andrographis Paniculata, antimikrobiyal etkisiyle Propionibacterium acnes bakterisine karşı etkilidir. Anti-inflamatuar özelliği sayesinde papül ve püstüllerin iyileşmesini hızlandırır. Komedojenik değildir. 💡 Akneye meyilli ciltler için günlük bakımda kullanılabilir; BHA veya retinoidlerle kombine edilebilir."
Anethole,anethole,-1.0,0.0,0.0,0.0,-2.0,0.0,-1.0,,,top1000,67,Cilt Bakım Bileşeni,Cilt Bakım Bileşeni,"Anethole, anason ve rezene gibi bitkilerde bulunan bir fenilpropanoid bileşiktir. Kozmetikte koku ve tatlandırıcı olarak kullanılır. Antimikrobiyal ve anti-inflamatuar özellikleri olduğu düşünülse de cilt bakımında yaygın değildir.",caution,"Anethole, kuru ciltte potansiyel tahriş edici olabilir. Anti-inflamatuar etkisi zayıftır ve nemlendirme sağlamaz. Yüksek konsantrasyonlarda bariyer hasarına yol açabilir. 💡 Kuru ciltler için anethole içeren ürünlerden kaçının; nemlendirici ve bariyer onarıcı bileşenler tercih edin.",neutral,"Anethole, yağlı ciltte belirgin bir fayda veya zarar sağlamaz. Antimikrobiyal etkisi akneye karşı teorik olarak faydalı olabilir, ancak klinik kanıt yetersizdir. 💡 Yağlı ciltler için anethole içeren ürünlerden kaçının; daha etkili akne bileşenleri tercih edin.",neutral,"Karma ciltte anethole genellikle tolere edilir, ancak kuru bölgelerde hafif tahriş yapabilir. Belirgin bir faydası yoktur. 💡 Karma ciltler için anethole içeren ürünleri sınırlı kullanın; tahriş durumunda bırakın.",neutral,"Normal ciltte anethole genellikle sorun yaratmaz, ancak herhangi bir cilt bakım faydası da sağlamaz. Koku amacıyla kullanılır. 💡 Normal ciltler için anethole içeren ürünler güvenlidir, ancak gereksiz kimyasallardan kaçının.",caution,"Anethole, hassas ciltte alerjik kontakt dermatit ve tahrişe neden olabilir. Rozasea ve egzama gibi durumlarda kızarıklık ve yanmayı tetikleyebilir. Düşük konsantrasyonlarda bile risk taşır. 💡 Hassas ciltler için anethole içeren ürünlerden kesinlikle kaçının; parfümsüz ve hipoalerjenik ürünler kullanın.",neutral,"Olgun ciltte anethole belirgin bir anti-aging faydası sağlamaz. Antioksidan özelliği zayıftır ve tahriş riski nedeniyle önerilmez. 💡 Olgun ciltler için anethole içeren ürünlerden kaçının; retinol, C vitamini gibi kanıtlanmış bileşenler kullanın.",caution,"Anethole topikal kullanımda hamilelikte güvenli kabul edilse de, yüksek konsantrasyonlarda tahriş riski vardır. Oral alımda östrojenik etki bildirilmiştir, ancak topikal emilim düşüktür. 💡 Hamilelikte anethole içeren ürünleri düşük konsantrasyonda ve sınırlı kullanın; yüksek konsantrasyonlardan kaçının.",-1.0,caution,"Anethole, antimikrobiyal etkisiyle akneye teorik olarak faydalı olabilir, ancak tahriş edici potansiyeli inflamasyonu artırabilir. Komedojenik değildir, ancak hassas akne cildinde sorun yaratabilir. 💡 Akneye meyilli ciltlerde anethole içeren ürünlerden kaçının; kanıtlanmış akne bileşenleri tercih edin."
Anhydroxylitol,anhydroxylitol,3.0,2.0,2.0,1.0,2.0,2.0,3.0,,,top1000,55,Cilt Bakım Bileşeni,Cilt Bakım Bileşeni,"Anhydroxylitol, doğal bir nemlendirici olan ksilitolün susuz formudur. Ciltte nem bağlama kapasitesini artırarak transepidermal su kaybını azaltır ve cilt bariyerini güçlendirir. Düşük molekül ağırlığı sayesinde cilde kolayca nüfuz eder.",beneficial,"Anhydroxylitol, higroskopik yapısıyla stratum korneumdan su çekerek nemlendirme sağlar. Kuru ciltlerde bariyer fonksiyonunu iyileştirir, pullanma ve sıkılık hissini azaltır. Hyaluronik asit ile sinerjik etki gösterir. 💡 Günlük nemlendiricinizde kullanın. Özellikle hyaluronik asit içeren serumlarla kombine edildiğinde etkisi artar.",beneficial,"Yağlı ciltlerde hafif nemlendirme sağlar, komedojenik değildir. Sebum üretimini doğrudan etkilemez ancak yeterli nem dengesi sağlayarak cildin aşırı yağ üretimini dengelemeye yardımcı olabilir. 💡 Hafif jellerde veya su bazlı serumlarda tercih edin. Yağlı ciltler için idealdir.",beneficial,"Karma ciltlerde hem kuru bölgelere nem sağlar hem de yağlı bölgelerde ağırlık yapmaz. Bariyer desteği ile T-bölgesi ve yanaklar arasındaki dengeyi korur. 💡 Tüm yüze uygulayın, özellikle kuru bölgelere odaklanın.",beneficial,"Normal ciltlerde nem seviyesini korur ve bariyeri güçlendirir. Günlük bakımda kullanılabilir, herhangi bir tahrişe yol açmaz. 💡 Nemlendirici rutininize ekleyin, herhangi bir önlem gerektirmez.",beneficial,"Hassas ciltlerde yatıştırıcı ve nemlendirici etki gösterir. Tahriş riski düşüktür, egzama ve rozasea gibi durumlarda bariyer onarımına katkıda bulunur. 💡 Hassas ciltler için güvenle kullanılabilir. Yatıştırıcı bileşenlerle (papatya, niacinamide) kombine edin.",beneficial,Olgun ciltlerde nem kaybını azaltır ve ince çizgilerin görünümünü hafifletir. Bariyer desteği ile cilt elastikiyetini korumaya yardımcı olur. 💡 Anti-aging serumlarınızın altına nemlendirici olarak uygulayın. Retinol ile kombine edilebilir.,beneficial,"Anhydroxylitol doğal bir şeker türevidir, sistemik emilimi düşüktür ve teratojenik risk taşımaz. Hamilelik ve emzirme döneminde güvenle kullanılabilir. 💡 Hamilelikte güvenle kullanın, herhangi bir kısıtlama yoktur.",2.0,beneficial,"Komedojenik değildir, akne tedavisinde kullanılan kurutucu ajanların yan etkilerini azaltır. Nem dengesini sağlayarak bariyeri korur, böylece akne ilaçlarına bağlı tahrişi hafifletir. 💡 Akne tedavisi sırasında nemlendirici olarak kullanın. Salisilik asit veya retinoidlerle birlikte güvenlidir."
Anise Alcohol,anisealcohol,-1.0,0.0,0.0,0.0,-2.0,0.0,-1.0,,Sensitive,top1000,53,Koku Alerjeni,Koku Alerjeni,"Anise Alcohol (anason alkolü), doğal olarak anason yağında bulunan bir aromatik bileşiktir. Kozmetikte koku vermek amacıyla kullanılır ancak Avrupa Birliği tarafından alerjen olarak sınıflandırılmıştır ve etikette belirtilmesi zorunludur.",caution,"Kuru ciltlerde bariyer hasarı nedeniyle tahriş riski artar. Anise Alcohol, hassas ciltlerde kontakt dermatite yol açabilir. Kuru ciltte kızarıklık ve pullanmayı tetikleyebilir. 💡 Kuru ciltlerde içeren ürünlerden kaçının veya yama testi yapın.",neutral,"Yağlı ciltlerde tahriş riski daha düşüktür ancak alerjik reaksiyon potansiyeli devam eder. Sebum üretimini etkilemez, komedojenik değildir. 💡 Alerjiniz yoksa kullanabilirsiniz, ancak hassasiyet durumunda kaçının.",neutral,"Karma ciltlerde genellikle sorun oluşturmaz ancak kuru bölgelerde tahrişe neden olabilir. Alerjik reaksiyon riski düşüktür. 💡 Kuru bölgelere temasından kaçının, tüm yüze uygulamayın.",neutral,Normal ciltlerde çoğu kişi için sorun yaratmaz. Ancak alerjik bünyelerde kontakt dermatit riski vardır. 💡 Herhangi bir reaksiyon görmezseniz kullanabilirsiniz.,caution,"Hassas ciltlerde yüksek alerjen potansiyeli nedeniyle kaşıntı, kızarıklık ve egzama alevlenmesine yol açabilir. Rozasea ve atopik dermatitte tahrişi artırır. 💡 Hassas ciltlerde kesinlikle kaçının. Parfümsüz ürünler tercih edin.",neutral,"Olgun ciltlerde alerji riski düşüktür ancak bariyer zayıflığı varsa tahriş oluşabilir. Kırışıklık veya elastikiyet üzerinde etkisi yoktur. 💡 Yama testi yaparak kullanın, reaksiyon yoksa sorun yoktur.",caution,"Anise Alcohol, yüksek konsantrasyonlarda ciltten emilerek sistemik etki gösterebilir. Hamilelikte güvenliği kanıtlanmamıştır, alerjik reaksiyon riski nedeniyle dikkatli olunmalıdır. 💡 Hamilelikte içeren ürünlerden kaçının veya düşük konsantrasyonlu ürünleri tercih edin.",0.0,neutral,"Akneye doğrudan etkisi yoktur ancak tahrişe bağlı inflamasyonu artırabilir. Komedojenik değildir. 💡 Alerjiniz yoksa kullanabilirsiniz, ancak akne tedavisi görüyorsanız tahrişten kaçınmak için parfümsüz ürünler tercih edin."
Anthemis Nobilis (Chamomile) Flower Extract,anthemisnobilischamomileflowerextract,2.0,1.0,2.0,1.0,3.0,2.0,2.0,Redness|Impaired skin barrier,,manual_v2,0,Bitkisel Ekstrakt (Roma Papatyası),Bitkisel Ekstrakt (Roma Papatyası),"Anthemis Nobilis (Roma papatyası) çiçek ekstraktı, anti-inflamatuar ve yatıştırıcı özellikleriyle bilinir. İçerdiği flavonoidler ve uçucu yağlar sayesinde ciltte kızarıklık ve tahrişi azaltır. Hassas cilt bakımında yaygın kullanılır.",beneficial,"Kuru ciltlerde yatıştırıcı etki gösterir, bariyer onarımını destekler. Anti-inflamatuar özelliği sayesinde pullanma ve sıkılık hissini hafifletir. Nemlendiricilerle kombine edildiğinde etkisi artar. 💡 Kuru ciltler için nemlendirici kremlerde tercih edin. Gece bakımında kullanılabilir.",beneficial,"Yağlı ciltlerde hafif anti-inflamatuar etki sağlar, akne kaynaklı kızarıklığı azaltabilir. Komedojenik değildir, sebum üretimini etkilemez. 💡 Yağlı ciltler için hafif losyonlarda kullanılabilir. Akne tedavisine yardımcı olarak düşünülebilir.",beneficial,"Karma ciltlerde hem kuru bölgeleri yatıştırır hem de yağlı bölgelerdeki inflamasyonu azaltır. Dengeli bir etki sağlar. 💡 Tüm yüze uygulayın, özellikle kızarık bölgelere odaklanın.",beneficial,Normal ciltlerde genel yatıştırıcı ve antioksidan etki sağlar. Cilt tonunu eşitlemeye yardımcı olabilir. 💡 Günlük bakımda rahatlıkla kullanılabilir.,beneficial,"Hassas ciltlerde en faydalı bileşenlerden biridir. Rozasea, egzama ve kontakt dermatitte kızarıklık ve kaşıntıyı azaltır. Anti-inflamatuar etkisiyle cilt bariyerini korur. 💡 Hassas ciltler için ideal bir bileşendir. Yatıştırıcı maskelerde veya günlük nemlendiricilerde kullanın.",beneficial,"Olgun ciltlerde antioksidan etkisiyle serbest radikallere karşı korur, ince çizgileri azaltmaya yardımcı olur. Anti-inflamatuar özelliği yaşlanma belirtilerini hafifletir. 💡 Anti-aging serumlarınızda kullanın. Retinol ile birlikte kullanıldığında tahrişi azaltabilir.",beneficial,"Roma papatyası ekstraktı hamilelikte güvenli kabul edilir. Topikal kullanımda sistemik emilimi düşüktür, teratojenik risk taşımaz. Yatıştırıcı etkisi hamilelikte oluşan cilt hassasiyetine iyi gelir. 💡 Hamilelikte güvenle kullanın. Ancak yüksek konsantrasyonlu uçucu yağ formundan kaçının.",2.0,beneficial,"Akne lezyonlarındaki inflamasyonu azaltır, kızarıklığı hafifletir. Antibakteriyel etkisi sınırlıdır ancak komedojenik değildir. Akne tedavisine destek olarak kullanılabilir. 💡 Akne kremlerinizle birlikte kullanabilirsiniz. Salisilik asit veya benzoil peroksit ile kombine edilebilir."
Anthocyanins,anthocyanins,2.0,2.0,2.0,2.0,2.0,3.0,3.0,Radiance,,manual_v2,0,Antioksidan (Antosiyanin),Antioksidan (Antosiyanin),"Antosiyaninler, meyve ve sebzelerde bulunan suda çözünür pigmentlerdir. Güçlü antioksidan özellikleri sayesinde cildi UV hasarı ve çevresel stres faktörlerine karşı korur. Kollajen sentezini destekleyerek yaşlanma karşıtı etki gösterir.",beneficial,"Kuru ciltlerde antioksidan koruma sağlar, oksidatif stresi azaltarak bariyer hasarını önler. Nemlendirici etkisi yoktur ancak diğer nemlendiricilerle sinerji oluşturur. 💡 Antioksidan serum olarak kullanın, nemlendirici altına uygulayın.",beneficial,Yağlı ciltlerde sebum oksidasyonunu azaltarak komedon oluşumunu engelleyebilir. Anti-inflamatuar etkisi akne lezyonlarını hafifletir. Hafif yapısı yağlı ciltler için uygundur. 💡 Sabah rutininde C vitamini ile birlikte kullanın. SPF ile koruyun.,beneficial,"Karma ciltlerde antioksidan koruma sağlar, cilt tonunu eşitler. Yağlı ve kuru bölgelerde dengeli bir etki gösterir. 💡 Tüm yüze uygulayın, özellikle güneşe maruz kalan bölgelere.",beneficial,"Normal ciltlerde yaşlanma karşıtı koruma sağlar, cilt parlaklığını artırır. Antioksidan etkisiyle cilt sağlığını destekler. 💡 Günlük antioksidan serum olarak kullanın.",beneficial,Hassas ciltlerde anti-inflamatuar etkisiyle kızarıklık ve tahrişi azaltır. Antioksidan koruma sayesinde çevresel tetikleyicilere karşı bariyeri güçlendirir. Genellikle iyi tolere edilir. 💡 Hassas ciltler için güvenlidir. Yatıştırıcı bileşenlerle kombine edin.,beneficial,"Olgun ciltlerde güçlü antioksidan etkisiyle kollajen yıkımını önler, ince çizgileri azaltır. Hiperpigmentasyonu hafifletmeye yardımcı olabilir. Yaşlanma karşıtı rutinlerde önemli bir bileşendir. 💡 Anti-aging serumlarınızda kullanın. Retinol ve C vitamini ile sinerjik etki gösterir.",beneficial,"Antosiyaninler doğal bileşiklerdir, topikal kullanımda sistemik emilimleri düşüktür. Hamilelikte güvenle kullanılabilir, teratojenik risk taşımaz. 💡 Hamilelikte güvenle kullanın, herhangi bir kısıtlama yoktur.",2.0,beneficial,"Akne ciltlerinde inflamasyonu azaltır, oksidatif stresi düşürür. Komedojenik değildir, akne izlerinin görünümünü hafifletebilir. 💡 Akne tedavisine destek olarak kullanın. Salisilik asit ile kombine edilebilir."
Aphloia Theiformis Leaf Extract,aphloiatheiformisleafextract,1.0,2.0,2.0,1.0,2.0,3.0,2.0,Radiance|Impaired skin barrier,,manual_v2,0,Bitkisel Ekstrakt (Fandamane),Bitkisel Ekstrakt (Fandamane),"Aphloia Theiformis (Fandamane) yaprak ekstraktı, Madagaskar'a özgü bir bitkiden elde edilir. Antioksidan, anti-inflamatuar ve cilt aydınlatıcı özellikleriyle bilinir. Hiperpigmentasyon ve yaşlanma karşıtı ürünlerde kullanılır.",beneficial,"Kuru ciltlerde antioksidan koruma sağlar, ancak nemlendirici etkisi sınırlıdır. Bariyer desteği için diğer nemlendiricilerle kombine edilmelidir. 💡 Nemlendirici altına serum olarak uygulayın.",beneficial,"Yağlı ciltlerde sebum oksidasyonunu azaltır, anti-inflamatuar etkisiyle akne oluşumunu engelleyebilir. Hafif yapısı yağlı ciltler için uygundur. 💡 Yağlı ciltler için hafif serumlarda kullanın.",beneficial,"Karma ciltlerde cilt tonunu eşitler, antioksidan koruma sağlar. Hem yağlı hem kuru bölgelerde dengeli etki gösterir. 💡 Tüm yüze uygulayın, özellikle leke olan bölgelere.",beneficial,Normal ciltlerde genel antioksidan ve aydınlatıcı etki sağlar. Cilt sağlığını destekler. 💡 Günlük bakımda kullanılabilir.,beneficial,"Hassas ciltlerde anti-inflamatuar etkisiyle kızarıklık ve tahrişi azaltır. Genellikle iyi tolere edilir, ancak yama testi önerilir. 💡 Hassas ciltlerde yama testi yaparak kullanın. Yatıştırıcı bileşenlerle kombine edin.",beneficial,"Olgun ciltlerde güçlü antioksidan etkisiyle yaşlanma belirtilerini azaltır. Hiperpigmentasyonu hafifletir, cilt tonunu eşitler. Kollajen sentezini destekleyebilir. 💡 Anti-aging serumlarınızda kullanın. C vitamini ve retinol ile kombine edilebilir.",beneficial,"Aphloia Theiformis ekstraktı hamilelikte güvenli kabul edilir. Topikal kullanımda sistemik emilimi düşüktür, teratojenik risk taşımaz. 💡 Hamilelikte güvenle kullanın, ancak yüksek konsantrasyonlardan kaçının.",2.0,beneficial,"Akne ciltlerinde inflamasyonu azaltır, antioksidan etkisiyle akne izlerinin oluşumunu engelleyebilir. Komedojenik değildir. 💡 Akne tedavisine destek olarak kullanın. Salisilik asit ile kombine edilebilir."
Aqua/Water/Eau,aquawatereau,0.0,0.0,0.0,0.0,0.0,0.0,3.0,,,manual_v2,31,Çözücü,Çözücü,"Aqua, kozmetik formülasyonların temel çözücüsüdür ve ürünün kıvamını, dağılımını sağlar. Kendi başına cilt üzerinde aktif bir etkisi yoktur, ancak diğer bileşenlerin taşınmasına yardımcı olur.",neutral,"Su, kuru ciltte nemlendirici etki göstermez; aksine buharlaşırken cildi kurutabilir. Ancak formülasyonda nemlendiricilerle birlikte kullanıldığında nötrdür. 💡 Kuru ciltler için su bazlı ürünlerde hyaluronik asit gibi nem çekici bileşenlerin bulunmasına dikkat edin.",neutral,"Su, yağlı ciltte herhangi bir olumlu veya olumsuz etki yapmaz. Sebum üretimini etkilemez, gözenekleri tıkamaz. 💡 Yağlı ciltler için su bazlı, hafif jeller tercih edilebilir.",neutral,Karma ciltte su nötrdür; bölgesel farklılıkları etkilemez. 💡 Karma ciltler için su bazlı ürünler genellikle uygundur.,neutral,Normal ciltte suyun belirgin bir etkisi yoktur; sadece taşıyıcı görevi görür. 💡 Normal ciltler için su bazlı ürünler rahatlıkla kullanılabilir.,neutral,"Saf su hassas ciltte genellikle tahrişe neden olmaz, ancak çok kuru veya egzamalı ciltlerde bariyeri daha da zayıflatabilir. Yine de nötr kabul edilir. 💡 Hassas ciltlerde su bazlı ürünlerin içinde yatıştırıcı bileşenler (örneğin aloe vera) bulunmasına özen gösterin.",neutral,"Su, olgun ciltte kırışıklık veya elastikiyet üzerinde doğrudan etkili değildir. Nemlendiricilerle birlikte kullanıldığında faydalı olabilir. 💡 Olgun ciltlerde su bazlı ürünlerin antioksidan ve peptitlerle zenginleştirilmiş olmasına dikkat edin.",beneficial,"Su, hamilelikte kesinlikle güvenlidir; herhangi bir teratojenik risk taşımaz. Cilt bakımında temel bileşendir. 💡 Hamilelikte su bazlı ürünler güvenle kullanılabilir.",0.0,neutral,"Su, akneye meyilli ciltte komedojenik değildir ve gözenekleri tıkamaz. Ancak tek başına akne tedavisine katkısı yoktur. 💡 Akneye meyilli ciltlerde su bazlı, hafif formüller tercih edilmelidir."
Arachidic Acid,arachidicacid,2.0,-1.0,0.0,0.0,-1.0,2.0,2.0,,,top1000,46,Cilt Bakım Bileşeni,Cilt Bakım Bileşeni,"Arachidic Acid, doymuş bir yağ asididir ve cilt bakım ürünlerinde yumuşatıcı ve emülgatör olarak kullanılır. Cilt bariyerini destekleyebilir, ancak yüksek konsantrasyonlarda komedojenik olabilir.",beneficial,"Arachidic acid, kuru ciltte bariyer onarımına katkıda bulunur ve nem kaybını azaltır. Ancak çok yüksek konsantrasyonlarda yapışkan bir his bırakabilir. 💡 Kuru ciltler için düşük-orta konsantrasyonlarda içeren nemlendiriciler tercih edin.",caution,"Yağlı ciltte arachidic acid, gözenekleri tıkama potansiyeli nedeniyle komedojenik olabilir. Sebum üretimini artırmaz ancak mevcut yağlılığı kötüleştirebilir. 💡 Yağlı ciltlerde bu bileşeni içeren ürünlerden kaçının veya çok düşük konsantrasyonlarda kullanın.",neutral,"Karma ciltte arachidic acid, T-bölgede gözenek tıkayıcı olabilirken yanaklarda faydalı olabilir. Genel etki nötrdür. 💡 Karma ciltlerde bu bileşeni sadece kuru bölgelere uygulayın, T-bölgeden kaçının.",neutral,"Normal ciltte arachidic acid genellikle tolere edilir, ancak belirgin bir fayda sağlamaz. Düşük konsantrasyonlarda nötrdür. 💡 Normal ciltlerde ara sıra kullanılabilir, ancak gerekli değildir.",caution,"Hassas ciltte arachidic acid, özellikle egzama ve rozaseada tahrişe neden olabilir. Doymuş yağ asitleri bariyeri güçlendirse de, bazı hassas bireylerde reaksiyon görülebilir. 💡 Hassas ciltlerde yama testi yapmadan kullanmayın; düşük konsantrasyonlu ürünler tercih edin.",beneficial,"Olgun ciltte arachidic acid, bariyer onarımına yardımcı olur ve ince çizgilerin görünümünü azaltabilir. Yağ asitleri cildin lipid tabakasını destekler. 💡 Olgun ciltler için gece kremlerinde kullanılabilir; retinol gibi aktiflerle kombine edilebilir.",beneficial,"Arachidic acid, hamilelikte güvenli kabul edilir; teratojenik değildir. Cilt bariyerini destekleyerek hamilelikte oluşabilecek kuruluğa karşı faydalıdır. 💡 Hamilelikte güvenle kullanılabilir; ancak akneye yatkınlık varsa dikkatli olun.",-2.0,caution,"Arachidic acid, komedojenik potansiyele sahiptir ve akneye meyilli ciltte siyah nokta ve beyaz nokta oluşumunu tetikleyebilir. Gözenek tıkama riski yüksektir. 💡 Akneye meyilli ciltlerde bu bileşenden kesinlikle kaçının; non-komedojenik alternatifler tercih edin."
Arachidyl Alcohol,arachidylalcohol,2.0,-1.0,0.0,0.0,-1.0,2.0,2.0,,,top1000,62,Cilt Bakım Bileşeni,Cilt Bakım Bileşeni,"Arachidyl Alcohol, doymuş bir yağ alkolüdür ve kozmetikte yumuşatıcı, emülgatör ve kıvam artırıcı olarak kullanılır. Ciltte yumuşatıcı etki gösterir ve bariyeri destekler.",beneficial,"Arachidyl alcohol, kuru ciltte nemi hapseder ve bariyer onarımına katkıda bulunur. Yumuşatıcı özelliği sayesinde pullanmayı azaltır. 💡 Kuru ciltler için zengin nemlendiricilerde tercih edin; hyaluronik asit ile kombine edilebilir.",caution,"Yağlı ciltte arachidyl alcohol, gözenekleri tıkama potansiyeli nedeniyle komedojenik olabilir. Ancak yağ alkolleri genellikle yağ asitlerinden daha az komedojeniktir. 💡 Yağlı ciltlerde düşük konsantrasyonlu ürünler tercih edin; aşırı kullanımdan kaçının.",neutral,"Karma ciltte arachidyl alcohol, kuru bölgelerde faydalı olabilirken yağlı bölgelerde gözenek tıkayabilir. Genel etki nötrdür. 💡 Karma ciltlerde sadece kuru bölgelere uygulayın.",neutral,"Normal ciltte arachidyl alcohol genellikle tolere edilir, belirgin bir fayda veya zarar sağlamaz. 💡 Normal ciltlerde ara sıra kullanılabilir.",caution,"Hassas ciltte arachidyl alcohol, özellikle egzama ve rozaseada tahrişe neden olabilir. Yağ alkolleri bazı hassas bireylerde reaksiyon oluşturabilir. 💡 Hassas ciltlerde yama testi yapın; düşük konsantrasyonlu ürünler tercih edin.",beneficial,"Olgun ciltte arachidyl alcohol, bariyer onarımına yardımcı olur ve cildi yumuşatır. Kırışıklık görünümünü azaltmada destekleyicidir. 💡 Olgun ciltler için gece kremlerinde kullanılabilir; peptitlerle kombine edilebilir.",beneficial,"Arachidyl alcohol, hamilelikte güvenlidir; teratojenik risk taşımaz. Cilt kuruluğuna karşı faydalıdır. 💡 Hamilelikte güvenle kullanılabilir.",-1.0,caution,"Arachidyl alcohol, akneye meyilli ciltte düşük-orta komedojenik potansiyele sahiptir. Gözenek tıkama riski vardır, ancak yağ asitlerine göre daha güvenlidir. 💡 Akneye meyilli ciltlerde non-komedojenik ürünler tercih edin; bu bileşeni içeren ürünleri sınırlı kullanın."
Arachidyl Glucoside,arachidylglucoside,2.0,2.0,2.0,2.0,3.0,2.0,3.0,Anyone,,top1000,50,Yüzey Aktif Madde (Nazik),Yüzey Aktif Madde (Nazik),"Arachidyl Glucoside, glikozit bazlı non-iyonik bir yüzey aktif maddedir. Nazik temizlik sağlar, cilt tahrişini minimize eder ve köpük oluşturur. Genellikle hassas ciltler için uygundur.",beneficial,"Arachidyl glucoside, kuru ciltte nazik temizlik sağlar ve bariyeri korur. Sülfat içermeyen yapısı sayesinde cildi kurutmaz. 💡 Kuru ciltler için temizleyicilerde tercih edin; nemlendirici içeriklerle kombine edin.",beneficial,"Yağlı ciltte arachidyl glucoside, fazla sebumu temizlerken cildi tahriş etmez. Nazik yapısı sayesinde sık kullanıma uygundur. 💡 Yağlı ciltler için günlük temizleyici olarak kullanılabilir.",beneficial,"Karma ciltte arachidyl glucoside, hem yağlı hem kuru bölgeleri dengeler; nazik temizlik sağlar. 💡 Karma ciltler için ideal bir temizleyici bileşendir.",beneficial,"Normal ciltte arachidyl glucoside, nazik temizlik sağlar ve cilt dengesini korur. 💡 Normal ciltler için günlük temizleyici olarak uygundur.",beneficial,"Arachidyl glucoside, hassas ciltler için en güvenli yüzey aktif maddelerden biridir. Rozasea, egzama ve atopik dermatitte tahrişe neden olmaz; cilt bariyerini korur. 💡 Hassas ciltler için temizleyici seçiminde öncelikli olarak tercih edin.",beneficial,"Olgun ciltte arachidyl glucoside, nazik temizlik sağlar ve bariyeri korur. Kırışıklık karşıtı ürünlerle birlikte kullanılabilir. 💡 Olgun ciltler için temizleyici olarak tercih edin.",beneficial,"Arachidyl glucoside, hamilelikte kesinlikle güvenlidir; teratojenik risk taşımaz. Nazik yapısıyla hamilelikte oluşabilecek cilt hassasiyetine uygundur. 💡 Hamilelikte güvenle kullanılabilir.",2.0,beneficial,"Akneye meyilli ciltte arachidyl glucoside, gözenekleri tıkamaz ve nazik temizlik sağlar. Komedojenik değildir. 💡 Akneye meyilli ciltler için günlük temizleyici olarak uygundur."
Argan Oil,arganoil,3.0,-1.0,0.0,1.0,2.0,3.0,3.0,Dry and dehydrated skin|Fine Lines|Radiance,,manual_v2,0,Bitkisel Yağ (Argan),Bitkisel Yağ (Argan),"Argan Oil, zengin yağ asitleri (oleik, linoleik), E vitamini ve antioksidanlar içeren bir bitkisel yağdır. Nemlendirici, yumuşatıcı ve bariyer onarıcı özelliklere sahiptir.",beneficial,"Argan oil, kuru ciltte derinlemesine nemlendirme sağlar ve bariyer onarımını destekler. Oleik asit içeriği sayesinde cilde yumuşaklık kazandırır. 💡 Kuru ciltler için gece bakımında veya nemlendirici olarak kullanın.",caution,"Argan oil, yağlı ciltte komedojenik olabilir ve gözenekleri tıkayabilir. Linoleik asit içeriği düşük olduğu için akneye yatkın ciltlerde sorun yaratabilir. 💡 Yağlı ciltlerde kullanmaktan kaçının veya çok az miktarda, haftada bir kez uygulayın.",neutral,"Karma ciltte argan oil, kuru bölgelerde faydalı olabilirken yağlı bölgelerde gözenek tıkayabilir. Genel etki nötrdür. 💡 Karma ciltlerde sadece kuru bölgelere uygulayın.",beneficial,"Normal ciltte argan oil, hafif nemlendirme sağlar ve antioksidan etki gösterir. Ancak aşırı kullanımda yağlı his bırakabilir. 💡 Normal ciltlerde haftada 2-3 kez kullanılabilir.",beneficial,"Argan oil, hassas ciltte yatıştırıcı ve anti-inflamatuar etki gösterir. Rozasea ve egzamada kızarıklığı azaltabilir. Ancak bazı bireylerde alerjik reaksiyon görülebilir. 💡 Hassas ciltlerde yama testi yaparak kullanın; saf argan yağı tercih edin.",beneficial,"Olgun ciltte argan oil, antioksidanlar sayesinde serbest radikal hasarını azaltır ve ince çizgileri yumuşatır. E vitamini cilt yenilenmesini destekler. 💡 Olgun ciltler için gece bakımında düzenli kullanın; retinol ile kombine edilebilir.",beneficial,"Argan oil, hamilelikte güvenlidir; teratojenik risk taşımaz. Cilt çatlaklarını önlemeye yardımcı olabilir. 💡 Hamilelikte güvenle kullanılabilir; çatlak önleyici olarak karın bölgesine uygulayın.",-2.0,caution,"Argan oil, akneye meyilli ciltte komedojenik potansiyele sahiptir. Oleik asit içeriği yüksek olduğu için gözenek tıkama riski vardır ve akneyi kötüleştirebilir. 💡 Akneye meyilli ciltlerde kullanmayın; non-komedojenik yağlar (örneğin jojoba yağı) tercih edin."
Argania Spinosa (Argan) Kernel Oil,arganiaspinosaargankerneloil,3.0,0.0,1.0,2.0,2.0,3.0,3.0,Dry and dehydrated skin,Oily,top1000,39,Bitkisel Yağ,Bitkisel Yağ,"Argan yağı, yüksek oranda oleik ve linoleik asit ile E vitamini (tokoferol) içeren, besleyici ve nemlendirici bir bitkisel yağdır. Cilt bariyerini güçlendirir, antioksidan özellik gösterir ve yatıştırıcı etkisi vardır.",beneficial,"Argan yağı, yüksek oleik asit içeriği sayesinde kuru ciltte lipid bariyeri onarır ve transepidermal su kaybını azaltır. E vitamini ile antioksidan koruma sağlar, pullanma ve sıkılık hissini giderir. 💡 Günde 1-2 kez temiz cilde birkaç damla uygulayın. Özellikle gece rutininde nemlendirici öncesi kullanın.",neutral,"Argan yağı hafif yapılı olmasına rağmen oleik asit içeriği yağlı ciltte gözenek tıkama potansiyeli taşır. Düşük komedojenik indeksi vardır ancak aşırı yağlı ciltlerde dikkatli kullanılmalıdır. 💡 Haftada 2-3 kez, birkaç damla ile sınırlı kullanın. Yağlı bölgelere doğrudan uygulamaktan kaçının.",beneficial,"Karma ciltte kuru bölgelere nem sağlarken, yağlı T-bölgesinde hafif kalabilir. Dengeli yağ asidi profili sayesinde cildi besler ancak aşırı kullanımda T-bölgesinde komedon oluşumuna yol açabilir. 💡 Sadece kuru bölgelere (yanaklar) uygulayın, T-bölgesinden kaçının. Gece kullanımı idealdir.",beneficial,"Normal ciltte argan yağı, cilt bariyerini destekler ve antioksidan koruma sağlar. Düzenli kullanımda cildin yumuşak ve esnek kalmasına yardımcı olur. 💡 Günde bir kez, nemlendirici öncesi birkaç damla uygulayın. Haftada 3-4 kez yeterlidir.",beneficial,"Argan yağı, anti-inflamatuar özellikleri sayesinde hassas ciltte kızarıklık ve tahrişi azaltır. Yüksek E vitamini içeriği ile cildi yatıştırır ve bariyer onarımını destekler. Rozasea ve egzamada faydalıdır. 💡 Yama testi yaparak kullanmaya başlayın. Günde bir kez, temiz cilde hafifçe masaj yaparak uygulayın.",beneficial,"Argan yağı, antioksidan E vitamini ve esansiyel yağ asitleri ile kolajen sentezini destekler, ince çizgileri ve kırışıklıkları azaltır. Cilt elastikiyetini artırır ve hiperpigmentasyonu hafifletir. 💡 Gece rutininde retinol veya peptid serumdan sonra kullanın. Güneş koruyucu ile kombine edin.",beneficial,"Argan yağı, hamilelikte güvenle kullanılabilen doğal bir yağdır. Çatlak önleyici olarak etkilidir, cildi nemlendirir ve esnekliğini artırır. Teratojenik risk taşımaz. 💡 Günde 1-2 kez karın, kalça ve göğüs bölgesine masaj yaparak uygulayın. Saf ve organik formu tercih edin.",-1.0,caution,"Argan yağı komedojenik indeksi düşük olsa da (%0-1), oleik asit içeriği akneye meyilli ciltte gözenek tıkama riskini artırabilir. Özellikle kistik akne ve yoğun komedon varlığında dikkatli kullanılmalıdır. 💡 Sadece kuru bölgelere veya haftada 1-2 kez sınırlı kullanın. Akne aktif bölgelerine uygulamayın."
Argania Spinosa Kernel Oil,arganiaspinosakerneloil,3.0,0.0,1.0,2.0,2.0,3.0,3.0,Dry and dehydrated skin,Oily,top1000,325,Bitkisel Yağ,Bitkisel Yağ,"Argan yağı, yüksek oranda oleik ve linoleik asit ile E vitamini (tokoferol) içeren, besleyici ve nemlendirici bir bitkisel yağdır. Cilt bariyerini güçlendirir, antioksidan özellik gösterir ve yatıştırıcı etkisi vardır.",beneficial,"Argan yağı, yüksek oleik asit içeriği sayesinde kuru ciltte lipid bariyeri onarır ve transepidermal su kaybını azaltır. E vitamini ile antioksidan koruma sağlar, pullanma ve sıkılık hissini giderir. 💡 Günde 1-2 kez temiz cilde birkaç damla uygulayın. Özellikle gece rutininde nemlendirici öncesi kullanın.",neutral,"Argan yağı hafif yapılı olmasına rağmen oleik asit içeriği yağlı ciltte gözenek tıkama potansiyeli taşır. Düşük komedojenik indeksi vardır ancak aşırı yağlı ciltlerde dikkatli kullanılmalıdır. 💡 Haftada 2-3 kez, birkaç damla ile sınırlı kullanın. Yağlı bölgelere doğrudan uygulamaktan kaçının.",beneficial,"Karma ciltte kuru bölgelere nem sağlarken, yağlı T-bölgesinde hafif kalabilir. Dengeli yağ asidi profili sayesinde cildi besler ancak aşırı kullanımda T-bölgesinde komedon oluşumuna yol açabilir. 💡 Sadece kuru bölgelere (yanaklar) uygulayın, T-bölgesinden kaçının. Gece kullanımı idealdir.",beneficial,"Normal ciltte argan yağı, cilt bariyerini destekler ve antioksidan koruma sağlar. Düzenli kullanımda cildin yumuşak ve esnek kalmasına yardımcı olur. 💡 Günde bir kez, nemlendirici öncesi birkaç damla uygulayın. Haftada 3-4 kez yeterlidir.",beneficial,"Argan yağı, anti-inflamatuar özellikleri sayesinde hassas ciltte kızarıklık ve tahrişi azaltır. Yüksek E vitamini içeriği ile cildi yatıştırır ve bariyer onarımını destekler. Rozasea ve egzamada faydalıdır. 💡 Yama testi yaparak kullanmaya başlayın. Günde bir kez, temiz cilde hafifçe masaj yaparak uygulayın.",beneficial,"Argan yağı, antioksidan E vitamini ve esansiyel yağ asitleri ile kolajen sentezini destekler, ince çizgileri ve kırışıklıkları azaltır. Cilt elastikiyetini artırır ve hiperpigmentasyonu hafifletir. 💡 Gece rutininde retinol veya peptid serumdan sonra kullanın. Güneş koruyucu ile kombine edin.",beneficial,"Argan yağı, hamilelikte güvenle kullanılabilen doğal bir yağdır. Çatlak önleyici olarak etkilidir, cildi nemlendirir ve esnekliğini artırır. Teratojenik risk taşımaz. 💡 Günde 1-2 kez karın, kalça ve göğüs bölgesine masaj yaparak uygulayın. Saf ve organik formu tercih edin.",-1.0,caution,"Argan yağı komedojenik indeksi düşük olsa da (%0-1), oleik asit içeriği akneye meyilli ciltte gözenek tıkama riskini artırabilir. Özellikle kistik akne ve yoğun komedon varlığında dikkatli kullanılmalıdır. 💡 Sadece kuru bölgelere veya haftada 1-2 kez sınırlı kullanın. Akne aktif bölgelerine uygulamayın."
Arginine,arginine,2.0,0.0,1.0,1.0,-1.0,2.0,2.0,Dry and dehydrated skin,,top1000,244,Amino Asit / Protein,Amino Asit / Protein,"Arjinin, cildin doğal nemlendirme faktöründe (NMF) bulunan esansiyel bir amino asittir. Kan dolaşımını artırıcı etkisiyle cilt yenilenmesini destekler, nem bağlama kapasitesini yükseltir ve yara iyileşmesini hızlandırır.",beneficial,"Arjinin, nem bağlama özelliği sayesinde kuru ciltte su tutulumunu artırır ve bariyer fonksiyonunu destekler. Ayrıca cilt yüzeyindeki pH'ı dengeleyerek pullanmayı azaltır. 💡 Nemlendirici veya serum formunda günde 1-2 kez kullanın. Hyaluronik asit ile kombine edilebilir.",neutral,"Arjinin, yağlı ciltte doğrudan sebum kontrolü sağlamaz ancak nem dengesini koruyarak cildin aşırı yağ üretimini tetiklemesini engelleyebilir. Komedojenik değildir. 💡 Hafif formüllü ürünlerde kullanın. Yağlı ciltler için ekstra nemlendirme gerektirmez.",beneficial,"Karma ciltte arjinin, kuru bölgelere nem sağlarken yağlı bölgelerde ağırlık yapmaz. Cilt bariyerini güçlendirerek genel dengeyi iyileştirir. 💡 Tüm yüze uygulanabilir. Özellikle kuru yanaklarda etkilidir.",beneficial,"Normal ciltte arjinin, nem seviyesini korur ve cilt bariyerini destekler. Antioksidan etkisiyle çevresel hasara karşı koruma sağlar. 💡 Günlük bakım rutininde serum veya nemlendirici olarak kullanın.",caution,"Arjinin, yüksek konsantrasyonlarda hassas ciltte irritasyona neden olabilir. Özellikle rozasea ve egzamalı ciltlerde kan dolaşımını artırıcı etkisi kızarıklığı tetikleyebilir. 💡 Düşük konsantrasyonlu (%1-2) ürünler tercih edin. Yama testi yapın ve kızarıklık durumunda kullanmayı bırakın.",beneficial,"Arjinin, kolajen sentezini destekleyerek ince çizgileri azaltır ve cilt elastikiyetini artırır. Ayrıca kan dolaşımını iyileştirerek cilde parlaklık kazandırır. 💡 Gece rutininde retinol veya peptid serum ile birlikte kullanın. Güneş koruyucu ihmal etmeyin.",beneficial,"Arjinin, hamilelikte güvenle kullanılabilir. Cilt elastikiyetini artırarak çatlak oluşumunu önlemeye yardımcı olur. Teratojenik risk taşımaz. 💡 Günde bir kez nemlendirici ile birlikte uygulayın. Özellikle karın bölgesine masaj yapın.",0.0,neutral,"Arjinin, akneye meyilli ciltte doğrudan fayda veya zarar sağlamaz. Komedojenik değildir ancak yüksek pH'lı formüllerde cilt bariyerini bozarak akneyi dolaylı yoldan kötüleştirebilir. 💡 pH'ı dengelenmiş ürünlerde kullanın. Salisilik asit veya niasinamid ile kombine edilebilir."
Artemisia Absinthium Extract,artemisiaabsinthiumextract,-1.0,2.0,0.0,0.0,-2.0,0.0,-2.0,Redness|Impaired skin barrier,Pregnancy,manual_v2,0,Bitkisel Ekstrakt (Pelin Otu),Bitkisel Ekstrakt (Pelin Otu),"Pelin otu (Artemisia absinthium) ekstraktı, anti-inflamatuar, antimikrobiyal ve antioksidan özelliklere sahip bir bitkisel bileşendir. Yüksek miktarda absintin ve anabsintin gibi seskiterpen laktonlar içerir.",caution,"Pelin otu ekstraktı, kuru ciltte bariyeri zayıflatabilecek kurutucu etkiye sahip olabilir. Anti-inflamatuar özelliği olsa da, alkol bazlı formülasyonlarda tahriş riski artar. 💡 Kuru ciltlerde kullanmaktan kaçının. Eğer kullanılacaksa, yoğun nemlendirici ile kombine edin.",beneficial,"Pelin otu, antimikrobiyal etkisiyle yağlı ciltte bakteri üremesini baskılar ve sebum kontrolüne yardımcı olur. Anti-inflamatuar özelliği sayesinde yağlı ciltte oluşan inflamasyonu azaltır. 💡 Haftada 2-3 kez tonik veya serum formunda kullanın. Salisilik asit ile kombine edilebilir.",neutral,"Karma ciltte pelin otu, yağlı T-bölgesinde faydalı olabilirken kuru yanaklarda tahrişe yol açabilir. Dengeleyici etkisi sınırlıdır. 💡 Sadece T-bölgesine uygulayın, yanaklardan kaçının. Haftada 1-2 kez kullanın.",neutral,"Normal ciltte pelin otu ekstraktı belirgin bir fayda sağlamaz. Antioksidan etkisi olsa da, potansiyel irritasyon riski nedeniyle gereksiz kullanımdan kaçınılmalıdır. 💡 Düzenli kullanım önerilmez. Ara sıra detoks etkisi için kullanılabilir.",caution,"Pelin otu, hassas ciltte güçlü irritasyon ve alerjik reaksiyonlara neden olabilir. Seskiterpen laktonlar kontakt dermatit riskini artırır. Rozasea ve egzamada kesinlikle önerilmez. 💡 Hassas ciltlerde kullanmayın. Alternatif olarak yatıştırıcı yeşil çay veya papatya ekstraktı tercih edin.",neutral,"Pelin otu, antioksidan özelliği sayesinde serbest radikallere karşı koruma sağlasa da, yaşlanma karşıtı etkisi sınırlıdır. Kurutucu etkisi olgun ciltte ince çizgileri belirginleştirebilir. 💡 Yaşlanma karşıtı rutinde tercih edilmez. Antioksidan ihtiyacı için C vitamini veya E vitamini kullanın.",caution,"Pelin otu, hamilelikte güvenli kabul edilmez. Yüksek dozlarda uterus kasılmalarını tetikleyebileceği ve düşük riskini artırabileceği için topikal kullanımda bile dikkatli olunmalıdır. 💡 Hamilelik ve emzirme döneminde kullanmayın. Alternatif olarak güvenli bitkisel ekstraktlar tercih edin.",2.0,beneficial,"Pelin otu, antimikrobiyal etkisiyle Propionibacterium acnes bakterisini baskılar ve inflamatuar akneyi azaltır. Ayrıca sebum üretimini dengeleyerek komedon oluşumunu engeller. 💡 Haftada 2-3 kez, gece rutininde kullanın. Salisilik asit veya benzoil peroksit ile kombine edilebilir."
Artemisia Capillaris Extract,artemisiacapillarisextract,1.0,2.0,1.0,0.0,-1.0,2.0,-1.0,Redness|Acne|Impaired skin barrier,,manual_v2,0,Bitkisel Ekstrakt (Yavşan Otu),Bitkisel Ekstrakt (Yavşan Otu),"Yavşan otu (Artemisia capillaris) ekstraktı, anti-inflamatuar, antioksidan ve antimikrobiyal özelliklere sahip bir bitkisel bileşendir. Skopoletin ve kumarin türevleri içerir, cilt aydınlatıcı etkisiyle bilinir.",beneficial,"Yavşan otu, anti-inflamatuar özelliği sayesinde kuru ciltte oluşabilecek hafif tahrişleri yatıştırır. Antioksidan içeriği ile bariyer hasarını önlemeye yardımcı olur. 💡 Nemlendirici ile kombine ederek günde bir kez kullanın. Yoğun nemlendirici serumlar tercih edin.",beneficial,"Yavşan otu, sebum üretimini dengeleyici etkisiyle yağlı ciltte parlaklığı azaltır. Antimikrobiyal özelliği sayesinde bakteri üremesini baskılar ve akne oluşumunu engeller. 💡 Haftada 3-4 kez tonik veya hafif serum formunda kullanın. Salisilik asit ile kombine edilebilir.",beneficial,"Karma ciltte yavşan otu, T-bölgesinde sebum kontrolü sağlarken kuru bölgelerde tahriş yapmaz. Anti-inflamatuar etkisi sayesinde cilt dengesini korur. 💡 Tüm yüze uygulanabilir. Haftada 2-3 kez kullanın.",neutral,"Normal ciltte yavşan otu belirgin bir fayda sağlamaz. Antioksidan etkisi olsa da, düzenli kullanım gerektirmez. 💡 Ara sıra kullanılabilir. Günlük rutinde gerekli değildir.",caution,"Yavşan otu, hassas ciltte düşük konsantrasyonlarda tolere edilebilir ancak yüksek konsantrasyonlarda irritasyona neden olabilir. Rozasea ve egzamada dikkatli kullanılmalıdır. 💡 Düşük konsantrasyonlu ürünler tercih edin. Yama testi yapın ve kızarıklık durumunda kullanmayı bırakın.",beneficial,"Yavşan otu, antioksidan özelliği sayesinde serbest radikallere karşı korur ve cilt aydınlatıcı etkisiyle hiperpigmentasyonu azaltır. Kolajen sentezini destekleyerek ince çizgileri hafifletir. 💡 Gece rutininde retinol veya C vitamini ile birlikte kullanın. Güneş koruyucu ihmal etmeyin.",caution,"Yavşan otu hakkında hamilelikte güvenlik verileri sınırlıdır. Topikal kullanımda düşük risk taşısa da, yüksek dozlarda potansiyel riskler nedeniyle dikkatli olunmalıdır. 💡 Hamilelikte kullanmadan önce doktora danışın. Düşük konsantrasyonlu ürünler tercih edin.",2.0,beneficial,"Yavşan otu, antimikrobiyal etkisiyle akne bakterilerini baskılar ve inflamasyonu azaltır. Ayrıca sebum üretimini dengeleyerek komedon oluşumunu engeller. 💡 Haftada 3-4 kez, gece rutininde kullanın. Niasinamid ile kombine edilebilir."
Ascorbic Acid,ascorbicacid,2.0,3.0,2.0,2.0,-1.0,3.0,3.0,Pigmentation|Radiance|Fine Lines|Wrinkles,Sensitive|Impaired skin barrier,manual_v2,200,C Vitamini (L-Askorbik Asit),C Vitamini (L-Askorbik Asit),"L-Askorbik asit, saf ve biyolojik olarak en aktif C vitamini formudur. Güçlü bir antioksidan olup kolajen sentezini uyarır, melanin üretimini inhibe eder ve fotohasarı onarır. Ancak su bazlı formülasyonlarda kararsızdır ve düşük pH (3.5 altı) gerektirir, bu da hassas ciltlerde irritasyona yol açabilir.",beneficial,"L-Askorbik asit, kolajen sentezini artırarak kuru ciltte bariyer fonksiyonunu destekler ve nem kaybını azaltır. Antioksidan etkisiyle serbest radikal hasarını önler, ancak düşük pH formülasyonları kuru ciltte geçici batma hissine neden olabilir. 💡 Düşük konsantrasyon (%5-10) ile başlayın ve nemlendirici ile kombine edin. Yüksek konsantrasyonlardan kaçının.",beneficial,"Antioksidan özelliği ile sebum oksidasyonunu azaltır, böylece gözenek tıkanıklığını ve siyah nokta oluşumunu engeller. Ayrıca kolajen sentezini uyararak geniş gözenek görünümünü iyileştirir. 💡 Günde bir kez, sabah rutininde kullanın. Yağsız formülasyonları tercih edin.",beneficial,"T-bölgesinde antioksidan koruma sağlarken, yanaklarda kolajen desteği ile ince çizgileri azaltır. Düşük pH formülasyonları kuru bölgelerde hafif irritasyona yol açabilir. 💡 Sadece T-bölgeye uygulayın veya tüm yüze düşük konsantrasyonlu serum kullanın.",beneficial,"Normal ciltte antioksidan koruma ve aydınlatma sağlar. Kolajen sentezini destekleyerek yaşlanma belirtilerini geciktirir. 💡 Günlük bakım rutininize ekleyin, sabah kullanımı idealdir.",caution,"Düşük pH (3.5 altı) nedeniyle hassas ciltte batma, kızarıklık ve irritasyona neden olabilir. Rozasea ve egzama gibi durumları alevlendirebilir. 💡 Daha düşük konsantrasyon (%5) ve nötr pH'ya yakın formülasyonlar tercih edin. Kullanmadan önce yama testi yapın.",beneficial,"Kolajen sentezini güçlü bir şekilde uyararak kırışıklıkları azaltır ve cilt sıkılığını artırır. Melanin üretimini inhibe ederek hiperpigmentasyonu (yaşlılık lekeleri) hafifletir. 💡 Günde bir kez, sabah kullanın. SPF ile mutlaka koruyun.",beneficial,"Hamilelikte güvenle kullanılabilir, teratojenik risk taşımaz. Gebelikte artan melanin üretimine bağlı melazmayı önlemeye yardımcı olur. 💡 Günlük bakım rutininize ekleyin, sabah kullanımı idealdir.",2.0,beneficial,"Antioksidan etkisiyle inflamasyonu azaltır ve akne sonrası hiperpigmentasyonu (leke) önler. Kolajen sentezini uyararak akne izlerinin iyileşmesine yardımcı olur. 💡 Sabah kullanın, gece retinol ile kombine etmeyin. Hafif formülasyonlar tercih edin."
Ascorbyl Glucoside,ascorbylglucoside,2.0,2.0,2.0,2.0,2.0,2.0,3.0,Pigmentation|Radiance|Fine Lines,,manual_v2,74,C Vitamini (Stabil Form),C Vitamini (Stabil Form),"Askorbil glukozid, C vitamininin stabil bir türevidir. Cilde uygulandıktan sonra enzimatik olarak L-askorbik aside dönüşür. Daha nötr pH'da (5-6) aktiftir, bu nedenle hassas ciltler için daha uygundur. Antioksidan ve aydınlatıcı etkisi saf askorbik aside göre daha zayıftır.",beneficial,"Nötr pH'sı sayesinde kuru ciltte irritasyon riski düşüktür. Antioksidan etkisiyle bariyer hasarını önler ve kolajen sentezini destekler. 💡 Günlük kullanıma uygundur, nemlendirici ile birlikte kullanılabilir.",beneficial,"Antioksidan koruma sağlar ve sebum oksidasyonunu azaltır. Saf askorbik aside göre daha hafif olduğu için yağlı ciltlerde rahatsızlık yapmaz. 💡 Sabah rutininde kullanın, yağsız serum formunu tercih edin.",beneficial,"Tüm bölgelerde eşit tolerans gösterir. Kuru yanaklarda irritasyon yapmazken, T-bölgede antioksidan koruma sağlar. 💡 Tüm yüze güvenle uygulayın.",beneficial,Normal ciltte etkili antioksidan koruma ve hafif aydınlatma sağlar. Stabil yapısı sayesede uzun süreli kullanıma uygundur. 💡 Günlük bakım rutininize ekleyin.,beneficial,"Nötr pH ve daha düşük irritasyon potansiyeli sayesinde hassas ciltler için idealdir. Rozasea ve egzama gibi durumlarda kullanılabilir. 💡 Düşük konsantrasyonla başlayın, yama testi yapın.",beneficial,"Kolajen sentezini destekler ve hiperpigmentasyonu hafifletir. Saf askorbik aside göre daha yavaş etki gösterir ancak daha tolerandır. 💡 Düzenli kullanımda etkilidir, sabah uygulayın.",beneficial,"Hamilelikte güvenle kullanılabilir, teratojenik risk yoktur. Melazma önleyici etkisi vardır. 💡 Günlük kullanıma uygundur.",2.0,beneficial,"Antioksidan etkisiyle inflamasyonu azaltır ve akne sonrası lekelerin oluşumunu engeller. Komedojenik değildir. 💡 Sabah kullanın, gece retinol ile kombine edilebilir."
Ascorbyl Palmitate,ascorbylpalmitate,2.0,-1.0,0.0,0.0,1.0,0.0,2.0,Texture,,top1000,309,Yumuşatıcı Ester,Yumuşatıcı Ester,"Askorbil palmitat, C vitamininin yağda çözünen bir ester türevidir. Antioksidan özelliği vardır ancak saf askorbik aside göre daha zayıftır. Yağ bazlı formülasyonlarda kullanılır ve ciltte yumuşatıcı etki gösterir. Oksidasyona karşı nispeten stabildir.",beneficial,"Yağda çözünen yapısı sayesinde kuru ciltte nemlendirici ve yumuşatıcı etki gösterir. Antioksidan koruma sağlar ancak C vitamini aktivitesi düşüktür. 💡 Nemlendirici kremlerde tercih edin, serum olarak kullanmayın.",caution,"Yağ bazlı yapısı komedojenik olabilir ve yağlı ciltte gözenek tıkanıklığına yol açabilir. Antioksidan etkisi zayıftır. 💡 Yağlı ciltler için önerilmez, hafif formülasyonlar tercih edin.",neutral,"Kuru bölgelerde faydalı olabilirken, T-bölgede komedojenik risk taşır. Karma ciltler için dengeli bir seçenek değildir. 💡 Sadece kuru bölgelere uygulayın, T-bölgeden kaçının.",neutral,Normal ciltte belirgin bir fayda sağlamaz. Antioksidan etkisi düşük olduğu için diğer C vitamini formları tercih edilmelidir. 💡 Alternatif olarak L-askorbik asit veya askorbil glukozid kullanın.,beneficial,"Düşük pH gerektirmediği için hassas ciltte irritasyon riski düşüktür. Ancak antioksidan etkisi sınırlıdır. 💡 Hassas ciltler için güvenli bir seçenek olabilir, ancak daha etkili formlar tercih edilmelidir.",neutral,"Yaşlanma karşıtı etkisi sınırlıdır. Kolajen sentezini uyarmaz, sadece hafif antioksidan koruma sağlar. 💡 Olgun ciltler için daha etkili C vitamini formları tercih edilmelidir.",beneficial,"Hamilelikte güvenle kullanılabilir, teratojenik risk yoktur. Ancak etkinliği düşüktür. 💡 Güvenli olsa da daha etkili formlar önerilir.",-1.0,caution,Yağ bazlı yapısı komedojenik olabilir ve akneyi tetikleyebilir. Antioksidan etkisi zayıf olduğu için akne tedavisinde etkili değildir. 💡 Akneye meyilli ciltlerde kullanmayın.
Asparagopsis Armata Extract,asparagopsisarmataextract,2.0,2.0,2.0,1.0,3.0,2.0,3.0,Acne|Enlarged Pores|Oily,,manual_v2,0,Deniz Yosunu Ekstrakt (Kırmızı Alg),Deniz Yosunu Ekstrakt (Kırmızı Alg),"Asparagopsis armata ekstraktı, kırmızı alglerden elde edilen bir bileşendir. Antioksidan, antimikrobiyal ve anti-inflamatuar özelliklere sahiptir. Ciltte nemlendirici ve yatıştırıcı etki gösterir, ayrıca akne ve rozasea gibi inflamatuar durumlara karşı faydalı olabilir.",beneficial,"Nemlendirici özelliği ile kuru ciltte nemi hapseder ve bariyer fonksiyonunu destekler. Antioksidan etkisiyle çevresel hasara karşı korur. 💡 Nemlendirici kremlerde tercih edin, günlük kullanıma uygundur.",beneficial,"Antimikrobiyal etkisi ile akneye neden olan bakterileri inhibe eder. Anti-inflamatuar özelliği sayesinde sebum üretimini dengelemeye yardımcı olur. 💡 Yağlı ciltler için uygun, hafif formülasyonlarda kullanın.",beneficial,"Tüm cilt tipleri için dengeli bir bileşendir. Kuru bölgelerde nemlendirir, yağlı bölgelerde antimikrobiyal etki gösterir. 💡 Tüm yüze güvenle uygulayın.",beneficial,Normal ciltte antioksidan koruma ve hafif nemlendirme sağlar. Belirgin bir sorun olmasa da bakım rutinine eklenebilir. 💡 Günlük bakımda kullanılabilir.,beneficial,"Anti-inflamatuar ve yatıştırıcı özellikleri sayesinde hassas cilt, rozasea ve egzama için idealdir. Kızarıklık ve tahrişi azaltır. 💡 Yatıştırıcı serum veya kremlerde tercih edin, düzenli kullanımda etkilidir.",beneficial,Antioksidan etkisi ile yaşlanma belirtilerini geciktirir. Nemlendirici özelliği sayesinde ince çizgilerin görünümünü azaltır. 💡 Anti-aging rutininde kullanılabilir.,beneficial,"Hamilelikte güvenle kullanılabilir, doğal bir bileşendir ve teratojenik risk taşımaz. 💡 Günlük bakımda güvenle kullanın.",3.0,beneficial,"Antimikrobiyal etkisi ile Propionibacterium acnes'i inhibe eder. Anti-inflamatuar özelliği sayesinde akne lezyonlarının iyileşmesini hızlandırır. 💡 Akne tedavisinde destekleyici olarak kullanılabilir, diğer akne ilaçlarıyla kombine edilebilir."
Aspartic Acid,asparticacid,3.0,0.0,1.0,1.0,2.0,1.0,3.0,Dry and dehydrated skin,,top1000,33,Amino Asit / Protein,Amino Asit / Protein,"Aspartik asit, doğal olarak ciltte bulunan bir amino asittir. Nemlendirici özelliği vardır ve cildin doğal nem faktörünün (NMF) bir bileşenidir. Ayrıca cilt bariyerini güçlendirmeye yardımcı olur ve hafif eksfoliasyon etkisi gösterebilir.",beneficial,"NMF bileşeni olarak cildin nem tutma kapasitesini artırır. Kuru ciltte pullanma ve sıkılık hissini azaltır, bariyer fonksiyonunu destekler. 💡 Nemlendirici ürünlerde tercih edin, günlük kullanıma uygundur.",neutral,"Yağlı ciltte belirgin bir fayda sağlamaz. Nemlendirici etkisi hafiftir ve sebum üretimini etkilemez. 💡 Gerekli değildir, ancak zararı da yoktur.",beneficial,"Kuru bölgelerde nemlendirici etki gösterirken, yağlı bölgelerde sorun yaratmaz. Dengeli bir bileşendir. 💡 Tüm yüze uygulanabilir.",beneficial,Normal ciltte nem dengesini korumaya yardımcı olur. Hafif nemlendirici etkisi vardır. 💡 Günlük bakımda kullanılabilir.,beneficial,Tahriş edici değildir ve cilt bariyerini güçlendirir. Hassas ciltlerde yatıştırıcı etki gösterebilir. 💡 Hassas ciltler için güvenle kullanılabilir.,beneficial,Nemlendirici etkisi ile ince çizgilerin görünümünü azaltmaya yardımcı olabilir. Ancak yaşlanma karşıtı etkisi sınırlıdır. 💡 Nemlendirici rutininde kullanılabilir.,beneficial,"Hamilelikte güvenle kullanılabilir, doğal bir amino asittir ve herhangi bir risk taşımaz. 💡 Günlük bakımda güvenle kullanın.",0.0,neutral,"Akne üzerinde doğrudan bir etkisi yoktur. Komedojenik değildir, ancak tedaviye katkı sağlamaz. 💡 Akne tedavisinde birincil bileşen olarak kullanmayın."
Astrocaryum Murumuru Seed Butter,astrocaryummurumuruseedbutter,3.0,-1.0,0.0,1.0,2.0,2.0,3.0,,,top1000,27,Cilt Bakım Bileşeni,Cilt Bakım Bileşeni,"Murumuru yağı, Amazon bölgesinde yetişen Astrocaryum murumuru palmiyesinin tohumlarından elde edilen bir bitkisel yağdır. Yüksek oranda laurik, miristik ve oleik asit içerir, bu da ona güçlü nemlendirici ve yumuşatıcı özellikler kazandırır. Kozmetikte cilt bariyerini onarmak ve yumuşaklık sağlamak için kullanılır.",beneficial,"Murumuru yağı, yüksek yağ asidi içeriği sayesinde kuru ciltlerde lipid bariyeri güçlendirir ve transepidermal su kaybını azaltır. Özellikle laurik asit, antimikrobiyal etki göstererek kuru ciltte sık görülen enfeksiyon riskini düşürür. Pullanma ve sıkılık hissini hızla giderir. 💡 Kuru ciltler için yoğun nemlendirici kremlerde veya gece maskelerinde kullanılabilir. Haftada 2-3 kez uygulama yeterlidir.",caution,"Murumuru yağı, komedojenik potansiyele sahip olabilir (özellikle yüksek konsantrasyonlarda). Yağlı ciltlerde gözenek tıkama ve siyah nokta oluşumunu tetikleyebilir. Ancak düşük konsantrasyonlarda ve iyi formüle edilmiş ürünlerde sorun yaratmayabilir. 💡 Yağlı ciltlerde kullanmaktan kaçının veya çok düşük konsantrasyonlu ürünleri tercih edin. Non-komedojenik etiketli ürünleri seçin.",neutral,"Karma ciltlerde T-bölgede yağlı, yanaklarda kuru bölgeler olduğu için etkisi bölgesel değişir. Yanaklarda faydalı olabilirken T-bölgede komedojenik risk taşır. Genel olarak dengeli bir etki beklenmez. 💡 Sadece kuru bölgelere (yanaklar) uygulayın, T-bölgeden kaçının. Hafif formüllü ürünler tercih edin.",beneficial,"Normal ciltlerde nemlendirici ve yumuşatıcı olarak işlev görür, cilt bariyerini destekler. Ancak aşırı yağlı his bırakabilir, bu nedenle hafif dokulu ürünlerde kullanılması önerilir. 💡 Haftada birkaç kez nemlendirici olarak kullanılabilir. Yoğun kremler yerine losyon formunu tercih edin.",beneficial,"Murumuru yağı, anti-enflamatuvar özellikleri sayesinde hassas ciltlerde tahrişi yatıştırır. Bariyer onarıcı etkisi, rozasea ve egzama gibi durumlarda cildin korunmasına yardımcı olur. Ancak nadiren alerjik reaksiyon görülebilir. 💡 Hassas ciltler için yatıştırıcı kremlerde kullanılabilir. Öncesinde küçük bir alanda yama testi yapın.",beneficial,Olgun ciltlerde kolajen sentezini destekleyen yağ asitleri içerir. Cilt elastikiyetini artırır ve ince çizgilerin görünümünü azaltır. Antioksidan özellikleri sayesinde serbest radikal hasarını önler. 💡 Gece bakım rutininde yoğun nemlendirici olarak kullanılabilir. Retinol veya peptitlerle kombine edilebilir.,beneficial,"Murumuru yağı, doğal bir bileşen olup hamilelikte güvenle kullanılabilir. Teratojenik veya sistemik etkisi yoktur. Cilt çatlaklarını önlemek için nemlendirici olarak idealdir. 💡 Hamilelikte çatlak önleyici kremlerde veya doğal nemlendiricilerde güvenle kullanın.",-2.0,caution,"Murumuru yağı, komedojenik indeksi yüksek olan bir bileşendir (yaklaşık 4/5). Akneye meyilli ciltlerde gözenekleri tıkayarak siyah nokta ve beyaz nokta oluşumunu artırabilir. Ayrıca yağlı yapısı sebum üretimini tetikleyebilir. 💡 Akneye meyilli ciltlerde kullanmayın. Non-komedojenik alternatifler (örneğin jojoba yağı) tercih edin."
Avena Sativa (Oat) Kernel Extract,avenasativaoatkernelextract,3.0,1.0,2.0,1.0,3.0,2.0,3.0,Redness|Impaired skin barrier|Dry and dehydrated skin,,manual_v2,0,Bitkisel Ekstrakt (Yulaf),Bitkisel Ekstrakt (Yulaf),"Yulaf (Avena sativa) çekirdeği ekstraktı, beta-glukan, avenantramidler ve nişasta açısından zengin bir bileşendir. Anti-enflamatuvar, antioksidan ve nemlendirici özellikleriyle bilinir. Kozmetikte hassas ciltleri yatıştırmak ve cilt bariyerini güçlendirmek için kullanılır.",beneficial,"Yulaf ekstraktı, beta-glukan sayesinde cilt yüzeyinde nem tutucu bir film oluşturur ve transepidermal su kaybını azaltır. Avenantramidler anti-enflamatuvar etki göstererek kuru ciltteki kaşıntı ve tahrişi hafifletir. Pullanmayı giderir. 💡 Kuru ciltler için nemlendirici kremlerde veya yatıştırıcı maskelerde kullanılabilir. Günde iki kez uygulayın.",beneficial,"Yulaf ekstraktı, hafif nemlendirici etkisiyle yağlı ciltlerde denge sağlar. Anti-enflamatuvar özellikleri sayesinde akne oluşumunu dolaylı olarak azaltabilir. Ancak aşırı nemlendirme hissi yaratmaz. 💡 Yağlı ciltler için hafif losyon veya jellerde kullanılabilir. Günlük nemlendirici olarak uygundur.",beneficial,"Karma ciltlerde hem kuru bölgeleri nemlendirir hem de yağlı bölgelerde tahrişi azaltır. Beta-glukan sayesinde cilt bariyerini güçlendirir, böylece T-bölge ve yanaklar arasındaki dengesizliği düzeltir. 💡 Tüm yüze uygulanabilir. Hafif formüllü ürünler tercih edin.",beneficial,Normal ciltlerde nemlendirici ve antioksidan olarak işlev görür. Cilt bariyerini destekler ve çevresel stres faktörlerine karşı korur. Günlük bakımda kullanılabilir. 💡 Günlük nemlendirici olarak kullanılabilir. Herhangi bir özel önlem gerektirmez.,beneficial,"Yulaf ekstraktı, avenantramidler sayesinde güçlü anti-enflamatuvar ve antipruritik (kaşıntı giderici) etki gösterir. Rozasea ve egzama gibi hassas cilt durumlarında kızarıklık ve tahrişi azaltır. Aynı zamanda cilt bariyerini onarır. 💡 Hassas ciltler için yatıştırıcı kremlerde veya temizleyicilerde idealdir. Günde iki kez kullanılabilir.",beneficial,"Yulaf ekstraktı, antioksidan içeriği sayesinde serbest radikal hasarını önler ve cilt yaşlanmasını yavaşlatır. Beta-glukan, kolajen sentezini uyararak ince çizgilerin görünümünü azaltır. Nemlendirici etkisiyle cilt elastikiyetini korur. 💡 Olgun ciltler için anti-aging kremlerde kullanılabilir. Retinol veya C vitamini ile kombine edilebilir.",beneficial,"Yulaf ekstraktı, doğal ve güvenli bir bileşendir. Hamilelikte cilt hassasiyetini yatıştırmak ve nemlendirmek için idealdir. Teratojenik risk taşımaz. 💡 Hamilelikte güvenle kullanılabilir. Yatıştırıcı maskelerde veya nemlendiricilerde tercih edin.",2.0,beneficial,"Yulaf ekstraktı, anti-enflamatuvar özellikleri sayesinde akne lezyonlarındaki kızarıklık ve şişliği azaltır. Komedojenik değildir, bu nedenle gözenek tıkamaz. Ayrıca nemlendirici etkisi, akne tedavisinde kullanılan kurutucu ilaçların yan etkilerini hafifletebilir. 💡 Akne tedavisi sırasında nemlendirici olarak kullanılabilir. Salisilik asit veya benzoil peroksit ile kombine edilebilir."
Avena Sativa (Oat) Kernel Flour,avenasativaoatkernelflour,3.0,0.0,1.0,1.0,3.0,2.0,3.0,,,top1000,34,Cilt Bakım Bileşeni,Cilt Bakım Bileşeni,"Yulaf unu (Avena sativa kernel flour), ince öğütülmüş yulaf tanelerinden elde edilir. Beta-glukan, nişasta ve protein içerir. Kozmetikte yatıştırıcı, nemlendirici ve hafif eksfoliyan olarak kullanılır. Özellikle hassas ciltler için idealdir.",beneficial,"Yulaf unu, beta-glukan sayesinde ciltte nem tutucu bir bariyer oluşturur. Nişasta içeriği sayesinde yumuşak bir peeling etkisi yaparak kuru pullanmayı giderir. Aynı zamanda anti-enflamatuvar özellikleriyle tahrişi azaltır. 💡 Kuru ciltler için yatıştırıcı maskelerde veya temizleyicilerde kullanılabilir. Haftada 1-2 kez uygulayın.",neutral,"Yulaf unu, hafif eksfoliyan etkisiyle yağlı ciltlerde ölü hücreleri uzaklaştırabilir. Ancak aşırı nemlendirici değildir, bu nedenle yağlı ciltlerde belirgin bir fayda sağlamaz. Komedojenik değildir. 💡 Yağlı ciltlerde haftada bir kez peeling olarak kullanılabilir. Sık kullanım gerektirmez.",beneficial,Karma ciltlerde hem kuru bölgeleri nemlendirir hem de yağlı bölgelerde hafif eksfoliyasyon sağlar. Cilt dokusunu eşitler ve yumuşatır. 💡 Haftada 1-2 kez tüm yüze uygulanabilir. Nemlendirici sonrası kullanın.,beneficial,Normal ciltlerde yumuşak bir peeling ve nemlendirici olarak işlev görür. Cilt bariyerini destekler ve pürüzsüz bir doku sağlar. 💡 Haftada bir kez peeling maskesi olarak kullanılabilir.,beneficial,"Yulaf unu, hassas ciltler için en güvenli eksfoliyanlardan biridir. Fiziksel peeling partikülleri yuvarlak ve yumuşaktır, bu nedenle mikro çatlaklara neden olmaz. Avenantramidler sayesinde kızarıklık ve kaşıntıyı azaltır. Rozasea ve egzama için idealdir. 💡 Hassas ciltler için yatıştırıcı maskelerde veya temizleyicilerde kullanılabilir. Haftada 1 kez yeterlidir.",beneficial,"Yulaf unu, antioksidan içeriği sayesinde yaşlanma belirtilerini azaltır. Hafif eksfoliyan etkisiyle cilt yenilenmesini destekler ve ince çizgilerin görünümünü iyileştirir. Nemlendirici etkisiyle cilt elastikiyetini korur. 💡 Olgun ciltler için haftada bir kez peeling maskesi olarak kullanılabilir. Retinol ile aynı gün kullanmayın.",beneficial,"Yulaf unu, doğal ve güvenli bir bileşendir. Hamilelikte cilt hassasiyetini yatıştırmak ve hafif peeling için idealdir. Teratojenik risk taşımaz. 💡 Hamilelikte güvenle kullanılabilir. Yatıştırıcı maskelerde tercih edin.",2.0,beneficial,"Yulaf unu, hafif eksfoliyan etkisiyle gözenek tıkanıklığını azaltır ve siyah nokta oluşumunu engeller. Anti-enflamatuvar özellikleri sayesinde akne lezyonlarının iyileşmesini hızlandırır. Komedojenik değildir. 💡 Akneye meyilli ciltlerde haftada 1-2 kez peeling olarak kullanılabilir. Salisilik asit içeren ürünlerle kombine edilebilir."
Avena Sativa Kernel Extract,avenasativakernelextract,3.0,1.0,2.0,1.0,3.0,2.0,3.0,,,top1000,34,Bitkisel Ekstrakt,Bitkisel Ekstrakt,"Yulaf çekirdeği ekstraktı (Avena sativa kernel extract), beta-glukan, avenantramidler, nişasta ve proteinler açısından zengindir. Anti-enflamatuvar, antioksidan ve nemlendirici özellikleriyle cilt bakımında yaygın olarak kullanılır. Hassas ciltleri yatıştırmada etkilidir.",beneficial,Beta-glukan sayesinde ciltte nem tutucu bir film oluşturur ve su kaybını önler. Avenantramidler anti-enflamatuvar etki göstererek kuru ciltteki kaşıntı ve tahrişi hafifletir. Cilt bariyerini güçlendirir. 💡 Kuru ciltler için yoğun nemlendirici kremlerde kullanılabilir. Günde iki kez uygulayın.,beneficial,Hafif nemlendirici etkisiyle yağlı ciltlerde denge sağlar. Anti-enflamatuvar özellikleri sayesinde akne oluşumunu dolaylı olarak azaltabilir. Komedojenik değildir. 💡 Yağlı ciltler için hafif losyon veya jellerde kullanılabilir. Günlük nemlendirici olarak uygundur.,beneficial,Karma ciltlerde hem kuru bölgeleri nemlendirir hem de yağlı bölgelerde tahrişi azaltır. Cilt bariyerini güçlendirerek dengesizliği düzeltir. 💡 Tüm yüze uygulanabilir. Hafif formüllü ürünler tercih edin.,beneficial,Normal ciltlerde nemlendirici ve antioksidan olarak işlev görür. Cilt bariyerini destekler ve çevresel stres faktörlerine karşı korur. 💡 Günlük nemlendirici olarak kullanılabilir.,beneficial,Avenantramidler sayesinde güçlü anti-enflamatuvar ve antipruritik etki gösterir. Rozasea ve egzama gibi hassas cilt durumlarında kızarıklık ve tahrişi azaltır. Cilt bariyerini onarır. 💡 Hassas ciltler için yatıştırıcı kremlerde veya temizleyicilerde idealdir. Günde iki kez kullanılabilir.,beneficial,"Antioksidan içeriği sayesinde serbest radikal hasarını önler ve cilt yaşlanmasını yavaşlatır. Beta-glukan, kolajen sentezini uyararak ince çizgilerin görünümünü azaltır. 💡 Olgun ciltler için anti-aging kremlerde kullanılabilir. Retinol veya C vitamini ile kombine edilebilir.",beneficial,Doğal ve güvenli bir bileşendir. Hamilelikte cilt hassasiyetini yatıştırmak ve nemlendirmek için idealdir. Teratojenik risk taşımaz. 💡 Hamilelikte güvenle kullanılabilir. Yatıştırıcı maskelerde veya nemlendiricilerde tercih edin.,2.0,beneficial,"Anti-enflamatuvar özellikleri sayesinde akne lezyonlarındaki kızarıklık ve şişliği azaltır. Komedojenik değildir. Nemlendirici etkisi, akne tedavisinde kullanılan kurutucu ilaçların yan etkilerini hafifletebilir. 💡 Akne tedavisi sırasında nemlendirici olarak kullanılabilir. Salisilik asit veya benzoil peroksit ile kombine edilebilir."
Avene Thermal Spring Water (Avene Aqua),avenethermalspringwateraveneaqua,2.0,1.0,1.0,1.0,3.0,1.0,3.0,Redness|Impaired skin barrier|Anyone,,manual_v2,0,Termal Su,Termal Su,"Avène termal suyu, Fransa'nın Avène bölgesinden elde edilen, düşük mineral içeriğine sahip bir termal sudur. Silika, kalsiyum, magnezyum ve bikarbonat iyonları içerir. Anti-enflamatuvar, yatıştırıcı ve antioksidan özellikleriyle bilinir. Hassas ciltler için idealdir.",beneficial,"Avène termal suyu, düşük mineral içeriği sayesinde kuru ciltlerde tahrişi yatıştırır ve nemlendirir. Silika içeriği cilt bariyerini güçlendirir. Ancak tek başına yeterli nemlendirme sağlamaz, nemlendirici ile birlikte kullanılmalıdır. 💡 Kuru ciltlerde nemlendirici öncesi tonik olarak kullanılabilir. Ardından yoğun bir nemlendirici uygulayın.",beneficial,Hafif nemlendirici ve yatıştırıcı etkisiyle yağlı ciltlerde denge sağlar. Anti-enflamatuvar özellikleri sayesinde akne oluşumunu dolaylı olarak azaltabilir. Gözenek tıkamaz. 💡 Yağlı ciltlerde tonik olarak kullanılabilir. Ardından hafif bir nemlendirici uygulayın.,beneficial,Karma ciltlerde yatıştırıcı ve nemlendirici olarak işlev görür. Cilt bariyerini destekler ve dengesizliği azaltır. 💡 Tüm yüze tonik olarak uygulanabilir. Ardından bölgesel nemlendirici kullanın.,beneficial,Normal ciltlerde hafif nemlendirici ve antioksidan olarak işlev görür. Cilt bariyerini destekler ve çevresel stres faktörlerine karşı korur. 💡 Günlük tonik olarak kullanılabilir.,beneficial,"Avène termal suyu, düşük mineral içeriği ve nötr pH'ı sayesinde hassas ciltler için en güvenli bileşenlerden biridir. Anti-enflamatuvar özellikleri rozasea, egzama ve kontakt dermatit gibi durumlarda kızarıklık ve tahrişi azaltır. Cilt bariyerini onarır. 💡 Hassas ciltler için yatıştırıcı sprey olarak günde birkaç kez kullanılabilir. Nemlendirici öncesi uygulayın.",beneficial,Antioksidan özellikleri sayesinde serbest radikal hasarını önler ve cilt yaşlanmasını yavaşlatır. Nemlendirici etkisiyle cilt elastikiyetini korur. 💡 Olgun ciltler için tonik olarak kullanılabilir. Anti-aging serumlarla kombine edin.,beneficial,"Avène termal suyu, doğal ve güvenli bir bileşendir. Hamilelikte cilt hassasiyetini yatıştırmak ve nemlendirmek için idealdir. Teratojenik risk taşımaz. 💡 Hamilelikte güvenle kullanılabilir. Yatıştırıcı sprey olarak günde birkaç kez uygulayın.",2.0,beneficial,Anti-enflamatuvar özellikleri sayesinde akne lezyonlarındaki kızarıklık ve şişliği azaltır. Komedojenik değildir. Ayrıca cilt bariyerini güçlendirerek akne tedavisinde kullanılan ilaçların yan etkilerini hafifletebilir. 💡 Akne tedavisi sırasında yatıştırıcı sprey olarak kullanılabilir. Salisilik asit veya benzoil peroksit ile kombine edilebilir.
Azelaic Acid,azelaicacid,1.0,3.0,2.0,2.0,2.0,2.0,3.0,Acne|Redness|Pigmentation|Texture,,manual_v2,0,Azelaik Asit,Azelaik Asit,"Azelaik asit, doğal olarak buğday, arpa ve çavdarda bulunan bir dikarboksilik asittir. Anti-inflamatuar, antibakteriyel ve keratolitik özellikleri sayesinde akne, rozasea ve hiperpigmentasyon tedavisinde kullanılır. Ayrıca tirozinaz enzimini inhibe ederek melanin üretimini azaltır.",caution,Azelaik asit hafif keratolitik etki gösterir ve kuru ciltlerde bariyeri daha da zayıflatabilir. Ancak anti-inflamatuar özelliği sayesinde kuru ciltteki kızarıklık ve tahrişi azaltabilir. Düşük konsantrasyonlarda (%10 altı) ve nemlendirici ile kombine edildiğinde tolere edilebilir. 💡 Kuru ciltte %10 altı konsantrasyon tercih edin ve mutlaka yoğun bir nemlendirici ile kullanın. Haftada 2-3 kez başlayıp toleransa göre artırın.,beneficial,"Azelaik asit, sebum üretimini düzenler ve gözenekleri tıkayan keratin tıkaçlarını çözer. Antibakteriyel etkisiyle Propionibacterium acnes'i inhibe eder. Ayrıca anti-inflamatuar özelliği sayesinde akne lezyonlarının kızarıklığını ve şişliğini azaltır. 💡 Günde iki kez temiz cilde uygulayın. Salisilik asit veya niasinamid ile kombine edilebilir. Güneş kremi kullanımını ihmal etmeyin.",beneficial,"Karma ciltte T-bölgedeki yağlanmayı kontrol ederken, yanaklarda tahrişe neden olmaz. Anti-inflamatuar etkisi sayesinde hem yağlı hem de kuru bölgelerdeki kızarıklığı azaltır. Gözenek görünümünü iyileştirir. 💡 Sadece T-bölgeye veya tüm yüze ince bir tabaka halinde uygulayın. Kuru bölgelerde nemlendirici ile destekleyin.",beneficial,"Normal ciltte azelaik asit, cilt dokusunu pürüzsüzleştirir ve hafif aydınlatıcı etki gösterir. Antioksidan özelliği sayesinde çevresel hasara karşı korur. Düzenli kullanımda cilt tonunu eşitler. 💡 Günde bir kez kullanarak cilt bakım rutininize ekleyin. Gece kullanımı idealdir.",beneficial,"Azelaik asit, rozasea ve hassas ciltlerde kızarıklık ve iltihabı azaltmak için FDA onaylı bir bileşendir. Anti-inflamatuar etkisi sayesinde ciltte yanma ve batma hissini minimize eder. Diğer asitlere göre daha iyi tolere edilir. 💡 Düşük konsantrasyonla (%10) başlayın ve haftada 2-3 kez kullanın. Cilt alıştıkça sıklığı artırabilirsiniz. Yatıştırıcı içeriklerle (yeşil çay, centella) kombine edin.",beneficial,"Azelaik asit, antioksidan özelliği sayesinde kolajen yıkımını azaltır ve cilt elastikiyetini korur. Hiperpigmentasyonu (melazma, güneş lekeleri) azaltarak cilt tonunu eşitler. Hafif keratolitik etkisiyle cilt yenilenmesini destekler. 💡 Gece rutininize ekleyin, sabah mutlaka SPF50+ güneş kremi kullanın. C vitamini ile kombine edilebilir.",beneficial,"Azelaik asit, FDA tarafından gebelik kategorisi B olarak sınıflandırılmıştır ve hamilelikte güvenle kullanılabilir. Topikal uygulamada sistemik emilimi ihmal edilebilir düzeydedir. Akne ve melazma tedavisinde etkili bir alternatiftir. 💡 Hamilelikte güvenle kullanabilirsiniz. Günde iki kez uygulayın. Salisilik asit ve retinoidlerden kaçının.",3.0,beneficial,"Azelaik asit, komedolitik etki göstererek siyah nokta ve beyaz noktaları azaltır. Antibakteriyel özelliği sayesinde akneye neden olan bakterileri öldürür. Ayrıca anti-inflamatuar etkisiyle kistik akne lezyonlarının iyileşmesini hızlandırır ve post-inflamatuar hiperpigmentasyonu önler. 💡 Günde iki kez temiz cilde uygulayın. Retinoidlerle birlikte kullanılabilir ancak başlangıçta tahrişi önlemek için dönüşümlü kullanın. Güneş kremi şarttır."
Azurants Optiques,azurantsoptiques,0.0,0.0,0.0,0.0,-1.0,0.0,-1.0,,,top1000,28,Cilt Bakım Bileşeni,Cilt Bakım Bileşeni,"Azurants Optiques (optik parlatıcılar), UV ışığı altında mavi floresan yayan sentetik bileşiklerdir. Kozmetikte genellikle saç ve tırnak beyazlatıcı ürünlerde kullanılır. Cilt bakımında nadiren yer alır ve ciltte birikme potansiyeli nedeniyle tartışmalıdır.",neutral,Optik parlatıcıların kuru cilt üzerinde nemlendirici veya bariyer onarıcı etkisi yoktur. Ciltte geçici bir aydınlatma sağlayabilir ancak kuruluğu gidermez. Uzun süreli kullanımda ciltte birikerek tahrişe neden olabilir. 💡 Kuru ciltler için önerilmez. Nemlendirici ve bariyer onarıcı içeriklere yönelin.,neutral,Optik parlatıcılar yağlı ciltte sebum kontrolü veya gözenek sıkılaştırma sağlamaz. Ciltte geçici bir matlık hissi yaratabilir ancak uzun vadede faydası yoktur. Komedojenik potansiyeli düşüktür. 💡 Yağlı ciltler için etkili bir bileşen değildir. Salisilik asit veya niasinamid gibi içerikler tercih edin.,neutral,Karma ciltte herhangi bir bölgeye özel fayda sağlamaz. Cilt tonunu geçici olarak eşitleyebilir ancak kalıcı bir etkisi yoktur. Tahriş riski düşüktür. 💡 Karma ciltler için anlamlı bir faydası yoktur. Hedefe yönelik içerikler kullanın.,neutral,Normal ciltte optik parlatıcılar sadece geçici bir ışıltı sağlar. Cilt sağlığına katkısı yoktur ve düzenli kullanımda birikme yapabilir. Kozmetik amaçlı kullanılabilir ancak tedavi edici değildir. 💡 Gerekli bir bileşen değildir. Cilt bakım rutininizde yer vermeyin.,caution,"Optik parlatıcılar sentetik kimyasallardır ve hassas ciltte alerjik reaksiyonlara veya kontakt dermatite neden olabilir. Ciltte birikerek fototoksik reaksiyon riskini artırabilir. Özellikle rozasea ve egzama gibi durumlarda tahriş edici olabilir. 💡 Hassas ciltlerde kullanmaktan kaçının. Alternatif olarak doğal aydınlatıcılar (C vitamini, niasinamid) tercih edin.",neutral,"Optik parlatıcılar yaşlanma belirtilerine karşı etkili değildir. Kolajen üretimini uyarmaz veya kırışıklıkları azaltmaz. Sadece geçici bir aydınlatma sağlar. 💡 Yaşlanma karşıtı rutininizde yeri yoktur. Retinol, peptitler ve antioksidanlar kullanın.",caution,Optik parlatıcıların hamilelikte güvenliği konusunda yeterli çalışma yoktur. Sentetik bileşikler olduğu için sistemik emilim riski göz ardı edilmemelidir. Temastan kaçınılması önerilir. 💡 Hamilelikte kullanmaktan kaçının. Güvenli alternatifler tercih edin.,0.0,neutral,"Optik parlatıcıların akne üzerinde doğrudan bir etkisi yoktur. Komedojenik değildir ancak anti-inflamatuar veya antibakteriyel özellik taşımaz. Akne tedavisine katkı sağlamaz. 💡 Akne tedavisinde etkisizdir. Salisilik asit, benzoil peroksit veya azelaik asit gibi içeriklere yönelin."
BIS-PEG-18 Methyl Ether Dimethyl Silane,bispeg18methyletherdimethylsilane,2.0,0.0,1.0,0.0,1.0,1.0,2.0,Texture,,manual_v2,0,Silikon (Hibrit),Silikon (Hibrit),"BIS-PEG-18 Methyl Ether Dimethyl Silane, suda çözünebilen bir silikon türevidir. Ciltte ince bir film tabakası oluşturarak nem kaybını önler ve pürüzsüz bir his sağlar. Hibrit yapısı sayesinde silikonların yapışkanlığını azaltır ve su bazlı formüllerde kolayca kullanılır.",beneficial,"Bu silikon türevi, kuru ciltte su kaybını önleyen okluzif bir bariyer oluşturur. PEG grupları sayesinde nemlendiricilerin etkisini artırır. Ciltte pürüzsüz bir yüzey sağlayarak pullanmayı gizler. 💡 Kuru ciltlerde nemlendirici sonrası kullanarak nemi hapsedin. Gündüz makyaj altında da kullanılabilir.",neutral,Yağlı ciltte hafif bir matlık sağlayabilir ancak uzun vadede gözenek tıkama riski düşüktür. Sebum kontrolüne doğrudan katkısı yoktur. Non-komedojenik olarak kabul edilir. 💡 Yağlı ciltler için gerekli değildir. Hafif jeller veya su bazlı nemlendiriciler tercih edin.,beneficial,"Karma ciltte kuru bölgelere nem hapsederken, yağlı bölgelerde ağırlık yapmaz. Ciltte homojen bir doku sağlar. T-bölgede hafif matlaştırıcı etki gösterebilir. 💡 Tüm yüze ince bir tabaka halinde uygulayın. Kuru bölgelerde nemlendirici ile destekleyin.",neutral,Normal ciltte ekstra bir fayda sağlamaz ancak ciltte pürüzsüz bir his bırakır. Nemlendirici olarak tek başına yeterli değildir. Kozmetik amaçlı kullanılabilir. 💡 Normal ciltler için gerekli değildir. Hafif bir nemlendirici yeterlidir.,beneficial,"Bu silikon türevi, hassas ciltte tahrişe neden olmadan koruyucu bir bariyer oluşturur. Su bazlı yapısı sayesinde gözenekleri tıkamaz ve alerjik reaksiyon riski düşüktür. Rozasea ve egzamada yatıştırıcı olabilir. 💡 Hassas ciltlerde güvenle kullanılabilir. Diğer tahriş edici içeriklerle kombine etmeyin.",beneficial,Olgun ciltte ince çizgilerin görünümünü geçici olarak doldurur ve cildi pürüzsüzleştirir. Nem kaybını önleyerek cilt bariyerini destekler. Anti-aging etkisi sınırlıdır. 💡 Makyaj bazı olarak kullanılabilir. Retinol ve peptitlerle birlikte kullanın.,beneficial,Bu silikon türevi topikal kullanımda sistemik emilimi düşük olduğu için hamilelikte güvenli kabul edilir. PEG içermesi nedeniyle bazı kaynaklar temkinli yaklaşsa da genel olarak risk oluşturmaz. 💡 Hamilelikte güvenle kullanılabilir. Ancak aşırıya kaçmamak kaydıyla.,1.0,beneficial,Non-komedojenik yapısı sayesinde akneye meyilli ciltlerde gözenek tıkamaz. Ciltte pürüzsüz bir yüzey sağlayarak makyajın daha iyi oturmasına yardımcı olur. Anti-inflamatuar etkisi yoktur ancak tahrişi artırmaz. 💡 Akneli ciltlerde güvenle kullanılabilir. Yağsız nemlendiricilerle kombine edin.
Bakuchiol,bakuchiol,2.0,2.0,2.0,2.0,3.0,3.0,2.0,Fine Lines|Wrinkles|Pigmentation|Redness,,manual_v2,0,Bitkisel Retinol Alternatifi,Bitkisel Retinol Alternatifi,"Bakuchiol, Psoralea corylifolia bitkisinin tohumlarından elde edilen bir bitkisel bileşendir. Retinole benzer şekilde kolajen üretimini uyarır ve cilt yenilenmesini destekler, ancak daha az tahriş edicidir. Antioksidan ve anti-inflamatuar özelliklere sahiptir.",beneficial,"Bakuchiol, kuru ciltte retinole göre daha az kurutucu etki gösterir. Kolajen sentezini uyararak cilt elastikiyetini artırır ve ince çizgileri azaltır. Anti-inflamatuar özelliği sayesinde kuru ciltteki tahrişi yatıştırır. 💡 Kuru ciltlerde gece kullanımı idealdir. Nemlendirici ile birlikte uygulayın. Güneş kremi kullanmayı unutmayın.",beneficial,"Bakuchiol, sebum üretimini düzenleyerek yağlı ciltte parlamayı azaltır. Gözenek görünümünü iyileştirir ve akne oluşumunu engeller. Retinole göre daha hafif olduğu için yağlı ciltler tarafından iyi tolere edilir. 💡 Günde bir kez gece kullanın. Salisilik asit ile kombine edilebilir. Sabah mutlaka SPF kullanın.",beneficial,"Karma ciltte hem yağlı hem kuru bölgelere uyum sağlar. T-bölgede sebum kontrolü yaparken, yanaklarda nemlendirici etki gösterir. Cilt dokusunu eşitler ve ton farklılıklarını azaltır. 💡 Tüm yüze uygulayın. Kuru bölgelerde ek nemlendirici kullanın.",beneficial,"Normal ciltte bakuchiol, cilt yenilenmesini destekler ve yaşlanma belirtilerini geciktirir. Antioksidan etkisiyle çevresel hasara karşı korur. Düzenli kullanımda cilt daha pürüzsüz ve aydınlık görünür. 💡 Gece rutininize ekleyin. C vitamini ile kombine edilebilir.",beneficial,"Bakuchiol, hassas ciltler için retinolün mükemmel bir alternatifidir. Anti-inflamatuar özelliği sayesinde kızarıklık ve tahrişi azaltır. Rozasea ve egzama gibi durumlarda bile iyi tolere edilir. 💡 Hassas ciltlerde güvenle kullanılabilir. Düşük konsantrasyonla başlayın ve haftada 2-3 kez kullanın.",beneficial,"Bakuchiol, kolajen ve elastin üretimini uyararak kırışıklıkları ve sarkmaları azaltır. Antioksidan etkisiyle serbest radikallere karşı korur. Hiperpigmentasyonu hafifletir ve cilt tonunu eşitler. 💡 Gece rutininize ekleyin. Peptitler ve hyaluronik asit ile kombine edin. Sabah SPF50+ kullanın.",beneficial,"Bakuchiol, retinolün aksine teratojenik etki göstermez ve hamilelikte güvenle kullanılabilir. Bitkisel kaynaklı olması ve düşük sistemik emilimi nedeniyle tercih edilir. Ancak yine de doktora danışılması önerilir. 💡 Hamilelikte güvenle kullanılabilir. Retinol yerine tercih edin.",2.0,beneficial,"Bakuchiol, antibakteriyel ve anti-inflamatuar özellikleri sayesinde akne oluşumunu azaltır. Gözenekleri tıkamaz ve komedolitik etki gösterir. Retinole göre daha az tahriş edici olduğu için akneli ciltlerde tercih edilir. 💡 Gece kullanın. Benzoil peroksit veya salisilik asit ile kombine edilebilir. Güneş kremi şarttır."
Bambusa Vulgaris Extract,bambusavulgarisextract,2.0,1.0,1.0,1.0,2.0,2.0,2.0,Elasticity|Radiance,,manual_v2,0,Bitkisel Ekstrakt (Bambu),Bitkisel Ekstrakt (Bambu),"Bambusa Vulgaris Extract, bambu bitkisinin yaprak ve gövdesinden elde edilen bir ekstrakttır. Silika açısından zengindir ve ciltte kolajen sentezini destekler. Antioksidan, anti-inflamatuar ve nemlendirici özelliklere sahiptir.",beneficial,"Bambu ekstraktı, yüksek silika içeriği sayesinde cilt bariyerini güçlendirir ve nem kaybını azaltır. Anti-inflamatuar özelliği kuru ciltteki tahrişi yatıştırır. Ayrıca cildi besleyerek daha esnek hale getirir. 💡 Kuru ciltler için nemlendirici ile birlikte kullanın. Haftada bir maske olarak da uygulanabilir.",beneficial,"Bambu ekstraktı, hafif nemlendirici etkisiyle yağlı ciltte denge sağlar. Antioksidan özelliği sayesinde sebum oksidasyonunu önler. Gözenek tıkama riski düşüktür. 💡 Yağlı ciltlerde hafif bir nemlendirici olarak kullanılabilir. Salisilik asit gibi içeriklerle kombine edin.",beneficial,Karma ciltte hem kuru hem yağlı bölgelere uyum sağlar. Silika içeriği sayesinde cilt dokusunu iyileştirir ve matlaştırıcı etki göstermez. Anti-inflamatuar özelliği tüm bölgelerde rahatlatıcıdır. 💡 Tüm yüze uygulayın. Kuru bölgelerde ek nemlendirici kullanın.,beneficial,"Normal ciltte bambu ekstraktı, cilt sağlığını destekler ve antioksidan koruma sağlar. Cilt tonunu eşitlemeye yardımcı olur ve hafif bir aydınlatma etkisi yaratır. 💡 Günlük bakım rutininize ekleyin. C vitamini ile kombine edilebilir.",beneficial,"Bambu ekstraktı, anti-inflamatuar ve yatıştırıcı özellikleri sayesinde hassas ciltler için idealdir. Rozasea ve egzama gibi durumlarda kızarıklığı azaltır. Doğal yapısı sayesinde alerjik reaksiyon riski düşüktür. 💡 Hassas ciltlerde güvenle kullanılabilir. Yatıştırıcı maskelerde tercih edin.",beneficial,"Bambu ekstraktı, silika içeriği sayesinde kolajen sentezini destekler ve cilt elastikiyetini artırır. Antioksidan özelliği yaşlanma belirtilerini geciktirir. Ciltte sıkılaştırıcı etki gösterebilir. 💡 Yaşlanma karşıtı rutininize ekleyin. Retinol ve peptitlerle birlikte kullanın.",beneficial,Bambu ekstraktı doğal bir bileşendir ve hamilelikte güvenle kullanılabilir. Sistemik emilimi düşüktür ve herhangi bir teratojenik risk taşımaz. Cilt bakımında güvenli bir seçenektir. 💡 Hamilelikte güvenle kullanılabilir. Diğer doğal içeriklerle kombine edin.,1.0,beneficial,"Bambu ekstraktı, anti-inflamatuar etkisiyle akne lezyonlarının kızarıklığını azaltır. Komedojenik değildir ve gözenekleri tıkamaz. Antibakteriyel etkisi sınırlıdır ancak cildi yatıştırır. 💡 Akneli ciltlerde yatıştırıcı olarak kullanılabilir. Salisilik asit veya benzoil peroksit ile kombine edin."
Beeswax,beeswax,2.0,-1.0,0.0,1.0,-1.0,2.0,3.0,,,top1000,67,Cilt Bakım Bileşeni,Cilt Bakım Bileşeni,"Beeswax, arıların ürettiği doğal bir mumdur. Kozmetikte kıvam artırıcı, emülgatör ve cilt bariyerini koruyucu olarak kullanılır. Yağlı yapısı nedeniyle komedojenik potansiyele sahiptir.",beneficial,"Beeswax, cilt yüzeyinde koruyucu bir film oluşturarak transepidermal su kaybını azaltır ve kuru ciltlerde nemi hapseder. Bariyer onarımını destekler, pullanma ve sıkılık hissini giderir. 💡 Kuru ciltler için nemlendirici kremlerde tercih edilebilir. Gündüz kullanımında üzerine güneş kremi uygulayın.",caution,"Beeswax, yüksek komedojenik potansiyele sahiptir (ölçekte 4-5 arası). Yağlı ciltlerde gözenekleri tıkayarak siyah nokta ve akne oluşumunu tetikleyebilir. 💡 Yağlı ciltlerde kullanmaktan kaçının. Eğer kullanılacaksa, düşük konsantrasyonlu ve non-komedojenik formülleri tercih edin.",caution,"Karma ciltlerde T-bölgede komedojenik etki gösterebilirken, kuru bölgelerde faydalı olabilir. Genel olarak dikkatli kullanılmalıdır. 💡 Sadece kuru bölgelere uygulayın, T-bölgeden kaçının. Hafif formüllerde tercih edin.",neutral,"Normal ciltlerde genellikle tolerans edilir, ancak aşırı kullanımda gözenek tıkama riski vardır. Nemlendirici etkisi hafiftir. 💡 Ara sıra kullanım uygundur. Haftada 2-3 kez nemlendirici olarak kullanılabilir.",caution,"Beeswax, hassas ciltlerde alerjik reaksiyona neden olabilir (propolis içeriği nedeniyle). Ayrıca komedojenik yapısı rozasea ve egzamayı tetikleyebilir. 💡 Yama testi yapın. Eğer alerjiniz yoksa, düşük konsantrasyonlu ürünlerde kullanılabilir. Rozasea ve egzamada kaçının.",beneficial,"Beeswax, olgun ciltlerde bariyer onarımını destekler ve ince kırışıklıkların görünümünü azaltır. Nem kaybını önleyerek cildin dolgun görünmesine yardımcı olur. 💡 Gece kremlerinde kullanılabilir. Retinol gibi aktiflerle kombine edilebilir.",beneficial,"Beeswax, hamilelikte güvenli kabul edilir. Topikal kullanımda sistemik emilimi düşüktür ve teratojenik risk taşımaz. 💡 Hamilelikte rahatlıkla kullanılabilir. Herhangi bir kısıtlama yoktur.",-2.0,caution,"Beeswax, komedojenik indeksi yüksek bir bileşendir (4-5/5). Gözenekleri tıkayarak komedon ve akne oluşumunu artırır. Akneye meyilli ciltlerde kesinlikle önerilmez. 💡 Akne eğilimli ciltlerde kullanmayın. Non-komedojenik alternatifler (örneğin shea yağı) tercih edin."
Behentrimonium Chloride,behentrimoniumchloride,2.0,-1.0,0.0,1.0,-2.0,2.0,2.0,,,top1000,344,Cilt Bakım Bileşeni,Cilt Bakım Bileşeni,"Behentrimonium Chloride, kuaterner amonyum bileşiği olup katyonik bir yüzey aktif maddedir. Saç kremlerinde ve cilt bakımında yumuşatıcı ve antistatik olarak kullanılır. Düşük konsantrasyonlarda tahriş edici olabilir.",beneficial,"Behentrimonium Chloride, ciltte yumuşatıcı bir tabaka oluşturarak nemi hapseder ve kuru ciltlerde pürüzsüzlük sağlar. Bariyer onarımına katkıda bulunur. 💡 Kuru ciltler için nemlendirici kremlerde kullanılabilir. Hassasiyet durumunda düşük konsantrasyon tercih edin.",caution,Bu bileşen yağlı ciltlerde ağır gelebilir ve gözenek tıkama potansiyeli vardır. Ayrıca katyonik yapısı nedeniyle tahriş riski artabilir. 💡 Yağlı ciltlerde kullanmaktan kaçının veya çok düşük konsantrasyonlu ürünleri tercih edin.,neutral,"Karma ciltlerde kuru bölgelere faydalı olabilirken, yağlı bölgelerde tahriş veya tıkanma yapabilir. Dikkatli kullanılmalıdır. 💡 Sadece kuru bölgelere uygulayın. T-bölgeden kaçının.",neutral,"Normal ciltlerde genellikle iyi tolere edilir, ancak aşırı kullanımda tahriş riski vardır. Hafif yumuşatıcı etki sağlar. 💡 Ara sıra kullanım uygundur. Günlük kullanımda düşük konsantrasyonlu ürünler seçin.",caution,"Behentrimonium Chloride, hassas ciltlerde yanma, kızarıklık ve kontakt dermatite neden olabilir. Katyonik yapısı cilt bariyerini tahriş edebilir. 💡 Hassas ciltlerde kullanmayın. Alternatif olarak behentrimonium methosulfate daha az tahriş edicidir.",beneficial,Olgun ciltlerde yumuşatıcı etkisiyle ince kırışıklıkların görünümünü azaltır ve cildi pürüzsüzleştirir. Bariyer desteği sağlar. 💡 Gece kremlerinde kullanılabilir. Retinol gibi aktiflerle kombine edilebilir.,beneficial,"Behentrimonium Chloride, topikal kullanımda hamilelikte güvenli kabul edilir. Sistemik emilimi düşüktür ve teratojenik risk taşımaz. 💡 Hamilelikte kullanılabilir. Ancak hassasiyet durumunda doktora danışın.",-1.0,caution,Bu bileşen komedojenik potansiyele sahiptir ve akneye meyilli ciltlerde gözenek tıkayabilir. Ayrıca tahriş edici etkisi akneyi kötüleştirebilir. 💡 Akne eğilimli ciltlerde kullanmaktan kaçının. Non-komedojenik yumuşatıcılar tercih edin.
Behentrimonium Methosulfate,behentrimoniummethosulfate,3.0,0.0,2.0,2.0,2.0,3.0,3.0,,,top1000,79,Cilt Bakım Bileşeni,Cilt Bakım Bileşeni,"Behentrimonium Methosulfate, behentrimonium chloride'ın daha hafif bir türevidir. Katyonik yüzey aktif madde olarak saç ve cilt bakımında yumuşatıcı ve antistatik olarak kullanılır. Daha az tahriş edicidir.",beneficial,"Behentrimonium Methosulfate, kuru ciltlerde mükemmel yumuşatıcı ve nemlendirici etki sağlar. Cilt bariyerini onarır ve transepidermal su kaybını azaltır. 💡 Kuru ciltler için ideal bir bileşendir. Nemlendirici kremlerde rahatlıkla kullanılabilir.",neutral,"Bu bileşen yağlı ciltlerde genellikle iyi tolere edilir, ancak aşırı kullanımda hafif tıkanma yapabilir. Düşük konsantrasyonlarda sorun oluşturmaz. 💡 Yağlı ciltlerde düşük konsantrasyonlu ürünler tercih edin. Günlük kullanımda hafif formüller seçin.",beneficial,"Karma ciltlerde kuru bölgelere faydalıdır, yağlı bölgelerde ise genellikle tahriş yapmaz. Dengeli bir yumuşatıcıdır. 💡 Tüm yüze uygulanabilir. Kuru bölgelerde daha yoğun kullanılabilir.",beneficial,"Normal ciltlerde yumuşatıcı ve nemlendirici etki sağlar, cildi pürüzsüzleştirir. Genellikle iyi tolere edilir. 💡 Günlük nemlendirici olarak kullanılabilir.",beneficial,"Behentrimonium Methosulfate, behentrimonium chloride'a göre daha az tahriş edicidir. Hassas ciltlerde yumuşatıcı olarak kullanılabilir, ancak yine de yama testi önerilir. 💡 Hassas ciltler için uygun bir alternatiftir. Yama testi yaparak kullanın.",beneficial,Olgun ciltlerde yumuşatıcı etkisiyle kırışıklıkları azaltır ve cilt elastikiyetini destekler. Bariyer onarımına katkıda bulunur. 💡 Gece kremlerinde kullanılabilir. Anti-aging aktiflerle kombine edin.,beneficial,"Behentrimonium Methosulfate, hamilelikte güvenli kabul edilir. Topikal kullanımda sistemik emilimi düşüktür ve teratojenik risk taşımaz. 💡 Hamilelikte rahatlıkla kullanılabilir.",1.0,neutral,Bu bileşen düşük komedojenik potansiyele sahiptir ve akneye meyilli ciltlerde genellikle sorun oluşturmaz. Ancak aşırı kullanımda tıkanma riski vardır. 💡 Akne eğilimli ciltlerde düşük konsantrasyonlu ürünlerle kullanılabilir. Non-komedojenik olduğundan emin olun.
Behenyl Alcohol,behenylalcohol,3.0,0.0,2.0,2.0,2.0,3.0,3.0,,,manual_v2,208,Yağlı Alkol (Yumuşatıcı),Yağlı Alkol (Yumuşatıcı),"Behenyl Alcohol, doymuş bir yağ alkolüdür. Kozmetikte emülgatör, kıvam artırıcı ve yumuşatıcı olarak kullanılır. Ciltte yumuşak bir his bırakır ve bariyeri destekler.",beneficial,"Behenyl Alcohol, kuru ciltlerde mükemmel bir yumuşatıcıdır. Cilt bariyerini güçlendirir, nem kaybını önler ve pullanmayı azaltır. 💡 Kuru ciltler için nemlendirici kremlerde idealdir. Günlük kullanıma uygundur.",neutral,"Behenyl Alcohol, yağlı ciltlerde genellikle komedojenik değildir (düşük komedojenik indeks). Ancak aşırı kullanımda hafif tıkanma yapabilir. 💡 Yağlı ciltlerde düşük konsantrasyonlu ürünler tercih edin. Hafif nemlendiricilerde kullanılabilir.",beneficial,"Karma ciltlerde kuru bölgelere faydalıdır, yağlı bölgelerde ise genellikle sorun oluşturmaz. Dengeli bir yumuşatıcıdır. 💡 Tüm yüze uygulanabilir. Kuru bölgelerde daha yoğun kullanılabilir.",beneficial,"Normal ciltlerde yumuşatıcı ve nemlendirici etki sağlar, cildi pürüzsüzleştirir. Genellikle iyi tolere edilir. 💡 Günlük nemlendirici olarak kullanılabilir.",beneficial,"Behenyl Alcohol, hassas ciltlerde genellikle iyi tolere edilir. Tahriş edici potansiyeli düşüktür ve yatıştırıcı etki gösterebilir. 💡 Hassas ciltler için uygundur. Yama testi önerilir.",beneficial,Olgun ciltlerde yumuşatıcı etkisiyle kırışıklıkları azaltır ve cilt elastikiyetini destekler. Bariyer onarımına katkıda bulunur. 💡 Gece kremlerinde kullanılabilir. Anti-aging aktiflerle kombine edin.,beneficial,"Behenyl Alcohol, hamilelikte güvenli kabul edilir. Topikal kullanımda sistemik emilimi düşüktür ve teratojenik risk taşımaz. 💡 Hamilelikte rahatlıkla kullanılabilir.",1.0,neutral,"Behenyl Alcohol, düşük komedojenik potansiyele sahiptir (genellikle 1-2/5). Akneye meyilli ciltlerde genellikle güvenlidir, ancak aşırı kullanımda tıkanma riski vardır. 💡 Akne eğilimli ciltlerde kullanılabilir. Non-komedojenik ürünler tercih edin."
Bentonite,bentonite,-2.0,3.0,0.0,1.0,-2.0,-1.0,3.0,,,top1000,73,Mineral,Mineral,"Bentonite, volkanik külün suyla etkileşimi sonucu oluşan bir kil mineralidir. Kozmetikte maske olarak kullanılır; yağ ve kirleri emer, detoksifiye edici etki gösterir.",caution,"Bentonite, kuru ciltlerde aşırı yağ ve nem emerek cildi daha da kurutabilir. Bariyer hasarını artırabilir ve pullanmayı şiddetlendirebilir. 💡 Kuru ciltlerde kullanmayın. Eğer kullanılacaksa, çok kısa süreli ve nemlendirici ile kombine edin.",beneficial,"Bentonite, yağlı ciltlerde fazla sebumu emer, gözenekleri temizler ve matlaştırıcı etki sağlar. Siyah nokta ve akne oluşumunu azaltır. 💡 Haftada 1-2 kez maske olarak kullanın. Kullanım sonrası nemlendirici uygulayın.",caution,"Karma ciltlerde T-bölgede faydalı olabilirken, kuru bölgelerde kurutucu etki yapabilir. Dikkatli kullanılmalıdır. 💡 Sadece T-bölgeye uygulayın. Kuru bölgelerden kaçının.",neutral,"Normal ciltlerde haftada bir kullanıldığında gözenek temizliği sağlar, ancak aşırı kullanımda kuruluk yapabilir. 💡 Haftada 1 kez maske olarak kullanın. Nemlendirici ile takip edin.",caution,"Bentonite, hassas ciltlerde tahrişe, kızarıklığa ve kuruluğa neden olabilir. Rozasea ve egzamayı kötüleştirebilir. 💡 Hassas ciltlerde kullanmayın. Alternatif olarak kaolin kili daha hafiftir.",caution,"Olgun ciltlerde bentonite kurutucu etki yaparak ince kırışıklıkları belirginleştirebilir. Nem kaybına neden olabilir. 💡 Olgun ciltlerde kullanmaktan kaçının. Eğer kullanılacaksa, çok kısa süreli ve yoğun nemlendirici ile kombine edin.",beneficial,"Bentonite, hamilelikte güvenli kabul edilir. Topikal kullanımda sistemik emilimi düşüktür ve teratojenik risk taşımaz. 💡 Hamilelikte kullanılabilir. Ancak aşırı kuruluk yapmaması için dikkatli olun.",2.0,beneficial,"Bentonite, akneye meyilli ciltlerde fazla sebumu emer, gözenekleri temizler ve bakterileri uzaklaştırır. Ancak aşırı kullanımda kuruluk yapabilir. 💡 Haftada 1-2 kez maske olarak kullanın. Nemlendirici ile dengeleyin."
Benzalkonium Chloride,benzalkoniumchloride,-2.0,0.0,-1.0,0.0,-3.0,-2.0,-1.0,,,top1000,35,Koruyucu / Antimikrobiyal,Koruyucu / Antimikrobiyal,"Benzalkonium Chloride, yaygın olarak dezenfektan ve koruyucu olarak kullanılan bir kuaterner amonyum bileşiğidir. Cilt bakım ürünlerinde düşük konsantrasyonlarda bulunur, ancak yüksek konsantrasyonlarda tahriş edici ve alerjik kontakt dermatite neden olabilir.",caution,"Benzalkonium Chloride, kuru ciltte bariyer hasarını artırabilir ve transepidermal su kaybını (TEWL) yükseltebilir. Antimikrobiyal etkisi cilt florasını bozarak kuruluğu ve pullanmayı şiddetlendirebilir. 💡 Kuru ciltlerde bu bileşeni içeren ürünlerden kaçının; nemlendirici ve bariyer onarıcı ürünler tercih edin.",neutral,"Yağlı ciltlerde belirgin bir fayda veya zarar sağlamaz. Düşük konsantrasyonlarda koruyucu olarak kullanılabilir, ancak aşırı kurutma potansiyeli sebum üretimini rebound olarak artırabilir. 💡 Yağlı ciltler için sorun teşkil etmez, ancak gereksiz kullanımdan kaçının.",neutral,Karma ciltte kuru bölgelerde tahrişe neden olabilirken yağlı bölgelerde sorun yaratmaz. Genel olarak dengesiz bir etki gösterir. 💡 Karma ciltlerde kuru bölgelere temasını azaltmak için ürünü sadece yağlı bölgelere uygulayın.,neutral,"Normal ciltte düşük konsantrasyonlarda genellikle tolere edilir, ancak uzun süreli kullanımda hassasiyet gelişebilir. 💡 Normal ciltler için düşük konsantrasyonlu ürünler tercih edin, günlük kullanımdan kaçının.",caution,"Benzalkonium Chloride, hassas ciltlerde yüksek alerjik kontakt dermatit ve tahriş potansiyeline sahiptir. Rozasea ve egzama gibi durumları şiddetlendirebilir, ciltte yanma ve kızarıklığa neden olabilir. 💡 Hassas ciltlerde kesinlikle kullanmayın; alternatif koruyucu içermeyen ürünler tercih edin.",caution,Olgun ciltte bariyer fonksiyonu zaten azalmıştır; bu bileşen bariyeri daha da zayıflatarak kuruluk ve hassasiyeti artırabilir. Anti-aging faydası yoktur. 💡 Olgun ciltlerde kullanmayın; nemlendirici ve antioksidan içeren ürünler tercih edin.,caution,"Topikal kullanımda düşük sistemik emilim nedeniyle genellikle güvenli kabul edilir, ancak yüksek konsantrasyonlardan kaçınılmalıdır. Yeterli çalışma bulunmamaktadır. 💡 Hamilelikte düşük konsantrasyonlu ürünler tercih edin, aşırı kullanımdan kaçının.",-1.0,caution,"Antimikrobiyal etkisi akneye neden olan bakterileri azaltabilir, ancak tahriş edici yapısı inflamasyonu artırabilir ve akneyi kötüleştirebilir. Komedojenik değildir. 💡 Akneye meyilli ciltlerde düşük konsantrasyonlu ve kısa süreli kullanım düşünülebilir, ancak tahriş belirtilerinde bırakın."
Benzoic Acid,benzoicacid,-1.0,1.0,0.0,0.0,-2.0,0.0,1.0,,,top1000,628,Koruyucu / pH Düzenleyici,Koruyucu / pH Düzenleyici,"Benzoic Acid, doğal olarak bulunan bir aromatik karboksilik asittir. Kozmetikte koruyucu ve pH düzenleyici olarak kullanılır. Düşük konsantrasyonlarda antimikrobiyal etki gösterir, ancak yüksek konsantrasyonlarda tahriş edici olabilir.",caution,"Benzoic Acid, kuru ciltte hafif tahrişe neden olabilir ve bariyeri zayıflatabilir. Düşük pH değeri cildin asit mantosunu bozarak kuruluğu artırabilir. 💡 Kuru ciltlerde düşük konsantrasyonlu ürünler tercih edin, nemlendirici ile kombine kullanın.",beneficial,"Hafif keratolitik etkisiyle gözenekleri temizlemeye yardımcı olabilir ve antimikrobiyal özelliği akne bakterilerini azaltabilir. Yağlı ciltlerde sebum kontrolüne katkı sağlar. 💡 Yağlı ciltler için uygun, ancak yüksek konsantrasyonlardan kaçının; haftada birkaç kez kullanın.",neutral,"Karma ciltte yağlı bölgelerde faydalı olabilirken kuru bölgelerde tahrişe neden olabilir. Dengeleyici bir etkisi yoktur. 💡 Sadece T-bölge gibi yağlı alanlarda kullanın, kuru bölgelere uygulamayın.",neutral,"Normal ciltte düşük konsantrasyonlarda genellikle iyi tolere edilir, belirgin bir fayda veya zarar sağlamaz. 💡 Normal ciltler için gerekli değildir, ancak koruyucu olarak kullanılabilir.",caution,"Benzoic Acid, hassas ciltlerde alerjik reaksiyonlara ve tahrişe neden olabilir. Rozasea ve egzama gibi durumları şiddetlendirebilir. 💡 Hassas ciltlerde kullanmayın; alternatif koruyucu içermeyen ürünler tercih edin.",neutral,"Olgun ciltte belirgin bir anti-aging etkisi yoktur. Düşük konsantrasyonlarda koruyucu olarak kullanılabilir, ancak bariyeri zayıflatma potansiyeli vardır. 💡 Olgun ciltlerde düşük konsantrasyonlu ürünler tercih edin, nemlendirici ile birlikte kullanın.",beneficial,"Topikal benzoik asit düşük sistemik emilim nedeniyle hamilelikte güvenli kabul edilir. FDA tarafından genel olarak güvenli (GRAS) olarak sınıflandırılmıştır. 💡 Hamilelikte güvenle kullanılabilir, ancak yüksek konsantrasyonlardan kaçının.",2.0,beneficial,"Antimikrobiyal ve hafif keratolitik etkisiyle akne oluşumunu azaltabilir. Propionibacterium acnes üzerinde inhibitör etkisi vardır ve gözenek tıkanıklığını önlemeye yardımcı olur. 💡 Akne tedavisinde yardımcı olarak kullanılabilir, ancak salisilik asit veya benzoil peroksit kadar etkili değildir."
Benzophenone-1,benzophenone1,0.0,0.0,0.0,0.0,-2.0,0.0,-2.0,,,top1000,28,UV Filtresi (Kimyasal),UV Filtresi (Kimyasal),"Benzophenone-1 (BP-1), UV-A ve UV-B ışınlarını emen bir kimyasal güneş koruyucudur. Ancak düşük fotostabiliteye sahiptir ve endokrin bozucu potansiyeli nedeniyle giderek daha az kullanılmaktadır. Ciltte alerjik reaksiyonlara neden olabilir.",neutral,Kuru ciltte belirgin bir fayda veya zarar sağlamaz. Ancak bazı formülasyonlarda kuruluğu artırabilir. 💡 Kuru ciltlerde nemlendirici içeren güneş kremleri tercih edin.,neutral,"Yağlı ciltlerde hafif yağlı his bırakabilir, ancak belirgin bir etkisi yoktur. 💡 Yağlı ciltler için hafif formülasyonlar tercih edin.",neutral,Karma ciltte özel bir etkisi yoktur. 💡 Karma ciltler için uygun bir güneş koruyucu olarak kullanılabilir.,neutral,Normal ciltte genellikle iyi tolere edilir. 💡 Normal ciltler için kullanılabilir.,caution,"Benzophenone-1, hassas ciltlerde alerjik kontakt dermatit ve fototoksik reaksiyonlara neden olabilir. Rozasea ve egzama gibi durumları şiddetlendirebilir. 💡 Hassas ciltlerde kullanmayın; fiziksel güneş koruyucular (çinko oksit, titanyum dioksit) tercih edin.",neutral,"Olgun ciltte UV koruması sağlar, ancak fotostabilitesi düşük olduğu için etkinliği sınırlıdır. Anti-aging için yeterli değildir. 💡 Olgun ciltlerde daha stabil UV filtreleri (avobenzone, octocrylene) içeren ürünler tercih edin.",caution,"Benzophenone-1, endokrin bozucu özellikleri nedeniyle hamilelikte önerilmez. Sistemik emilim potansiyeli vardır ve fetüs üzerinde olumsuz etkileri olabilir. 💡 Hamilelikte kullanmayın; fiziksel güneş koruyucular tercih edin.",0.0,neutral,"Akneye meyilli ciltlerde komedojenik değildir, ancak bazı kişilerde tahrişe bağlı akne artışı olabilir. 💡 Akneye meyilli ciltlerde kullanılabilir, ancak tahriş belirtilerinde bırakın."
Benzophenone-3,benzophenone3,0.0,0.0,0.0,0.0,-3.0,0.0,-3.0,,,top1000,45,UV Filtresi (Kimyasal),UV Filtresi (Kimyasal),"Benzophenone-3 (Oxybenzone), geniş spektrumlu UV-A ve UV-B koruması sağlayan yaygın bir kimyasal güneş koruyucudur. Ancak endokrin bozucu etkileri, alerjik reaksiyon potansiyeli ve çevresel zararları nedeniyle tartışmalıdır.",neutral,"Kuru ciltte belirgin bir etkisi yoktur, ancak bazı formülasyonlarda kuruluğu artırabilir. 💡 Kuru ciltlerde nemlendirici içeren güneş kremleri tercih edin.",neutral,"Yağlı ciltlerde hafif yağlı his bırakabilir, ancak belirgin bir etkisi yoktur. 💡 Yağlı ciltler için hafif, yağsız formülasyonlar tercih edin.",neutral,Karma ciltte özel bir etkisi yoktur. 💡 Karma ciltler için uygun bir güneş koruyucu olarak kullanılabilir.,neutral,Normal ciltte genellikle iyi tolere edilir. 💡 Normal ciltler için kullanılabilir.,caution,"Oxybenzone, hassas ciltlerde yüksek alerjik kontakt dermatit ve fototoksik reaksiyon riski taşır. Rozasea ve egzama gibi durumları şiddetlendirebilir. 💡 Hassas ciltlerde kesinlikle kullanmayın; fiziksel güneş koruyucular tercih edin.",neutral,"Olgun ciltte UV koruması sağlar, ancak endokrin bozucu etkileri nedeniyle uzun süreli kullanımı önerilmez. 💡 Olgun ciltlerde daha güvenli alternatifler (çinko oksit, titanyum dioksit) tercih edin.",caution,"Oxybenzone, sistemik emilim gösterir ve endokrin bozucu etkileri nedeniyle hamilelikte önerilmez. Fetüs üzerinde potansiyel riskler taşır. 💡 Hamilelikte kesinlikle kullanmayın; fiziksel güneş koruyucular tercih edin.",0.0,neutral,"Akneye meyilli ciltlerde komedojenik değildir, ancak tahrişe bağlı akne artışı olabilir. 💡 Akneye meyilli ciltlerde kullanılabilir, ancak tahriş belirtilerinde bırakın."
Benzophenone-4,benzophenone4,0.0,0.0,0.0,0.0,-1.0,0.0,-1.0,,,top1000,163,UV Filtresi (Kimyasal),UV Filtresi (Kimyasal),"Benzophenone-4 (Sulisobenzone), suda çözünebilen bir UV-A ve UV-B filtresidir. Genellikle güneş kremlerinde ve diğer kozmetik ürünlerde kullanılır. Diğer benzofenonlara göre daha az alerjik potansiyele sahiptir, ancak yine de hassas ciltlerde sorun yaratabilir.",neutral,Kuru ciltte belirgin bir etkisi yoktur. 💡 Kuru ciltlerde nemlendirici içeren güneş kremleri tercih edin.,neutral,"Yağlı ciltlerde hafif yağlı his bırakabilir, ancak belirgin bir etkisi yoktur. 💡 Yağlı ciltler için hafif formülasyonlar tercih edin.",neutral,Karma ciltte özel bir etkisi yoktur. 💡 Karma ciltler için uygun bir güneş koruyucu olarak kullanılabilir.,neutral,Normal ciltte genellikle iyi tolere edilir. 💡 Normal ciltler için kullanılabilir.,caution,"Benzophenone-4, diğer benzofenonlara göre daha az alerjik olmakla birlikte hassas ciltlerde yine de tahrişe neden olabilir. Rozasea ve egzama gibi durumlarda dikkatli kullanılmalıdır. 💡 Hassas ciltlerde yama testi yaparak kullanın; fiziksel güneş koruyucular daha güvenlidir.",neutral,"Olgun ciltte UV koruması sağlar, ancak anti-aging için yeterli değildir. 💡 Olgun ciltlerde daha stabil ve güvenli UV filtreleri tercih edin.",caution,"Benzophenone-4, diğer benzofenonlara göre daha düşük endokrin bozucu potansiyele sahiptir, ancak yine de sistemik emilim riski nedeniyle hamilelikte dikkatli kullanılmalıdır. 💡 Hamilelikte fiziksel güneş koruyucular tercih edin; kullanılacaksa düşük konsantrasyonlu ürünler seçin.",0.0,neutral,"Akneye meyilli ciltlerde komedojenik değildir, ancak tahrişe bağlı akne artışı olabilir. 💡 Akneye meyilli ciltlerde kullanılabilir, ancak tahriş belirtilerinde bırakın."
Benzotriazolyl Dodecyl P-Cresol,benzotriazolyldodecylpcresol,0.0,1.0,0.0,1.0,-1.0,2.0,2.0,,,top1000,37,Cilt Bakım Bileşeni,Cilt Bakım Bileşeni,"Benzotriazolyl Dodecyl P-Cresol, UV filtre ve antioksidan olarak kullanılan sentetik bir bileşendir. Ciltte serbest radikalleri nötralize ederek foto-yaşlanmayı geciktirir. Genellikle güneş kremlerinde ve yaşlanma karşıtı ürünlerde bulunur.",neutral,"Kuru ciltlerde nemlendirici etkisi yoktur, ancak antioksidan özelliği ile bariyer hasarını azaltmaya yardımcı olabilir. Yine de kuru ciltler için birincil fayda sağlamaz. 💡 Kuru ciltlerde nemlendirici ile birlikte kullanılması önerilir.",beneficial,Yağlı ciltlerde antioksidan etkisi ile sebum oksidasyonunu azaltabilir ve gözenek tıkanıklığını önlemeye yardımcı olabilir. Komedojenik değildir. 💡 Gündüz rutininde güneş koruyucu olarak kullanılabilir.,neutral,Karma ciltlerde ne belirgin fayda ne de zarar sağlar. Antioksidan koruma genel olarak olumludur ancak cilt tipine özgü bir etkisi yoktur. 💡 Herhangi bir özel önlem gerektirmez.,beneficial,Normal ciltlerde antioksidan koruma sağlayarak çevresel hasarı önler ve cilt sağlığını destekler. 💡 Günlük bakımda antioksidan olarak kullanılabilir.,caution,Hassas ciltlerde nadiren de olsa irritasyona neden olabilir. Rozasea ve egzama gibi durumlarda dikkatli kullanılmalıdır. 💡 Kullanmadan önce yama testi yapılması önerilir.,beneficial,Olgun ciltlerde antioksidan etkisi ile kolajen yıkımını azaltır ve ince çizgilerin görünümünü hafifletir. Foto-yaşlanmaya karşı koruyucudur. 💡 Retinol gibi aktiflerle birlikte kullanılabilir.,beneficial,"Hamilelikte güvenli kabul edilir, sistemik emilimi düşüktür. Teratojenik risk taşımaz. 💡 Hamilelikte güvenle kullanılabilir.",1.0,beneficial,Antioksidan özelliği ile inflamasyonu azaltabilir ve akne lezyonlarının iyileşmesine yardımcı olabilir. Komedojenik değildir. 💡 Akne tedavisinde yardımcı olarak kullanılabilir.
Benzoyl Peroxide,benzoylperoxide,-2.0,2.0,-1.0,-1.0,-3.0,-1.0,2.0,Acne|Blackheads,Sensitive|Dry Dehydrated|Impaired skin barrier|Pregnancy,manual_v2,0,Akne Tedavisi,Akne Tedavisi,"Benzoyl Peroxide, güçlü bir antibakteriyel ve keratolitik ajandır. Propionibacterium acnes bakterisini öldürür ve gözenek tıkanıklığını azaltır. Oksidatif etki ile akne lezyonlarını kurutur.",caution,"Kuru ciltlerde bariyer hasarını artırabilir, aşırı kuruluk ve pullanmaya neden olabilir. Cildin nem dengesini bozar. 💡 Düşük konsantrasyon (%2.5) kullanın ve mutlaka nemlendirici ile kombine edin.",beneficial,"Yağlı ciltlerde sebum üretimini azaltır ve bakteriyel akneyi kontrol altına alır. Kurutucu etkisi yağlı ciltler için faydalıdır. 💡 Günde bir kez, gece kullanın. Nemlendirici ihmal etmeyin.",caution,"Karma ciltlerde T-bölgede faydalı olabilir ancak yanaklarda kuruluğa neden olabilir. Dikkatli uygulanmalıdır. 💡 Sadece T-bölgeye uygulayın, yanaklardan kaçının.",caution,Normal ciltlerde gereksiz kuruluğa yol açabilir. Akne yoksa kullanımı önerilmez. 💡 Sadece akne varlığında kullanın.,caution,"Hassas ciltlerde şiddetli irritasyon, kızarıklık ve yanmaya neden olabilir. Rozasea ve egzamayı kötüleştirir. 💡 Kesinlikle önerilmez. Alternatif olarak azelaik asit düşünün.",caution,"Olgun ciltlerde kurutucu etkisi yaşlanma belirtilerini artırabilir. Ancak akne varsa düşük dozda kullanılabilir. 💡 Nemlendirici ile birlikte kullanın, haftada 2-3 kez uygulayın.",beneficial,"Hamilelikte topikal kullanımı güvenlidir, sistemik emilimi düşüktür. Kategori C olmasına rağmen yaygın olarak önerilir. 💡 Hamilelikte güvenle kullanılabilir, ancak doktorunuza danışın.",3.0,beneficial,"Akneye meyilli ciltlerde en etkili tedavilerden biridir. Bakteriyel akneyi hızla kurutur ve yeni lezyon oluşumunu engeller. 💡 Düşük konsantrasyonla başlayın, retinoidlerle kombine etmeyin."
Benzyl Alcohol,benzylalcohol,-1.0,0.0,0.0,0.0,-2.0,-1.0,2.0,,,top1000,2460,Koruyucu (Nazik),Koruyucu (Nazik),"Benzyl Alcohol, kozmetik ürünlerde koruyucu ve çözücü olarak kullanılan bir alkoldür. Antimikrobiyal etki gösterir ancak bazı cilt tiplerinde irritasyona neden olabilir.",caution,Kuru ciltlerde kuruluğu artırabilir ve bariyeri zayıflatabilir. Alkol içeriği nedeniyle dehidrasyona yol açar. 💡 Kuru ciltler için alkolsüz ürünler tercih edin.,neutral,"Yağlı ciltlerde genellikle tolere edilir, ancak aşırı kullanımda kuruluğa neden olabilir. Düşük konsantrasyonlarda sorun yaratmaz. 💡 Yağlı ciltlerde kullanılabilir, ancak hassasiyet durumunda kaçının.",neutral,"Karma ciltlerde genellikle sorun oluşturmaz, ancak kuru bölgelerde hafif kuruluğa yol açabilir. 💡 Kuru bölgelere temasından kaçının.",neutral,"Normal ciltlerde genellikle iyi tolere edilir, belirgin bir fayda veya zarar sağlamaz. 💡 Herhangi bir önlem gerektirmez.",caution,Hassas ciltlerde kontakt dermatite ve irritasyona neden olabilir. Rozasea ve egzamayı tetikleyebilir. 💡 Hassas ciltler için alkolsüz ürünler tercih edin.,caution,Olgun ciltlerde kuruluğu artırabilir ve ince çizgileri belirginleştirebilir. Bariyeri zayıflatabilir. 💡 Olgun ciltler için alkolsüz formülleri tercih edin.,beneficial,"Hamilelikte güvenli kabul edilir, düşük konsantrasyonlarda sistemik etkisi yoktur. 💡 Hamilelikte güvenle kullanılabilir.",0.0,neutral,"Akneye meyilli ciltlerde genellikle sorun yaratmaz, ancak aşırı kuruluk akneyi kötüleştirebilir. 💡 Düşük konsantrasyonlu ürünler seçin."
Benzyl Benzoate,benzylbenzoate,0.0,0.0,0.0,0.0,-2.0,0.0,2.0,,Sensitive,top1000,514,Koku Alerjeni,Koku Alerjeni,"Benzyl Benzoate, parfümlerde ve kozmetikte koku bileşeni olarak kullanılan bir esterdir. Ayrıca akarisit ve böcek kovucu olarak da bilinir. Ciltte hassasiyete neden olabilir.",neutral,"Kuru ciltlerde nemlendirici etkisi yoktur, ancak düşük konsantrasyonlarda genellikle tolere edilir. 💡 Kuru ciltlerde kullanılabilir, ancak hassasiyet durumunda kaçının.",neutral,"Yağlı ciltlerde belirgin bir etkisi yoktur, ancak komedojenik değildir. 💡 Herhangi bir özel önlem gerektirmez.",neutral,Karma ciltlerde genellikle sorun oluşturmaz. 💡 Herhangi bir özel önlem gerektirmez.,neutral,Normal ciltlerde genellikle iyi tolere edilir. 💡 Herhangi bir özel önlem gerektirmez.,caution,Hassas ciltlerde alerjik reaksiyonlara ve kontakt dermatite neden olabilir. Rozasea ve egzamayı tetikleyebilir. 💡 Hassas ciltler için kokusuz ürünler tercih edin.,neutral,"Olgun ciltlerde belirgin bir etkisi yoktur, ancak hassasiyet riski nedeniyle dikkatli olunmalıdır. 💡 Olgun ciltlerde kullanılabilir, ancak hassasiyet durumunda kaçının.",beneficial,"Hamilelikte topikal kullanımı güvenlidir, düşük konsantrasyonlarda sistemik etkisi yoktur. 💡 Hamilelikte güvenle kullanılabilir.",0.0,neutral,"Akneye meyilli ciltlerde genellikle sorun yaratmaz, ancak bazı bireylerde irritasyona neden olabilir. 💡 Akneye meyilli ciltlerde kullanılabilir, ancak hassasiyet durumunda kaçının."
Benzyl Cinnamate,benzylcinnamate,0.0,0.0,0.0,0.0,-2.0,0.0,2.0,,Sensitive,top1000,50,Koku Alerjeni,Koku Alerjeni,"Benzyl Cinnamate, doğal olarak bazı bitkilerde bulunan ve kozmetikte koku bileşeni olarak kullanılan bir esterdir. Alerjik reaksiyonlara neden olabilir ve güneşe duyarlılığı artırabilir.",neutral,"Kuru ciltlerde belirgin bir etkisi yoktur, ancak düşük konsantrasyonlarda genellikle tolere edilir. 💡 Kuru ciltlerde kullanılabilir, ancak hassasiyet durumunda kaçının.",neutral,"Yağlı ciltlerde belirgin bir etkisi yoktur, komedojenik değildir. 💡 Herhangi bir özel önlem gerektirmez.",neutral,Karma ciltlerde genellikle sorun oluşturmaz. 💡 Herhangi bir özel önlem gerektirmez.,neutral,Normal ciltlerde genellikle iyi tolere edilir. 💡 Herhangi bir özel önlem gerektirmez.,caution,Hassas ciltlerde alerjik kontakt dermatite neden olabilir. Rozasea ve egzamayı tetikleyebilir. Ayrıca fototoksik reaksiyon riski vardır. 💡 Hassas ciltler için kokusuz ürünler tercih edin ve güneş koruyucu kullanın.,neutral,"Olgun ciltlerde belirgin bir etkisi yoktur, ancak fototoksisite riski nedeniyle güneş koruyucu kullanımı önerilir. 💡 Olgun ciltlerde kullanılabilir, ancak güneş koruyucu ile birlikte kullanın.",beneficial,"Hamilelikte topikal kullanımı güvenlidir, düşük konsantrasyonlarda sistemik etkisi yoktur. 💡 Hamilelikte güvenle kullanılabilir.",0.0,neutral,"Akneye meyilli ciltlerde genellikle sorun yaratmaz, ancak bazı bireylerde irritasyona neden olabilir. 💡 Akneye meyilli ciltlerde kullanılabilir, ancak hassasiyet durumunda kaçının."
Benzyl Salicylate,benzylsalicylate,-1.0,0.0,0.0,0.0,-2.0,0.0,-1.0,,Sensitive,top1000,1369,Koku Alerjeni,Koku Alerjeni,"Benzil salisilat, parfüm bileşenidir ve AB Kozmetik Yönetmeliği'ne göre alerjen olarak etiketlenmesi zorunludur. Salisilik asit esteri olmasına rağmen cilt bakımında belirgin bir faydası yoktur; esas olarak koku ve fiksatif olarak kullanılır.",caution,"Kuru ciltlerde bariyer hasarı varsa benzil salisilat tahriş edici olabilir. Alerjik kontakt dermatit riski taşır ve kuru ciltte kızarıklık, pullanma yapabilir. 💡 Kuru ve hassas ciltlerde parfümsüz ürünler tercih edin. İçerik listesinde benzil salisilat varsa kullanmaktan kaçının.",neutral,"Yağlı ciltlerde belirgin bir fayda veya zarar sağlamaz. Ancak alerjik reaksiyon riski her cilt tipi için geçerlidir. 💡 Alerjiniz yoksa kullanabilirsiniz, ancak akneye meyilli ciltlerde parfümsüz ürünler daha güvenlidir.",neutral,Karma ciltlerde özel bir etkisi yoktur. Alerjen potansiyeli nedeniyle hassas bölgelerde (yanaklar) tahriş yapabilir. 💡 Kullanmadan önce yama testi yapın. Hassas yanaklarda kaşıntı veya kızarıklık olursa ürünü bırakın.,neutral,"Normal ciltlerde genellikle sorun oluşturmaz, ancak alerjik reaksiyon riski her zaman mevcuttur. 💡 Alerji geçmişiniz yoksa güvenle kullanabilirsiniz.",caution,"Hassas ciltlerde, özellikle rozasea ve egzamada yüksek alerjen ve tahriş potansiyeli vardır. Benzil salisilat sık bildirilen kontakt alerjenlerdendir ve kızarıklık, yanma, kaşıntıyı tetikleyebilir. 💡 Hassas ciltler için kesinlikle önerilmez. Parfümsüz ve hipoalerjenik ürünler kullanın.",neutral,Olgun ciltlerde belirgin bir faydası yoktur. Alerjen riski nedeniyle hassaslaşmış yaşlı ciltlerde tahriş yapabilir. 💡 Alternatif olarak parfümsüz anti-aging ürünleri tercih edin.,caution,"Benzil salisilatın hamilelikte güvenliği tam olarak bilinmemektedir. Salisilik asit türevi olarak yüksek dozlarda sistemik emilim riski vardır, ancak kozmetikteki düşük konsantrasyonlar genellikle güvenli kabul edilir. Yine de ihtiyatlı olmak gerekir. 💡 Hamilelikte parfümsüz ürünler kullanmak en güvenlisidir. Benzil salisilat içeren ürünlerden kaçının veya doktorunuza danışın.",-1.0,caution,"Akneye meyilli ciltlerde komedojenik potansiyeli düşük olsa da, alerjik reaksiyon inflamasyonu artırabilir ve akneyi kötüleştirebilir. Ayrıca parfüm içeren ürünler akne tedavisinde önerilmez. 💡 Akne tedavisi sırasında parfümsüz ürünler kullanın. Benzil salisilat içeren ürünlerden kaçının."
Beta-Caryophyllene,betacaryophyllene,2.0,1.0,1.0,0.0,2.0,1.0,1.0,,,top1000,30,Cilt Bakım Bileşeni,Cilt Bakım Bileşeni,"Beta-karyofillen, karanfil, biberiye gibi bitkilerde bulunan bir sesquiterpendir. Anti-inflamatuar ve antioksidan özellikleri vardır, ayrıca kannabinoid reseptörü CB2'yi aktive ederek ağrı ve inflamasyonu azaltabilir.",beneficial,Anti-inflamatuar etkisi sayesinde kuru ciltteki tahrişi ve kızarıklığı azaltabilir. Antioksidan özelliği ile bariyer hasarını önlemeye yardımcı olur. 💡 Kuru cilt bakımında nemlendiricilerle birlikte kullanılabilir. Günde bir kez uygulama yeterlidir.,beneficial,Yağlı ciltlerde inflamasyonu azaltarak akne oluşumunu engelleyebilir. Ancak sebum kontrolü üzerinde doğrudan etkisi yoktur. 💡 Akne eğilimli yağlı ciltlerde anti-inflamatuar destek olarak kullanılabilir.,beneficial,"Karma ciltlerde hem kuru bölgelerdeki tahrişi hem de yağlı bölgelerdeki inflamasyonu dengeleyebilir. 💡 Tüm yüze uygulanabilir, özellikle kuru yanaklarda rahatlatıcı etki gösterir.",neutral,"Normal ciltlerde belirgin bir fayda sağlamaz, ancak antioksidan koruma amacıyla kullanılabilir. 💡 Gerekli değildir, ancak antioksidan serumlarda bulunması olumludur.",beneficial,"Anti-inflamatuar ve yatıştırıcı etkisi sayesinde rozasea, egzama gibi hassas cilt durumlarında kızarıklık ve tahrişi azaltabilir. CB2 reseptör aktivasyonu ile ağrılı inflamasyonu hafifletir. 💡 Hassas ciltler için idealdir. Yatıştırıcı serum veya kremlerde arayın.",beneficial,Antioksidan etkisi ile serbest radikallere karşı korur ve yaşlanma belirtilerini azaltabilir. Anti-inflamatuar özelliği yaşlı ciltteki kronik inflamasyonu hafifletir. 💡 Anti-aging rutininde antioksidan olarak kullanılabilir.,beneficial,"Beta-karyofillen genellikle güvenli kabul edilir, ancak yüksek konsantrasyonlarda kullanımıyla ilgili yeterli çalışma yoktur. Düşük konsantrasyonlarda topikal kullanımı hamilelikte sorun oluşturmaz. 💡 Hamilelikte güvenle kullanılabilir, ancak aşırıya kaçmamak kaydıyla.",2.0,beneficial,"Anti-inflamatuar özelliği sayesinde akne lezyonlarındaki kızarıklık ve şişliği azaltır. Ayrıca antibakteriyel etkisi de olabilir, bu da akne oluşumunu engellemeye yardımcı olur. 💡 Akne tedavisinde salisilik asit veya benzoil peroksit ile kombine edilebilir."
Beta-Glucan,betaglucan,3.0,1.0,2.0,1.0,3.0,2.0,3.0,Dry and dehydrated skin|Redness|Impaired skin barrier|Fine Lines|Anyone,,manual_v2,0,Bağışıklık Destekçi / Nemlendirici,Bağışıklık Destekçi / Nemlendirici,"Beta-glukan, yulaf, mantar gibi kaynaklardan elde edilen bir polisakkarittir. Ciltte nemlendirici, yatıştırıcı ve bağışıklık düzenleyici etkiler gösterir. Ayrıca yara iyileşmesini hızlandırabilir.",beneficial,"Beta-glukan güçlü bir nemlendiricidir ve cilt bariyerini onarır. Kuru ciltte pullanma ve sıkılık hissini azaltır, ayrıca hyaluronik asit benzeri su tutma kapasitesi vardır. 💡 Kuru ciltler için ideal bir nemlendiricidir. Günde iki kez kullanılabilir.",beneficial,"Yağlı ciltlerde hafif nemlendirme sağlar, ağırlık yapmaz. Anti-inflamatuar etkisi akne oluşumunu azaltabilir. 💡 Yağlı ciltler için hafif bir nemlendirici olarak kullanılabilir.",beneficial,"Karma ciltlerde hem kuru bölgeleri nemlendirir hem de yağlı bölgelerde denge sağlar. Bariyer onarıcı özelliği sayesinde cildi güçlendirir. 💡 Tüm yüze uygulanabilir, özellikle kuru yanaklarda etkilidir.",beneficial,Normal ciltlerde nemlendirme ve antioksidan koruma sağlar. Cilt bariyerini destekler. 💡 Günlük nemlendirici olarak kullanılabilir.,beneficial,"Beta-glukan hassas ciltler için mükemmel bir yatıştırıcıdır. Rozasea ve egzamada kızarıklık ve tahrişi azaltır, bağışıklık sistemini düzenleyerek alerjik reaksiyonları baskılar. 💡 Hassas ciltler için en güvenli nemlendiricilerden biridir. Günlük kullanıma uygundur.",beneficial,Antioksidan ve nemlendirici özellikleri ile yaşlanma belirtilerini azaltır. Kollajen üretimini destekleyebilir ve cilt elastikiyetini artırabilir. 💡 Anti-aging rutininde nemlendirici olarak kullanılabilir.,beneficial,Beta-glukan hamilelikte tamamen güvenlidir. Doğal bir bileşen olup topikal kullanımda sistemik emilimi düşüktür. 💡 Hamilelikte güvenle kullanılabilir.,2.0,beneficial,Anti-inflamatuar etkisi akne lezyonlarının iyileşmesini hızlandırır. Nemlendirici özelliği sayesinde akne tedavisinde kullanılan kurutucu ilaçların yan etkilerini azaltır. 💡 Akne tedavisi sırasında nemlendirici olarak kullanılabilir.
Beta-Sitosterol,betasitosterol,3.0,0.0,1.0,0.0,2.0,2.0,2.0,,,top1000,43,Cilt Bakım Bileşeni,Cilt Bakım Bileşeni,"Beta-sitosterol, bitkisel sterol olup anti-inflamatuar, antioksidan ve bariyer onarıcı özelliklere sahiptir. Kolesterol benzeri yapısıyla cilt lipidlerini destekler ve nem kaybını önler.",beneficial,Beta-sitosterol kuru ciltte bariyer onarımını destekler ve transepidermal su kaybını azaltır. Anti-inflamatuar etkisi ile tahrişi yatıştırır. 💡 Kuru ciltler için ideal bir bariyer onarıcıdır. Nemlendiricilerle birlikte kullanın.,neutral,"Yağlı ciltlerde belirgin bir fayda sağlamaz, ancak ağırlık yapmaz. Anti-inflamatuar etkisi akne tedavisine yardımcı olabilir. 💡 Yağlı ciltlerde gerekli değildir, ancak akne inflamasyonu varsa faydalı olabilir.",beneficial,"Karma ciltlerde kuru bölgelerde bariyer onarımı sağlar, yağlı bölgelerde ise dengeleyici etki gösterir. 💡 Kuru yanaklara odaklanarak uygulanabilir.",neutral,"Normal ciltlerde belirgin bir etkisi yoktur, ancak bariyer desteği olarak kullanılabilir. 💡 Gerekli değildir, ancak içeren ürünler güvenle kullanılabilir.",beneficial,Anti-inflamatuar ve yatıştırıcı etkisi sayesinde hassas ciltlerde kızarıklık ve tahrişi azaltır. Bariyer onarımı ile cildi güçlendirir. 💡 Hassas ciltler için önerilir. Yatıştırıcı kremlerde arayın.,beneficial,Antioksidan ve bariyer onarıcı özellikleri ile yaşlanma belirtilerini azaltır. Kollajen sentezini destekleyebilir. 💡 Anti-aging rutininde bariyer onarıcı olarak kullanılabilir.,beneficial,Beta-sitosterol hamilelikte güvenli kabul edilir. Bitkisel kaynaklı olup topikal kullanımda sistemik etkisi yoktur. 💡 Hamilelikte güvenle kullanılabilir.,1.0,beneficial,"Anti-inflamatuar etkisi akne lezyonlarının iyileşmesine yardımcı olabilir. Komedojenik değildir, bu nedenle akneye meyilli ciltlerde güvenle kullanılabilir. 💡 Akne tedavisinde destekleyici olarak kullanılabilir."
Betaine,betaine,3.0,1.0,2.0,1.0,3.0,2.0,3.0,Dry and dehydrated skin|Impaired skin barrier,,manual_v2,241,Nemlendirici / Osmoprotektör,Nemlendirici / Osmoprotektör,"Betain, şeker pancarından elde edilen bir amino asit türevidir. Nemlendirici, osmoprotektif ve yatıştırıcı özelliklere sahiptir. Ciltte su tutma kapasitesini artırır ve hücreleri ozmotik strese karşı korur.",beneficial,"Betain güçlü bir nemlendiricidir ve kuru ciltte su kaybını önler. Osmoprotektif etkisi ile cilt hücrelerini dehidrasyona karşı korur, pullanma ve sıkılık hissini azaltır. 💡 Kuru ciltler için ideal bir nemlendiricidir. Günde iki kez kullanılabilir.",beneficial,"Yağlı ciltlerde hafif nemlendirme sağlar, ağırlık yapmaz. Sebum dengesini bozmaz. 💡 Yağlı ciltler için hafif bir nemlendirici olarak kullanılabilir.",beneficial,"Karma ciltlerde hem kuru bölgeleri nemlendirir hem de yağlı bölgelerde denge sağlar. Hafif yapısı sayesinde tüm yüze uygulanabilir. 💡 Tüm yüze uygulanabilir, özellikle kuru yanaklarda etkilidir.",beneficial,Normal ciltlerde nemlendirme ve koruma sağlar. Cilt bariyerini destekler. 💡 Günlük nemlendirici olarak kullanılabilir.,beneficial,"Betain hassas ciltler için son derece güvenli ve yatıştırıcıdır. Rozasea ve egzamada tahrişi azaltır, cildi rahatlatır. Osmoprotektif etkisi ile hassas cildi çevresel stres faktörlerine karşı korur. 💡 Hassas ciltler için en güvenli nemlendiricilerden biridir. Günlük kullanıma uygundur.",beneficial,Nemlendirici ve osmoprotektif özellikleri ile yaşlanma belirtilerini azaltır. Cilt elastikiyetini korumaya yardımcı olur. 💡 Anti-aging rutininde nemlendirici olarak kullanılabilir.,beneficial,Betain hamilelikte tamamen güvenlidir. Doğal bir bileşen olup topikal kullanımda sistemik emilimi düşüktür. 💡 Hamilelikte güvenle kullanılabilir.,2.0,beneficial,"Betain nemlendirici ve yatıştırıcı etkisi ile akne tedavisinde kullanılan kurutucu ilaçların yan etkilerini azaltır. Komedojenik değildir, gözenekleri tıkamaz. 💡 Akne tedavisi sırasında nemlendirici olarak kullanılabilir."
Betula Alba (Birch) Bark Extract,betulaalbabirchbarkextract,2.0,0.0,1.0,1.0,2.0,2.0,3.0,Texture|Radiance,,manual_v2,0,Bitkisel Ekstrakt (Huş Ağacı),Bitkisel Ekstrakt (Huş Ağacı),"Huş ağacı kabuğu ekstraktı, anti-inflamatuar ve antioksidan özelliklere sahip betulin, betulinik asit ve flavonoidler içerir. Ciltte yatıştırıcı ve bariyer onarıcı etkiler gösterir, ayrıca hafif antimikrobiyal aktiviteye sahiptir.",beneficial,"Huş ağacı kabuğu ekstraktı, içerdiği betulin sayesinde cilt bariyerini güçlendirir ve nem kaybını azaltır. Kuru ciltlerde pullanma ve sıkılık hissini hafifletir, anti-inflamatuar etkisiyle tahrişi yatıştırır. 💡 Kuru ciltler için nemlendirici kremlerde tercih edilebilir. Hyaluronik asit gibi nem çekici bileşenlerle kombine edildiğinde etkinliği artar.",neutral,"Huş ağacı kabuğu ekstraktı yağlı ciltlerde doğrudan sebum kontrolü sağlamaz, ancak anti-inflamatuar özelliği sayesinde akne lezyonlarının iyileşmesine yardımcı olabilir. Hafif antimikrobiyal etkisi de faydalıdır. 💡 Yağlı ciltlerde hafif formüllerde kullanılabilir. Salisilik asit gibi keratolitiklerle birlikte kullanımı akne tedavisini destekleyebilir.",beneficial,"Karma ciltlerde hem kuru bölgelerde nemlendirici hem de yağlı bölgelerde yatıştırıcı etki gösterir. Bariyer onarıcı özelliği sayesinde cilt dengesini korur. 💡 Karma ciltler için uygun bir bileşendir. T bölgesinde hafif, yanaklarda ise daha yoğun nemlendirici ürünlerle kullanılabilir.",beneficial,Normal ciltlerde antioksidan koruma sağlar ve cilt bariyerini destekler. Düzenli kullanımda cilt tonunu eşitlemeye ve çevresel hasara karşı korumaya yardımcı olur. 💡 Günlük bakım rutininde antioksidan serum veya nemlendirici olarak kullanılabilir. Sabah ve akşam uygulanabilir.,beneficial,"Huş ağacı kabuğu ekstraktı, güçlü anti-inflamatuar ve yatıştırıcı özellikleri sayesinde hassas ciltlerde kızarıklık ve tahrişi azaltır. Betulinik asit, cilt bariyerini onararak reaktiviteyi düşürür. 💡 Hassas ciltler için idealdir. Rozasea ve egzama gibi durumlarda yatıştırıcı kremlerde kullanılabilir. Yama testi yaparak başlanması önerilir.",beneficial,"Antioksidan içeriği sayesinde serbest radikallere karşı korur ve kolajen yıkımını azaltır. Bariyer onarıcı etkisiyle yaşlanma belirtilerini hafifletir, cilt elastikiyetini destekler. 💡 Olgun ciltler için anti-aging serumlarda kullanılabilir. Retinol ve C vitamini ile birlikte kullanımı sinerjik etki sağlar.",beneficial,"Huş ağacı kabuğu ekstraktı, hamilelikte güvenle kullanılabilecek bitkisel bir bileşendir. Bilinen bir teratojenik riski yoktur, topikal kullanımda sistemik emilimi düşüktür. 💡 Hamilelikte güvenle kullanılabilir. Herhangi bir kısıtlama yoktur.",1.0,beneficial,"Anti-inflamatuar ve hafif antimikrobiyal etkisi sayesinde akne lezyonlarının iyileşmesine yardımcı olur. Komedojenik değildir, gözenek tıkamaz. Ancak doğrudan keratolitik etkisi olmadığından siyah nokta tedavisinde tek başına yeterli değildir. 💡 Akne tedavisinde yardımcı bileşen olarak kullanılabilir. Salisilik asit veya benzoil peroksit içeren ürünlerle kombine edilebilir."
Bha,bha,-1.0,3.0,2.0,1.0,-2.0,1.0,-1.0,Radiance,,top1000,29,Antioksidan,Antioksidan,"BHA (Beta Hidroksi Asit), genellikle salisilik asit olarak bilinir, yağda çözünen bir kimyasal eksfoliyandır. Gözenek içine penetre olarak komedolitik, anti-inflamatuar ve keratolitik etki gösterir. Ayrıca hafif antimikrobiyal özelliklere sahiptir.",caution,"BHA, keratolitik etkisiyle kuru ciltlerde bariyer hasarını artırabilir ve pullanmayı şiddetlendirebilir. Düşük konsantrasyonlarda (%0.5-1) ve seyrek kullanımda tolere edilebilir, ancak yüksek konsantrasyonlar (%2) kuruluk ve tahrişe yol açar. 💡 Kuru ciltlerde haftada 1-2 kez, düşük konsantrasyonda (%0.5-1) kullanılmalıdır. Nemlendirici ve seramid içeren ürünlerle kombine edilmelidir.",beneficial,"BHA, yağda çözünür yapısıyla gözenek içine penetre olur ve sebumu parçalar. Komedolitik etkisiyle siyah nokta ve beyaz noktaları azaltır, ayrıca anti-inflamatuar özelliği sayesinde akne lezyonlarını yatıştırır. Yağlı ciltlerde parlaklığı kontrol eder. 💡 Yağlı ciltler için idealdir. Gece rutininde %2 BHA içeren toner veya serum kullanılabilir. Haftada 3-4 kez uygulanması yeterlidir.",beneficial,"Karma ciltlerde T bölgesindeki yağlanma ve gözenek sorunlarını hedeflerken, kuru bölgelerde dikkatli kullanılmalıdır. BHA, sadece yağlı bölgelere uygulandığında etkilidir. 💡 Sadece T bölgesine uygulanmalı, yanaklardan kaçınılmalıdır. Haftada 2-3 kez kullanım yeterlidir.",beneficial,"Normal ciltlerde BHA, gözenekleri temizleyerek cilt dokusunu pürüzsüzleştirir ve hafif eksfoliasyon sağlar. Düzenli kullanımda cilt tonunu eşitler. 💡 Haftada 1-2 kez kullanılabilir. Aşırı kullanım cilt bariyerini zayıflatabilir.",caution,"BHA, hassas ciltlerde tahriş, kızarıklık ve yanma hissine neden olabilir. Anti-inflamatuar olmasına rağmen keratolitik etkisi hassas cilt bariyerini bozabilir. Rozasea ve egzama gibi durumlarda kaşıntıyı artırabilir. 💡 Hassas ciltlerde kullanımı önerilmez. Alternatif olarak PHA (glukonolakton) gibi daha nazik eksfoliyanlar tercih edilmelidir.",beneficial,"BHA, olgun ciltlerde hafif eksfoliasyon sağlayarak cilt dokusunu iyileştirir ve ince çizgilerin görünümünü azaltır. Anti-inflamatuar etkisiyle yaşlanma belirtilerini hafifletir. 💡 Haftada 1-2 kez kullanılabilir. Retinol veya AHA ile aynı rutinde kullanılmamalı, dönüşümlü olarak tercih edilmelidir.",caution,"Salisilik asit (BHA) yüksek dozlarda oral kullanımda teratojenik risk taşır. Topikal kullanımda düşük konsantrasyonlar (%2 altı) genellikle güvenli kabul edilir, ancak geniş alanlarda veya yüksek konsantrasyonlarda kullanımı önerilmez. 💡 Hamilelikte %2'den düşük konsantrasyonlarda ve sınırlı alanlarda kullanılabilir. Yine de doktora danışılması önerilir.",3.0,beneficial,"BHA, akne tedavisinde altın standarttır. Komedolitik etkisiyle siyah nokta ve beyaz noktaları azaltır, anti-inflamatuar özelliğiyle papül ve püstüllerin iyileşmesini hızlandırır. Ayrıca antimikrobiyal etkisiyle P. acnes bakterisini inhibe eder. 💡 Akneye meyilli ciltler için en etkili bileşenlerden biridir. %2 BHA içeren ürünler gece kullanılmalı, gündüz mutlaka SPF uygulanmalıdır. Retinol ile aynı gece kullanılmamalıdır."
Bht,bht,0.0,0.0,0.0,0.0,-1.0,0.0,2.0,Radiance,,top1000,897,Antioksidan,Antioksidan,"BHT (Butylated Hydroxytoluene), sentetik bir antioksidandır ve kozmetik ürünlerde yağların oksidasyonunu önlemek için koruyucu olarak kullanılır. Düşük konsantrasyonlarda ciltte tahrişe neden olma potansiyeli düşüktür, ancak bazı hassas bireylerde alerjik reaksiyonlara yol açabilir.",neutral,"BHT, kuru ciltlerde doğrudan bir fayda sağlamaz, ancak formülasyondaki yağların bozulmasını engelleyerek ürün stabilitesini korur. Düşük konsantrasyonlarda tahriş riski düşüktür. 💡 Kuru ciltler için herhangi bir özel önlem gerektirmez. Ancak çok hassas ciltlerde alternatif koruyucular tercih edilebilir.",neutral,BHT'nin yağlı ciltler üzerinde doğrudan bir etkisi yoktur. Sadece ürün stabilitesini sağlar. Yağlı ciltlerde tahriş potansiyeli düşüktür. 💡 Herhangi bir kısıtlama yoktur.,neutral,Karma ciltlerde BHT'nin özel bir etkisi yoktur. Genel olarak güvenli kabul edilir. 💡 Herhangi bir kısıtlama yoktur.,neutral,"Normal ciltlerde BHT, antioksidan olarak cildi serbest radikallere karşı koruyabilir, ancak bu etkisi sınırlıdır. Esas olarak formülasyon koruyucusu olarak işlev görür. 💡 Herhangi bir kısıtlama yoktur.",caution,"BHT, hassas ciltlerde nadiren de olsa kontakt dermatit veya alerjik reaksiyona neden olabilir. Özellikle egzama ve rozasea gibi durumlarda tahriş riski artar. 💡 Hassas ciltlerde BHT içeren ürünler kullanılacaksa yama testi yapılmalıdır. Alternatif olarak doğal antioksidanlar (tokoferol) tercih edilebilir.",neutral,"BHT, olgun ciltlerde antioksidan olarak cilt yaşlanmasını yavaşlatmaya yardımcı olabilir, ancak etkisi sınırlıdır. Daha güçlü antioksidanlar (C vitamini, E vitamini) tercih edilmelidir. 💡 Yaşlanma karşıtı rutinlerde tek başına yeterli değildir, diğer antioksidanlarla kombine edilmelidir.",beneficial,"BHT, topikal kullanımda düşük konsantrasyonlarda hamilelikte güvenli kabul edilir. Sistemik emilimi minimaldir ve teratojenik risk taşımaz. 💡 Hamilelikte güvenle kullanılabilir.",0.0,neutral,"BHT, akneye meyilli ciltlerde komedojenik değildir ve gözenek tıkamaz. Antioksidan etkisiyle iltihabı hafifçe azaltabilir, ancak bu etki minimaldir. 💡 Akne tedavisinde doğrudan fayda sağlamaz, ancak güvenle kullanılabilir."
Bifida Ferment Lysate,bifidafermentlysate,2.0,1.0,1.0,1.0,3.0,2.0,3.0,Impaired skin barrier|Redness|Fine Lines|Anyone,,manual_v2,0,Probiyotik Lizat (Bifidus),Probiyotik Lizat (Bifidus),"Bifida Ferment Lizatı, Bifidobacterium bakterilerinin fermente edilmesiyle elde edilen bir probiyotik lizattır. Cilt mikrobiyomunu dengelemeye yardımcı olur, anti-inflamatuar ve bariyer onarıcı etkiler gösterir. Ayrıca UV hasarına karşı koruyucu özellikleri vardır.",beneficial,"Bifida ferment lizatı, cilt bariyerini güçlendirerek nem kaybını azaltır ve kuru ciltlerde pullanma ve sıkılık hissini hafifletir. Anti-inflamatuar etkisiyle tahrişi yatıştırır. 💡 Kuru ciltler için nemlendirici serum veya kremlerde kullanılabilir. Hyaluronik asit ve seramidlerle kombine edildiğinde etkinliği artar.",beneficial,"Bifida ferment lizatı, cilt mikrobiyomunu dengeleyerek yağlı ciltlerde sebum üretimini dolaylı olarak düzenleyebilir. Anti-inflamatuar etkisiyle akne oluşumunu azaltmaya yardımcı olur. 💡 Yağlı ciltlerde hafif formüllerde kullanılabilir. Salisilik asit gibi keratolitiklerle birlikte kullanımı akne tedavisini destekleyebilir.",beneficial,Karma ciltlerde cilt dengesini sağlamaya yardımcı olur. Hem kuru bölgelerde nemlendirici hem de yağlı bölgelerde yatıştırıcı etki gösterir. 💡 Karma ciltler için uygun bir bileşendir. Tüm yüze uygulanabilir.,beneficial,Normal ciltlerde cilt mikrobiyomunu destekleyerek sağlıklı bir cilt bariyeri korunmasına yardımcı olur. Antioksidan etkisiyle çevresel hasara karşı korur. 💡 Günlük bakım rutininde kullanılabilir. Sabah ve akşam uygulanabilir.,beneficial,"Bifida ferment lizatı, hassas ciltlerde güçlü anti-inflamatuar ve yatıştırıcı etkiler gösterir. Cilt bariyerini onararak kızarıklık, yanma ve kaşıntıyı azaltır. Rozasea ve egzama gibi durumlarda oldukça faydalıdır. 💡 Hassas ciltler için idealdir. Yatıştırıcı serum veya kremlerde kullanılabilir. Düzenli kullanımda cilt toleransını artırır.",beneficial,"Bifida ferment lizatı, UV hasarına karşı koruyucu etkisi sayesinde yaşlanma belirtilerini azaltır. Bariyer onarıcı özelliğiyle cilt elastikiyetini destekler ve ince çizgilerin görünümünü hafifletir. 💡 Olgun ciltler için anti-aging serumlarda kullanılabilir. Retinol ve peptitlerle birlikte kullanımı sinerjik etki sağlar.",beneficial,"Bifida ferment lizatı, hamilelikte güvenle kullanılabilecek bir probiyotik bileşendir. Bilinen bir teratojenik riski yoktur, topikal kullanımda sistemik emilimi düşüktür. 💡 Hamilelikte güvenle kullanılabilir. Herhangi bir kısıtlama yoktur.",2.0,beneficial,"Bifida ferment lizatı, cilt mikrobiyomunu dengeleyerek akneye neden olan bakterilerin çoğalmasını engelleyebilir. Anti-inflamatuar etkisiyle akne lezyonlarının iyileşmesini hızlandırır ve komedojenik değildir. 💡 Akne tedavisinde yardımcı bileşen olarak kullanılabilir. Salisilik asit veya retinoidlerle kombine edilebilir."
Biosaccharide Gum-1,biosaccharidegum1,3.0,1.0,2.0,1.0,3.0,2.0,3.0,Dry and dehydrated skin|Redness|Impaired skin barrier,,manual_v2,0,Nemlendirici / Yatıştırıcı,Nemlendirici / Yatıştırıcı,"Biosaccharide Gum-1, bitkisel kaynaklı bir polisakkarittir ve ciltte film oluşturarak nemi hapseder. Yatıştırıcı ve bariyer onarıcı özelliklere sahiptir, ayrıca cilt yüzeyinde koruyucu bir tabaka oluşturarak tahrişi azaltır.",beneficial,"Biosaccharide Gum-1, cilt yüzeyinde nem tutucu bir film oluşturarak transepidermal su kaybını azaltır. Kuru ciltlerde pullanma ve sıkılık hissini hafifletir, bariyer onarıcı etkisiyle cildi yatıştırır. 💡 Kuru ciltler için ideal bir nemlendiricidir. Hyaluronik asit ve seramidlerle kombine edildiğinde etkinliği artar. Günde iki kez kullanılabilir.",beneficial,"Biosaccharide Gum-1, hafif yapısı sayesinde yağlı ciltlerde ağırlık yapmaz ve gözenek tıkamaz. Nemlendirme sağlarken cildin yağ dengesini bozmaz. 💡 Yağlı ciltlerde hafif nemlendirici olarak kullanılabilir. Jel formüllerde tercih edilebilir.",beneficial,Karma ciltlerde hem kuru bölgelerde nemlendirme sağlar hem de yağlı bölgelerde hafif kalır. Cilt dengesini korumaya yardımcı olur. 💡 Karma ciltler için uygun bir nemlendiricidir. Tüm yüze uygulanabilir.,beneficial,Normal ciltlerde hafif nemlendirme sağlar ve cilt bariyerini destekler. Günlük bakımda kullanılabilir. 💡 Günlük nemlendirici olarak kullanılabilir.,beneficial,"Biosaccharide Gum-1, yatıştırıcı ve bariyer onarıcı özellikleri sayesinde hassas ciltlerde tahrişi azaltır. Rozasea ve egzama gibi durumlarda kızarıklık ve kaşıntıyı hafifletir. 💡 Hassas ciltler için idealdir. Yatıştırıcı krem veya serumlarda kullanılabilir. Düzenli kullanımda cilt toleransını artırır.",beneficial,"Biosaccharide Gum-1, olgun ciltlerde nemlendirme ve bariyer onarımı sağlayarak ince çizgilerin görünümünü azaltır. Cilt elastikiyetini destekler. 💡 Olgun ciltler için nemlendirici olarak kullanılabilir. Retinol ve peptitlerle kombine edilebilir.",beneficial,"Biosaccharide Gum-1, bitkisel kaynaklı bir polisakkarittir ve hamilelikte güvenle kullanılabilir. Bilinen bir teratojenik riski yoktur. 💡 Hamilelikte güvenle kullanılabilir. Herhangi bir kısıtlama yoktur.",1.0,beneficial,"Biosaccharide Gum-1, komedojenik değildir ve akneye meyilli ciltlerde güvenle kullanılabilir. Nemlendirme sağlarken gözenek tıkamaz, ayrıca yatıştırıcı etkisiyle akne sonrası kızarıklığı azaltabilir. 💡 Akne tedavisinde nemlendirici olarak kullanılabilir. Salisilik asit veya retinoidlerle birlikte kullanımı uygundur."
Biotin,biotin,1.0,0.0,0.0,0.0,1.0,1.0,3.0,,,top1000,97,Cilt Bakım Bileşeni,Cilt Bakım Bileşeni,"Biotin (B7 vitamini) suda çözünen bir vitamindir ve cilt bariyerini destekleyici rol oynar. Kozmetikte genellikle saç ve tırnak güçlendirici olarak kullanılsa da, ciltte nemlendirici ve yatıştırıcı etkileri sınırlıdır. Biotin eksikliği dermatit ve saç dökülmesine yol açabilir, ancak topikal uygulamanın sistemik eksiklik dışında belirgin bir faydası kanıtlanmamıştır.",neutral,"Biotin, kuru ciltte bariyer fonksiyonunu doğrudan iyileştirmez ancak nemlendirici formülasyonlarda yardımcı bileşen olarak yer alabilir. Kuru ciltte pullanma ve sıkılık hissine karşı belirgin bir klinik etkisi yoktur. 💡 Kuru cilt bakımında biotin içeren ürünler tek başına yeterli değildir; seramid, hyaluronik asit ve gliserin gibi ana nemlendiricilerle kombinasyon önerilir.",neutral,Biotin yağlı ciltte sebum kontrolü veya gözenek sıkılaştırma gibi bir etki göstermez. Yağlı ciltler için ek bir fayda veya risk taşımaz. 💡 Yağlı ciltler için biotin içeren ürünler gereksizdir; salisilik asit veya niasinamid gibi aktifler tercih edilmelidir.,neutral,"Karma ciltte biotin, ne T-bölgedeki yağlanmayı ne de yanaklardaki kuruluğu etkiler. Nötr bir bileşendir. 💡 Karma cilt bakımında biotin içeren ürünler kullanılabilir ancak beklenen bir fayda yoktur.",neutral,"Normal ciltte biotin, cilt sağlığına katkıda bulunmaz; eksiklik durumu yoksa topikal uygulamanın kanıtlanmış bir yararı yoktur. 💡 Normal ciltler için biotin takviyesi gereksizdir; dengeli beslenme yeterlidir.",neutral,"Biotin genellikle iyi tolere edilir ve hassas ciltte tahrişe neden olmaz. Ancak rozasea veya egzama gibi durumlarda iyileştirici etkisi yoktur. 💡 Hassas ciltlerde biotin içeren ürünler güvenle kullanılabilir, ancak yatıştırıcı etki beklenmemelidir.",neutral,"Biotin, olgun ciltte kolajen sentezi veya anti-aging etki göstermez. Yaşlanma belirtilerine karşı kanıtlanmış bir faydası yoktur. 💡 Olgun ciltlerde retinol, C vitamini ve peptitler gibi kanıtlanmış anti-aging bileşenler tercih edilmelidir.",beneficial,"Biotin, gebelikte güvenli kabul edilen bir B vitaminidir. Topikal kullanımı sistemik emilim düşük olduğundan teratojenik risk taşımaz. Hamilelikte artan biotin ihtiyacını desteklemek için oral takviye önerilir, ancak topikal formda da güvenlidir. 💡 Hamilelikte biotin içeren kozmetikler güvenle kullanılabilir; oral takviye için doktora danışılmalıdır.",0.0,neutral,"Biotin akne oluşum mekanizmaları üzerinde etkili değildir; komedojenik değildir ancak akne tedavisine katkı sağlamaz. Yüksek doz oral biotin takviyesinin bazı kişilerde akneyi tetikleyebileceği bildirilmiştir, ancak topikal formda bu risk yoktur. 💡 Akneye meyilli ciltlerde biotin içeren ürünler akneyi kötüleştirmez, ancak tedavi edici değildir."
Bis-Aminopropyl Dimethicone,bisaminopropyldimethicone,2.0,0.0,1.0,1.0,-1.0,2.0,3.0,Texture,,top1000,32,Silikon,Silikon,"Bis-Aminopropyl Dimethicone, amino fonksiyonel gruplar içeren bir dimetikon türevidir. Saç ve ciltte film oluşturarak pürüzsüz bir his sağlar, su itici özellik gösterir ve ürünlerin yayılmasını kolaylaştırır. Kozmetikte sıklıkla saç kremleri ve cilt bakım ürünlerinde kullanılır.",beneficial,"Bu silikon, kuru ciltte oklüzif bir bariyer oluşturarak transepidermal su kaybını azaltır ve cildi yumuşatır. Ancak aşırı kuru ciltlerde tek başına yeterli nemlendirme sağlamaz; nemlendiricilerle kombine edilmelidir. 💡 Kuru ciltlerde nemlendirici kremlerin içinde kullanılabilir; hyaluronik asit gibi nem çekicilerle birlikte tercih edin.",neutral,"Yağlı ciltte hafif bir matlaştırma etkisi olabilir ancak gözenek tıkama potansiyeli düşüktür. Silikonlar genellikle komedojenik değildir, ancak bazı yağlı ciltlerde ağır gelebilir. 💡 Yağlı ciltlerde hafif formüllerde kullanılabilir; aşırı silikon yığılmasından kaçının.",neutral,"Karma ciltte T-bölgede hafif matlaştırma, yanaklarda ise nemlendirme sağlayabilir. Genel olarak iyi tolere edilir. 💡 Karma ciltler için uygun bir bileşendir; tüm yüze uygulanabilir.",neutral,Normal ciltte pürüzsüz bir doku sağlar ve makyaj bazı olarak işlev görebilir. Ek bir fayda veya risk taşımaz. 💡 Normal ciltlerde kullanımı güvenlidir; istenilen kozmetik etkiye göre tercih edilebilir.,caution,Amino fonksiyonel gruplar nadiren de olsa hassas ciltlerde tahrişe veya alerjik reaksiyona neden olabilir. Rozasea ve egzama gibi durumlarda yama testi önerilir. 💡 Hassas ciltlerde kullanmadan önce küçük bir alanda test edin; tahriş durumunda kullanmayı bırakın.,beneficial,Olgun ciltte ince çizgilerin görünümünü geçici olarak doldurarak pürüzsüz bir yüzey sağlar. Ayrıca nem kaybını önleyerek cildin daha dolgun görünmesine yardımcı olur. 💡 Olgun ciltlerde makyaj bazı veya nemlendirici olarak kullanılabilir; anti-aging aktiflerle kombine edin.,beneficial,Silikonlar topikal kullanımda sistemik emilim göstermez ve gebelikte güvenli kabul edilir. Herhangi bir teratojenik risk taşımaz. 💡 Hamilelikte güvenle kullanılabilir.,0.0,neutral,Bu silikon komedojenik değildir ve akneyi tetiklemez. Ancak aşırı kullanımda gözenekleri tıkama potansiyeli düşük de olsa mevcuttur. 💡 Akneye meyilli ciltlerde kullanılabilir; non-komedojenik etiketli ürünleri tercih edin.
Bis-Diglyceryl Polyacyladipate-2,bisdiglycerylpolyacyladipate2,3.0,-1.0,1.0,1.0,2.0,3.0,3.0,Texture,,top1000,92,Yumuşatıcı Ester,Yumuşatıcı Ester,"Bis-Diglyceryl Polyacyladipate-2, poligliserin ve adipik asit esterlerinden oluşan bir yumuşatıcıdır. Ciltte ince bir film oluşturarak nemi hapseder ve yumuşaklık sağlar. Kozmetikte nemlendirici kremlerde ve dudak ürünlerinde kullanılır.",beneficial,"Bu ester, kuru ciltte güçlü bir oklüzif bariyer oluşturarak su kaybını önler ve cildi yumuşatır. Lipit yapısı sayesinde bariyer onarımına katkıda bulunur. 💡 Kuru ciltler için yoğun nemlendirici kremlerde tercih edin; gece bakımında kullanılabilir.",caution,"Yağlı ciltlerde ağır bir his bırakabilir ve gözenekleri tıkama potansiyeli vardır. Komedojenik olabilir, bu nedenle yağlı ciltlerde dikkatli kullanılmalıdır. 💡 Yağlı ciltlerde hafif formüllerde veya sadece kuru bölgelere uygulayın; komedojenik ürünlerden kaçının.",neutral,Karma ciltte kuru bölgelere faydalı olabilir ancak T-bölgede ağır gelebilir. Bölgesel kullanım önerilir. 💡 Karma ciltlerde sadece kuru yanaklara uygulayın; T-bölgeden kaçının.,neutral,Normal ciltte nemlendirme sağlar ancak gerekli olmayabilir. Hafif bir yumuşatıcı olarak kullanılabilir. 💡 Normal ciltlerde kullanımı güvenlidir; ihtiyaç halinde tercih edilebilir.,beneficial,"Bu ester, hassas ciltlerde tahrişe neden olmaz ve yatıştırıcı bir bariyer sağlar. Egzama ve rozasea gibi durumlarda nemlendirici olarak faydalı olabilir. 💡 Hassas ciltlerde güvenle kullanılabilir; yatıştırıcı içeriklerle kombine edin.",beneficial,Olgun ciltte nem kaybını önleyerek ince çizgilerin görünümünü azaltır ve cildi besler. Lipit yapısıyla bariyeri güçlendirir. 💡 Olgun ciltlerde gece kremlerinde kullanılabilir; retinol gibi aktiflerle kombine edin.,beneficial,Bu ester topikal kullanımda güvenlidir; sistemik emilim düşüktür ve teratojenik risk taşımaz. 💡 Hamilelikte güvenle kullanılabilir.,-2.0,caution,Bu esterin komedojenik potansiyeli yüksektir; gözenekleri tıkayarak akne oluşumunu tetikleyebilir. Akneye meyilli ciltlerde kullanımı önerilmez. 💡 Akneye meyilli ciltlerde bu bileşeni içeren ürünlerden kaçının; non-komedojenik alternatifler tercih edin.
Bis-Ethylhexyloxyphenol Methoxyphenyl Triazine,bisethylhexyloxyphenolmethoxyphenyltriazine,2.0,2.0,2.0,3.0,2.0,3.0,2.0,,,top1000,253,Cilt Bakım Bileşeni,Cilt Bakım Bileşeni,"Bis-Ethylhexyloxyphenol Methoxyphenyl Triazine (Tinosorb S), geniş spektrumlu bir kimyasal UV filtredir. UVA ve UVB ışınlarına karşı koruma sağlar, fotostabilitesi yüksektir ve diğer filtrelerle sinerjik etki gösterir. Suda çözünmez, yağda çözünür yapıdadır.",beneficial,Kuru ciltlerde güneş koruyucu olarak kullanıldığında nemlendirici bazlı formüllerde iyi tolere edilir. UV koruması sayesinde foto-yaşlanmayı ve bariyer hasarını önler. 💡 Kuru ciltlerde nemlendirici içeren güneş kremlerinde tercih edin; günlük olarak SPF50+ kullanın.,beneficial,Yağlı ciltlerde hafif formüllerde kullanılabilir; yağ bazlı yapısına rağmen komedojenik değildir. UV koruması akne izlerinin koyulaşmasını önler. 💡 Yağlı ciltlerde jel veya su bazlı güneş kremlerini tercih edin; Tinosorb S içeren ürünler uygundur.,beneficial,"Karma ciltte tüm bölgelere uygulanabilir; UV koruması sağlar ve cilt tipine bağlı olarak formülasyon seçimi önemlidir. 💡 Karma ciltler için hafif, mat bitişli güneş kremleri önerilir.",beneficial,Normal ciltte etkili ve güvenli bir UV filtredir; fotostabil yapısı sayesinde uzun süreli koruma sağlar. 💡 Normal ciltlerde günlük güneş koruyucu olarak kullanılabilir; SPF30+ yeterlidir.,beneficial,"Tinosorb S, hassas ciltlerde genellikle iyi tolere edilir ve alerjik reaksiyon oranı düşüktür. Rozasea ve egzama gibi durumlarda fiziksel filtreler kadar güvenli olmasa da kimyasal filtreler arasında en iyi seçeneklerdendir. 💡 Hassas ciltlerde yama testi yaparak kullanın; fiziksel filtrelerle kombine edilebilir.",beneficial,Olgun ciltte foto-yaşlanmayı önlemek için kritik öneme sahiptir. UVA koruması sayesinde kolajen yıkımını ve leke oluşumunu azaltır. 💡 Olgun ciltlerde yüksek SPF'li (50+) güneş kremleri kullanın; anti-aging aktiflerle kombine edin.,beneficial,"Tinosorb S, topikal kullanımda düşük sistemik emilim gösterir ve gebelikte güvenli kabul edilir. Ancak bazı otoriteler kimyasal filtreler konusunda temkinli yaklaşır; fiziksel filtreler alternatif olabilir. 💡 Hamilelikte kullanılabilir, ancak daha güvenli alternatif olarak çinko oksit veya titanyum dioksit tercih edilebilir.",2.0,beneficial,"Komedojenik değildir ve akneyi tetiklemez. UV koruması, akne izlerinin hiperpigmentasyonunu önlemeye yardımcı olur. 💡 Akneye meyilli ciltlerde günlük güneş koruyucu olarak kullanılmalıdır; yağsız formülleri tercih edin."
Bis-PEG/PPG-16/16 PEG/PPG-16/16 Dimethicone,bispegppg1616pegppg1616dimethicone,2.0,1.0,1.0,1.0,-1.0,2.0,3.0,Texture,,manual_v2,0,Silikon (Emülgatör),Silikon (Emülgatör),"Bis-PEG/PPG-16/16 PEG/PPG-16/16 Dimethicone, su ve yağ fazlarını birleştiren bir silikon emülgatördür. Stabil emülsiyonlar oluşturur, ürünlere pürüzsüz bir doku kazandırır ve ciltte hafif bir his bırakır. Genellikle kozmetikte nemlendirici ve güneş kremlerinde kullanılır.",beneficial,"Bu emülgatör, kuru ciltte nemlendirici formülasyonların stabilitesini artırır ve ciltte ince bir film oluşturarak su kaybını azaltır. Ancak tek başına nemlendirici değildir. 💡 Kuru ciltler için nemlendirici kremlerde kullanılabilir; hyaluronik asit gibi aktiflerle kombine edin.",neutral,"Yağlı ciltlerde hafif bir doku sağlar ve ağırlık yapmaz. Komedojenik değildir, bu nedenle yağlı ciltler için uygundur. 💡 Yağlı ciltlerde hafif emülsiyonlarda kullanılabilir; matlaştırıcı etkisi yoktur.",neutral,Karma ciltte tüm bölgelere uygulanabilir; herhangi bir olumsuz etkisi yoktur. 💡 Karma ciltler için uygun bir emülgatördür; herhangi bir önlem gerektirmez.,neutral,Normal ciltte ürün dokusunu iyileştirir ve stabilite sağlar. Ek bir fayda veya risk taşımaz. 💡 Normal ciltlerde kullanımı güvenlidir.,caution,PEG/PPG türevleri nadiren de olsa hassas ciltlerde tahrişe neden olabilir. Rozasea ve egzama gibi durumlarda yama testi önerilir. 💡 Hassas ciltlerde kullanmadan önce yama testi yapın; tahriş durumunda kullanmayı bırakın.,beneficial,Olgun ciltte ürünlerin yayılmasını kolaylaştırır ve pürüzsüz bir doku sağlar. Anti-aging aktiflerin penetrasyonunu etkilemez. 💡 Olgun ciltlerde kullanılabilir; retinol gibi aktiflerle kombine edin.,beneficial,Bu silikon emülgatör topikal kullanımda güvenlidir; sistemik emilim düşüktür ve teratojenik risk taşımaz. 💡 Hamilelikte güvenle kullanılabilir.,0.0,neutral,Komedojenik değildir ve akneyi tetiklemez. Ancak bazı akne ilaçlarıyla etkileşime girmez. 💡 Akneye meyilli ciltlerde kullanılabilir; non-komedojenik ürünlerde bulunur.
Bisabolol,bisabolol,2.0,2.0,2.0,1.0,3.0,2.0,3.0,Redness|Impaired skin barrier|Anyone,,manual_v2,0,Yatıştırıcı (Bisabolol),Yatıştırıcı (Bisabolol),"Bisabolol, papatya bitkisinden elde edilen doğal bir seskiterpen alkoldür. Anti-inflamatuar, antioksidan ve antimikrobiyal özellikleri sayesinde cilt bakımında yaygın kullanılır. Ayrıca diğer aktif bileşenlerin penetrasyonunu artırarak sinerjik etki sağlar.",beneficial,"Bisabolol, kuru ciltte bariyer onarımını destekler ve inflamasyonu azaltır. Nem kaybını önleyerek cildin yumuşak kalmasına yardımcı olur. Ancak çok kuru ciltlerde tek başına yeterli nemlendirme sağlamaz, bir nemlendirici ile kombine edilmelidir. 💡 Hyaluronik asit veya seramid içeren bir nemlendirici ile birlikte kullanın.",beneficial,"Bisabolol, yağlı ciltte sebum üretimini dengelemeye yardımcı olur ve anti-inflamatuar etkisiyle akne oluşumunu azaltır. Hafif yapısı gözenekleri tıkamaz, bu nedenle yağlı ciltler için uygundur. 💡 Günlük bakımda hafif bir jel veya losyon formunda kullanılabilir.",beneficial,"Karma ciltte hem kuru bölgeleri yatıştırır hem de yağlı bölgelerde inflamasyonu kontrol eder. Dengeli bir etki sağlar ve cilt bariyerini güçlendirir. 💡 Tüm yüze uygulanabilir, özellikle kuru bölgelere ekstra nemlendirici ekleyin.",beneficial,Normal ciltte antioksidan koruma sağlar ve cilt bariyerini destekler. Doğrudan bir ihtiyaç olmasa da genel cilt sağlığına katkıda bulunur. 💡 Günlük bakım rutininize dahil edebilirsiniz.,beneficial,"Bisabolol, hassas ciltte kızarıklık, yanma ve tahrişi azaltan güçlü bir anti-inflamatuardır. Rozasea ve egzama gibi durumlarda semptomları hafifletir. Düşük irritasyon potansiyeli sayesinde en hassas ciltlerde bile güvenle kullanılabilir. 💡 Tahriş olmuş bölgelere günde 1-2 kez uygulayın.",beneficial,"Bisabolol, antioksidan etkisiyle serbest radikallere karşı korur ve kolajen yıkımını yavaşlatır. İnce çizgilerin görünümünü azaltmaya yardımcı olur ve cilt elastikiyetini destekler. 💡 Retinol veya C vitamini ile birlikte kullanarak yaşlanma karşıtı etkiyi artırın.",beneficial,"Bisabolol, hamilelikte güvenli kabul edilen bir bileşendir. Teratojenik veya sistemik etkisi yoktur. Ciltte tahrişe neden olmaz ve yaygın olarak kullanılır. 💡 Hamilelikte güvenle kullanabilirsiniz.",2.0,beneficial,"Bisabolol, antimikrobiyal özelliği sayesinde akneye neden olan bakterileri (C. acnes) inhibe eder. Aynı zamanda inflamasyonu azaltarak kızarık sivilcelerin iyileşmesini hızlandırır. Komedojenik değildir, gözenekleri tıkamaz. 💡 Salisilik asit veya niasinamid ile kombine ederek akne tedavisini destekleyin."
Bixa Orellana Seed Extract,bixaorellanaseedextract,1.0,0.0,0.0,0.0,-1.0,1.0,2.0,Radiance,,manual_v2,0,Bitkisel Ekstrakt (Annatto),Bitkisel Ekstrakt (Annatto),"Bixa Orellana (Annatto) tohumu ekstraktı, doğal bir renklendirici ve antioksidan kaynağıdır. Karotenoidler (biksin) içerir, ciltte serbest radikallere karşı koruma sağlar ve hafif anti-inflamatuar özellik gösterir.",neutral,"Annatto ekstraktı, antioksidan içeriği sayesinde kuru ciltte oksidatif stresi azaltabilir, ancak belirgin bir nemlendirme veya bariyer onarım etkisi yoktur. Kuru ciltler için ek nemlendirici gereklidir. 💡 Nemlendirici bir ürünle birlikte kullanın.",neutral,"Yağlı ciltte sebum kontrolü veya akne üzerinde doğrudan bir etkisi yoktur. Antioksidan özelliği cildi koruyabilir ancak yağlı ciltler için özel bir fayda sağlamaz. 💡 Özel bir fayda beklemeyin, antioksidan olarak düşünülebilir.",neutral,Karma ciltte belirgin bir etkisi yoktur. Antioksidan koruma sağlayabilir ancak cilt tipine özgü sorunları çözmez. 💡 Genel antioksidan desteği olarak kullanılabilir.,neutral,Normal ciltte antioksidan olarak faydalı olabilir ancak gerekli bir bileşen değildir. Cilt bakım rutinine eklenmesi zorunlu değildir. 💡 İsteğe bağlı olarak kullanılabilir.,caution,"Annatto ekstraktı, hassas ciltlerde alerjik reaksiyonlara veya tahrişe neden olabilir. Özellikle rozasea veya egzama gibi durumlarda dikkatli olunmalıdır. Doğal olmasına rağmen bazı bireylerde kontakt dermatit riski vardır. 💡 Kullanmadan önce yama testi yapın. Tahriş durumunda kullanmayı bırakın.",beneficial,"Annatto ekstraktı, karotenoidler sayesinde antioksidan koruma sağlar ve cilt yaşlanmasını yavaşlatabilir. Ancak kolajen üretimini doğrudan uyarmaz, bu nedenle yaşlanma karşıtı etkisi sınırlıdır. 💡 Retinol veya C vitamini gibi daha güçlü anti-aging bileşenlerle kombine edin.",beneficial,"Annatto ekstraktı, hamilelikte güvenli kabul edilir. Doğal bir renklendirici olarak kozmetiklerde yaygın kullanılır ve sistemik etkisi yoktur. 💡 Hamilelikte güvenle kullanılabilir.",0.0,neutral,Akne üzerinde doğrudan bir etkisi yoktur. Antioksidan özelliği dolaylı olarak faydalı olabilir ancak komedojenik değildir. Akne tedavisinde birincil bileşen olarak önerilmez. 💡 Akne tedavisi için salisilik asit veya benzoil peroksit gibi bileşenlere öncelik verin.
Blue 1,blue1,0.0,0.0,0.0,0.0,-1.0,0.0,2.0,,,top1000,35,Cilt Bakım Bileşeni,Cilt Bakım Bileşeni,"Blue 1 (FD&C Blue No. 1), sentetik bir renklendiricidir. Kozmetik ürünlerde mavi renk vermek için kullanılır. Cilt bakımında terapötik bir etkisi yoktur; sadece estetik amaçlıdır.",neutral,"Blue 1, kuru cilt üzerinde herhangi bir fayda veya zarar sağlamaz. Sadece renk verir, cilt bariyerine etkisi yoktur. 💡 Kuru ciltler için özel bir endişe yoktur.",neutral,"Blue 1, yağlı ciltte sebum veya gözenekler üzerinde etkili değildir. Renklendirici olarak güvenlidir. 💡 Yağlı ciltlerde sorun oluşturmaz.",neutral,Karma ciltte herhangi bir etkisi yoktur. Renklendirici olarak kullanılır. 💡 Güvenle kullanılabilir.,neutral,Normal ciltte hiçbir etkisi yoktur. Sadece ürünün görünümünü değiştirir. 💡 Herhangi bir etkisi yoktur.,caution,"Blue 1, hassas ciltlerde alerjik reaksiyonlara veya kontakt dermatite neden olabilir. Sentetik renklendiriciler bazı bireylerde tahriş yapabilir. Özellikle rozasea veya egzama gibi durumlarda risk artar. 💡 Hassas ciltlerde renklendirici içeren ürünlerden kaçının veya yama testi yapın.",neutral,"Blue 1, olgun ciltte herhangi bir fayda sağlamaz. Yaşlanma karşıtı etkisi yoktur. 💡 Yaşlanma karşıtı ürünlerde gereksiz bir bileşendir.",beneficial,"Blue 1, hamilelikte güvenli kabul edilen bir renklendiricidir. FDA tarafından onaylıdır ve düşük konsantrasyonlarda kullanıldığında sistemik etkisi yoktur. 💡 Hamilelikte güvenle kullanılabilir.",0.0,neutral,"Blue 1, akne üzerinde doğrudan bir etkisi yoktur. Komedojenik değildir ancak bazı formülasyonlarda diğer bileşenlerle etkileşime girebilir. 💡 Akne için özel bir etkisi yoktur."
Blue 1 (Ci 42090),blue1ci42090,0.0,0.0,0.0,0.0,-1.0,0.0,2.0,,,top1000,45,Renklendirici,Renklendirici,"Blue 1 (CI 42090), suda çözünen sentetik bir renklendiricidir. Kozmetik ürünlerde mavi tonlar elde etmek için kullanılır. Cilt bakımında aktif bir bileşen değildir, sadece estetik amaçlıdır.",neutral,"Blue 1 (CI 42090), kuru cilt üzerinde herhangi bir terapötik etkiye sahip değildir. Sadece renk verir, cilt bariyerini etkilemez. 💡 Kuru ciltler için endişe yoktur.",neutral,Yağlı ciltte sebum veya gözenekler üzerinde etkisi yoktur. Renklendirici olarak güvenlidir. 💡 Yağlı ciltlerde sorun oluşturmaz.,neutral,Karma ciltte herhangi bir etkisi yoktur. 💡 Güvenle kullanılabilir.,neutral,Normal ciltte hiçbir etkisi yoktur. 💡 Herhangi bir etkisi yoktur.,caution,"Blue 1 (CI 42090), hassas ciltlerde alerjik reaksiyonlara neden olabilir. Sentetik renklendiriciler kontakt dermatit riskini artırır. Özellikle rozasea ve egzama gibi durumlarda dikkatli olunmalıdır. 💡 Hassas ciltlerde renklendirici içeren ürünlerden kaçının veya yama testi yapın.",neutral,Olgun ciltte herhangi bir fayda sağlamaz. 💡 Yaşlanma karşıtı ürünlerde gereksizdir.,beneficial,"Blue 1 (CI 42090), hamilelikte güvenli kabul edilir. FDA onaylıdır ve düşük konsantrasyonlarda sistemik etkisi yoktur. 💡 Hamilelikte güvenle kullanılabilir.",0.0,neutral,Akne üzerinde doğrudan bir etkisi yoktur. Komedojenik değildir. 💡 Akne için özel bir etkisi yoktur.
Boron Nitride,boronnitride,0.0,2.0,1.0,0.0,2.0,2.0,3.0,,,top1000,42,Cilt Bakım Bileşeni,Cilt Bakım Bileşeni,"Boron nitride, sentetik bir mineraldir. Kozmetikte yumuşak odak efekti sağlamak, ürün dokusunu iyileştirmek ve matlaştırıcı etki için kullanılır. Ciltte kayganlık hissi verir ve ışığı dağıtarak ince çizgilerin görünümünü azaltır.",neutral,"Boron nitride, kuru ciltte nemlendirme veya bariyer onarımı sağlamaz. Yumuşak odak efekti ile cildin daha pürüzsüz görünmesine yardımcı olabilir ancak terapötik bir faydası yoktur. 💡 Kuru ciltlerde nemlendirici ile birlikte kullanın.",beneficial,"Boron nitride, yağlı ciltte matlaştırıcı etki sağlar ve parlamayı azaltır. Gözenekleri tıkamaz, hafif yapısıyla yağlı ciltler için uygundur. Ayrıca ciltte pürüzsüz bir görünüm verir. 💡 Yağlı ciltlerde makyaj altına veya günlük bakımda kullanılabilir.",beneficial,Karma ciltte T-bölgesinde matlaştırıcı etki sağlarken kuru bölgelerde rahatsızlık yapmaz. Yumuşak odak efekti ile cilt tonunu eşitler. 💡 T-bölgesine odaklanarak uygulayın.,neutral,"Normal ciltte belirgin bir faydası yoktur. Estetik amaçlı kullanılır, cilt bakımına katkısı sınırlıdır. 💡 İsteğe bağlı olarak kullanılabilir.",beneficial,"Boron nitride, hassas ciltlerde tahrişe neden olmaz ve yatıştırıcı bir etkisi vardır. Fiziksel bir bariyer oluşturarak cildi dış etkenlerden koruyabilir. Rozasea ve egzama gibi durumlarda güvenle kullanılabilir. 💡 Hassas ciltlerde rahatlıkla kullanılabilir.",beneficial,"Boron nitride, yumuşak odak efekti sayesinde ince çizgileri ve kırışıklıkları optik olarak azaltır. Işığı dağıtarak cildin daha genç görünmesini sağlar. Yaşlanma karşıtı aktif bir bileşen olmasa da estetik fayda sağlar. 💡 Makyaj altına veya günlük bakımda kullanarak yaşlanma belirtilerini gizleyin.",beneficial,"Boron nitride, hamilelikte güvenli kabul edilir. Sistemik emilimi yoktur ve ciltte tahrişe neden olmaz. Kozmetiklerde yaygın olarak kullanılır. 💡 Hamilelikte güvenle kullanılabilir.",1.0,beneficial,"Boron nitride, komedojenik değildir ve akne oluşumunu tetiklemez. Matlaştırıcı etkisiyle yağlı görünümü azaltır. Ancak akne tedavisinde doğrudan bir etkisi yoktur. 💡 Akne tedavisine yardımcı olarak kullanılabilir."
Brassica Campestris/Aleurites Fordi Oil Copolymer,brassicacampestrisaleuritesfordioilcopolymer,2.0,0.0,1.0,0.0,-1.0,2.0,3.0,,,manual_v2,0,Film Oluşturucu,Film Oluşturucu,"Brassica Campestris/Aleurites Fordi Oil Copolymer, bitkisel kaynaklı bir film oluşturucu polimerdir. Cilt yüzeyinde ince, esnek bir tabaka oluşturarak su kaybını azaltır ve dış etkenlere karşı koruma sağlar. Kozmetikte suya dayanıklılık ve kıvam artırıcı olarak kullanılır.",beneficial,"Kuru ciltlerde bariyeri güçlendirici film tabakası oluşturarak transepidermal su kaybını azaltır. Pullanma ve sıkılık hissini hafifletir, ancak aşırı kuru ciltlerde yeterli nemlendirme sağlamaz, altına nemlendirici kullanılmalıdır. 💡 Nemlendirici serum veya krem üzerine uygulayın. Tek başına yeterli nemlendirme sağlamaz.",neutral,"Yağlı ciltlerde film oluşturucu özelliği sebum üretimini etkilemez, ancak hafif bir matlaştırma sağlayabilir. Gözenek tıkama riski düşüktür, ancak aşırı yağlı ciltlerde ağırlık hissi yaratabilir. 💡 Hafif formüllerde tercih edin, ağır kremlerden kaçının.",neutral,"Karma ciltlerde kuru bölgelere fayda sağlarken yağlı T-bölgesinde hafif bir his bırakabilir. Genel olarak tolere edilir, ancak bölgesel uygulama önerilir. 💡 Sadece kuru bölgelere uygulayın, T-bölgesinden kaçının.",neutral,"Normal ciltlerde belirgin bir fayda veya zarar sağlamaz. Cilt bariyerini destekleyici olarak kullanılabilir, ancak gerekli değildir. 💡 İhtiyaç halinde kullanın, zorunlu değil.",caution,Hassas ciltlerde film oluşturucu polimerler bazen tıkanma hissi veya hafif tahrişe neden olabilir. Rozasea ve egzama gibi durumlarda önceden test edilmelidir. 💡 Kullanmadan önce küçük bir alanda test edin. Tahriş durumunda bırakın.,beneficial,"Olgun ciltlerde bariyeri güçlendirerek ince çizgilerin görünümünü azaltır ve cildi sıkılaştırır. Kolajen üretimini doğrudan etkilemez, ancak koruyucu etkisi yaşlanma belirtilerini yavaşlatabilir. 💡 Anti-aging rutininizde nemlendirici sonrası kullanın.",beneficial,"Hamilelikte güvenli kabul edilir, sistemik emilimi düşüktür. Bitkisel kaynaklı olması nedeniyle teratojenik risk taşımaz. 💡 Güvenle kullanabilirsiniz.",0.0,neutral,"Akneye meyilli ciltlerde komedojenik potansiyeli düşüktür, ancak film oluşturucu yapısı gözenekleri tıkayabilir. Non-komedojenik olarak etiketlenmiş ürünler tercih edilmelidir. 💡 Non-komedojenik ürünlerde kullanın, aşırı kullanımdan kaçının."
Butane,butane,0.0,0.0,0.0,0.0,-1.0,0.0,0.0,,,top1000,519,Cilt Bakım Bileşeni,Cilt Bakım Bileşeni,"Butane, bir hidrokarbon gazıdır ve kozmetikte genellikle aerosol ürünlerde itici gaz olarak kullanılır. Cilt bakımında doğrudan aktif bir bileşen değildir, ancak ürünün püskürtülerek uygulanmasını sağlar.",neutral,"Butane ciltte kalıcı bir etki bırakmaz, sadece ürünün uygulanmasını kolaylaştırır. Kuru ciltlerde nemlendirici etkisi yoktur. 💡 Nemlendirici içeren aerosol ürünlerde kullanılabilir.",neutral,Yağlı ciltlerde herhangi bir olumlu veya olumsuz etkisi yoktur. Sadece taşıyıcı görevi görür. 💡 Herhangi bir özel önlem gerektirmez.,neutral,"Karma ciltlerde etkisi nötrdür, cilt tipine özgü bir fayda veya risk taşımaz. 💡 Güvenle kullanılabilir.",neutral,Normal ciltlerde herhangi bir etkisi yoktur. 💡 Herhangi bir özel önlem gerektirmez.,caution,Hassas ciltlerde aerosol formundaki itici gazlar soğuk hissi veya hafif tahrişe neden olabilir. Rozasea ve egzama gibi durumlarda dikkatli kullanılmalıdır. 💡 Yüzden uzakta püskürtün veya sprey yerine pompalı ürünler tercih edin.,neutral,Olgun ciltlerde herhangi bir fayda veya zarar sağlamaz. 💡 Herhangi bir özel önlem gerektirmez.,neutral,"Hamilelikte güvenli kabul edilir, ancak aerosol solunmasından kaçınılmalıdır. Cilt teması düşük risklidir. 💡 İyi havalandırılmış alanda kullanın.",0.0,neutral,"Akneye meyilli ciltlerde doğrudan bir etkisi yoktur, ancak aerosol ürünlerdeki diğer bileşenler komedojenik olabilir. 💡 Ürünün diğer bileşenlerini kontrol edin."
Butyl Acetate,butylacetate,-2.0,0.0,-1.0,-1.0,-3.0,-2.0,0.0,,,top1000,62,Cilt Bakım Bileşeni,Cilt Bakım Bileşeni,"Butyl Acetate, organik bir çözücüdür ve genellikle oje ve saç spreyi gibi ürünlerde kullanılır. Cilt bakımında nadiren bulunur, kurutucu etkisi olabilir.",caution,Kuru ciltlerde butyl acetate cildi kurutabilir ve bariyeri zayıflatabilir. Pullanma ve sıkılık hissini artırabilir. 💡 Kuru ciltlerde kullanmaktan kaçının.,neutral,"Yağlı ciltlerde kurutucu etkisi sebumu azaltabilir, ancak düzenli kullanımda tahrişe yol açabilir. 💡 Seyrek kullanımda sorun yok, ancak sürekli kullanmayın.",caution,"Karma ciltlerde kuru bölgeleri daha da kurutabilir, yağlı bölgelerde ise geçici matlık sağlayabilir. Genel olarak önerilmez. 💡 Sadece yağlı bölgelere uygulayın, kuru bölgelerden kaçının.",caution,"Normal ciltlerde bile kurutucu etkisi nedeniyle bariyeri bozabilir. Uzun süreli kullanımda hassasiyet yaratabilir. 💡 Mümkünse kaçının, alternatif çözücüler tercih edin.",caution,Hassas ciltlerde butyl acetate güçlü bir tahriş edicidir. Rozasea ve egzama gibi durumlarda şiddetli kızarıklık ve yanmaya neden olabilir. 💡 Kesinlikle kullanmayın.,caution,"Olgun ciltlerde bariyeri zayıflatarak ince çizgileri belirginleştirebilir ve kuruluğu artırabilir. 💡 Kullanmayın, nemlendirici ve bariyer güçlendirici ürünler tercih edin.",neutral,"Hamilelikte düşük miktarlarda kullanımı güvenli kabul edilir, ancak solunmasından kaçınılmalıdır. Cilt teması minimal risk taşır. 💡 İyi havalandırılmış alanda kullanın, aşırıya kaçmayın.",-1.0,caution,"Akneye meyilli ciltlerde kurutucu etkisi geçici olarak sivilceleri azaltabilir, ancak bariyer hasarına yol açarak uzun vadede akneyi kötüleştirebilir. 💡 Kullanmaktan kaçının, salisilik asit gibi daha güvenli alternatifler tercih edin."
Butyl Methoxydibenzoylmethane,butylmethoxydibenzoylmethane,2.0,0.0,1.0,2.0,-1.0,3.0,-1.0,,,top1000,467,Cilt Bakım Bileşeni,Cilt Bakım Bileşeni,"Butyl Methoxydibenzoylmethane (Avobenzone), geniş spektrumlu bir kimyasal UV filtresidir. UVA ışınlarına karşı koruma sağlar, ancak fotostabil değildir ve diğer filtrelerle stabilize edilmesi gerekir.",beneficial,"Kuru ciltlerde UVA koruması sayesinde foto-yaşlanmayı ve kolajen hasarını önler. Nemlendirici etkisi yoktur, ancak güneş kremi formülasyonlarında kullanıldığında bariyeri korur. 💡 Nemlendirici üzerine uygulayın, günlük SPF50+ kullanın.",neutral,"Yağlı ciltlerde avobenzone hafif yağlı bir his bırakabilir, ancak yağsız formülasyonlarda tolere edilir. Sebum üretimini etkilemez. 💡 Yağsız, mat bitişli güneş kremlerini tercih edin.",neutral,"Karma ciltlerde genel olarak iyi tolere edilir, ancak yağlı bölgelerde parlama yapabilir. Kuru bölgelerde ek nemlendirme gerektirebilir. 💡 Hafif formüllü güneş kremleri kullanın.",beneficial,"Normal ciltlerde etkili UVA koruması sağlar, foto-yaşlanmayı önler. Genellikle iyi tolere edilir. 💡 Günlük güneş koruyucu rutininize ekleyin.",caution,"Hassas ciltlerde avobenzone bazen alerjik reaksiyonlara veya tahrişe neden olabilir. Rozasea ve egzama gibi durumlarda yanma hissi yaratabilir. 💡 Fiziksel filtreler (çinko oksit, titanyum dioksit) tercih edin.",beneficial,"Olgun ciltlerde UVA koruması sayesinde kolajen yıkımını ve hiperpigmentasyonu önler. Foto-yaşlanma belirtilerini azaltmada kritik öneme sahiptir. 💡 Günlük SPF50+ kullanımı şarttır, anti-aging rutininizin temelidir.",caution,"Hamilelikte avobenzone güvenli kabul edilir, ancak bazı kaynaklar yüksek emilim nedeniyle temkinli olmayı önerir. Fiziksel filtreler daha güvenli alternatiftir. 💡 Hamilelikte fiziksel güneş kremleri tercih edin.",0.0,neutral,"Akneye meyilli ciltlerde komedojenik potansiyeli düşüktür, ancak bazı formülasyonlar gözenekleri tıkayabilir. Non-komedojenik ürünler tercih edilmelidir. 💡 Non-komedojenik güneş kremleri kullanın."
Butylene Glycol,butyleneglycol,2.0,1.0,2.0,1.0,-1.0,2.0,3.0,Dry and dehydrated skin|Anyone,,manual_v2,795,Nemlendirici / Çözücü,Nemlendirici / Çözücü,"Butylene Glycol, küçük moleküllü bir humektandır ve kozmetikte nemlendirici, çözücü ve kıvam artırıcı olarak yaygın kullanılır. Cilde su çeker ve diğer aktiflerin penetrasyonunu artırabilir.",beneficial,"Kuru ciltlerde nemlendirici etkisiyle su kaybını azaltır ve cildi yumuşatır. Ancak düşük nemli ortamlarda ciltten su çekebilir, bu nedenle oklüziflerle kombine edilmelidir. 💡 Nemlendirici krem altında kullanın, tek başına yeterli değildir.",beneficial,"Yağlı ciltlerde hafif nemlendirme sağlar, yağlı his bırakmaz. Sebum üretimini etkilemez, ancak diğer aktiflerin emilimini artırabilir. 💡 Hafif serumlarda kullanılabilir, aşırıya kaçmayın.",beneficial,"Karma ciltlerde hem kuru hem yağlı bölgeler için uygundur. Kuru bölgeleri nemlendirir, yağlı bölgelerde ağırlık yapmaz. 💡 Tüm yüze uygulanabilir, sorunsuzdur.",beneficial,"Normal ciltlerde nemlendirici ve çözücü olarak işlev görür, cilt bariyerini destekler. 💡 Günlük bakımda kullanılabilir.",caution,"Hassas ciltlerde butylene glycol bazen hafif yanma veya tahrişe neden olabilir. Rozasea ve egzama gibi durumlarda düşük konsantrasyonlarda tolere edilebilir. 💡 Düşük konsantrasyonlu ürünlerle başlayın, tahriş olursa bırakın.",beneficial,"Olgun ciltlerde nemlendirici etkisiyle ince çizgilerin görünümünü azaltır ve cildi dolgunlaştırır. Diğer anti-aging aktiflerin penetrasyonunu artırır. 💡 Anti-aging serumlarda kullanın, nemlendirici ile destekleyin.",beneficial,"Hamilelikte güvenli kabul edilir, sistemik emilimi düşüktür. Teratojenik risk taşımaz. 💡 Güvenle kullanabilirsiniz.",0.0,neutral,"Akneye meyilli ciltlerde komedojenik değildir, ancak bazı kişilerde gözenekleri tıkayabilir. Genellikle güvenlidir. 💡 Non-komedojenik ürünlerde kullanın."
Butylene Glycol Dicaprylate/Dicaprate,butyleneglycoldicaprylatedicaprate,2.0,3.0,2.0,2.0,2.0,2.0,3.0,Texture,,top1000,63,Yumuşatıcı Ester,Yumuşatıcı Ester,"Butylene Glycol Dicaprylate/Dicaprate, hafif ve kaygan bir his bırakan, düşük komedojenik potansiyele sahip bir ester yumuşatıcıdır. Ciltte hızlı yayılır ve yağlı kalıntı bırakmaz, bu nedenle özellikle yağlı ve akneye meyilli ciltlerde tercih edilir.",beneficial,"Kuru ciltlerde nem kaybını önleyerek bariyeri destekler, ancak tek başına yeterli nemlendirme sağlamaz. Hafif yapısı sayesinde pullanmayı azaltır ve cildi yumuşatır. 💡 Kuru ciltlerde daha yoğun nemlendiricilerle (seramid, hyaluronik asit) kombine edin.",beneficial,"Yağlı ciltlerde ağırlık yapmadan nemlendirme sağlar, sebum üretimini dengelemeye yardımcı olur. Komedojenik değildir, gözenekleri tıkamaz. 💡 Yağlı ciltler için ideal bir yumuşatıcıdır, günlük nemlendiricide kullanılabilir.",beneficial,"Karma ciltlerde T-bölgede hafif, yanaklarda yeterli nem sağlar. Dengeleyici etkisiyle her iki bölgeye de uyum sağlar. 💡 Karma ciltlerde tüm yüze uygulanabilir, ekstra nem gereken bölgelere yoğunlaştırın.",beneficial,Normal ciltlerde nem dengesini korur ve cilt bariyerini güçlendirir. Hafif dokusu günlük kullanım için uygundur. 💡 Günlük nemlendirici olarak kullanılabilir.,beneficial,"Hassas ciltlerde tahriş riski düşüktür, yatıştırıcı özellik gösterir. Rozasea ve egzamada bariyeri destekler, ancak çok kuru ciltlerde yetersiz kalabilir. 💡 Hassas ciltlerde güvenle kullanılabilir, ancak reaksiyon testi yapılması önerilir.",beneficial,"Olgun ciltlerde nem kaybını azaltır ve ince çizgilerin görünümünü hafifletir. Ancak anti-aging için yeterli değildir, peptid veya retinol ile desteklenmelidir. 💡 Anti-aging rutininde nemlendirici olarak kullanılabilir, ancak aktif bileşenlerle (retinol, C vitamini) kombine edin.",beneficial,"Hamilelikte güvenli kabul edilir, sistemik emilimi düşüktür. Herhangi bir teratojenik risk bildirilmemiştir. 💡 Hamilelikte rahatlıkla kullanılabilir.",3.0,beneficial,"Komedojenik değildir, gözenekleri tıkamaz. Akneye meyilli ciltlerde nemlendirme sağlarken yağlanmayı artırmaz, siyah nokta oluşumunu engellemeye yardımcı olur. 💡 Akne tedavisinde nemlendirici olarak tercih edilebilir, salisilik asit veya retinoidlerle kombine edilebilir."
Butyloctyl Salicylate,butyloctylsalicylate,0.0,1.0,0.0,0.0,-1.0,0.0,-1.0,,,manual_v2,0,Yumuşatıcı / UV Çözücü,Yumuşatıcı / UV Çözücü,"Butyloctyl Salicylate, güneş kremlerinde kimyasal UV filtrelerinin çözünürlüğünü artırmak için kullanılan bir esterdir. Aynı zamanda hafif yumuşatıcı özellik gösterir, ancak bazı cilt tiplerinde tahrişe neden olabilir.",neutral,"Kuru ciltlerde nemlendirme sağlamaz, ancak bariyeri olumsuz etkilemez. UV filtrelerinin etkinliğini artırarak dolaylı fayda sağlar. 💡 Kuru ciltlerde güneş kremi içinde kullanılması sorun yaratmaz, ancak ek nemlendirme gereklidir.",beneficial,"Yağlı ciltlerde hafif yapısıyla ağırlık yapmaz, UV korumasını artırır. Ancak tek başına sebum kontrolü sağlamaz. 💡 Yağlı ciltler için uygun bir UV çözücüdür, güneş kremlerinde tercih edilebilir.",neutral,"Karma ciltlerde özel bir etkisi yoktur, UV filtrelerinin performansını artırır. Cilt tipine bağlı olarak tahriş riski düşüktür. 💡 Karma ciltlerde güneş kremi içinde kullanılabilir.",neutral,"Normal ciltlerde herhangi bir olumsuz etkisi yoktur, UV korumasını optimize eder. 💡 Normal ciltlerde güvenle kullanılabilir.",caution,"Hassas ciltlerde, özellikle rozasea ve egzamada, salisilat türevi olduğu için tahrişe neden olabilir. Kızarıklık ve yanma hissi yaratabilir. 💡 Hassas ciltlerde kullanmadan önce yama testi yapın, tahriş durumunda kullanmayı bırakın.",neutral,Olgun ciltlerde UV korumasını artırarak foto-yaşlanmayı önlemeye yardımcı olur. Doğrudan anti-aging etkisi yoktur. 💡 Olgun ciltlerde geniş spektrumlu güneş kremi içinde kullanılması önerilir.,caution,"Salisilat türevi olduğu için yüksek konsantrasyonlarda sistemik emilim riski vardır. Hamilelikte güvenliği tam olarak kanıtlanmamıştır, düşük konsantrasyonlarda genellikle güvenli kabul edilir. 💡 Hamilelikte kullanmadan önce doktora danışın, yüksek konsantrasyonlu ürünlerden kaçının.",0.0,neutral,"Akneye meyilli ciltlerde komedojenik değildir, ancak bazı formülasyonlarda gözenek tıkama riski düşüktür. UV koruması akne izlerini önlemeye yardımcı olabilir. 💡 Akneli ciltlerde güneş kremi içinde kullanılabilir, ancak non-komedojenik olduğundan emin olun."
Butylparaben,butylparaben,0.0,0.0,0.0,0.0,-2.0,0.0,-1.0,,Sensitive|Pregnancy,top1000,59,Koruyucu,Koruyucu,"Butylparaben, paraben grubu bir koruyucudur ve kozmetik ürünlerde mikrobiyal kontaminasyonu önlemek için kullanılır. Düşük konsantrasyonlarda etkilidir, ancak bazı cilt tiplerinde alerjik reaksiyonlara ve hormonal etkilere neden olabileceği tartışmalıdır.",neutral,"Kuru ciltlerde koruyucu olarak işlev görür, ancak bariyer üzerinde doğrudan etkisi yoktur. Düşük konsantrasyonlarda genellikle iyi tolere edilir. 💡 Kuru ciltlerde paraben içeren ürünler kullanılabilir, ancak hassasiyet durumunda alternatif koruyucular tercih edin.",neutral,"Yağlı ciltlerde herhangi bir olumsuz etkisi yoktur, ürün stabilitesini sağlar. 💡 Yağlı ciltlerde güvenle kullanılabilir.",neutral,"Karma ciltlerde özel bir etkisi yoktur, koruyucu olarak işlev görür. 💡 Karma ciltlerde kullanılabilir.",neutral,"Normal ciltlerde herhangi bir sorun oluşturmaz, ürün raf ömrünü uzatır. 💡 Normal ciltlerde kullanılabilir.",caution,"Hassas ciltlerde, özellikle egzama ve kontakt dermatitte, alerjik reaksiyon riski yüksektir. Parabenler kontakt dermatite neden olabilir ve kızarıklık, kaşıntı yapabilir. 💡 Hassas ciltlerde paraben içeren ürünlerden kaçının, paraben içermeyen alternatifleri tercih edin.",neutral,"Olgun ciltlerde herhangi bir özel etkisi yoktur, ancak uzun süreli kullanımda hormonal etkiler konusunda endişeler vardır. Düşük konsantrasyonlarda güvenli kabul edilir. 💡 Olgun ciltlerde paraben içeren ürünler kullanılabilir, ancak alternatif koruyucular tercih edilebilir.",caution,"Parabenlerin hormonal etkileri nedeniyle hamilelikte dikkatli olunması önerilir. Düşük konsantrasyonlarda genellikle güvenli kabul edilir, ancak uzun süreli maruziyetten kaçınılmalıdır. 💡 Hamilelikte paraben içeren ürünleri minimumda kullanın, paraben içermeyen ürünleri tercih edin.",0.0,neutral,"Akneye meyilli ciltlerde komedojenik değildir, ancak bazı kişilerde tahrişe bağlı akne artışı olabilir. Genellikle güvenlidir. 💡 Akneli ciltlerde kullanılabilir, ancak tahriş durumunda bırakın."
Butylphenyl Methylpropional,butylphenylmethylpropional,-1.0,-1.0,-1.0,-1.0,-3.0,-1.0,-2.0,,Sensitive,top1000,644,Koku Alerjeni,Koku Alerjeni,"Butylphenyl Methylpropional (Lilial), yaygın olarak kullanılan bir sentetik koku bileşenidir. Avrupa Birliği tarafından sınıflandırılmış bir alerjendir ve cilt hassasiyetine neden olabilir. Ayrıca üreme toksisitesi şüphesi nedeniyle bazı ülkelerde kısıtlanmıştır.",caution,"Kuru ciltlerde bariyer hasarı nedeniyle alerjen penetrasyonu artabilir, kontakt dermatit riski yükselir. Kaşıntı ve kızarıklığa neden olabilir. 💡 Kuru ciltlerde kokulu ürünlerden kaçının, bu bileşeni içeren ürünleri kullanmayın.",caution,"Yağlı ciltlerde alerjik reaksiyon riski daha düşük olsa da, yine de hassasiyet gelişebilir. Uzun vadede tahrişe bağlı akne artışı olabilir. 💡 Yağlı ciltlerde kokusuz ürünleri tercih edin, bu bileşeni içeren ürünlerden kaçının.",caution,"Karma ciltlerde alerjen etkisi kişiden kişiye değişir, ancak hassas bölgelerde (yanaklar) reaksiyon riski vardır. 💡 Karma ciltlerde kokusuz ürünler kullanmak daha güvenlidir.",caution,Normal ciltlerde bile alerjik kontakt dermatit gelişebilir. Alerjen olarak sınıflandırıldığı için risk taşır. 💡 Normal ciltlerde de bu bileşeni içeren ürünlerden kaçının.,caution,"Hassas ciltlerde, özellikle rozasea ve egzamada, güçlü bir alerjen ve tahriş edicidir. Kızarıklık, yanma, kaşıntı ve egzama alevlenmelerine neden olabilir. 💡 Hassas ciltlerde kesinlikle kullanmayın, kokusuz ve hipoalerjenik ürünleri tercih edin.",caution,"Olgun ciltlerde bariyer fonksiyonu azaldığı için alerjen penetrasyonu artar, kontakt dermatit riski yükselir. 💡 Olgun ciltlerde kokusuz ürünleri tercih edin.",caution,"Üreme toksisitesi şüphesi nedeniyle hamilelikte kullanımı önerilmez. Avrupa'da kozmetiklerde yasaklanmıştır. 💡 Hamilelikte kesinlikle kullanmayın, içeren ürünlerden uzak durun.",-1.0,caution,"Akneye meyilli ciltlerde tahrişe bağlı inflamasyonu artırabilir, akne lezyonlarını kötüleştirebilir. Komedojenik değildir ancak alerjik reaksiyon riski vardır. 💡 Akneli ciltlerde kokusuz ürünler kullanın, bu bileşeni içeren ürünlerden kaçının."
Butyrospermum Parkii (Shea) Butter,butyrospermumparkiisheabutter,3.0,-2.0,-1.0,1.0,2.0,2.0,3.0,,,top1000,356,Cilt Bakım Bileşeni,Cilt Bakım Bileşeni,"Shea yağı (Butyrospermum Parkii Butter), zengin yağ asitleri ve vitaminler içeren doğal bir nemlendiricidir. Cilt bariyerini onarır, anti-inflamatuar özellik gösterir ve yatıştırıcı etkisiyle bilinir. Ancak yüksek komedojenik potansiyele sahip olabilir.",beneficial,"Kuru ciltlerde yoğun nemlendirme sağlar, bariyeri onarır ve pullanmayı azaltır. Linoleik asit içeriği ile cilt lipidlerini destekler. 💡 Kuru ciltlerde gece kremi olarak kullanılabilir, gündüz hafif nemlendiricilerle kombine edin.",caution,"Yağlı ciltlerde komedojenik olabilir, gözenekleri tıkayarak siyah nokta ve akne oluşumunu tetikleyebilir. Ağır yapısı yağlı his bırakır. 💡 Yağlı ciltlerde kullanmaktan kaçının, hafif jeller veya su bazlı nemlendiriciler tercih edin.",caution,"Karma ciltlerde T-bölgede komedojenik etki gösterebilir, yanaklarda ise faydalı olabilir. Dengeyi sağlamak zordur. 💡 Karma ciltlerde sadece kuru bölgelere (yanaklar) uygulayın, T-bölgeden kaçının.",beneficial,"Normal ciltlerde nemlendirme sağlar ve bariyeri güçlendirir, ancak aşırı kullanımda yağlı his bırakabilir. 💡 Normal ciltlerde haftada birkaç kez veya kış aylarında kullanılabilir.",beneficial,"Hassas ciltlerde anti-inflamatuar özelliği sayesinde kızarıklık ve tahrişi azaltır. Egzama ve rozaseada yatıştırıcı etki gösterir. Ancak çok yağlı ciltlerde dikkatli olunmalıdır. 💡 Hassas ciltlerde güvenle kullanılabilir, ancak komedojenik etkiye karşı dikkatli olun.",beneficial,"Olgun ciltlerde nemlendirme ve bariyer onarımı ile ince çizgilerin görünümünü azaltır. Antioksidan içeriği ile yaşlanma belirtilerine karşı korur. 💡 Olgun ciltlerde gece kremi olarak düzenli kullanılabilir, retinol ile kombine edilebilir.",beneficial,"Hamilelikte güvenli kabul edilir, doğal bir bileşendir. Herhangi bir teratojenik risk bildirilmemiştir. 💡 Hamilelikte rahatlıkla kullanılabilir.",-2.0,caution,"Akneye meyilli ciltlerde komedojenik potansiyeli yüksektir, gözenekleri tıkayarak akne oluşumunu artırabilir. Özellikle siyah nokta ve beyaz nokta riskini yükseltir. 💡 Akneli ciltlerde kullanmayın, non-komedojenik nemlendiriciler tercih edin."
Butyrospermum Parkii Butter,butyrospermumparkiibutter,3.0,-1.0,1.0,2.0,2.0,3.0,3.0,Dry and dehydrated skin|Impaired skin barrier,Oily,manual_v2,0,Shea Yağı,Shea Yağı,"Shea yağı, yüksek oranda triterpen esterleri, yağ asitleri (oleik, stearik, linoleik) ve E vitamini içeren bir bitkisel yağdır. Emoliyan ve yumuşatıcı özellikleri sayesinde cilt bariyerini güçlendirir, nem kaybını önler ve anti-inflamatuar etki gösterir. Kozmetikte yoğun nemlendirici ve koruyucu olarak kullanılır.",beneficial,"Shea yağı, yüksek oleik ve stearik asit içeriğiyle kuru ciltte bariyer onarımını destekler, transepidermal su kaybını azaltır ve pullanmayı giderir. Ayrıca E vitamini sayesinde antioksidan koruma sağlar. 💡 Kuru ciltler için günde 1-2 kez, özellikle duş sonrası nemli cilde uygulayın. Yoğun kıvamı nedeniyle gece kullanımı idealdir.",caution,"Shea yağı komedojenik değildir ancak yüksek yağ asidi içeriği yağlı ciltte aşırı yağlanma hissine ve gözenek tıkanmasına yol açabilir. Hafif formüller tercih edilmelidir. 💡 Yağlı ciltlerde haftada 1-2 kez, ince tabaka halinde kullanın. Alternatif olarak daha hafif nemlendiriciler tercih edin.",neutral,"Karma ciltte kuru bölgelere fayda sağlarken, T-bölgesinde ağır gelebilir. Dengeli kullanım gerektirir. 💡 Sadece kuru bölgelere (yanaklar) uygulayın, T-bölgesinden kaçının.",beneficial,"Normal ciltte nem dengesini korur, yumuşaklık ve esneklik sağlar. Antioksidan etkisiyle erken yaşlanmayı geciktirir. 💡 Günlük nemlendirici olarak kullanılabilir. Yaz aylarında daha hafif formüller tercih edin.",beneficial,"Shea yağı, anti-inflamatuar özellikleri sayesinde hassas ciltte kızarıklık ve tahrişi azaltır. Alerjenik potansiyeli düşüktür, ancak lateks alerjisi olanlar dikkatli olmalıdır. 💡 Yama testi yaparak kullanın. Rozasea ve egzamada yatıştırıcı olarak faydalıdır.",beneficial,"Shea yağı, kolajen üretimini destekleyen triterpenler içerir, ince çizgileri ve kırışıklıkları azaltır. Yoğun nemlendirme ile cilt elastikiyetini artırır. 💡 Gece bakım rutininize ekleyin. Retinol gibi aktiflerle birlikte kullanılabilir.",beneficial,"Shea yağı hamilelikte güvenle kullanılabilir. Çatlak önleyici olarak etkilidir, cilt esnekliğini artırır ve kaşıntıyı azaltır. 💡 Hamilelikte karın, kalça ve göğüs bölgesine düzenli uygulayın.",-1.0,caution,"Shea yağı komedojenik indeksi düşük olsa da (%0-1), yoğun yapısı akneye meyilli ciltte gözenekleri tıkayabilir ve yeni sivilce oluşumuna neden olabilir. Özellikle yağlı akne tiplerinde risklidir. 💡 Akneli ciltlerde kullanmaktan kaçının. Alternatif olarak hafif jelli nemlendiriciler tercih edin."
Butyrospermum Parkii Butter / Shea Butter,butyrospermumparkiibuttersheabutter,3.0,-1.0,1.0,2.0,2.0,3.0,3.0,,,top1000,89,Cilt Bakım Bileşeni,Cilt Bakım Bileşeni,"Shea butter, shea yağının rafine edilmiş veya ham halidir. Yüksek oranda doymamış yağ asitleri, vitaminler (A, E) ve fitosteroller içerir. Cilt bariyerini onarır, nemlendirir ve anti-inflamatuar etki sağlar.",beneficial,"Shea butter, kuru ciltte bariyer fonksiyonunu güçlendirir, derinlemesine nemlendirir ve pullanmayı önler. İçerdiği E vitamini ile oksidatif strese karşı korur. 💡 Kuru ciltler için yoğun nemlendirici olarak günde iki kez kullanın.",caution,"Shea butter, yağlı ciltte ağır bir his bırakabilir ve gözenekleri tıkama potansiyeli vardır. Düşük komedojenik indekse rağmen, aşırı yağlı ciltlerde sivilceye yol açabilir. 💡 Yağlı ciltlerde kullanmaktan kaçının veya çok ince tabaka halinde haftada bir uygulayın.",neutral,"Karma ciltte kuru bölgelere faydalıdır, ancak T-bölgesinde ağır gelebilir. Bölgesel kullanım önerilir. 💡 Sadece kuru bölgelere uygulayın, yağlı bölgelerden kaçının.",beneficial,"Normal ciltte nem dengesini korur, yumuşaklık sağlar ve antioksidan koruma sunar. 💡 Günlük nemlendirici olarak kullanılabilir.",beneficial,"Shea butter, anti-inflamatuar özellikleriyle hassas cildi yatıştırır, kızarıklığı azaltır. Alerjik reaksiyon nadirdir. 💡 Yama testi yaparak kullanın. Egzama ve rozaseada faydalıdır.",beneficial,"Shea butter, kolajen sentezini destekler, ince çizgileri azaltır ve cilt elastikiyetini artırır. Yoğun nemlendirme ile yaşlanma belirtilerini geciktirir. 💡 Gece bakımında kullanın, retinol ile kombine edilebilir.",beneficial,"Shea butter hamilelikte güvenlidir, çatlak önleyici olarak etkilidir ve cilt esnekliğini artırır. 💡 Hamilelikte düzenli olarak karın ve kalça bölgesine uygulayın.",-1.0,caution,"Shea butter, komedojenik potansiyeli düşük olsa da, yoğun yapısı akneye meyilli ciltte gözenekleri tıkayabilir ve sivilce oluşumunu tetikleyebilir. 💡 Akneli ciltlerde kullanmaktan kaçının."
C10-18 Triglycerides,c1018triglycerides,2.0,2.0,2.0,2.0,2.0,2.0,3.0,,,top1000,45,Cilt Bakım Bileşeni,Cilt Bakım Bileşeni,"C10-18 Triglycerides, orta ve uzun zincirli yağ asitlerinin trigliserit formudur. Hafif, kaygan olmayan bir emoliyan olup ciltte yumuşaklık sağlar ve diğer bileşenlerin yayılmasını kolaylaştırır. Genellikle nemlendiricilerde ve temizleyicilerde kullanılır.",beneficial,"C10-18 Triglycerides, kuru ciltte nem kaybını önler ve yumuşaklık sağlar. Hafif yapısı sayesinde ağırlık yapmaz. 💡 Kuru ciltler için günlük nemlendiricilerde kullanılabilir.",beneficial,"Hafif emoliyan özelliği sayesinde yağlı ciltte ağırlık yapmaz, sebum dengesini bozmaz. Non-komedojeniktir. 💡 Yağlı ciltler için ideal bir nemlendirici bileşendir.",beneficial,"Karma ciltte hem kuru hem yağlı bölgelere uyum sağlar, dengeleyici etki gösterir. 💡 Karma ciltler için güvenle kullanılabilir.",beneficial,"Normal ciltte nem dengesini korur, cildi yumuşatır ve diğer aktiflerin emilimini artırır. 💡 Günlük bakımda kullanılabilir.",beneficial,"Hassas ciltte tahrişe neden olmaz, yatıştırıcıdır. Alerjenik potansiyeli düşüktür. 💡 Hassas ciltler için uygundur, yama testi önerilir.",beneficial,"Olgun ciltte nemlendirme sağlar, diğer anti-aging aktiflerin etkinliğini artırır. 💡 Anti-aging ürünlerde yardımcı bileşen olarak kullanılabilir.",beneficial,"Hamilelikte güvenle kullanılabilir, herhangi bir risk taşımaz. 💡 Hamilelikte kullanımı güvenlidir.",2.0,beneficial,Non-komedojenik yapısıyla akneye meyilli ciltte gözenek tıkamaz. Hafif nemlendirme sağlar. 💡 Akneli ciltlerde güvenle kullanılabilir.
C12-13 Alkyl Lactate,c1213alkyllactate,2.0,2.0,2.0,2.0,2.0,2.0,3.0,,,top1000,31,Cilt Bakım Bileşeni,Cilt Bakım Bileşeni,"C12-13 Alkyl Lactate, laktik asit esteri olup hafif bir emoliyan ve nemlendiricidir. Ciltte yumuşaklık sağlar, diğer bileşenlerin yayılmasını kolaylaştırır ve hafif bir kayganlık hissi bırakır. Genellikle losyon ve kremlerde kullanılır.",beneficial,"C12-13 Alkyl Lactate, kuru ciltte nemlendirme sağlar ve yumuşaklık verir. Hafif yapısı sayesinde ağırlık yapmaz. 💡 Kuru ciltler için günlük nemlendiricilerde kullanılabilir.",beneficial,"Hafif emoliyan özelliği yağlı ciltte ağırlık yapmaz, non-komedojeniktir. Sebum dengesini bozmaz. 💡 Yağlı ciltler için uygun bir nemlendirici bileşendir.",beneficial,"Karma ciltte dengeleyici etki gösterir, hem kuru hem yağlı bölgelere uyum sağlar. 💡 Karma ciltlerde güvenle kullanılabilir.",beneficial,"Normal ciltte nem dengesini korur, yumuşaklık sağlar. 💡 Günlük bakımda kullanılabilir.",beneficial,"Hassas ciltte tahrişe neden olmaz, yatıştırıcıdır. Düşük alerjenik potansiyel. 💡 Hassas ciltler için uygundur, yama testi önerilir.",beneficial,"Olgun ciltte nemlendirme sağlar, diğer aktiflerin etkinliğini artırır. 💡 Anti-aging ürünlerde yardımcı bileşen olarak kullanılabilir.",beneficial,"Hamilelikte güvenle kullanılabilir, herhangi bir risk taşımaz. 💡 Hamilelikte kullanımı güvenlidir.",2.0,beneficial,"Non-komedojenik yapısıyla akneye meyilli ciltte gözenek tıkamaz, hafif nemlendirme sağlar. 💡 Akneli ciltlerde güvenle kullanılabilir."
C12-15 Alkyl Benzoate,c1215alkylbenzoate,2.0,2.0,2.0,2.0,2.0,2.0,3.0,,,top1000,510,Cilt Bakım Bileşeni,Cilt Bakım Bileşeni,"C12-15 Alkyl Benzoate, sentetik bir emoliyan olup hafif, kaygan olmayan bir doku sağlar. Ciltte yumuşaklık ve pürüzsüzlük hissi bırakır, diğer bileşenlerin yayılmasını kolaylaştırır. Güneş kremleri ve makyaj ürünlerinde sıkça kullanılır.",beneficial,"C12-15 Alkyl Benzoate, kuru ciltte nem kaybını önler ve yumuşaklık sağlar. Hafif yapısı sayesinde ağırlık yapmaz. 💡 Kuru ciltler için günlük nemlendiricilerde kullanılabilir.",beneficial,"Hafif emoliyan özelliği yağlı ciltte ağırlık yapmaz, non-komedojeniktir. Sebum dengesini bozmaz. 💡 Yağlı ciltler için uygun bir nemlendirici bileşendir.",beneficial,"Karma ciltte dengeleyici etki gösterir, hem kuru hem yağlı bölgelere uyum sağlar. 💡 Karma ciltlerde güvenle kullanılabilir.",beneficial,"Normal ciltte nem dengesini korur, yumuşaklık sağlar. 💡 Günlük bakımda kullanılabilir.",beneficial,"Hassas ciltte tahrişe neden olmaz, yatıştırıcıdır. Düşük alerjenik potansiyel. 💡 Hassas ciltler için uygundur, yama testi önerilir.",beneficial,"Olgun ciltte nemlendirme sağlar, diğer aktiflerin etkinliğini artırır. 💡 Anti-aging ürünlerde yardımcı bileşen olarak kullanılabilir.",beneficial,"Hamilelikte güvenle kullanılabilir, herhangi bir risk taşımaz. 💡 Hamilelikte kullanımı güvenlidir.",2.0,beneficial,"Non-komedojenik yapısıyla akneye meyilli ciltte gözenek tıkamaz, hafif nemlendirme sağlar. 💡 Akneli ciltlerde güvenle kullanılabilir."
C12-20 Alkyl Glucoside,c1220alkylglucoside,2.0,1.0,2.0,1.0,3.0,1.0,3.0,Anyone,,top1000,34,Yüzey Aktif Madde (Nazik),Yüzey Aktif Madde (Nazik),"C12-20 Alkyl Glucoside, glukoz ve yağ alkollerinden elde edilen non-iyonik bir yüzey aktif maddedir. Hafif temizleyici özelliği sayesinde cilt bariyerine zarar vermeden kir ve fazla sebumu uzaklaştırır. Kozmetikte özellikle hassas ve kuru ciltler için formüle edilen temizleyicilerde tercih edilir.",beneficial,"Nazik yapısı sayesinde kuru ciltlerde bariyeri koruyarak temizlik sağlar. Dehidrasyonu artırmaz, pullanmayı azaltmaya yardımcı olur. 💡 Kuru ciltler için günlük temizleyicilerde güvenle kullanılabilir. Nemlendirici ile kombine edilmesi önerilir.",beneficial,Yağlı ciltlerde fazla sebumu uzaklaştırırken cildi aşırı kurutmaz. Non-iyonik yapısı sayesinde gözenekleri tıkamaz. 💡 Yağlı ciltler için sabah ve akşam temizleyici olarak kullanılabilir. Salisilik asit gibi aktiflerle kombine edilebilir.,beneficial,Karma ciltlerde hem yağlı T-bölgesini temizler hem de kuru yanakları tahriş etmez. Dengeli bir temizlik sağlar. 💡 Karma ciltler için ideal bir temizleyici bileşendir. Günlük kullanıma uygundur.,beneficial,Normal ciltlerde etkili ve nazik temizlik sağlar. Cilt bariyerini korur. 💡 Normal cilt bakım rutininde güvenle kullanılabilir.,beneficial,"Hassas ciltler için en güvenli yüzey aktif maddelerinden biridir. Rozasea ve egzama gibi durumlarda tahrişe neden olmaz, aksine yatıştırıcı etki gösterir. 💡 Hassas ciltler için önerilen temizleyicilerde tercih edilmelidir. Günlük kullanıma uygundur.",beneficial,Olgun ciltlerde bariyeri koruyarak temizlik sağlar. Kuruluk ve hassasiyeti artırmaz. 💡 Olgun ciltler için günlük temizleyici olarak uygundur. Nemlendirici ile kullanılması önerilir.,beneficial,"Hamilelikte güvenle kullanılabilir. Teratojenik risk taşımaz, sistemik emilimi düşüktür. 💡 Hamilelikte temizleyici olarak güvenle kullanılabilir.",2.0,beneficial,Akneye meyilli ciltlerde gözenekleri tıkamaz ve komedojenik değildir. Nazik temizlik ile akne oluşumunu azaltmaya yardımcı olur. 💡 Akne rutininde temizleyici olarak kullanılabilir. Salisilik asit veya benzoil peroksit ile kombine edilebilir.
C12-22 Alkyl Acrylate/Hydroxyethylacrylate Copolymer,c1222alkylacrylatehydroxyethylacrylatecopolymer,2.0,0.0,0.0,0.0,2.0,2.0,3.0,,,manual_v2,0,Film Oluşturucu / Stabilizatör,Film Oluşturucu / Stabilizatör,"C12-22 Alkyl Acrylate/Hydroxyethylacrylate Copolymer, sentetik bir polimerdir. Cilt üzerinde ince, esnek bir film oluşturarak su kaybını önler ve ürünün kıvamını stabilize eder. Kozmetikte nemlendiricilerde ve güneş kremlerinde yaygın kullanılır.",beneficial,"Kuru ciltlerde oluşturduğu film tabakası transepidermal su kaybını azaltır, bariyeri destekler. Pullanmayı önlemeye yardımcı olur. 💡 Kuru ciltler için nemlendirici ve güneş kremlerinde faydalıdır. Günlük kullanıma uygundur.",neutral,Yağlı ciltlerde film oluşturucu özelliği gözenekleri tıkama potansiyeli taşımaz ancak ek bir fayda sağlamaz. Non-komedojenik yapısı sayesinde güvenlidir. 💡 Yağlı ciltlerde kullanılabilir ancak gerekli değildir. Hafif formüllerde tercih edilmelidir.,neutral,Karma ciltlerde film oluşturucu etkisi kuru bölgelere faydalı olabilir ancak yağlı bölgelerde ağırlık yapabilir. Genellikle iyi tolere edilir. 💡 Karma ciltler için hafif nemlendiricilerde kullanılabilir. T-bölgesine uygulamaktan kaçınılmalıdır.,neutral,Normal ciltlerde herhangi bir olumsuz etkisi yoktur. Stabilizatör olarak formülasyonlarda bulunur. 💡 Normal ciltlerde güvenle kullanılabilir.,beneficial,Hassas ciltlerde bariyeri güçlendirici etkisi sayesinde tahrişe karşı koruma sağlar. Rozasea ve egzamada yatıştırıcı olabilir. 💡 Hassas ciltler için nemlendirici ve güneş kremlerinde tercih edilmelidir. Günlük kullanıma uygundur.,beneficial,Olgun ciltlerde bariyeri destekleyerek ince çizgilerin görünümünü azaltmaya yardımcı olur. Nem kaybını önler. 💡 Olgun ciltler için nemlendirici ve anti-aging ürünlerde faydalıdır. Günlük kullanıma uygundur.,beneficial,"Hamilelikte güvenle kullanılabilir. Sistemik emilimi düşüktür, teratojenik risk taşımaz. 💡 Hamilelikte nemlendirici ve güneş kremlerinde güvenle kullanılabilir.",0.0,neutral,Akneye meyilli ciltlerde non-komedojenik olduğu için güvenlidir. Ancak akne tedavisine doğrudan katkısı yoktur. 💡 Akne rutininde kullanılabilir ancak aktif bileşenlerin etkisini azaltmaz.
C13-14 Isoparaffin,c1314isoparaffin,2.0,-1.0,0.0,0.0,-1.0,1.0,2.0,,,top1000,73,Cilt Bakım Bileşeni,Cilt Bakım Bileşeni,"C13-14 Isoparaffin, petrol türevi bir hidrokarbon karışımıdır. Ciltte yumuşatıcı ve kayganlaştırıcı etki gösterir, su kaybını önler. Kozmetikte nemlendiricilerde ve makyaj temizleyicilerde kullanılır.",beneficial,Kuru ciltlerde oklüzif etki göstererek su kaybını azaltır ve cildi yumuşatır. Pullanmayı önlemeye yardımcı olur. 💡 Kuru ciltler için nemlendirici kremlerde faydalıdır. Günlük kullanıma uygundur.,caution,"Yağlı ciltlerde komedojenik potansiyeli düşük olsa da aşırı kullanımda gözenekleri tıkayabilir ve siyah nokta oluşumunu artırabilir. 💡 Yağlı ciltlerde hafif formüllerde tercih edilmeli, yoğun kullanımdan kaçınılmalıdır.",neutral,Karma ciltlerde kuru bölgelere faydalı olabilir ancak yağlı T-bölgesinde ağırlık yapabilir. Dikkatli kullanılmalıdır. 💡 Karma ciltlerde sadece kuru bölgelere uygulanması önerilir.,neutral,Normal ciltlerde herhangi bir olumsuz etkisi yoktur. Nemlendirici olarak kullanılabilir. 💡 Normal ciltlerde güvenle kullanılabilir.,caution,"Hassas ciltlerde petrol türevi olması nedeniyle bazı bireylerde tahrişe neden olabilir. Rozasea ve egzamada dikkatli kullanılmalıdır. 💡 Hassas ciltlerde yama testi yapılarak kullanılmalı, tahriş durumunda bırakılmalıdır.",beneficial,Olgun ciltlerde nem kaybını önleyerek ince çizgilerin görünümünü azaltmaya yardımcı olur. Yumuşatıcı etkisi sayesinde cildi pürüzsüzleştirir. 💡 Olgun ciltler için nemlendirici kremlerde kullanılabilir. Günlük kullanıma uygundur.,beneficial,"Hamilelikte güvenle kullanılabilir. Sistemik emilimi düşüktür, teratojenik risk taşımaz. 💡 Hamilelikte nemlendirici olarak güvenle kullanılabilir.",-2.0,caution,Akneye meyilli ciltlerde komedojenik potansiyeli düşük olsa da petrol türevi yapısı gözenekleri tıkayabilir ve akne oluşumunu tetikleyebilir. 💡 Akneye meyilli ciltlerde kullanılmamalı veya çok düşük konsantrasyonlarda tercih edilmelidir.
C14-22 Alcohols,c1422alcohols,2.0,-1.0,0.0,0.0,-1.0,1.0,2.0,,,top1000,35,Cilt Bakım Bileşeni,Cilt Bakım Bileşeni,"C14-22 Alcohols, uzun zincirli yağ alkolleridir. Emülgatör ve kıvam artırıcı olarak görev yapar, ciltte yumuşatıcı etki sağlar. Kozmetikte krem ve losyonlarda yaygın kullanılır.",beneficial,Kuru ciltlerde yumuşatıcı etki gösterir ve bariyeri destekler. Su kaybını azaltarak pullanmayı önlemeye yardımcı olur. 💡 Kuru ciltler için nemlendirici kremlerde faydalıdır. Günlük kullanıma uygundur.,caution,"Yağlı ciltlerde komedojenik potansiyeli düşük olsa da aşırı kullanımda gözenekleri tıkayabilir ve yağlanmayı artırabilir. 💡 Yağlı ciltlerde hafif formüllerde tercih edilmeli, yoğun kullanımdan kaçınılmalıdır.",neutral,Karma ciltlerde kuru bölgelere faydalı olabilir ancak yağlı T-bölgesinde ağırlık yapabilir. Dikkatli kullanılmalıdır. 💡 Karma ciltlerde sadece kuru bölgelere uygulanması önerilir.,neutral,Normal ciltlerde herhangi bir olumsuz etkisi yoktur. Nemlendirici olarak kullanılabilir. 💡 Normal ciltlerde güvenle kullanılabilir.,caution,"Hassas ciltlerde yağ alkolleri bazı bireylerde tahrişe neden olabilir. Rozasea ve egzamada dikkatli kullanılmalıdır. 💡 Hassas ciltlerde yama testi yapılarak kullanılmalı, tahriş durumunda bırakılmalıdır.",beneficial,Olgun ciltlerde yumuşatıcı etkisi sayesinde cildi pürüzsüzleştirir ve nem kaybını önler. İnce çizgilerin görünümünü azaltmaya yardımcı olur. 💡 Olgun ciltler için nemlendirici kremlerde kullanılabilir. Günlük kullanıma uygundur.,beneficial,"Hamilelikte güvenle kullanılabilir. Sistemik emilimi düşüktür, teratojenik risk taşımaz. 💡 Hamilelikte nemlendirici olarak güvenle kullanılabilir.",-2.0,caution,Akneye meyilli ciltlerde komedojenik potansiyeli düşük olsa da yağ alkolleri gözenekleri tıkayabilir ve akne oluşumunu tetikleyebilir. 💡 Akneye meyilli ciltlerde kullanılmamalı veya çok düşük konsantrasyonlarda tercih edilmelidir.
C15-19 Alkane,c1519alkane,2.0,-1.0,0.0,0.0,-1.0,1.0,2.0,,,top1000,48,Cilt Bakım Bileşeni,Cilt Bakım Bileşeni,"C15-19 Alkane, sentetik bir hidrokarbon karışımıdır. Ciltte yumuşatıcı ve kayganlaştırıcı etki gösterir, su kaybını önler. Kozmetikte nemlendiricilerde ve makyaj temizleyicilerde kullanılır.",beneficial,Kuru ciltlerde oklüzif etki göstererek su kaybını azaltır ve cildi yumuşatır. Pullanmayı önlemeye yardımcı olur. 💡 Kuru ciltler için nemlendirici kremlerde faydalıdır. Günlük kullanıma uygundur.,caution,"Yağlı ciltlerde komedojenik potansiyeli düşük olsa da aşırı kullanımda gözenekleri tıkayabilir ve siyah nokta oluşumunu artırabilir. 💡 Yağlı ciltlerde hafif formüllerde tercih edilmeli, yoğun kullanımdan kaçınılmalıdır.",neutral,Karma ciltlerde kuru bölgelere faydalı olabilir ancak yağlı T-bölgesinde ağırlık yapabilir. Dikkatli kullanılmalıdır. 💡 Karma ciltlerde sadece kuru bölgelere uygulanması önerilir.,neutral,Normal ciltlerde herhangi bir olumsuz etkisi yoktur. Nemlendirici olarak kullanılabilir. 💡 Normal ciltlerde güvenle kullanılabilir.,caution,"Hassas ciltlerde sentetik hidrokarbonlar bazı bireylerde tahrişe neden olabilir. Rozasea ve egzamada dikkatli kullanılmalıdır. 💡 Hassas ciltlerde yama testi yapılarak kullanılmalı, tahriş durumunda bırakılmalıdır.",beneficial,Olgun ciltlerde nem kaybını önleyerek ince çizgilerin görünümünü azaltmaya yardımcı olur. Yumuşatıcı etkisi sayesinde cildi pürüzsüzleştirir. 💡 Olgun ciltler için nemlendirici kremlerde kullanılabilir. Günlük kullanıma uygundur.,beneficial,"Hamilelikte güvenle kullanılabilir. Sistemik emilimi düşüktür, teratojenik risk taşımaz. 💡 Hamilelikte nemlendirici olarak güvenle kullanılabilir.",-2.0,caution,Akneye meyilli ciltlerde komedojenik potansiyeli düşük olsa da sentetik yapısı gözenekleri tıkayabilir ve akne oluşumunu tetikleyebilir. 💡 Akneye meyilli ciltlerde kullanılmamalı veya çok düşük konsantrasyonlarda tercih edilmelidir.
C18-36 Acid Triglyceride,c1836acidtriglyceride,3.0,0.0,1.0,1.0,2.0,2.0,3.0,,,top1000,33,Cilt Bakım Bileşeni,Cilt Bakım Bileşeni,"C18-36 Acid Triglyceride, uzun zincirli yağ asitlerinin trigliserit formudur. Cilt üzerinde yumuşatıcı ve bariyer onarıcı etki gösterir. Kozmetikte emülsiyon stabilizatörü ve kıvam artırıcı olarak kullanılır.",beneficial,"Trigliserit yapısı cilt bariyerini onarır ve transepidermal su kaybını azaltır. Kuru ciltlerde pullanma ve sıkılık hissini giderir, lipit tabakasını güçlendirir. 💡 Kuru ciltler için zengin nemlendiricilerde tercih edin. Günlük kullanım için uygundur.",neutral,"Komedojenik potansiyeli düşüktür ancak aşırı yağlı ciltlerde ağır gelebilir. Sebum üretimini etkilemez, yalnızca yumuşatıcı olarak çalışır. 💡 Yağlı ciltlerde hafif formüllerde kullanın. Yoğun kremlerden kaçının.",beneficial,"Kuru bölgeleri nemlendirirken yağlı bölgelerde ağırlık yapmaz. Dengeli bir yumuşatıcıdır. 💡 Karma ciltler için uygun, T-bölgesine çok fazla uygulamayın.",neutral,"Normal ciltte bariyeri destekler ancak ekstra bir fayda sağlamaz. Genel nemlendirme için yeterlidir. 💡 Normal ciltlerde ara sıra kullanılabilir, gerekli değildir.",beneficial,Tahriş edici potansiyeli düşüktür ve yatıştırıcı etki gösterir. Hassas ciltlerde bariyeri güçlendirerek reaktiviteyi azaltır. 💡 Hassas ciltler için güvenlidir. Yatıştırıcı ürünlerde tercih edin.,beneficial,Bariyer onarımı ve nemlendirme ile ince çizgilerin görünümünü azaltır. Lipit kaybını telafi eder. 💡 Olgun ciltler için gece kremlerinde kullanın. Retinol ile kombine edilebilir.,beneficial,"Trigliseritler doğal yağ asitleridir, sistemik emilimi yoktur. Hamilelikte güvenle kullanılabilir. 💡 Hamilelikte herhangi bir kısıtlama yoktur, güvenle kullanın.",0.0,neutral,Komedojenik değildir ancak akne tedavisine doğrudan katkısı yoktur. Yağlı yapısı bazı akne tiplerinde gözenekleri tıkayabilir. 💡 Akneye meyilli ciltlerde düşük konsantrasyonlu ürünler kullanın. Non-komedojenik etiketli olanları tercih edin.
C20-22 Alcohols,c2022alcohols,3.0,0.0,1.0,1.0,2.0,2.0,3.0,,,manual_v2,0,Yağlı Alkol (Yumuşatıcı),Yağlı Alkol (Yumuşatıcı),"C20-22 Alcohols, uzun zincirli yağ alkolleridir. Kozmetikte emülgatör ve kıvam artırıcı olarak kullanılır. Ciltte yumuşatıcı ve bariyer onarıcı etki gösterir.",beneficial,Yağ alkolleri cilt bariyerini güçlendirir ve nem kaybını önler. Kuru ciltlerde yumuşatıcı etkisiyle pullanmayı azaltır. 💡 Kuru ciltler için zengin nemlendiricilerde idealdir. Günlük kullanım uygundur.,neutral,Komedojenik potansiyeli düşüktür ancak aşırı yağlı ciltlerde ağır gelebilir. Sebum üretimini etkilemez. 💡 Yağlı ciltlerde hafif losyonlarda kullanın. Yoğun kremlerden kaçının.,beneficial,"Kuru bölgeleri nemlendirirken yağlı bölgelerde hafif kalır. Dengeli bir yumuşatıcıdır. 💡 Karma ciltler için uygun, T-bölgesine az miktarda uygulayın.",neutral,Normal ciltte bariyeri destekler ancak ekstra fayda sağlamaz. Genel nemlendirme için yeterlidir. 💡 Normal ciltlerde ara sıra kullanılabilir.,beneficial,Tahriş edici değildir ve yatıştırıcı etki gösterir. Hassas ciltlerde bariyeri güçlendirir. 💡 Hassas ciltler için güvenlidir. Yatıştırıcı ürünlerde tercih edin.,beneficial,Bariyer onarımı ve nemlendirme ile ince çizgileri azaltır. Lipit kaybını telafi eder. 💡 Olgun ciltler için gece kremlerinde kullanın.,beneficial,"Yağ alkolleri doğal bileşenlerdir, sistemik emilimi yoktur. Hamilelikte güvenle kullanılabilir. 💡 Hamilelikte herhangi bir kısıtlama yoktur.",0.0,neutral,Komedojenik değildir ancak akne tedavisine katkısı yoktur. Yağlı yapısı bazı kişilerde gözenekleri tıkayabilir. 💡 Akneye meyilli ciltlerde non-komedojenik ürünler tercih edin.
C20-22 Alkyl Phosphate,c2022alkylphosphate,1.0,1.0,0.0,0.0,-1.0,0.0,2.0,,,manual_v2,0,Emülgatör,Emülgatör,"C20-22 Alkyl Phosphate, anyonik bir emülgatördür. Su ve yağ fazlarını birleştirerek stabil emülsiyonlar oluşturur. Ciltte hafif temizleyici ve yumuşatıcı etki gösterir.",neutral,"Emülgatör olarak bariyeri destekler ancak doğrudan nemlendirici değildir. Kuru ciltlerde tahriş yapma potansiyeli düşüktür. 💡 Kuru ciltler için uygun, ancak nemlendirici ile kombine edin.",beneficial,Hafif temizleyici özelliği ile fazla sebumu uzaklaştırabilir. Komedojenik değildir. 💡 Yağlı ciltler için temizleyicilerde kullanılabilir.,neutral,"Herhangi bir olumsuz etkisi yoktur, emülsiyon stabilitesi sağlar. 💡 Karma ciltlerde sorunsuz kullanılır.",neutral,Normal ciltte ek bir fayda veya zarar sağlamaz. 💡 Normal ciltlerde kullanımı güvenlidir.,caution,Anyonik yapısı hassas ciltlerde hafif tahrişe neden olabilir. Özellikle rozasea ve egzamada dikkatli olunmalıdır. 💡 Hassas ciltlerde düşük konsantrasyonlu ürünler tercih edin. Yama testi yapın.,neutral,"Yaşlanma karşıtı doğrudan etkisi yoktur, ancak formülasyonlarda stabilite sağlar. 💡 Olgun ciltlerde diğer aktiflerle kombine edin.",beneficial,"Anyonik emülgatörler sistemik emilim yapmaz, hamilelikte güvenlidir. 💡 Hamilelikte güvenle kullanılabilir.",0.0,neutral,Komedojenik değildir ancak akne tedavisine doğrudan katkısı yoktur. Temizleyici olarak faydalı olabilir. 💡 Akneye meyilli ciltlerde temizleyicilerde kullanılabilir.
CI 40800,ci40800,2.0,1.0,1.0,1.0,2.0,3.0,3.0,,,manual_v2,0,Renklendirici (Beta-Karoten),Renklendirici (Beta-Karoten),"CI 40800 (Beta-Karoten), doğal bir renklendirici ve antioksidandır. Ciltte A vitamini öncüsü olarak görev yapar ve serbest radikalleri nötralize eder.",beneficial,Antioksidan etkisiyle cilt bariyerini korur ve nem kaybını azaltır. Kuru ciltlerde yumuşatıcı etki gösterir. 💡 Kuru ciltler için antioksidan serumlarda kullanın.,neutral,Antioksidan olarak sebum oksidasyonunu azaltabilir ancak yağlı ciltte ağırlık yapmaz. 💡 Yağlı ciltlerde hafif formüllerde kullanılabilir.,beneficial,"Antioksidan koruma sağlar, tüm bölgelere uygulanabilir. 💡 Karma ciltlerde günlük bakıma ekleyin.",beneficial,Antioksidan olarak cildi çevresel hasara karşı korur. 💡 Normal ciltlerde koruyucu bakım için idealdir.,beneficial,"Antioksidan ve yatıştırıcı etkisiyle hassas ciltlerde kızarıklığı azaltabilir. Tahriş riski düşüktür. 💡 Hassas ciltler için güvenlidir, yatıştırıcı ürünlerde tercih edin.",beneficial,Beta-karoten A vitamini öncüsü olarak kolajen sentezini destekler ve ince çizgileri azaltır. Güçlü antioksidandır. 💡 Olgun ciltler için gece bakımında kullanın. Retinol ile kombine edilebilir.,beneficial,"Doğal bir bileşendir, sistemik emilimi düşüktür. Hamilelikte güvenle kullanılabilir. 💡 Hamilelikte herhangi bir kısıtlama yoktur.",0.0,neutral,"Akne tedavisine doğrudan etkisi yoktur ancak antioksidan olarak iltihabı azaltabilir. Komedojenik değildir. 💡 Akneye meyilli ciltlerde kullanılabilir, ancak ana tedavi değildir."
CI 77288,ci77288,0.0,0.0,0.0,0.0,-1.0,0.0,2.0,,,manual_v2,0,Renklendirici (Krom Oksit),Renklendirici (Krom Oksit),"CI 77288 (Krom Oksit), yeşil renkli inorganik bir pigmenttir. Kozmetikte renklendirici olarak kullanılır. Ciltte herhangi bir terapötik etkisi yoktur.",neutral,"Renklendirici olarak ciltte kurutucu veya nemlendirici etkisi yoktur. Sadece renk sağlar. 💡 Kuru ciltlerde kullanımı güvenlidir, ancak nemlendirici ile kombine edin.",neutral,Yağlı ciltte herhangi bir olumsuz etkisi yoktur. Komedojenik değildir. 💡 Yağlı ciltlerde sorunsuz kullanılır.,neutral,Renklendirici olarak cilt tipine bağlı etkisi yoktur. 💡 Karma ciltlerde güvenle kullanılabilir.,neutral,Normal ciltte ek bir fayda veya zarar sağlamaz. 💡 Normal ciltlerde kullanımı güvenlidir.,caution,İnorganik pigmentler genellikle güvenlidir ancak nadiren alerjik reaksiyona neden olabilir. Hassas ciltlerde yama testi önerilir. 💡 Hassas ciltlerde kullanmadan önce yama testi yapın.,neutral,"Yaşlanma karşıtı etkisi yoktur, sadece renklendiricidir. 💡 Olgun ciltlerde kullanımı güvenlidir.",beneficial,"İnorganik pigmentler ciltten emilmez, hamilelikte güvenlidir. 💡 Hamilelikte herhangi bir kısıtlama yoktur.",0.0,neutral,"Komedojenik değildir, akne üzerinde etkisi yoktur. 💡 Akneye meyilli ciltlerde güvenle kullanılabilir."
Caesalpinia Spinosa Fruit Extract,caesalpiniaspinosafruitextract,2.0,1.0,2.0,1.0,2.0,2.0,3.0,Enlarged Pores|Fine Lines|Elasticity,,manual_v2,0,Bitkisel Ekstrakt (Tara Meyvesi),Bitkisel Ekstrakt (Tara Meyvesi),"Caesalpinia spinosa meyvesinden elde edilen bu ekstrakt, yüksek miktarda polifenol ve tanen içerir. Antioksidan, antienflamatuvar ve bariyer güçlendirici özellikleriyle bilinir. Ciltte yatıştırıcı ve koruyucu etki gösterir.",beneficial,"Polifenoller sayesinde cilt bariyerini güçlendirir, nem kaybını azaltır. Kuru ciltlerde pullanma ve sıkılık hissini hafifletir. 💡 Nemlendirici veya serum formunda kullanılabilir. Hyaluronik asit ile kombine edildiğinde nemlendirme etkisi artar.",beneficial,Antioksidan içeriği sebum oksidasyonunu azaltarak gözenek tıkanmasını önlemeye yardımcı olur. Hafif antienflamatuvar etkisi vardır. 💡 Yağlı ciltler için hafif losyon veya jel formunda tercih edin. Salisilik asit ile birlikte kullanılabilir.,beneficial,Karma ciltlerde hem kuru bölgeleri nemlendirir hem de yağlı bölgelerde antioksidan koruma sağlar. Dengeli bir etki sunar. 💡 Tüm yüze uygulanabilir. Kuru bölgelere ek nemlendirici eklenebilir.,beneficial,Normal ciltlerde antioksidan koruma ve hafif nemlendirme sağlar. Cilt bariyerini destekler. 💡 Günlük bakım rutinine dahil edilebilir. Diğer antioksidanlarla kombine edilebilir.,beneficial,Antienflamatuvar ve yatıştırıcı özellikleri sayesinde hassas ciltlerde kızarıklık ve tahrişi azaltır. Rozasea ve egzamada faydalı olabilir. 💡 Yatıştırıcı serum veya krem olarak kullanın. Niacinamide ile birlikte kullanımı önerilir.,beneficial,"Antioksidan içeriği serbest radikallere karşı korur, kolajen yıkımını azaltır. Cilt elastikiyetini destekler. 💡 Anti-aging rutininde kullanılabilir. Retinol ve C vitamini ile birlikte kullanımı uygundur.",beneficial,Doğal bir bitkisel ekstrakt olup bilinen bir teratojenik riski yoktur. Hamilelikte güvenle kullanılabilir. 💡 Hamilelikte herhangi bir kısıtlama yoktur. Diğer ürünlerle kombine edilebilir.,1.0,beneficial,"Antienflamatuvar etkisi akne lezyonlarının şiddetini azaltabilir. Komedojenik değildir, gözenek tıkamaz. 💡 Akne tedavisine yardımcı olarak kullanılabilir. Salisilik asit veya benzoil peroksit ile kombine edilebilir."
Caesalpinia Spinosa Gum,caesalpiniaspinosagum,3.0,0.0,1.0,1.0,2.0,2.0,3.0,Fine Lines|Elasticity,,manual_v2,0,Doğal Kıvam Artırıcı / Film Oluşturucu,Doğal Kıvam Artırıcı / Film Oluşturucu,"Caesalpinia spinosa tohumlarından elde edilen bir polisakkarit olan tara zamkı, suda çözünür ve ciltte ince bir film tabakası oluşturur. Nemlendirici, yatıştırıcı ve bariyer güçlendirici özelliklere sahiptir.",beneficial,"Film oluşturucu yapısıyla ciltte nem kaybını önler, bariyeri güçlendirir. Kuru ciltlerde yoğun nemlendirme sağlar. 💡 Yoğun nemlendirici kremlerde veya maskelerde kullanılabilir. Hyaluronik asit ile kombine edildiğinde etkisi artar.",neutral,"Film oluşturucu yapısı yağlı ciltlerde ağır gelebilir, ancak komedojenik değildir. Hafif nemlendirme sağlar. 💡 Yağlı ciltlerde hafif formüllerde kullanılmalıdır. Jel bazlı ürünler tercih edilebilir.",beneficial,Kuru bölgelere nem sağlarken yağlı bölgelerde ağırlık yapmaz. Dengeli bir etki sunar. 💡 Karma ciltler için uygun bir nemlendiricidir. T-bölgeye ince uygulanmalıdır.,beneficial,Normal ciltlerde hafif nemlendirme ve bariyer desteği sağlar. Ciltte pürüzsüz bir his bırakır. 💡 Günlük nemlendirici olarak kullanılabilir.,beneficial,Yatıştırıcı ve bariyer güçlendirici özellikleri sayesinde hassas ciltlerde tahrişi azaltır. Rozasea ve egzamada faydalıdır. 💡 Hassas ciltler için ideal bir nemlendiricidir. Yatıştırıcı serumlarla kombine edilebilir.,beneficial,Nemlendirici ve bariyer güçlendirici etkisiyle olgun ciltlerde ince çizgilerin görünümünü azaltır. Cilt elastikiyetini destekler. 💡 Anti-aging nemlendiricilerde kullanılabilir. Retinol ile birlikte kullanımı uygundur.,beneficial,Doğal bir polisakkarit olup bilinen bir teratojenik riski yoktur. Hamilelikte güvenle kullanılabilir. 💡 Hamilelikte herhangi bir kısıtlama yoktur.,0.0,neutral,"Komedojenik değildir, ancak film oluşturucu yapısı bazı akne tiplerinde gözenekleri tıkayabilir. Genellikle güvenlidir. 💡 Akneye meyilli ciltlerde hafif formüllerde kullanılmalıdır. Non-komedojenik olduğu doğrulanmalıdır."
Caffeine,caffeine,0.0,2.0,1.0,1.0,-1.0,2.0,0.0,Enlarged Pores|Radiance|Fine Lines,,manual_v2,137,Antioksidan / Vazokonstriktör,Antioksidan / Vazokonstriktör,"Kafein, kahve çekirdekleri ve çay yapraklarında bulunan bir ksantin alkaloiddir. Antioksidan özellikleri sayesinde serbest radikallere karşı korur, vazokonstriktör etkisiyle kan damarlarını daraltarak kızarıklığı azaltır. Ayrıca lenfatik drenajı uyararak ödem ve şişkinliği azaltır.",neutral,"Kafein hafif diüretik etkiye sahiptir, bu da kuru ciltlerde dehidrasyona neden olabilir. Ancak antioksidan faydaları vardır. 💡 Kuru ciltlerde düşük konsantrasyonlarda kullanılmalı ve mutlaka nemlendirici ile kombine edilmelidir.",beneficial,"Antioksidan özelliği sebum oksidasyonunu azaltır, vazokonstriktör etkisiyle gözenek görünümünü geçici olarak sıkılaştırabilir. Yağlı ciltlerde matlaştırıcı etki sağlar. 💡 Yağlı ciltler için serum veya göz kremi formunda kullanılabilir. Salisilik asit ile kombine edilebilir.",beneficial,"Karma ciltlerde yağlı bölgelerde matlaştırıcı, kuru bölgelerde ise hafif antioksidan koruma sağlar. Dengeli bir etki sunar. 💡 T-bölgeye odaklanarak uygulanabilir. Kuru bölgelere ek nemlendirici eklenmelidir.",beneficial,Normal ciltlerde antioksidan koruma ve hafif sıkılaştırıcı etki sağlar. Göz altı şişkinliklerini azaltmada etkilidir. 💡 Günlük bakımda veya göz çevresi için kullanılabilir.,caution,"Kafein vazokonstriktör etkisiyle kızarıklığı geçici olarak azaltsa da, hassas ciltlerde tahrişe neden olabilir. Rozasea ve egzamada dikkatli kullanılmalıdır. 💡 Hassas ciltlerde düşük konsantrasyonlarda ve yama testi yaparak kullanılmalıdır. Yatıştırıcı bileşenlerle kombine edilmelidir.",beneficial,"Antioksidan etkisiyle serbest radikallere karşı korur, cilt yaşlanmasını yavaşlatır. Göz altı torbalarını ve şişkinlikleri azaltır. 💡 Anti-aging rutininde göz çevresi için idealdir. Retinol ve C vitamini ile birlikte kullanılabilir.",caution,"Topikal kafein genellikle güvenli kabul edilir, ancak yüksek konsantrasyonlarda sistemik emilim riski vardır. Hamilelikte ölçülü kullanılmalıdır. 💡 Hamilelikte düşük konsantrasyonlu ürünler tercih edilmeli ve aşırı kullanımdan kaçınılmalıdır.",1.0,beneficial,Antioksidan özelliği akne lezyonlarının iyileşmesine yardımcı olabilir. Vazokonstriktör etkisi kızarıklığı azaltır. Komedojenik değildir. 💡 Akne tedavisine yardımcı olarak kullanılabilir. Salisilik asit veya benzoil peroksit ile kombine edilebilir.
Calamine,calamine,-1.0,2.0,0.0,0.0,2.0,-1.0,3.0,Redness|Anyone,,manual_v2,0,Mineral (Kalamin),Mineral (Kalamin),"Kalamin, çinko oksit ve demir oksit içeren pembe renkli bir mineraldir. Antienflamatuvar, yatıştırıcı ve kurutucu özelliklere sahiptir. Kaşıntı, kızarıklık ve tahrişi azaltmak için kullanılır.",caution,"Kurutucu etkisi kuru ciltlerde dehidrasyonu artırabilir, pullanma ve sıkılık hissini kötüleştirebilir. Uzun süreli kullanımda bariyer hasarına neden olabilir. 💡 Kuru ciltlerde sadece lokal olarak ve kısa süreli kullanılmalıdır. Mutlaka yoğun nemlendirici ile kombine edilmelidir.",beneficial,Kurutucu ve matlaştırıcı etkisi yağlı ciltlerde aşırı sebumu kontrol altına alır. Antienflamatuvar özelliği akne ve sivilceleri yatıştırır. 💡 Yağlı ciltlerde maske veya losyon formunda kullanılabilir. Haftada 2-3 kez uygulanması yeterlidir.,neutral,"Karma ciltlerde yağlı bölgelere faydalı olabilir, ancak kuru bölgelerde kurutucu etki yapabilir. Dikkatli kullanılmalıdır. 💡 Sadece T-bölgeye uygulanmalı, kuru bölgelerden kaçınılmalıdır.",neutral,Normal ciltlerde kurutucu etkisi nedeniyle gereksiz kullanım cilt dengesini bozabilir. Sadece ihtiyaç halinde kullanılmalıdır. 💡 Normal ciltlerde düzenli kullanım önerilmez. Sadece sivilce veya tahriş durumunda lokal olarak kullanılabilir.,beneficial,"Antienflamatuvar ve yatıştırıcı özellikleri sayesinde hassas ciltlerde kaşıntı, kızarıklık ve tahrişi azaltır. Egzama ve rozaseada faydalıdır. 💡 Hassas ciltlerde yatıştırıcı losyon veya krem olarak kullanılabilir. Kısa süreli ve ihtiyaç halinde uygulanmalıdır.",caution,Kurutucu etkisi olgun ciltlerde ince çizgileri belirginleştirebilir ve cilt bariyerini zayıflatabilir. Anti-aging amaçlı önerilmez. 💡 Olgun ciltlerde kullanılmamalıdır. Alternatif olarak hyaluronik asit gibi nemlendiriciler tercih edilmelidir.,beneficial,"Mineral yapısıyla topikal kullanımı güvenlidir, sistemik emilimi düşüktür. Hamilelikte kaşıntı ve tahriş için güvenle kullanılabilir. 💡 Hamilelikte herhangi bir kısıtlama yoktur. İhtiyaç halinde kullanılabilir.",2.0,beneficial,"Kurutucu etkisi akne lezyonlarını kurutur, antienflamatuvar özelliği kızarıklık ve şişliği azaltır. Komedojenik değildir. 💡 Akne tedavisinde noktasal olarak kullanılabilir. Salisilik asit veya benzoil peroksit ile kombine edilebilir."
Calcium Aluminum Borosilicate,calciumaluminumborosilicate,0.0,2.0,1.0,0.0,-1.0,0.0,2.0,,,top1000,92,Mineral,Mineral,"Kalsiyum alüminyum borosilikat, ciltte ince bir film oluşturarak ışığı yansıtan ve matlaştırıcı etki sağlayan sentetik bir mineraldir. Kozmetiklerde opaklaştırıcı, kıvam artırıcı ve renk pigmenti olarak kullanılır. Ciltte emilmez, yüzeyde kalır.",neutral,"Cilt yüzeyinde kalarak nem kaybını engellemez, ancak kurutucu da değildir. Kuru ciltlerde ek bir fayda sağlamaz. 💡 Kuru ciltlerde kullanılabilir, ancak nemlendirici altında uygulanmalıdır.",beneficial,Matlaştırıcı ve yağ emici özelliği sayesinde yağlı ciltlerde parlamayı kontrol altına alır. Gözenek görünümünü geçici olarak azaltabilir. 💡 Yağlı ciltlerde pudra veya fondöten formunda kullanılabilir. Gün içinde tazeleme için idealdir.,beneficial,Karma ciltlerde T-bölgede matlaştırıcı etki sağlarken kuru bölgelerde ağırlık yapmaz. Dengeli bir kullanım sunar. 💡 Sadece T-bölgeye uygulanabilir veya hafif bir pudra olarak tüm yüze kullanılabilir.,neutral,"Normal ciltlerde ek bir fayda sağlamaz, ancak makyajda mat bitiş için kullanılabilir. Cilt sağlığına doğrudan etkisi yoktur. 💡 İsteğe bağlı olarak makyajda kullanılabilir.",caution,Bazı hassas ciltlerde alüminyum bileşikleri tahrişe neden olabilir. Ancak genellikle iyi tolere edilir. Rozasea ve egzamada dikkatli olunmalıdır. 💡 Hassas ciltlerde yama testi yaparak kullanılmalıdır. Tahriş durumunda kullanımı bırakılmalıdır.,neutral,"Olgun ciltlerde ince çizgileri belirginleştirebilir, ancak matlaştırıcı etkisi parlamayı kontrol eder. Anti-aging etkisi yoktur. 💡 Olgun ciltlerde hafif formüllerde kullanılmalı, kırışıklıklara oturmaması için ince tabaka halinde uygulanmalıdır.",beneficial,Topikal kullanımda sistemik emilimi ihmal edilebilir düzeydedir. Hamilelikte güvenle kullanılabilir. 💡 Hamilelikte herhangi bir kısıtlama yoktur.,0.0,neutral,"Komedojenik değildir, gözenek tıkamaz. Ancak akne tedavisine doğrudan bir katkısı yoktur. Matlaştırıcı olarak kullanılabilir. 💡 Akneye meyilli ciltlerde güvenle kullanılabilir. Non-komedojenik olduğu doğrulanmalıdır."
Calcium Carbonate,calciumcarbonate,-2.0,2.0,0.0,0.0,-2.0,0.0,3.0,,,top1000,186,Mineral,Mineral,"Kalsiyum Karbonat, cilt bakımında genellikle emici, hafif aşındırıcı ve pH düzenleyici olarak kullanılan bir mineraldir. Yağ ve nemi emme kapasitesi sayesinde matlaştırıcı etki gösterir, ancak yüksek konsantrasyonlarda cildi kurutabilir ve hassas ciltlerde tahrişe neden olabilir.",caution,"Kalsiyum Karbonat, emici yapısıyla kuru ciltteki nemi çekerek bariyer hasarını derinleştirir. Pullanma ve sıkılık hissini artırabilir, bu nedenle kuru ciltler için uygun değildir. 💡 Kuru ciltlerde kullanmaktan kaçının; nemlendirici ve bariyer onarıcı içeriklere yönelin.",beneficial,"Yağ emici özelliği sayesinde fazla sebumu absorbe eder ve cildi matlaştırır. Geniş gözeneklerin görünümünü geçici olarak azaltabilir, ancak aşırı kullanımda cildi kurutabilir. 💡 Haftada 1-2 kez maske olarak kullanın; günlük kullanımda cildi kurutabilir.",neutral,"Karma ciltte T-bölgedeki yağı emerken yanaklarda kuruluğa neden olabilir. Etkisi bölgesel farklılık gösterir, bu nedenle dikkatli kullanılmalıdır. 💡 Sadece T-bölgeye uygulayın, yanaklardan kaçının.",neutral,"Normal ciltte belirgin bir fayda sağlamaz; hafif matlaştırıcı etkisi olabilir ancak düzenli kullanım gereksizdir. 💡 Ara sıra maske olarak kullanılabilir, günlük rutine eklemeyin.",caution,Partikül yapısı hassas ciltte mekanik tahrişe yol açabilir. Rozasea ve egzama gibi durumlarda kızarıklık ve yanmayı tetikleyebilir. 💡 Hassas ciltlerde kullanmayın; fiziksel eksfoliyanlardan kaçının.,neutral,Olgun ciltte kolajen veya elastikiyet üzerinde doğrudan etkisi yoktur. Hafif matlaştırıcı etkisi dışında belirgin bir anti-aging faydası bulunmamaktadır. 💡 Anti-aging için retinol veya peptit içeren ürünler tercih edin.,beneficial,"Kalsiyum Karbonat, topikal kullanımda sistemik emilimi ihmal edilebilir düzeydedir ve gebelikte güvenli kabul edilir. Herhangi bir teratojenik risk taşımaz. 💡 Gebelikte güvenle kullanılabilir, ancak aşırıya kaçmayın.",-1.0,caution,"Gözenekleri tıkama potansiyeli düşük olsa da, aşındırıcı yapısı akne lezyonlarını tahriş edebilir ve inflamasyonu artırabilir. Komedojenik değildir ancak mekanik irritasyon riski vardır. 💡 Aktif akne varlığında kullanmayın; iyileşmiş akne sonrası hafifçe kullanılabilir."
Calcium Chloride,calciumchloride,-3.0,0.0,-1.0,0.0,-3.0,0.0,3.0,,,top1000,70,Mineral,Mineral,"Kalsiyum Klorür, cilt bakımında nadiren kullanılan bir mineral tuzudur. Higroskopik özelliği sayesinde nem çekebilir, ancak yüksek konsantrasyonlarda ciltte tahrişe ve kuruluğa neden olabilir. Genellikle formülasyonlarda dengeleyici olarak yer alır.",caution,"Kalsiyum Klorür, nem çekme özelliğiyle kuru ciltten suyu uzaklaştırarak bariyer hasarını şiddetlendirir. Pullanma ve sıkılık hissini artırır, bu nedenle kuru ciltler için uygun değildir. 💡 Kuru ciltlerde kesinlikle kullanmayın; nemlendirici içeriklere yönelin.",neutral,Yağlı ciltte belirgin bir fayda sağlamaz; hafif kurutucu etkisi olabilir ancak sebum kontrolünde etkili değildir. 💡 Yağlı ciltler için önerilmez; salisilik asit veya niasinamid gibi içerikler tercih edin.,caution,"Karma ciltte kuru bölgeleri daha da kurutabilir, yağlı bölgelerde ise anlamlı bir etki göstermez. Dengesiz kullanım ciltte tahrişe yol açabilir. 💡 Karma ciltlerde kullanmaktan kaçının; bölgesel ürünler tercih edin.",neutral,Normal ciltte herhangi bir fayda veya zarar sağlamaz; gereksiz bir içeriktir. 💡 Normal ciltler için önerilmez; basit bir rutin yeterlidir.,caution,"Kalsiyum Klorür, hassas ciltte güçlü tahrişe neden olabilir. Rozasea ve egzama gibi durumlarda kızarıklık, yanma ve kaşıntıyı tetikler. 💡 Hassas ciltlerde kesinlikle kullanmayın; yatıştırıcı içerikler tercih edin.",neutral,Olgun ciltte kolajen veya elastikiyet üzerinde etkisi yoktur. Anti-aging faydası bulunmamaktadır. 💡 Anti-aging için retinol veya C vitamini gibi içerikler kullanın.,beneficial,"Topikal kullanımda sistemik emilimi düşüktür ve gebelikte güvenli kabul edilir. Teratojenik risk taşımaz. 💡 Gebelikte güvenle kullanılabilir, ancak tahriş riskine karşı dikkatli olun.",-2.0,caution,Tahriş edici yapısı akne lezyonlarını inflame edebilir ve iyileşmeyi geciktirebilir. Komedojenik değildir ancak mevcut akneyi kötüleştirebilir. 💡 Akneye meyilli ciltlerde kullanmayın; anti-inflamatuar içerikler tercih edin.
Calcium Gluconate,calciumgluconate,2.0,0.0,0.0,0.0,2.0,1.0,3.0,,,top1000,69,Mineral,Mineral,"Kalsiyum Glukonat, cilt bakımında yatıştırıcı ve nemlendirici özellikleriyle bilinen bir mineral tuzudur. Cilt bariyerini destekleyebilir ve hassas ciltlerde tahrişi azaltmaya yardımcı olabilir. Ayrıca antioksidan etkileri de bulunmaktadır.",beneficial,"Kalsiyum Glukonat, nemlendirici özelliğiyle kuru ciltte bariyer onarımına katkıda bulunur. Pullanmayı azaltır ve cildin nem tutma kapasitesini artırır. 💡 Kuru ciltler için nemlendirici rutine ekleyin; hyaluronik asit ile kombine edilebilir.",neutral,Yağlı ciltte belirgin bir fayda sağlamaz; sebum kontrolünde etkili değildir ancak tahrişe neden olmaz. 💡 Yağlı ciltler için özel bir faydası yoktur; hafif nemlendiriciler tercih edin.,neutral,Karma ciltte dengeli bir etki gösterir; kuru bölgeleri nemlendirirken yağlı bölgelerde ağırlık yapmaz. 💡 Karma ciltlerde güvenle kullanılabilir; tüm yüze uygulanabilir.,neutral,Normal ciltte belirgin bir fayda sağlamaz; hafif nemlendirici etkisi dışında özel bir katkısı yoktur. 💡 Normal ciltler için gerekli değildir; basit bir nemlendirici yeterlidir.,beneficial,Yatıştırıcı özelliği sayesinde hassas ciltte kızarıklık ve tahrişi azaltır. Rozasea ve egzama gibi durumlarda cilt bariyerini destekleyerek rahatlama sağlar. 💡 Hassas ciltler için ideal bir içeriktir; yatıştırıcı serumlarda kullanılabilir.,beneficial,Antioksidan özelliği sayesinde olgun ciltte serbest radikal hasarını azaltmaya yardımcı olabilir. Kolajen sentezini doğrudan uyarmasa da cilt bariyerini destekler. 💡 Olgun ciltlerde antioksidan olarak kullanılabilir; C vitamini ile kombine edilebilir.,beneficial,Topikal kullanımda sistemik emilimi düşüktür ve gebelikte güvenli kabul edilir. Herhangi bir teratojenik risk taşımaz. 💡 Gebelikte güvenle kullanılabilir.,0.0,neutral,Akne üzerinde doğrudan bir etkisi yoktur; komedojenik değildir ve tahrişe neden olmaz. Anti-inflamatuar etkisi sayesinde dolaylı fayda sağlayabilir. 💡 Akneye meyilli ciltlerde güvenle kullanılabilir; diğer akne tedavileriyle kombine edilebilir.
Calcium Glycerophosphate,calciumglycerophosphate,1.0,0.0,0.0,0.0,0.0,0.0,3.0,,,top1000,44,Mineral,Mineral,"Kalsiyum Gliserofosfat, cilt bakımında nadiren kullanılan bir mineral türevidir. Nemlendirici ve cilt bariyerini destekleyici özellikleri olabilir, ancak etkinliği sınırlıdır. Genellikle formülasyonlarda dengeleyici olarak yer alır.",neutral,"Hafif nemlendirici etkisi kuru ciltte bariyeri bir miktar destekleyebilir, ancak belirgin bir fayda sağlamaz. Pullanma ve sıkılık hissini azaltmada yetersiz kalabilir. 💡 Kuru ciltler için yeterli değildir; daha güçlü nemlendiricilerle kombine edin.",neutral,Yağlı ciltte belirgin bir etkisi yoktur; sebum kontrolünde fayda sağlamaz ve tahrişe neden olmaz. 💡 Yağlı ciltler için önerilmez; hafif jeller tercih edin.,neutral,"Karma ciltte dengeli bir etki gösterir; ne kurutur ne de aşırı nemlendirir. 💡 Karma ciltlerde güvenle kullanılabilir, ancak özel bir fayda beklemeyin.",neutral,Normal ciltte herhangi bir fayda sağlamaz; gereksiz bir içeriktir. 💡 Normal ciltler için gerekli değildir.,neutral,"Hassas ciltte tahrişe neden olmaz ancak yatıştırıcı bir etkisi de yoktur. Nötr bir içeriktir. 💡 Hassas ciltlerde güvenle kullanılabilir, ancak yatıştırıcı içerikler tercih edin.",neutral,Olgun ciltte kolajen veya elastikiyet üzerinde etkisi yoktur. Anti-aging faydası bulunmamaktadır. 💡 Anti-aging için daha etkili içerikler kullanın.,beneficial,Topikal kullanımda sistemik emilimi düşüktür ve gebelikte güvenli kabul edilir. Teratojenik risk taşımaz. 💡 Gebelikte güvenle kullanılabilir.,0.0,neutral,Akne üzerinde etkisi yoktur; komedojenik değildir ve tahrişe neden olmaz. 💡 Akneye meyilli ciltlerde güvenle kullanılabilir.
Calcium Hydroxide,calciumhydroxide,-3.0,-2.0,-2.0,-2.0,-3.0,-3.0,-1.0,,,top1000,72,Mineral,Mineral,"Kalsiyum Hidroksit, cilt bakımında nadiren kullanılan güçlü bir alkali bileşiktir. Yüksek pH değeri nedeniyle ciltte tahrişe ve kimyasal yanıklara neden olabilir. Genellikle saç kremi veya epilasyon ürünlerinde kullanılır, yüz bakımı için uygun değildir.",caution,"Kalsiyum Hidroksit, yüksek pH'ı ile kuru cildin bariyerini ciddi şekilde bozar. Pullanma, sıkılık ve tahrişi artırır, bu nedenle kuru ciltler için kesinlikle uygun değildir. 💡 Kuru ciltlerde kullanmayın; bariyer onarıcı ürünler tercih edin.",caution,"Yağlı ciltte bile yüksek pH tahrişe neden olabilir. Sebum kontrolünde fayda sağlamaz, aksine cilt dengesini bozarak reaktif yağlanmaya yol açabilir. 💡 Yağlı ciltlerde kullanmayın; hafif asidik pH'lı ürünler tercih edin.",caution,Karma ciltte hem kuru hem yağlı bölgeleri tahriş eder. pH dengesini bozarak cilt bariyerine zarar verir. 💡 Karma ciltlerde kullanmayın; pH dengeli ürünler tercih edin.,caution,Normal ciltte bile yüksek pH tahrişe neden olur. Cilt bariyerini zayıflatarak hassasiyete yol açabilir. 💡 Normal ciltlerde kullanmayın; cilt dostu pH'lı ürünler kullanın.,caution,"Kalsiyum Hidroksit, hassas ciltte güçlü kimyasal tahrişe neden olur. Rozasea ve egzama gibi durumlarda şiddetli kızarıklık, yanma ve kaşıntıyı tetikler. 💡 Hassas ciltlerde kesinlikle kullanmayın; yatıştırıcı ve bariyer onarıcı içerikler tercih edin.",caution,"Olgun cilt, bariyer hasarına karşı daha savunmasızdır. Kalsiyum Hidroksit, kolajen ve elastikiyeti olumsuz etkileyerek yaşlanma belirtilerini artırabilir. 💡 Olgun ciltlerde kullanmayın; anti-aging için retinol veya peptitler tercih edin.",caution,"Topikal kullanımda sistemik emilimi düşük olsa da, yüksek tahriş potansiyeli nedeniyle gebelikte önerilmez. Cilt bariyerini bozarak enfeksiyon riskini artırabilir. 💡 Gebelikte kullanmaktan kaçının; güvenli alternatifler tercih edin.",-3.0,caution,"Yüksek pH, akne lezyonlarını tahriş eder ve inflamasyonu artırır. Cilt bariyerini bozarak bakteriyel enfeksiyon riskini yükseltebilir. 💡 Akneye meyilli ciltlerde kullanmayın; düşük pH'lı, anti-inflamatuar içerikler tercih edin."
Calcium Pantothenate,calciumpantothenate,3.0,2.0,2.0,1.0,3.0,2.0,3.0,,,top1000,31,Mineral,Mineral,"Kalsiyum pantotenat, B5 vitamininin kalsiyum tuzudur ve ciltte pantotenik aside dönüşerek nemlendirici, yatıştırıcı ve bariyer onarıcı etkiler gösterir. Kozmetikte genellikle nemlendirici ve cilt bariyerini güçlendirici olarak kullanılır.",beneficial,"Kalsiyum pantotenat, cilt bariyerini onararak transepidermal su kaybını azaltır ve nem tutulumunu artırır. Kuru ciltlerde pullanma ve sıkılık hissini giderir, aynı zamanda hyaluronik asit sentezini destekler. 💡 Günlük nemlendiricinizde kullanın, özellikle gece rutininde bariyer onarımı için idealdir.",beneficial,"Hafif nemlendirici yapısıyla yağlı ciltlerde ağırlık yapmaz ve sebum dengesini bozmaz. Ayrıca anti-inflamatuar etkisiyle akne oluşumunu dolaylı olarak azaltabilir. 💡 Hafif bir serum veya jel formunda tercih edin, yağlı ciltler için idealdir.",beneficial,"Karma ciltlerde hem kuru bölgeleri nemlendirir hem de yağlı bölgelerde ağırlık yapmaz. Bariyer onarıcı etkisi sayesinde cilt dengesini sağlar. 💡 Tüm yüze uygulayabilirsiniz, özellikle kuru bölgelere odaklanın.",beneficial,"Normal ciltlerde nemlendirici ve bariyer destekleyici olarak faydalıdır, ancak temel bakımda zorunlu bir bileşen değildir. 💡 Nemlendirici rutininize ekleyebilirsiniz, özellikle kış aylarında faydalıdır.",beneficial,"Pantotenik asit, ciltteki inflamasyonu azaltır ve bariyer onarımını hızlandırır. Rozasea ve egzama gibi hassas cilt sorunlarında yatıştırıcı etki gösterir, tahriş riski düşüktür. 💡 Hassas ciltler için güvenle kullanılabilir, yatıştırıcı serum veya krem formunda tercih edin.",beneficial,"Yaşlanma ile azalan hyaluronik asit sentezini destekleyerek cilt nemini artırır ve ince çizgilerin görünümünü azaltır. Bariyer onarımı ile cilt elastikiyetini korur. 💡 Anti-aging rutininize ekleyin, özellikle gece kremlerinde etkilidir.",beneficial,"B5 vitamini türevi olup hamilelikte güvenle kullanılabilir. Teratojenik risk taşımaz, cilt bariyerini destekler ve gebelikte oluşabilecek cilt kuruluğunu giderir. 💡 Hamilelikte güvenle kullanabilirsiniz, nemlendirici olarak idealdir.",2.0,beneficial,"Anti-inflamatuar özelliği sayesinde akne lezyonlarının kızarıklığını azaltır. Komedojenik değildir ve gözenek tıkamaz, ayrıca akne tedavisinde kullanılan retinoidlerin yan etkilerini hafifletebilir. 💡 Akne tedavisi sırasında bariyeri desteklemek için kullanın, retinoidlerle kombine edilebilir."
Calcium Sodium Borosilicate,calciumsodiumborosilicate,0.0,0.0,0.0,0.0,-1.0,0.0,2.0,,,top1000,75,Mineral,Mineral,"Kalsiyum sodyum borosilikat, cam benzeri bir mineraldir ve kozmetikte genellikle renk, parlaklık veya kıvam artırıcı olarak kullanılır. Cilt üzerinde belirgin bir biyolojik etkisi yoktur, inert bir bileşendir.",neutral,"Bu mineral ciltte herhangi bir nemlendirici veya bariyer onarıcı etki göstermez. Kuru ciltler için ne faydalı ne de zararlıdır, sadece estetik amaçlıdır. 💡 Kuru ciltler için özel bir faydası yoktur, içeren ürünlerde nemlendirici bileşenlerle kombine edilmelidir.",neutral,Yağlı ciltlerde herhangi bir sebum düzenleyici veya gözenek sıkılaştırıcı etkisi yoktur. Komedojenik değildir ancak ciltte birikme yapmaz. 💡 Yağlı ciltlerde kullanımı güvenlidir ancak beklenen bir faydası yoktur.,neutral,"Karma ciltlerde herhangi bir terapötik etkisi bulunmaz, sadece ürünün dokusunu veya görünümünü iyileştirir. 💡 Kullanımı güvenlidir ancak cilt tipinize özel bir fayda sağlamaz.",neutral,"Normal ciltlerde herhangi bir biyolojik etkisi yoktur, kozmetik bir katkı maddesidir. 💡 Herhangi bir endişe yaratmaz, ancak aktif bileşen içermez.",caution,"Mineral yapısı genellikle inert olsa da, bazı hassas ciltlerde partikül yapısı nedeniyle mekanik tahrişe veya alerjik reaksiyona neden olabilir. Özellikle rozasea ve egzama gibi durumlarda dikkatli olunmalıdır. 💡 Hassas ciltlerde kullanmadan önce yama testi yapın, tahrişe neden olabilir.",neutral,"Olgun ciltlerde kırışıklık veya elastikiyet üzerinde herhangi bir etkisi yoktur. Sadece ürüne parlaklık veya doku kazandırır. 💡 Anti-aging etkisi beklemeyin, sadece estetik amaçlıdır.",beneficial,"Hamilelikte kullanımı güvenlidir, inert bir mineral olduğu için sistemik emilimi yoktur ve teratojenik risk taşımaz. 💡 Hamilelikte güvenle kullanılabilir.",0.0,neutral,Akneye meyilli ciltlerde komedojenik değildir ve gözenek tıkamaz. Ancak akne tedavisine doğrudan bir katkısı yoktur. 💡 Güvenle kullanılabilir ancak akne tedavisi için aktif bileşenlerle kombine edilmelidir.
Calendula Officinalis Flower Extract,calendulaofficinalisflowerextract,2.0,1.0,2.0,1.0,3.0,2.0,2.0,,,top1000,175,Bitkisel Ekstrakt,Bitkisel Ekstrakt,"Calendula officinalis (ayçiçeği) çiçek ekstraktı, anti-inflamatuar, yatıştırıcı ve antioksidan özellikleriyle bilinir. Flavonoidler, triterpenoidler ve karotenoidler içerir, cilt iyileşmesini destekler.",beneficial,"Calendula, cilt bariyerini onarmaya yardımcı olur ve nem kaybını azaltır. Anti-inflamatuar etkisiyle kuru ciltte oluşabilecek tahrişi yatıştırır. 💡 Kuru ciltler için nemlendirici kremlerde veya yatıştırıcı maskelerde kullanın.",beneficial,Hafif anti-inflamatuar etkisi sayesinde yağlı ciltte oluşabilecek inflamasyonu azaltabilir. Ancak sebum kontrolü üzerinde doğrudan etkisi yoktur. 💡 Yağlı ciltlerde hafif bir toner veya serum olarak kullanılabilir.,beneficial,"Karma ciltlerde hem kuru bölgeleri yatıştırır hem de yağlı bölgelerdeki inflamasyonu azaltır. Dengeli bir etki sağlar. 💡 Tüm yüze uygulanabilir, özellikle hassas bölgelerde rahatlatıcıdır.",beneficial,Normal ciltlerde antioksidan koruma sağlar ve cilt tonunu eşitlemeye yardımcı olabilir. Düzenli kullanımda cildi sakinleştirir. 💡 Günlük bakımda antioksidan olarak kullanılabilir.,beneficial,"Calendula, rozasea ve egzama gibi hassas cilt durumlarında güçlü yatıştırıcı etki gösterir. Anti-inflamatuar bileşenleri sayesinde kızarıklık ve tahrişi azaltır, cilt bariyerini onarır. 💡 Hassas ciltler için idealdir, yatıştırıcı krem veya merhem formunda kullanın.",beneficial,"Antioksidan içeriği sayesinde serbest radikallere karşı korur ve cilt yaşlanmasını yavaşlatır. Ayrıca kolajen sentezini destekleyerek ince çizgilerin görünümünü azaltabilir. 💡 Anti-aging rutininize ekleyin, özellikle gece bakımında etkilidir.",beneficial,"Hamilelikte kullanımı güvenlidir, topikal uygulamada sistemik emilimi düşüktür. Yatıştırıcı etkisiyle gebelikte oluşabilecek cilt hassasiyetini azaltabilir. 💡 Hamilelikte güvenle kullanılabilir, özellikle hassas ciltler için idealdir.",2.0,beneficial,"Anti-inflamatuar özelliği sayesinde akne lezyonlarının kızarıklık ve şişliğini azaltır. Komedojenik değildir ve yara iyileşmesini hızlandırarak akne sonrası lekelerin oluşumunu engelleyebilir. 💡 Akne tedavisinde tamamlayıcı olarak kullanın, özellikle inflamatuar aknede faydalıdır."
Camellia Oleifera Seed Oil,camelliaoleiferaseedoil,3.0,-1.0,1.0,1.0,2.0,2.0,2.0,Dry and dehydrated skin,Oily,top1000,43,Bitkisel Yağ,Bitkisel Yağ,"Camellia oleifera (çay tohumu) yağı, oleik asit ve E vitamini açısından zengin, hafif yapılı bir bitkisel yağdır. Nemlendirici, antioksidan ve bariyer onarıcı özellikleri vardır, cilt tarafından kolayca emilir.",beneficial,"Yüksek oleik asit içeriği sayesinde cilt bariyerini güçlendirir ve transepidermal su kaybını azaltır. Kuru ciltlerde derinlemesine nemlendirme sağlar ve pullanmayı giderir. 💡 Kuru ciltler için ideal bir nemlendirici yağdır, gece rutininde kullanılabilir.",caution,"Oleik asit oranı yüksek olduğu için yağlı ciltlerde gözenek tıkama potansiyeli vardır. Hafif yapılı olmasına rağmen aşırı kullanımda komedon oluşumuna yol açabilir. 💡 Yağlı ciltlerde dikkatli kullanın, haftada 1-2 kez veya sadece kuru bölgelere uygulayın.",beneficial,"Karma ciltlerde kuru bölgeleri nemlendirirken yağlı bölgelerde hafif kalabilir. Ancak T-bölgesinde aşırı kullanım gözenek tıkayabilir. 💡 Sadece kuru bölgelere (yanaklar) uygulayın, T-bölgesinden kaçının.",beneficial,"Normal ciltlerde nemlendirici ve antioksidan olarak faydalıdır, cilt bariyerini destekler. Hafif yapısı sayesinde ağırlık yapmaz. 💡 Günlük nemlendirici olarak kullanılabilir, özellikle kış aylarında idealdir.",beneficial,"Anti-inflamatuar ve yatıştırıcı özellikleri sayesinde hassas ciltlerde tahrişi azaltır. E vitamini içeriği ile cilt bariyerini onarır, rozasea ve egzama gibi durumlarda faydalıdır. 💡 Hassas ciltler için güvenlidir, yatıştırıcı bir yağ olarak kullanılabilir.",beneficial,"Antioksidan içeriği sayesinde serbest radikallere karşı korur ve cilt yaşlanmasını yavaşlatır. Nemlendirici etkisiyle ince çizgilerin görünümünü azaltır, cilt elastikiyetini destekler. 💡 Anti-aging rutininizde nemlendirici olarak kullanın, özellikle gece bakımında etkilidir.",beneficial,"Hamilelikte kullanımı güvenlidir, topikal uygulamada sistemik emilimi düşüktür. Cilt kuruluğunu gidermede etkilidir ve çatlak oluşumunu önlemeye yardımcı olabilir. 💡 Hamilelikte güvenle kullanılabilir, özellikle karın bölgesine uygulanabilir.",-1.0,caution,"Oleik asit içeriği nedeniyle komedojenik potansiyeli vardır ve akneye meyilli ciltlerde gözenek tıkayarak siyah nokta oluşumunu artırabilir. Ancak anti-inflamatuar etkisi sayesinde bazı akne türlerinde faydalı olabilir. 💡 Akneye meyilli ciltlerde dikkatli kullanın, düşük konsantrasyonlu ürünleri tercih edin veya tamamen kaçının."
Camellia Sinensis (Green Tea) Leaf Extract,camelliasinensisgreentealeafextract,1.0,3.0,2.0,1.0,2.0,3.0,2.0,Acne|Redness|Fine Lines|Radiance|Oily,,manual_v2,0,Bitkisel Ekstrakt (Yeşil Çay),Bitkisel Ekstrakt (Yeşil Çay),"Camellia sinensis (yeşil çay) yaprak ekstraktı, güçlü antioksidan polifenoller (özellikle EGCG) içerir. Anti-inflamatuar, antimikrobiyal ve sebum düzenleyici etkileri vardır, cilt yaşlanmasını yavaşlatır.",beneficial,"Antioksidan içeriği sayesinde kuru ciltte serbest radikal hasarını azaltır. Ancak nemlendirici etkisi sınırlıdır, kuruluk yapabilir. 💡 Kuru ciltlerde nemlendirici ile kombine edin, tek başına yeterli nem sağlamaz.",beneficial,"Yeşil çay ekstraktı, sebum üretimini azaltarak yağlı ciltlerde parlaklığı kontrol eder. Ayrıca antimikrobiyal etkisiyle akne oluşumunu engeller ve gözenekleri sıkılaştırır. 💡 Yağlı ciltler için idealdir, toner veya serum formunda günlük kullanın.",beneficial,"Karma ciltlerde T-bölgesindeki yağlanmayı azaltırken yanaklarda antioksidan koruma sağlar. Sebum düzenleyici etkisi sayesinde cilt dengesini sağlar. 💡 T-bölgesine odaklanarak uygulayın, yanaklarda hafif nemlendirici ile kullanın.",beneficial,Normal ciltlerde antioksidan koruma sağlar ve cilt tonunu eşitlemeye yardımcı olur. Düzenli kullanımda cildi canlandırır. 💡 Günlük bakımda antioksidan olarak kullanılabilir.,beneficial,"Anti-inflamatuar özelliği sayesinde rozasea ve egzama gibi hassas cilt durumlarında kızarıklık ve tahrişi azaltır. Ancak yüksek konsantrasyonlarda hassasiyete neden olabilir. 💡 Hassas ciltlerde düşük konsantrasyonlu ürünleri tercih edin, yama testi yapın.",beneficial,"Güçlü antioksidan içeriği sayesinde kolajen yıkımını önler ve cilt yaşlanmasını yavaşlatır. EGCG, UV hasarına karşı korur ve hiperpigmentasyonu azaltmaya yardımcı olabilir. 💡 Anti-aging rutininize ekleyin, sabah kullanımı idealdir, güneş koruyucu ile kombine edin.",beneficial,"Hamilelikte topikal kullanımı güvenlidir, sistemik emilimi düşüktür. Antioksidan koruma sağlar ve gebelikte oluşabilecek cilt sorunlarına karşı yardımcı olur. 💡 Hamilelikte güvenle kullanılabilir, özellikle antioksidan ihtiyacı için idealdir.",3.0,beneficial,"Yeşil çay ekstraktı, antimikrobiyal etkisiyle Propionibacterium acnes bakterisini inhibe eder ve sebum üretimini azaltarak akne oluşumunu engeller. Ayrıca anti-inflamatuar etkisiyle mevcut akne lezyonlarının iyileşmesini hızlandırır. 💡 Akne tedavisinde etkilidir, günlük serum veya toner olarak kullanın."
Camellia Sinensis Leaf Extract,camelliasinensisleafextract,2.0,3.0,2.0,2.0,2.0,3.0,3.0,Dry and dehydrated skin,Oily,top1000,192,Bitkisel Yağ,Bitkisel Yağ,"Camellia Sinensis (yeşil çay) yaprağı ekstresi, polifenoller (özellikle epigallokateşin gallat - EGCG) ve kafein açısından zengindir. Güçlü antioksidan, anti-inflamatuar ve antimikrobiyal özellikler gösterir. Kozmetikte cilt koruyucu, yatıştırıcı ve yaşlanma karşıtı olarak kullanılır.",beneficial,Antioksidan içeriği serbest radikalleri nötralize ederek kuru ciltte oksidatif stresi azaltır. Hafif nemlendirici etkisi vardır ancak yoğun nemlendirme için yeterli değildir; bariyer onarımına dolaylı katkı sağlar. 💡 Hyaluronik asit veya seramid içeren bir nemlendirici ile kombine edin. Günde 1-2 kez kullanılabilir.,beneficial,"Kafein ve polifenoller sebum üretimini düzenlemeye yardımcı olur, antioksidan etkisiyle gözenekleri sıkılaştırır. Hafif büzücü özelliği sayesinde yağlı ciltte parlamayı azaltır. 💡 Günlük bakımda tonik veya serum olarak kullanın. Salisilik asit ile birlikte kullanılabilir.",beneficial,"T-bölgesinde sebum düzenleyici, kuru bölgelerde ise antioksidan koruma sağlar. Cilt tonunu eşitlemeye yardımcı olur. 💡 Tüm yüze uygulayın, ardından kuru bölgelere ek nemlendirici sürün.",beneficial,"Antioksidan koruma ile cilt yaşlanmasını geciktirir, cilt bariyerini güçlendirir. Düzenli kullanımda cilt tonunu eşitler. 💡 Günlük antioksidan serum olarak sabah rutininize ekleyin.",beneficial,"Anti-inflamatuar etkisi sayesinde kızarıklık ve tahrişi azaltır. Düşük konsantrasyonlarda hassas ciltler için güvenlidir, ancak yüksek konsantrasyonlar nadiren irritasyona neden olabilir. 💡 Düşük konsantrasyonlu (%1-2) ürünlerle başlayın. Yama testi yaparak kullanın.",beneficial,"EGCG kolajen sentezini uyarır ve matriks metalloproteinazları inhibe ederek kırışıklık oluşumunu yavaşlatır. Antioksidan etkisiyle hiperpigmentasyonu azaltmaya yardımcı olur. 💡 Sabah ve akşam kullanın. Retinol ile birlikte kullanımı faydalıdır, ancak ayrı zamanlarda uygulayın.",beneficial,"Yeşil çay ekstresi hamilelikte güvenli kabul edilir. Topikal kullanımda sistemik emilim düşüktür, teratojenik risk yoktur. 💡 Güvenle kullanılabilir. Herhangi bir kısıtlama yoktur.",3.0,beneficial,"Antimikrobiyal etkisi Propionibacterium acnes üremesini baskılar, anti-inflamatuar etkisi akne lezyonlarının şiddetini azaltır. Komedojenik değildir. 💡 Günde iki kez temiz cilde uygulayın. Salisilik asit veya benzoil peroksit ile kombine edilebilir."
Camellia Sinensis Leaf Water,camelliasinensisleafwater,1.0,2.0,1.0,1.0,2.0,1.0,3.0,,,manual_v2,0,Bitkisel Hidrosol (Yeşil Çay),Bitkisel Hidrosol (Yeşil Çay),"Camellia Sinensis yaprağı suyu, yeşil çayın damıtılmasıyla elde edilen hafif bir hidrosoldür. Antioksidan ve anti-inflamatuar özellikleri ekstreye benzer ancak konsantrasyonu daha düşüktür. Cilt toniği olarak kullanılır, ferahlatıcı ve yatıştırıcıdır.",neutral,"Hafif nemlendirme sağlar ancak kuru cilt için yeterli değildir. Antioksidan etkisiyle bariyer desteği sunar, ancak yoğun nemlendirici içermez. 💡 Nemlendirici öncesinde tonik olarak kullanın. Ardından zengin bir nemlendirici uygulayın.",beneficial,"Hafif büzücü etkisiyle gözenekleri sıkılaştırır, antioksidan içeriği sebum oksidasyonunu azaltır. Yağlı ciltte ferahlatıcıdır. 💡 Günde iki kez tonik olarak kullanın. Yağlı bölgelere pamukla uygulayın.",beneficial,"T-bölgesinde hafif sebum kontrolü sağlar, kuru bölgelerde tahriş yapmaz. Cildi dengeler. 💡 Tüm yüze tonik olarak uygulayın, ardından kuru bölgelere nemlendirici sürün.",neutral,"Hafif antioksidan koruma sağlar, cildi ferahlatır. Belirgin bir terapötik etkisi yoktur, günlük bakımda kullanılabilir. 💡 Sabah toniği olarak kullanın. Cilt tipiniz için yeterli nemlendirme sağlamaz.",beneficial,"Anti-inflamatuar özelliği sayesinde hassas cildi yatıştırır, kızarıklığı azaltır. Düşük konsantrasyonu nedeniyle irritasyon riski düşüktür. 💡 Yatıştırıcı tonik olarak kullanın. Soğuk uygulama daha etkilidir.",neutral,Antioksidan etkisi yaşlanma karşıtı destek sağlar ancak konsantrasyonu düşük olduğu için belirgin bir anti-aging etki beklenmez. Cildi ferahlatır. 💡 Antioksidan serum öncesinde tonik olarak kullanın. Retinol veya C vitamini ile birlikte kullanılabilir.,beneficial,Hamilelikte güvenli kabul edilir. Topikal kullanımda sistemik emilim ihmal edilebilir düzeydedir. 💡 Güvenle kullanılabilir. Herhangi bir kısıtlama yoktur.,2.0,beneficial,"Antimikrobiyal etkisi akne bakterilerini baskılar, anti-inflamatuar etkisi sivilce iltihabını azaltır. Hafif büzücü etkisi gözenekleri temizler. 💡 Günde iki kez tonik olarak kullanın. Salisilik asit içeren ürünlerle kombine edilebilir."
Camphor,camphor,-1.0,2.0,0.0,0.0,-2.0,-1.0,-1.0,,,top1000,80,Cilt Bakım Bileşeni,Cilt Bakım Bileşeni,"Kafur (Camphor), kafur ağacından elde edilen uçucu bir bileşiktir. Soğutucu, analjezik ve hafif antiseptik etkileri vardır. Kozmetikte kaşıntı giderici, akne tedavisinde ve cilt tahrişlerinde kullanılır. Yüksek konsantrasyonlarda irritan olabilir.",caution,"Kafur ciltte soğutucu his bırakır ancak kuru ciltte bariyeri daha da zayıflatabilir ve kuruluğu artırabilir. Uzun süreli kullanımda tahriş riski vardır. 💡 Kuru ciltlerde kaçının. Alternatif olarak yatıştırıcı bileşenler (yulaf, pantenol) tercih edin.",beneficial,"Hafif antiseptik etkisi akne oluşumunu önlemeye yardımcı olur, soğutucu hissi yağlı ciltte ferahlık sağlar. Sebum kontrolüne katkıda bulunabilir. 💡 Düşük konsantrasyonlu ürünlerle sınırlı kullanın. Haftada 2-3 kez uygulayın.",neutral,"T-bölgesinde faydalı olabilir ancak kuru bölgelerde tahriş yapma riski vardır. Dengeleyici etkisi sınırlıdır. 💡 Sadece T-bölgesine uygulayın, yanaklardan kaçının.",neutral,"Normal ciltte belirgin bir fayda sağlamaz, hafif ferahlatıcı etkisi dışında terapötik bir katkısı yoktur. Gereksiz kullanım tahrişe yol açabilir. 💡 Gerekmedikçe kullanmayın. Alternatif olarak daha nazik bileşenler tercih edin.",caution,"Kafur hassas ciltte güçlü irritasyon, kızarıklık ve yanma hissine neden olabilir. Rozasea ve egzama gibi durumları kötüleştirebilir. 💡 Kesinlikle kullanmayın. Yatıştırıcı bileşenler (niacinamide, yeşil çay) tercih edin.",caution,"Olgun cilt genellikle daha kurudur ve kafur kuruluğu artırabilir. Anti-aging etkisi yoktur, aksine bariyer hasarına yol açabilir. 💡 Kullanmayın. Anti-aging için retinol veya peptitler tercih edin.",caution,"Topikal kullanımda düşük konsantrasyonlar genellikle güvenli kabul edilir, ancak yüksek dozlarda sistemik emilim riski vardır. Hamilelikte aşırı kullanımdan kaçınılmalıdır. 💡 Düşük konsantrasyonlu ürünleri sınırlı kullanın. Yüksek dozlardan kaçının.",2.0,beneficial,"Antiseptik ve anti-inflamatuar etkisi akne lezyonlarını kurutmaya yardımcı olur. Ancak yüksek konsantrasyonlarda tahriş yapabilir, bu da akneyi kötüleştirebilir. 💡 Düşük konsantrasyonlu (%0.5-1) ürünleri noktasal olarak kullanın. Haftada 2-3 kez yeterlidir."
Cananga Odorata Flower Oil,canangaodoratafloweroil,0.0,2.0,1.0,0.0,-2.0,0.0,-1.0,,,top1000,27,Cilt Bakım Bileşeni,Cilt Bakım Bileşeni,"Cananga Odorata (ylang-ylang) çiçek yağı, tropikal bir ağaçtan elde edilen uçucu bir yağdır. Tatlı, çiçeksi bir kokuya sahiptir. Kozmetikte parfüm ve cilt bakımında kullanılır; antiseptik, anti-inflamatuar ve sebum düzenleyici özellikleri vardır. Ancak hassas ciltlerde alerjik reaksiyonlara neden olabilir.",neutral,"Nemlendirici etkisi sınırlıdır, hafif yumuşatıcı özellik gösterir. Ancak kuru ciltte yeterli nem sağlamaz ve bazı kişilerde tahrişe yol açabilir. 💡 Kuru ciltler için ideal değildir. Alternatif olarak zengin nemlendiriciler kullanın.",beneficial,Sebum düzenleyici etkisi sayesinde yağ üretimini dengelemeye yardımcı olur. Antiseptik özelliği akne oluşumunu azaltabilir. 💡 Düşük konsantrasyonlu ürünlerde haftada 2-3 kez kullanın. Fazla kullanım tahrişe neden olabilir.,neutral,T-bölgesinde sebum kontrolü sağlayabilir ancak kuru bölgelerde tahriş riski vardır. Dengeleyici etkisi sınırlıdır. 💡 Sadece T-bölgesine uygulayın. Yanaklardan kaçının.,neutral,Normal ciltte belirgin bir fayda sağlamaz. Parfüm olarak kullanılabilir ancak terapötik etkisi yoktur. 💡 Gerekmedikçe kullanmayın. Alternatif olarak daha nazik bileşenler tercih edin.,caution,"Uçucu yağlar hassas ciltte sıkça alerjik kontakt dermatite neden olur. Ylang-ylang yağı, rozasea ve egzama gibi durumları tetikleyebilir. 💡 Kesinlikle kullanmayın. Parfümsüz ürünler tercih edin.",neutral,"Anti-aging etkisi kanıtlanmamıştır. Antioksidan içeriği düşüktür, kırışıklık veya elastikiyet üzerinde belirgin bir faydası yoktur. 💡 Yaşlanma karşıtı bakım için retinol veya C vitamini gibi kanıtlanmış bileşenler kullanın.",caution,Uçucu yağların hamilelikte topikal kullanımı genellikle düşük risklidir ancak ylang-ylang yağı bazı kişilerde alerjik reaksiyona neden olabilir. Yüksek dozlardan kaçınılmalıdır. 💡 Düşük konsantrasyonlu ürünleri sınırlı kullanın. Alerji riskine karşı yama testi yapın.,2.0,beneficial,Antiseptik ve anti-inflamatuar etkisi akne bakterilerini baskılar ve iltihabı azaltır. Sebum düzenleyici özelliği gözenek tıkanıklığını önlemeye yardımcı olur. 💡 Düşük konsantrasyonlu ürünleri noktasal olarak kullanın. Haftada 2-3 kez yeterlidir.
Candelilla Cera,candelillacera,2.0,0.0,1.0,0.0,2.0,2.0,3.0,,,top1000,46,Cilt Bakım Bileşeni,Cilt Bakım Bileşeni,"Candelilla Cera (kandelilla mumu), Euphorbia cerifera bitkisinden elde edilen bitkisel bir mumdur. Kozmetikte kıvam arttırıcı, emülgatör ve film oluşturucu olarak kullanılır. Ciltte koruyucu bir bariyer oluşturur, su kaybını azaltır. Komedojenik değildir.",beneficial,"Cilt yüzeyinde ince bir film oluşturarak transepidermal su kaybını azaltır, bariyer onarımına yardımcı olur. Nemlendiricilerin etkisini artırır. 💡 Nemlendirici kremlerde tercih edin. Gece bakımında kullanımı idealdir.",neutral,"Komedojenik olmamakla birlikte, film oluşturucu yapısı yağlı ciltte ağırlık hissi yaratabilir. Sebum kontrolüne katkısı yoktur. 💡 Hafif formüllü ürünlerde kullanın. Aşırı yağlı ciltlerde kaçının.",neutral,"Kuru bölgelerde bariyer desteği sağlar, yağlı bölgelerde hafif kalabilir. Dengeleyici etkisi sınırlıdır. 💡 Kuru bölgelere yoğunlaşarak uygulayın. T-bölgesinden kaçının.",neutral,"Normal ciltte belirgin bir fayda sağlamaz. Koruyucu bariyer etkisi gereksizdir, cildin nefes almasını engelleyebilir. 💡 Gerekmedikçe kullanmayın. Hafif nemlendiriciler yeterlidir.",beneficial,Tahriş olmuş ciltte koruyucu bariyer oluşturarak dış etkenlere karşı korur. Hassas ciltlerde yatıştırıcı etki gösterebilir. 💡 Yatıştırıcı kremlerde tercih edin. Pantenol veya niacinamide ile kombine edin.,beneficial,Bariyer onarımı ve nem tutma özelliği sayesinde olgun ciltte ince çizgilerin görünümünü azaltmaya yardımcı olur. Anti-aging ürünlerde destekleyici bileşen olarak kullanılır. 💡 Gece kremlerinde tercih edin. Retinol veya peptitlerle kombine edin.,beneficial,"Bitkisel mum olup hamilelikte güvenli kabul edilir. Sistemik emilim yoktur, teratojenik risk taşımaz. 💡 Güvenle kullanılabilir. Herhangi bir kısıtlama yoktur.",0.0,neutral,Komedojenik değildir ancak film oluşturucu yapısı gözenekleri tıkayabilir. Akne tedavisine doğrudan katkısı yoktur. 💡 Akneye meyilli ciltlerde düşük konsantrasyonlu ürünler tercih edin. Aşırı kullanımdan kaçının.
Cannabis Sativa Seed Oil,cannabissativaseedoil,3.0,2.0,2.0,2.0,3.0,3.0,3.0,Dry and dehydrated skin,Oily,top1000,35,Bitkisel Yağ,Bitkisel Yağ,"Kenevir tohumu yağı, yüksek oranda linoleik asit (omega-6) ve alfa-linolenik asit (omega-3) içeren, anti-inflamatuar ve nemlendirici özelliklere sahip bir bitkisel yağdır. Komedojenik değildir ve cilt bariyerini destekler.",beneficial,Kuru ciltler için mükemmel bir nemlendiricidir; içerdiği esansiyel yağ asitleri cilt bariyerini onarır ve transepidermal su kaybını azaltır. Pullanma ve sıkılık hissini giderir. 💡 Günde 1-2 kez temiz cilde uygulayın. Özellikle gece rutininde kullanın.,beneficial,"Hafif yapısı ve yüksek linoleik asit içeriği sayesinde yağlı ciltlerde sebum dengesini düzenlemeye yardımcı olur. Komedojenik değildir, gözenekleri tıkamaz. 💡 Az miktarda kullanın, haftada 3-4 kez yeterlidir. Aşırı kullanımda yağlı his bırakabilir.",beneficial,Karma ciltlerde T-bölgeyi aşırı yağlandırmadan kuru bölgeleri nemlendirir. Linoleik asit içeriği sayesinde her iki bölgeye de uyum sağlar. 💡 Sadece kuru bölgelere uygulayın veya tüm yüze ince bir tabaka halinde sürün.,beneficial,Normal ciltler için dengeli bir nemlendirici ve antioksidan kaynağıdır. Cilt bariyerini güçlendirir ve sağlıklı bir görünüm sağlar. 💡 Günlük nemlendirici olarak kullanılabilir. Sabah veya akşam rutinine ekleyin.,beneficial,Anti-inflamatuar özellikleri sayesinde hassas ciltlerde kızarıklık ve tahrişi azaltır. Egzama ve rozasea gibi durumlarda yatıştırıcı etki gösterir. Alerjik reaksiyon riski düşüktür. 💡 Yama testi yaparak kullanmaya başlayın. Günde 1 kez yeterlidir.,beneficial,"Antioksidan ve esansiyel yağ asitleri sayesinde kolajen üretimini destekler, ince çizgileri ve kırışıklıkları azaltır. Cilt elastikiyetini artırır. 💡 Gece rutininde kullanın. Retinol veya peptidlerle birlikte kullanılabilir.",beneficial,"Hamilelikte güvenle kullanılabilir. Teratojenik risk taşımaz, doğal bir yağdır. Cilt kuruluğu ve çatlaklara karşı etkilidir. 💡 Günde 1-2 kez kullanın. Özellikle karın ve göğüs bölgesine uygulayın.",2.0,beneficial,"Komedojenik değildir ve linoleik asit içeriği akneye meyilli ciltlerde sebum dengesini düzenler. Anti-inflamatuar etkisi sayesinde sivilce kaynaklı kızarıklığı azaltır. 💡 Haftada 3-4 kez kullanın. Diğer akne tedavileriyle (salisilik asit, retinoid) kombine edilebilir."
Canola Oil,canolaoil,2.0,-1.0,0.0,1.0,-1.0,2.0,2.0,,,top1000,61,Cilt Bakım Bileşeni,Cilt Bakım Bileşeni,"Kanola yağı, kolza bitkisinden elde edilen, düşük komedojenik potansiyele sahip bir bitkisel yağdır. Yüksek oranda oleik asit ve E vitamini içerir, nemlendirici ve yumuşatıcı özellikler sunar.",beneficial,"Kuru ciltler için iyi bir nemlendiricidir; oleik asit içeriği sayesinde cilt bariyerini güçlendirir ve yumuşatır. Ancak çok kuru ciltlerde yeterli olmayabilir. 💡 Daha yoğun nemlendiricilerle (shea yağı, seramid) kombine edin.",caution,Yüksek oleik asit içeriği yağlı ciltlerde gözenek tıkanmasına ve komedon oluşumuna yol açabilir. Hafif komedojenik potansiyeli vardır. 💡 Yağlı ciltlerde kullanmaktan kaçının veya çok az miktarda kullanın.,neutral,"Karma ciltlerde T-bölgede hafif yağlanma yapabilir, kuru bölgelerde ise nemlendirici etki gösterir. Dengeyi sağlamak için dikkatli kullanılmalıdır. 💡 Sadece kuru bölgelere uygulayın, T-bölgeden kaçının.",beneficial,"Normal ciltler için hafif bir nemlendirici ve antioksidan kaynağıdır. Cilt bariyerini destekler, ancak özel bir fayda sağlamaz. 💡 Günlük nemlendirici olarak kullanılabilir, ancak daha etkili alternatifler tercih edilebilir.",caution,"Hassas ciltlerde alerjik reaksiyon riski düşük olmakla birlikte, oleik asit içeriği bazı kişilerde tahrişe neden olabilir. Egzama ve rozaseada dikkatli kullanılmalıdır. 💡 Yama testi yapın. Tahriş durumunda kullanmayı bırakın.",beneficial,E vitamini ve antioksidan içeriği sayesinde yaşlanma belirtilerine karşı koruyucudur. Cilt elastikiyetini artırır ve ince çizgileri azaltır. 💡 Gece rutininde kullanın. Retinol veya C vitamini ile kombine edilebilir.,beneficial,"Hamilelikte güvenle kullanılabilir. Teratojenik risk taşımaz, cilt kuruluğunu gidermeye yardımcı olur. 💡 Günde 1 kez kullanın. Çatlak önleyici olarak diğer yağlarla karıştırılabilir.",-2.0,caution,Komedojenik potansiyeli nedeniyle akneye meyilli ciltlerde siyah nokta ve sivilce oluşumunu tetikleyebilir. Oleik asit içeriği sebum üretimini artırabilir. 💡 Akneye meyilli ciltlerde kullanmaktan kaçının. Alternatif olarak kenevir yağı veya jojoba yağı tercih edin.
Capric Acid,capricacid,0.0,2.0,0.0,0.0,-1.0,0.0,2.0,,,top1000,53,Yağ Asidi,Yağ Asidi,"Kaprik asit, orta zincirli bir yağ asididir (C10). Antimikrobiyal ve anti-inflamatuar özelliklere sahiptir, cilt bakımında koruyucu ve temizleyici olarak kullanılır.",neutral,Kuru ciltler için doğrudan bir nemlendirici etkisi yoktur. Ancak antimikrobiyal özelliği sayesinde enfeksiyon riskini azaltabilir. 💡 Nemlendirici ile birlikte kullanın. Tek başına yeterli değildir.,beneficial,Yağlı ciltlerde sebum dengesini düzenlemeye yardımcı olabilir. Antimikrobiyal etkisi sayesinde akneye neden olan bakterileri azaltır. 💡 Haftada 2-3 kez kullanın. Salisilik asit veya niasinamid ile kombine edilebilir.,neutral,Karma ciltlerde özel bir fayda sağlamaz. Yağlı bölgelerde hafif dengeleyici etki gösterebilir. 💡 Sadece T-bölgeye uygulayın.,neutral,Normal ciltler için belirgin bir faydası yoktur. Genellikle formülasyonlarda koruyucu olarak kullanılır. 💡 Özel bir kullanım gerektirmez.,caution,"Hassas ciltlerde yüksek konsantrasyonlarda tahrişe neden olabilir. Anti-inflamatuar olmasına rağmen, asidik yapısı rozasea ve egzamayı kötüleştirebilir. 💡 Düşük konsantrasyonlu ürünler tercih edin. Yama testi yapın.",neutral,Yaşlanma karşıtı doğrudan bir etkisi yoktur. Ancak antimikrobiyal özelliği sayesinde cilt sağlığını koruyabilir. 💡 Diğer anti-aging bileşenlerle birlikte kullanın.,beneficial,"Hamilelikte güvenle kullanılabilir. Teratojenik risk taşımaz, akne tedavisinde yardımcı olabilir. 💡 Günde 1 kez kullanın. Diğer akne ilaçlarıyla birlikte kullanmadan önce doktora danışın.",2.0,beneficial,Antimikrobiyal etkisi sayesinde Propionibacterium acnes bakterisini inhibe eder. Ayrıca sebum üretimini azaltarak akne oluşumunu engeller. 💡 Günlük kullanım uygundur. Benzoil peroksit veya salisilik asit ile kombine edilebilir.
Caprylhydroxamic Acid,caprylhydroxamicacid,0.0,1.0,0.0,0.0,-1.0,0.0,2.0,,,top1000,90,Cilt Bakım Bileşeni,Cilt Bakım Bileşeni,"Kaprilhidroksamik asit, bir şelat ajanı ve koruyucu olarak kullanılan bir bileşendir. Antimikrobiyal özelliklere sahiptir, özellikle mantar ve bakterilere karşı etkilidir. Genellikle paraben içermeyen formüllerde koruyucu olarak tercih edilir.",neutral,"Kuru ciltler için doğrudan bir faydası yoktur. Koruyucu olarak formülasyonlarda bulunur, cilt bariyerine etkisi minimaldir. 💡 Nemlendirici ile birlikte kullanın.",beneficial,Antimikrobiyal etkisi sayesinde yağlı ciltlerde bakteri ve mantar kaynaklı sorunları azaltabilir. Ancak sebum kontrolünde doğrudan etkili değildir. 💡 Akne tedavisinde yardımcı olarak kullanılabilir.,neutral,Karma ciltlerde özel bir etkisi yoktur. Genellikle ürün stabilitesi için eklenir. 💡 Özel bir kullanım gerektirmez.,neutral,Normal ciltler için belirgin bir faydası yoktur. Koruyucu olarak güvenlidir. 💡 Herhangi bir önlem gerektirmez.,caution,Hassas ciltlerde düşük konsantrasyonlarda bile tahrişe neden olabilir. Alerjik kontakt dermatit riski vardır. 💡 Yama testi yapın. Tahriş durumunda kullanmayı bırakın.,neutral,Yaşlanma karşıtı doğrudan bir etkisi yoktur. Ancak antimikrobiyal koruma sağlayarak cilt sağlığını destekler. 💡 Diğer anti-aging bileşenlerle birlikte kullanın.,beneficial,"Hamilelikte güvenle kullanılabilir. Teratojenik risk taşımaz, düşük konsantrasyonlarda güvenlidir. 💡 Günde 1 kez kullanın. Yüksek konsantrasyonlardan kaçının.",2.0,beneficial,Antimikrobiyal etkisi sayesinde akneye neden olan bakterileri (P. acnes) ve mantarları inhibe eder. Ayrıca anti-inflamatuar özellikleri sayesinde sivilce kaynaklı kızarıklığı azaltır. 💡 Günlük kullanım uygundur. Salisilik asit veya benzoil peroksit ile kombine edilebilir.
Caprylic Acid,caprylicacid,0.0,2.0,0.0,0.0,-1.0,0.0,2.0,,,top1000,55,Yağ Asidi,Yağ Asidi,"Kaprilik asit, orta zincirli bir yağ asididir (C8). Antimikrobiyal ve anti-inflamatuar özelliklere sahiptir, cilt bakımında temizleyici ve koruyucu olarak kullanılır. Ayrıca sebum düzenleyici etkisi vardır.",neutral,"Kuru ciltler için nemlendirici etkisi yoktur. Antimikrobiyal özelliği sayesinde enfeksiyon riskini azaltabilir, ancak bariyer onarımına katkı sağlamaz. 💡 Nemlendirici ile birlikte kullanın.",beneficial,Yağlı ciltlerde sebum üretimini düzenler ve antimikrobiyal etkisiyle akneye neden olan bakterileri azaltır. Hafif komedolitik etki gösterebilir. 💡 Haftada 2-3 kez kullanın. Salisilik asit ile kombine edilebilir.,neutral,"Karma ciltlerde T-bölgede hafif dengeleyici etki gösterebilir, ancak kuru bölgelerde kuruluğu artırabilir. 💡 Sadece T-bölgeye uygulayın.",neutral,Normal ciltler için belirgin bir faydası yoktur. Genellikle formülasyonlarda koruyucu olarak kullanılır. 💡 Özel bir kullanım gerektirmez.,caution,"Hassas ciltlerde yüksek konsantrasyonlarda tahrişe neden olabilir. Anti-inflamatuar olmasına rağmen, asidik yapısı rozasea ve egzamayı kötüleştirebilir. 💡 Düşük konsantrasyonlu ürünler tercih edin. Yama testi yapın.",neutral,Yaşlanma karşıtı doğrudan bir etkisi yoktur. Ancak antimikrobiyal özelliği sayesinde cilt sağlığını koruyabilir. 💡 Diğer anti-aging bileşenlerle birlikte kullanın.,beneficial,"Hamilelikte güvenle kullanılabilir. Teratojenik risk taşımaz, akne tedavisinde yardımcı olabilir. 💡 Günde 1 kez kullanın. Diğer akne ilaçlarıyla birlikte kullanmadan önce doktora danışın.",2.0,beneficial,Antimikrobiyal etkisi sayesinde P. acnes bakterisini inhibe eder. Ayrıca sebum üretimini azaltarak komedon oluşumunu engeller. 💡 Günlük kullanım uygundur. Benzoil peroksit veya salisilik asit ile kombine edilebilir.
Caprylic/Capric Triglyceride,capryliccaprictriglyceride,3.0,2.0,2.0,2.0,2.0,3.0,3.0,Dry and dehydrated skin|Anyone,,manual_v2,1010,Yumuşatıcı (Hindistancevizi Türevi),Yumuşatıcı (Hindistancevizi Türevi),"Caprylic/Capric Triglyceride, hindistancevizi yağından elde edilen bir trigliserittir. Kozmetikte yumuşatıcı ve nemlendirici olarak kullanılır, ciltte ince bir film oluşturarak su kaybını önler. Hafif ve komedojenik olmayan yapısı sayesinde birçok cilt tipi için uygundur.",beneficial,"Kuru ciltlerde bariyer onarımını destekler, lipid kaybını telafi eder ve transepidermal su kaybını azaltır. Pullanma ve sıkılık hissini giderir. 💡 Günlük nemlendiricide kullanılabilir; özellikle seramid içeren ürünlerle kombine edildiğinde bariyeri güçlendirir.",beneficial,"Hafif yapısı sayesinde gözenekleri tıkamaz, yağlı ciltlerde nemlendirme sağlarken ağırlık yapmaz. Sebum dengesini bozmaz. 💡 Yağsız nemlendiricilerde tercih edin; hafif jel veya losyon formüllerinde kullanılabilir.",beneficial,Karma ciltlerde hem kuru bölgelere nem sağlar hem de yağlı bölgelerde komedojenik etki yapmaz. Dengeli bir nemlendirme sunar. 💡 Tüm yüze uygulanabilir; T-bölgesinde hafifçe kullanılması yeterlidir.,beneficial,Normal ciltlerde nem bariyerini korur ve cildi yumuşatır. Günlük bakımda güvenle kullanılabilir. 💡 Nemlendirici rutininize ekleyin; herhangi bir önlem gerektirmez.,beneficial,Hipoalerjenik ve tahriş edici olmayan yapısıyla hassas ciltlerde yatıştırıcı etki gösterir. Egzama ve rozasea gibi durumlarda bariyeri destekler. 💡 Yatıştırıcı içeriklerle (örneğin niacinamide) kombine edilebilir; yama testi önerilir.,beneficial,"Olgun ciltlerde lipid bariyerini güçlendirir, ince çizgilerin görünümünü azaltır ve elastikiyeti destekler. Antioksidanlarla sinerji yaratır. 💡 Retinol veya C vitamini içeren ürünlerle birlikte kullanılabilir; gece bakımında idealdir.",beneficial,"Hamilelikte güvenle kullanılabilir, teratojenik risk taşımaz. Doğal kaynaklı olması nedeniyle tercih edilir. 💡 Herhangi bir kısıtlama yoktur; günlük nemlendirici olarak kullanılabilir.",2.0,beneficial,"Komedojenik değildir, akneye meyilli ciltlerde nemlendirme sağlarken gözenek tıkamaz. Enflamasyonu artırmaz. 💡 Akne tedavisinde kullanılan salisilik asit veya retinoidlerle birlikte kullanılabilir."
Capryloyl Glycine,capryloylglycine,-1.0,3.0,2.0,0.0,-1.0,0.0,2.0,Acne|Enlarged Pores|Oily,,manual_v2,0,Yağ Düzenleyici / Antimikrobiyal,Yağ Düzenleyici / Antimikrobiyal,"Capryloyl Glycine, amino asit türevi bir yüzey aktif maddedir. Sebum düzenleyici ve antimikrobiyal özellikleri sayesinde akne ve yağlanma kontrolünde etkilidir. Aynı zamanda ciltteki pH dengesini korur.",caution,Kuru ciltlerde sebum düzenleyici etkisi nedeniyle bariyeri daha da kurutabilir. Doğal yağları azaltarak pullanmayı artırabilir. 💡 Kuru ciltlerde düşük konsantrasyonlu ürünler tercih edilmeli veya nemlendirici ile kombine edilmelidir.,beneficial,"Yağlı ciltlerde sebum üretimini düzenler, gözenekleri sıkılaştırır ve antimikrobiyal etkisiyle akne oluşumunu engeller. Cildi matlaştırır. 💡 Günlük temizleyici veya tonik olarak kullanılabilir; salisilik asit ile kombine edildiğinde etki artar.",beneficial,Karma ciltlerde T-bölgesindeki yağlanmayı kontrol ederken kuru bölgelerde aşırı kurutma yapmaz. Dengeli bir etki sağlar. 💡 Sadece T-bölgesine uygulanabilir veya düşük konsantrasyonlu ürünler tercih edilebilir.,neutral,Normal ciltlerde belirgin bir fayda veya zarar sağlamaz; sebum dengesini korumaya yardımcı olabilir ancak gerekli değildir. 💡 İhtiyaç halinde kullanılabilir; günlük rutinde zorunlu değildir.,caution,"Hassas ciltlerde hafif tahrişe neden olabilir, özellikle rozasea ve egzamada kızarıklığı artırabilir. Antimikrobiyal etkisi bariyeri zayıflatabilir. 💡 Düşük konsantrasyonlarda ve yatıştırıcı içeriklerle (örneğin aloe vera) birlikte kullanılmalıdır.",neutral,Olgun ciltlerde yağlanma sorunu yoksa belirgin bir fayda sağlamaz. Ancak antimikrobiyal etkisi gözenekleri temiz tutmaya yardımcı olabilir. 💡 Gerekli görülürse haftada birkaç kez kullanılabilir; nemlendirici ile desteklenmelidir.,beneficial,"Hamilelikte güvenle kullanılabilir, teratojenik risk taşımaz. Akne kontrolü için etkili bir alternatiftir. 💡 Hamilelikte akne tedavisi için tercih edilebilir; salisilik asit gibi diğer bileşenlerle kombine edilebilir.",3.0,beneficial,"Akneye meyilli ciltlerde Propionibacterium acnes üzerinde antimikrobiyal etki gösterir, gözenekleri temizler ve iltihabı azaltır. Komedolitik etkisiyle siyah nokta oluşumunu engeller. 💡 Akne tedavisinde etkilidir; benzoil peroksit veya salisilik asit ile kombine edilebilir."
Capryloyl Salicylic Acid,capryloylsalicylicacid,-2.0,3.0,2.0,1.0,-2.0,2.0,-1.0,,,top1000,43,Cilt Bakım Bileşeni,Cilt Bakım Bileşeni,"Capryloyl Salicylic Acid, salisilik asitin lipofilik bir türevidir. Yağda çözünür yapısı sayesinde gözenek içine daha derin nüfuz eder ve komedolitik etki gösterir. Aynı zamanda anti-inflamatuar ve eksfoliyan özelliklere sahiptir.",caution,"Kuru ciltlerde bariyeri daha da zayıflatabilir, pullanma ve tahrişe neden olabilir. Eksfoliyan etkisi kuru ciltlerde hassasiyeti artırır. 💡 Kuru ciltlerde düşük konsantrasyonlu (%0.1-0.3) ve haftada 1-2 kez kullanılmalı, yoğun nemlendirici ile desteklenmelidir.",beneficial,"Yağlı ciltlerde gözenekleri derinlemesine temizler, sebum birikimini azaltır ve komedon oluşumunu engeller. Anti-inflamatuar etkisiyle akne lezyonlarını iyileştirir. 💡 Gece rutininde kullanılabilir; gündüz mutlaka SPF50+ güneş kremi uygulanmalıdır.",beneficial,Karma ciltlerde T-bölgesindeki yağlanma ve gözenek sorunlarını hedeflerken kuru bölgelerde dikkatli kullanılmalıdır. Dengeli bir eksfoliasyon sağlar. 💡 Sadece T-bölgesine uygulanabilir veya haftada 2 kez tüm yüze kullanılabilir.,beneficial,"Normal ciltlerde hafif eksfoliasyon sağlar, cilt dokusunu pürüzsüzleştirir ve gözenekleri temizler. Düzenli kullanımda cilt tonunu eşitler. 💡 Haftada 2-3 kez kullanılabilir; nemlendirici ile birlikte uygulanmalıdır.",caution,"Hassas ciltlerde tahriş, kızarıklık ve yanma hissine neden olabilir. Rozasea ve egzamada semptomları kötüleştirebilir. 💡 Hassas ciltlerde önerilmez; alternatif olarak daha nazik eksfoliyanlar (örneğin PHA) tercih edilmelidir.",beneficial,"Olgun ciltlerde hücre yenilenmesini hızlandırır, ince çizgileri azaltır ve cilt dokusunu iyileştirir. Hiperpigmentasyon üzerinde hafif aydınlatıcı etki gösterir. 💡 Haftada 2-3 kez kullanılabilir; retinol ile dönüşümlü olarak kullanılması önerilir.",caution,"Salisilik asit türevi olması nedeniyle yüksek dozlarda sistemik emilim riski vardır. Düşük konsantrasyonlarda (%2 altı) genellikle güvenli kabul edilir, ancak doktora danışılmalıdır. 💡 Hamilelikte düşük konsantrasyonlu ürünler tercih edilmeli ve aşırı kullanımdan kaçınılmalıdır.",3.0,beneficial,"Akneye meyilli ciltlerde komedolitik ve antimikrobiyal etkisiyle siyah nokta, beyaz nokta ve kistik akneyi azaltır. Gözenek tıkanıklığını giderir ve iltihabı baskılar. 💡 Akne tedavisinde etkilidir; gece kullanımı idealdir. Retinoidlerle birlikte kullanılmamalı, aksi halde aşırı tahriş olabilir."
Caprylyl Dimethicone Ethoxy Glucoside,caprylyldimethiconeethoxyglucoside,2.0,1.0,1.0,0.0,2.0,1.0,3.0,,,manual_v2,0,Emülgatör (Silikon-Şeker Hibrit),Emülgatör (Silikon-Şeker Hibrit),"Caprylyl Dimethicone Ethoxy Glucoside, silikon ve şeker bazlı bir emülgatördür. Su ve yağ fazlarını birleştirerek stabil emülsiyonlar oluşturur. Ciltte hafif bir his bırakır ve nemlendirici özellik gösterir.",beneficial,"Kuru ciltlerde nemin hapsedilmesine yardımcı olur, bariyeri destekler ve yumuşak bir his sağlar. Silikon içeriği sayesinde pürüzsüz bir yüzey oluşturur. 💡 Nemlendirici formüllerde kullanılabilir; herhangi bir önlem gerektirmez.",beneficial,"Yağlı ciltlerde hafif yapısı sayesinde ağırlık yapmaz, gözenek tıkamaz. Emülgatör olarak ürünlerin hafif olmasını sağlar. 💡 Yağsız nemlendiricilerde tercih edilebilir; komedojenik değildir.",beneficial,"Karma ciltlerde dengeli bir nemlendirme sağlar, hem kuru hem yağlı bölgelerde uyumludur. 💡 Günlük bakımda güvenle kullanılabilir.",neutral,"Normal ciltlerde belirgin bir fayda sağlamaz, ancak ürün formülasyonunda stabilizatör olarak işlev görür. 💡 Herhangi bir özel öneri gerektirmez.",beneficial,"Hassas ciltlerde tahriş edici değildir, silikon içeriği sayesinde yatıştırıcı bir bariyer oluşturur. Egzama ve rozaseada kullanılabilir. 💡 Hassas ciltler için uygundur; yama testi önerilir.",beneficial,Olgun ciltlerde nemlendirmeye yardımcı olur ve cilt yüzeyini pürüzsüzleştirir. Silikon içeriği ince çizgilerin görünümünü geçici olarak azaltabilir. 💡 Makyaj altına baz olarak kullanılabilir.,beneficial,"Hamilelikte güvenle kullanılabilir, sistemik emilim riski düşüktür. Teratojenik etkisi yoktur. 💡 Herhangi bir kısıtlama yoktur.",1.0,beneficial,"Akneye meyilli ciltlerde komedojenik değildir, gözenek tıkamaz. Ürünlerin hafif olmasını sağlar. 💡 Akne tedavisinde kullanılan ürünlerde güvenle yer alabilir."
Caprylyl Glycol,caprylylglycol,2.0,1.0,1.0,0.0,-1.0,1.0,3.0,,,manual_v2,1418,Koruyucu Destekçi / Nemlendirici,Koruyucu Destekçi / Nemlendirici,"Caprylyl Glycol, bir alkol türevi olup hem nemlendirici hem de antimikrobiyal özellik gösterir. Kozmetikte koruyucu sistemleri destekler ve ciltte yumuşatıcı etki sağlar. Hafif yapısı sayesinde birçok formülasyonda kullanılır.",beneficial,"Kuru ciltlerde nemlendirici etkisiyle su kaybını azaltır, cildi yumuşatır ve bariyeri destekler. Hafif yapısı sayesinde ağırlık yapmaz. 💡 Günlük nemlendiricilerde kullanılabilir; hyaluronik asit ile kombine edilebilir.",beneficial,"Yağlı ciltlerde hafif nemlendirme sağlar, gözenek tıkamaz. Antimikrobiyal etkisi akne oluşumunu engellemeye yardımcı olabilir. 💡 Yağsız nemlendiricilerde tercih edilebilir.",beneficial,"Karma ciltlerde dengeli nemlendirme sağlar, hem kuru hem yağlı bölgelerde uyumludur. 💡 Günlük bakımda güvenle kullanılabilir.",neutral,"Normal ciltlerde belirgin bir fayda sağlamaz, ancak nemlendirici olarak işlev görebilir. 💡 Herhangi bir özel öneri gerektirmez.",caution,"Hassas ciltlerde düşük konsantrasyonlarda genellikle iyi tolere edilir, ancak bazı bireylerde hafif tahrişe neden olabilir. Rozasea ve egzamada dikkatli kullanılmalıdır. 💡 Düşük konsantrasyonlu ürünler tercih edilmeli ve yama testi yapılmalıdır.",beneficial,"Olgun ciltlerde nemlendirmeye katkıda bulunur, cildi yumuşatır ve ince çizgilerin görünümünü azaltmaya yardımcı olabilir. 💡 Anti-aging ürünlerde kullanılabilir.",beneficial,"Hamilelikte güvenle kullanılabilir, teratojenik risk taşımaz. Düşük konsantrasyonlarda sistemik etkisi yoktur. 💡 Herhangi bir kısıtlama yoktur.",2.0,beneficial,"Akneye meyilli ciltlerde antimikrobiyal etkisiyle bakterileri baskılar, nemlendirme sağlarken gözenek tıkamaz. Enflamasyonu azaltmaya yardımcı olabilir. 💡 Akne tedavisinde kullanılan ürünlerde güvenle yer alabilir."
Caprylyl Methicone,caprylylmethicone,2.0,2.0,2.0,1.0,2.0,2.0,3.0,Texture,,manual_v2,0,Silikon (Ultra Hafif),Silikon (Ultra Hafif),"Caprylyl Methicone, hafif ve uçucu bir silikon türevidir. Ciltte kaygan bir his bırakır, su bazlı formüllerde yayılmayı kolaylaştırır ve nemin buharlaşmasını engelleyerek okklüzif bir bariyer oluşturur. Komedojenik değildir ve genellikle iyi tolere edilir.",beneficial,"Caprylyl Methicone, kuru ciltlerde su kaybını önleyen ince bir film tabakası oluşturur. Bariyer fonksiyonunu destekler ve pullanmayı azaltır. Ancak tek başına nemlendirici değildir, humektanlarla kombine edilmelidir. 💡 Hyaluronik asit veya gliserin gibi nem çekici bileşenlerle birlikte kullanın. Kuru ciltler için günlük nemlendiricide idealdir.",beneficial,"Hafif yapısı sayesinde yağlı ciltlerde ağırlık yapmaz ve gözenekleri tıkamaz. Sebum kontrolüne doğrudan katkısı olmasa da, su bazlı ürünlerde yağsız bir his sağlar. 💡 Yağsız nemlendiricilerde veya primer olarak kullanılabilir. Günlük bakımda rahatlıkla tercih edilebilir.",beneficial,"Karma ciltlerde hem kuru bölgelere nem hapsi sağlar hem de yağlı bölgelerde hafif kalır. Dengeleyici bir bileşendir. 💡 Tüm yüze uygulanabilir, özellikle T-bölgesinde ağırlık yapmaz.",beneficial,"Normal ciltlerde ekstra fayda sağlamasa da, ürün dokusunu iyileştirir ve ciltte pürüzsüz bir his bırakır. Genellikle iyi tolere edilir. 💡 Tercihen hafif nemlendiricilerde kullanılabilir, gerekli değildir.",beneficial,"Hassas ciltlerde tahriş riski düşüktür. Silikon bariyer, cildi dış etkenlerden korur ve yatıştırıcı etki gösterebilir. Rozasea ve egzamada kullanılabilir. 💡 Yatıştırıcı içeriklerle (niacinamide, panthenol) kombine edin. Hassas ciltler için güvenlidir.",beneficial,"Olgun ciltlerde nem kaybını önler ve ince çizgilerin görünümünü geçici olarak azaltır. Kolajen üretimine doğrudan etkisi yoktur, ancak bariyer desteği sağlar. 💡 Anti-aging aktiflerle (retinol, peptitler) birlikte kullanın. Gündüz nemlendiricide idealdir.",beneficial,"Hamilelikte güvenli kabul edilir. Sistemik emilimi ihmal edilebilir düzeydedir ve teratojenik risk taşımaz. 💡 Hamilelikte herhangi bir kısıtlama yoktur, güvenle kullanılabilir.",2.0,beneficial,"Komedojenik değildir ve gözenekleri tıkamaz. Akne tedavisinde kullanılan aktiflerle (salisilik asit, retinoid) uyumludur. Yağsız bir his bırakır. 💡 Akne tedavisi ürünlerinde rahatlıkla kullanılabilir. Gece bakımında retinoidlerle birlikte kullanılabilir."
Caprylyl/Capryl Glucoside,caprylylcaprylglucoside,2.0,1.0,2.0,1.0,3.0,2.0,3.0,Anyone,,top1000,156,Yüzey Aktif Madde (Nazik),Yüzey Aktif Madde (Nazik),"Caprylyl/Capryl Glucoside, hindistancevizi yağı ve glikozdan elde edilen noniyonik bir yüzey aktif maddedir. Çok nazik bir temizleyici olup, cildin doğal bariyerine zarar vermeden kir ve yağı uzaklaştırır. Köpürmesi düşüktür ve iyi tolere edilir.",beneficial,Kuru ciltler için ideal bir temizleyicidir çünkü cildin doğal yağlarını aşırı sıyırmaz. Bariyeri korur ve temizlik sonrası gerginlik hissini azaltır. 💡 Kuru ciltler için temizleme jeli veya sütünde kullanın. Günde iki kez kullanılabilir.,beneficial,"Yağlı ciltlerde fazla sebumu temizler ancak güçlü bir yağ çözücü değildir. Hafif temizlik sağlar, aşırı yağlı ciltlerde yetersiz kalabilir. 💡 Yağlı ciltlerde sabah temizliği için uygundur. Akşam çift temizlikte ilk adım olarak yağ bazlı temizleyici kullanın.",beneficial,Karma ciltlerde hem kuru hem yağlı bölgeleri dengeler. Nazik yapısı sayesinde T-bölgesini temizlerken yanakları kurutmaz. 💡 Günlük temizlik için idealdir. Cilt tipine uygun nemlendirici ile devam edin.,beneficial,Normal ciltlerde etkili ve nazik bir temizlik sağlar. Cilt bariyerini korur ve pH dengesini bozmaz. 💡 Günlük temizlik rutininde rahatlıkla kullanılabilir.,beneficial,"Hassas ciltler için en güvenli yüzey aktif maddelerden biridir. Tahriş riski çok düşüktür, rozasea ve egzamada bile kullanılabilir. Cildi yatıştırır. 💡 Hassas ciltler için özel olarak formüle edilmiş temizleyicilerde arayın. Göz çevresinde de kullanılabilir.",beneficial,"Olgun ciltlerde bariyeri koruyarak temizlik yapar. Yaşlanma belirtilerini artırmaz, aksine cildi yıpratmadan temizler. 💡 Anti-aging ürünlerle birlikte kullanın. Nazik temizlik, olgun ciltler için önemlidir.",beneficial,"Hamilelikte güvenli kabul edilir. Doğal kaynaklıdır ve sistemik emilimi düşüktür. 💡 Hamilelikte herhangi bir kısıtlama yoktur, güvenle kullanılabilir.",2.0,beneficial,"Akneye meyilli ciltlerde gözenekleri tıkamaz ve tahriş etmez. Nazik temizlik, akne tedavisinde önemlidir. Antibakteriyel etkisi yoktur ancak diğer aktiflerle uyumludur. 💡 Akne tedavisi sırasında cildi kurutmamak için idealdir. Salisilik asit içeren temizleyicilerle kombine edilebilir."
Caramel,caramel,0.0,0.0,0.0,0.0,-1.0,0.0,2.0,Dry and dehydrated skin,,top1000,171,Nemlendirici,Nemlendirici,"Caramel (karamel), şekerin ısıtılmasıyla elde edilen bir renklendirici ve nemlendiricidir. Ciltte hafif nemlendirici etki gösterir ve ürünlere hoş bir renk verir. Ancak kozmetikteki ana işlevi renklendirmedir, nemlendirme kapasitesi sınırlıdır.",neutral,"Caramel, kuru ciltler için anlamlı bir nemlendirme sağlamaz. Nemlendirici olarak sınıflandırılsa da, etkisi gliserin veya hyaluronik asit gibi humektanlarla kıyaslanamaz. Esas olarak renk verir. 💡 Kuru ciltler için nemlendirici olarak güvenmeyin. Gerçek nemlendiricilerle (gliserin, hyaluronik asit) kombine edilmiş ürünleri tercih edin.",neutral,"Yağlı ciltlerde herhangi bir olumsuz etkisi yoktur. Nemlendirme kapasitesi düşük olduğu için yağlanmayı artırmaz. Renklendirici olarak kullanılır. 💡 Yağlı ciltler için sorun teşkil etmez, ancak nemlendirme beklentisi olmamalıdır.",neutral,"Karma ciltlerde nötr etki gösterir. Ne fayda ne zarar sağlar. Renklendirme dışında bir işlevi yoktur. 💡 Karma ciltlerde kullanılabilir, ancak nemlendirme için ek ürünler gerekir.",neutral,"Normal ciltlerde anlamlı bir etkisi yoktur. Renklendirici olarak kullanılır, cilt bakımına katkısı minimaldir. 💡 Normal ciltlerde kullanılabilir, ancak cilt bakım faydası beklenmemelidir.",caution,"Caramel, hassas ciltlerde potansiyel bir tahriş edici olabilir. Özellikle rozasea veya egzaması olan kişilerde alerjik reaksiyonlara yol açabilir. Renklendirici olarak ciltte birikme yapabilir. 💡 Hassas ciltlerde karamel içeren ürünlerden kaçının veya yama testi yapın. Alternatif olarak renksiz ürünleri tercih edin.",neutral,"Olgun ciltlerde herhangi bir anti-aging etkisi yoktur. Nemlendirme kapasitesi düşüktür, ancak zararlı da değildir. Renklendirici olarak kullanılır. 💡 Olgun ciltlerde anti-aging fayda beklemeyin. Nemlendirme ve kolajen desteği için diğer bileşenlere yönelin.",beneficial,"Hamilelikte güvenli kabul edilir. Doğal bir renklendiricidir ve toksik değildir. Ancak aşırı tüketimden kaçınılmalıdır (kozmetikte sorun yok). 💡 Hamilelikte kullanımı güvenlidir, ancak içeren ürünlerin miktarı önemli değildir.",-1.0,caution,"Akneye meyilli ciltlerde karamel, gözenekleri tıkama potansiyeline sahip olabilir. Komedojenik olarak sınıflandırılmamış olsa da, bazı bireylerde akneyi tetikleyebilir. Renklendirici olarak ciltte kalıntı bırakabilir. 💡 Akneye meyilli ciltlerde karamel içeren ürünleri dikkatli kullanın. Eğer akne artışı gözlemlerseniz kullanımı bırakın."
Carbomer,carbomer,1.0,1.0,1.0,0.0,2.0,1.0,3.0,,,manual_v2,1376,Kıvam Artırıcı,Kıvam Artırıcı,"Carbomer, akrilik asit polimerlerinden oluşan sentetik bir kıvam artırıcı ve stabilize edicidir. Su bazlı formüllerde jel benzeri bir doku oluşturur, ürünün yayılmasını kolaylaştırır ve diğer bileşenlerin homojen dağılmasını sağlar. Ciltte emülgatör görevi görür.",beneficial,"Carbomer, kuru ciltlerde nemlendiricilerin daha iyi yayılmasını sağlar ve su tutma kapasitesini artırabilir. Ancak tek başına nemlendirici değildir, formülasyondaki diğer bileşenlerle sinerji oluşturur. 💡 Kuru ciltler için nemlendirici kremlerde bulunması faydalıdır. Tek başına yeterli değildir.",beneficial,Yağlı ciltlerde hafif jel dokusu sayesinde yağsız bir his bırakır. Gözenekleri tıkamaz ve sebum kontrolüne yardımcı olabilir. 💡 Yağlı ciltler için jellerde veya hafif losyonlarda tercih edilir.,beneficial,Karma ciltlerde dengeli bir doku sağlar. Hem kuru hem yağlı bölgelerde iyi tolere edilir. 💡 Karma ciltler için uygun bir kıvam artırıcıdır.,neutral,"Normal ciltlerde herhangi bir olumsuz etkisi yoktur. Ürün dokusunu iyileştirir ancak cilt bakımına doğrudan katkısı minimaldir. 💡 Normal ciltlerde kullanılabilir, herhangi bir kısıtlama yoktur.",beneficial,"Carbomer, hassas ciltlerde genellikle iyi tolere edilir. Tahriş riski düşüktür ve yatıştırıcı jellerde sıkça kullanılır. Rozasea ve egzamada güvenlidir. 💡 Hassas ciltler için yatıştırıcı jellerde arayın. Yama testi önerilir.",beneficial,Olgun ciltlerde ürünlerin yayılmasını kolaylaştırır ve nemlendiricilerin etkinliğini artırır. Anti-aging etkisi yoktur ancak formülasyonu destekler. 💡 Anti-aging kremlerde bulunması uygundur.,beneficial,Hamilelikte güvenli kabul edilir. Sistemik emilimi düşüktür ve teratojenik risk taşımaz. 💡 Hamilelikte herhangi bir kısıtlama yoktur.,2.0,beneficial,"Akneye meyilli ciltlerde komedojenik değildir ve gözenekleri tıkamaz. Hafif jel dokusu, akne tedavisinde kullanılan aktiflerin (salisilik asit, benzoil peroksit) etkinliğini artırabilir. 💡 Akne tedavisi ürünlerinde bulunması faydalıdır. Jellerde tercih edin."
Carnosine,carnosine,2.0,1.0,2.0,2.0,2.0,3.0,3.0,,,top1000,37,Cilt Bakım Bileşeni,Cilt Bakım Bileşeni,"Carnosine, beta-alanin ve histidinden oluşan bir dipeptittir. Güçlü antioksidan özelliklere sahiptir, glikasyonu (şekerin proteinlere bağlanması) önler ve kolajen liflerini korur. Yaşlanma karşıtı etkileriyle bilinir ve cilt elastikiyetini artırabilir.",beneficial,"Carnosine, kuru ciltlerde antioksidan koruma sağlar ve bariyer fonksiyonunu destekler. Glikasyonu önleyerek kolajen hasarını azaltır, bu da kuru ciltlerde ince çizgilerin görünümünü iyileştirebilir. 💡 Kuru ciltler için anti-aging serumlarda kullanın. Nemlendirici ile birlikte uygulayın.",beneficial,Yağlı ciltlerde antioksidan etki gösterir ve sebum oksidasyonunu azaltabilir. Ancak doğrudan sebum kontrolü sağlamaz. Hafif yapısı yağlı ciltler için uygundur. 💡 Yağlı ciltler için hafif serumlarda kullanılabilir. Anti-aging fayda sağlar.,beneficial,"Karma ciltlerde dengeleyici bir antioksidandır. Hem kuru hem yağlı bölgelerde fayda sağlar, glikasyonu önleyerek cilt kalitesini artırır. 💡 Karma ciltler için günlük bakımda kullanılabilir.",beneficial,Normal ciltlerde antioksidan koruma sağlar ve yaşlanma belirtilerini geciktirir. Glikasyonu önleyerek cilt elastikiyetini korur. 💡 Normal ciltler için anti-aging rutinine ekleyin.,beneficial,"Carnosine, hassas ciltlerde anti-inflamatuar etki gösterebilir ve tahrişi azaltabilir. Antioksidan özellikleri sayesinde cildi çevresel stres faktörlerine karşı korur. Rozasea ve egzamada kullanılabilir. 💡 Hassas ciltler için yatıştırıcı serumlarda arayın. Yama testi önerilir.",beneficial,"Olgun ciltler için en faydalı bileşenlerden biridir. Glikasyonu önleyerek kolajen ve elastin liflerini korur, kırışıklıkları azaltır ve cilt sıkılığını artırır. Antioksidan etkisiyle yaşlanma belirtilerini yavaşlatır. 💡 Olgun ciltler için günlük anti-aging serumda kullanın. Retinol veya C vitamini ile kombine edilebilir.",beneficial,Hamilelikte güvenli kabul edilir. Doğal bir peptit olup sistemik emilimi düşüktür ve teratojenik risk taşımaz. 💡 Hamilelikte güvenle kullanılabilir.,1.0,beneficial,Akneye meyilli ciltlerde anti-inflamatuar etki ile kızarıklığı azaltabilir. Doğrudan akne tedavisi için kullanılmaz ancak iyileşme sürecini destekler. Komedojenik değildir. 💡 Akne tedavisi sonrası iyileşme için kullanılabilir. Diğer akne aktifleriyle kombine edilebilir.
Carrageenan,carrageenan,2.0,0.0,1.0,0.0,-1.0,1.0,2.0,,,top1000,170,Kıvam Artırıcı / Stabilizatör,Kıvam Artırıcı / Stabilizatör,"Carrageenan, kırmızı deniz yosunlarından elde edilen bir polisakkarittir. Kozmetikte jel kıvamı oluşturucu ve stabilizatör olarak kullanılır. Su tutma kapasitesi yüksektir ve ciltte film oluşturarak nemi hapsedebilir.",beneficial,"Carrageenan, cilt yüzeyinde ince bir film oluşturarak transepidermal su kaybını azaltır ve nemi hapseder. Kuru ciltlerde bariyer fonksiyonunu destekler, pullanma ve sıkılık hissini hafifletir. 💡 Kuru ciltler için nemlendirici kremlerde tercih edilebilir. Hyaluronik asit gibi diğer nemlendiricilerle kombine edildiğinde etki artar.",neutral,"Carrageenan yağlı ciltlerde komedojenik değildir ve hafif nemlendirme sağlar. Ancak aşırı yağlı ciltlerde ekstra bir fayda sağlamaz, sadece kıvam artırıcı olarak işlev görür. 💡 Yağlı ciltler için hafif jellerde kullanılabilir, ancak yağlanma kontrolüne doğrudan katkısı yoktur.",neutral,"Karma ciltlerde kuru bölgelere hafif nem sağlarken yağlı bölgelerde ağırlık yapmaz. Dengeli bir nemlendirme sunar, ancak spesifik bir sorunu hedeflemez. 💡 Karma ciltler için uygun bir nemlendirici bileşendir. T bölgesinde hafif, yanaklarda yeterli nem sağlar.",neutral,"Normal ciltlerde carrageenan sadece kıvam artırıcı olarak işlev görür, cilt üzerinde belirgin bir terapötik etkisi yoktur. Nemlendirmeye katkısı minimaldir. 💡 Normal ciltler için gereksiz bir bileşen olabilir, ancak zararı da yoktur.",caution,"Carrageenan, hassas ciltlerde özellikle rozasea ve egzama gibi durumlarda irritasyona neden olabilir. Yapılan bazı çalışmalarda proinflamatuar etkiler gösterdiği bildirilmiştir. Cilt bariyeri zayıf olan bireylerde kızarıklık ve yanma hissini tetikleyebilir. 💡 Hassas ciltlerde kullanmadan önce yama testi yapılması önerilir. Rozasea veya egzama varlığında içeren ürünlerden kaçınılmalıdır.",beneficial,"Olgun ciltlerde carrageenan, nemlendirme ve cilt yüzeyinde film oluşturarak ince çizgilerin görünümünü geçici olarak azaltabilir. Ancak kolajen sentezi veya anti-aging etkisi yoktur. 💡 Olgun ciltler için nemlendirici ürünlerde kullanılabilir, ancak anti-aging için retinol veya peptitler gibi aktiflerle desteklenmelidir.",beneficial,"Carrageenan, hamilelikte topikal kullanım için güvenli kabul edilir. Sistemik emilimi düşüktür ve teratojenik risk taşımaz. Doğal kaynaklı olması da avantaj sağlar. 💡 Hamilelikte güvenle kullanılabilir. Herhangi bir kısıtlama yoktur.",0.0,neutral,"Carrageenan komedojenik değildir ve akne oluşumunu tetiklemez. Ancak akne tedavisine doğrudan bir katkısı da yoktur. Sadece formülasyon stabilitesi için kullanılır. 💡 Akneye meyilli ciltlerde güvenle kullanılabilir, ancak akne tedavisi için ek bir fayda beklenmemelidir."
Carthamus Tinctorius (Safflower) Seed Oil,carthamustinctoriussafflowerseedoil,3.0,2.0,2.0,1.0,2.0,2.0,3.0,Dry and dehydrated skin,Oily,top1000,41,Bitkisel Yağ,Bitkisel Yağ,"Aspir (Carthamus tinctorius) tohumu yağı, yüksek oranda linoleik asit (omega-6) içeren hafif bir bitkisel yağdır. Kozmetikte nemlendirici, yumuşatıcı ve antioksidan özellikleriyle kullanılır. Komedojenik değildir ve cilt tarafından kolayca emilir.",beneficial,"Aspir yağı, yüksek linoleik asit içeriği sayesinde kuru ciltlerde bariyer onarımını destekler. Seramid sentezini uyararak transepidermal su kaybını azaltır ve pullanmayı giderir. Aynı zamanda antiinflamatuar etkisiyle kuru ciltteki tahrişi yatıştırır. 💡 Kuru ciltler için gece nemlendirici olarak kullanılabilir. Hyaluronik asit gibi su bazlı nemlendiricilerle kombine edildiğinde etki artar.",beneficial,"Aspir yağı, hafif yapısı ve komedojenik olmaması nedeniyle yağlı ciltler için uygundur. Linoleik asit, sebumdaki oleik asit/linoleik asit dengesini düzenleyerek gözenek tıkanıklığını azaltabilir. Antiinflamatuar etkisiyle akne oluşumunu baskılar. 💡 Yağlı ciltlerde hafif bir nemlendirici olarak kullanılabilir. Gündüz kullanımında ağırlık yapmaz, ancak çok yağlı ciltlerde az miktarda tercih edilmelidir.",beneficial,"Karma ciltlerde aspir yağı, kuru bölgelere nem sağlarken yağlı bölgelerde ağırlık yapmaz. Linoleik asit içeriği sayesinde T bölgesinde sebum dengesini düzenlemeye yardımcı olur. 💡 Karma ciltler için uygun bir yağdır. T bölgesine az miktarda, yanaklara normal miktarda uygulanabilir.",beneficial,"Normal ciltlerde aspir yağı, hafif nemlendirme ve antioksidan koruma sağlar. Cilt bariyerini destekler ve sağlıklı bir görünüm kazandırır. 💡 Normal ciltlerde günlük nemlendirici olarak kullanılabilir. Hafif yapısı sayesinde her mevsim uygundur.",beneficial,"Aspir yağı, antiinflamatuar ve yatıştırıcı özellikleri sayesinde hassas ciltlerde tahrişi azaltır. Rozasea ve egzama gibi durumlarda kızarıklık ve kaşıntıyı hafifletebilir. Komedojenik olmaması da avantajdır. 💡 Hassas ciltlerde yatıştırıcı bir nemlendirici olarak kullanılabilir. Yama testi yapılması önerilir, ancak genellikle iyi tolere edilir.",beneficial,"Olgun ciltlerde aspir yağı, antioksidan etkisiyle serbest radikallere karşı korur ve ince çizgilerin görünümünü azaltır. Linoleik asit, bariyer onarımını destekleyerek cilt elastikiyetini korumaya yardımcı olur. 💡 Olgun ciltler için nemlendirici ve antioksidan kaynağı olarak kullanılabilir. Retinol gibi aktiflerle birlikte kullanıldığında bariyer desteği sağlar.",beneficial,"Aspir yağı, hamilelikte topikal kullanım için güvenlidir. Teratojenik risk taşımaz ve sistemik emilimi düşüktür. Doğal bir yağ olması nedeniyle tercih edilebilir. 💡 Hamilelikte güvenle kullanılabilir. Çatlak önleyici ürünlerde de sıkça yer alır.",3.0,beneficial,"Aspir yağı, yüksek linoleik asit içeriği sayesinde akneye meyilli ciltlerde sebum kompozisyonunu düzenler. Linoleik asit eksikliği akne oluşumunda rol oynar; bu yağın topikal uygulaması komedon oluşumunu azaltabilir. Antiinflamatuar etkisiyle papül ve püstüllerin iyileşmesini hızlandırır. 💡 Akneli ciltlerde gece kullanımı idealdir. Salisilik asit veya niasinamid ile kombine edilebilir. Komedojenik değildir, güvenle kullanılabilir."
Carvone,carvone,-1.0,0.0,-1.0,0.0,-2.0,-1.0,-1.0,,,top1000,57,Cilt Bakım Bileşeni,Cilt Bakım Bileşeni,"Carvone, nanemsi bir kokuya sahip bir terpenoiddir. Kozmetikte genellikle koku verici olarak kullanılır, ancak bazı formülasyonlarda antimikrobiyal etki gösterebilir. Cilt bakımında yaygın bir aktif bileşen değildir.",caution,"Carvone, kuru ciltlerde potansiyel bir irritan olabilir. Uçucu yağ bileşeni olarak cilt bariyerini zayıflatabilir ve transepidermal su kaybını artırabilir. Kuru ciltlerde tahriş riski nedeniyle dikkatli kullanılmalıdır. 💡 Kuru ciltlerde carvone içeren ürünlerden kaçınılması önerilir. Alternatif olarak kokusuz nemlendiriciler tercih edilmelidir.",neutral,"Yağlı ciltlerde carvone, antimikrobiyal etkisi sayesinde akne oluşumuna neden olan bakterileri baskılayabilir. Ancak bu etki zayıftır ve irritasyon riski nedeniyle önerilmez. Genellikle koku verici olarak kullanılır. 💡 Yağlı ciltlerde carvone içeren ürünler kullanılacaksa düşük konsantrasyonlarda ve seyrek olarak tercih edilmelidir.",caution,"Karma ciltlerde carvone, özellikle kuru bölgelerde tahrişe neden olabilir. Yağlı bölgelerde ise hafif antimikrobiyal etki gösterse de genel olarak riskli bir bileşendir. 💡 Karma ciltlerde carvone içeren ürünlerden kaçınılması önerilir. Hassas bölgelerde reaksiyon riski yüksektir.",neutral,"Normal ciltlerde carvone genellikle tolere edilir, ancak herhangi bir terapötik fayda sağlamaz. Sadece koku amacıyla kullanılır. 💡 Normal ciltlerde kullanılabilir, ancak hassasiyet gelişirse bırakılmalıdır.",caution,"Carvone, hassas ciltlerde yüksek irritasyon potansiyeline sahiptir. Rozasea ve egzama gibi durumlarda kızarıklık, yanma ve kaşıntıyı tetikleyebilir. Alerjik kontakt dermatite neden olabilir. 💡 Hassas ciltlerde carvone içeren ürünler kesinlikle kullanılmamalıdır. Kokusuz ve hipoalerjenik ürünler tercih edilmelidir.",caution,"Olgun ciltlerde carvone, cilt bariyerini zayıflatarak hassasiyeti artırabilir. Anti-aging faydası yoktur ve potansiyel irritan olarak kırışıklık görünümünü artırabilir. 💡 Olgun ciltlerde carvone içeren ürünlerden kaçınılması önerilir. Anti-aging için retinol veya C vitamini gibi aktifler kullanılmalıdır.",caution,"Carvone'un hamilelikte topikal kullanımıyla ilgili yeterli güvenlik verisi yoktur. Uçucu yağ bileşeni olarak sistemik emilim riski düşük olsa da, potansiyel irritasyon nedeniyle dikkatli olunmalıdır. 💡 Hamilelikte carvone içeren ürünlerin kullanımından kaçınılması önerilir. Güvenli alternatifler tercih edilmelidir.",-1.0,caution,"Carvone, antimikrobiyal etkisiyle akne bakterilerini baskılayabilir, ancak irritasyon riski akne lezyonlarını kötüleştirebilir. Tahriş, inflamasyonu artırarak akne şiddetini yükseltebilir. 💡 Akneye meyilli ciltlerde carvone içeren ürünlerden kaçınılması önerilir. Salisilik asit veya benzoil peroksit gibi kanıtlanmış akne aktifleri tercih edilmelidir."
Cellulose,cellulose,0.0,0.0,0.0,0.0,0.0,0.0,2.0,,,top1000,87,Cilt Bakım Bileşeni,Cilt Bakım Bileşeni,"Selüloz, bitkilerden elde edilen doğal bir polisakkarittir. Kozmetikte kıvam artırıcı, film oluşturucu ve emülsiyon stabilizatörü olarak kullanılır. Ciltte su tutma kapasitesi düşüktür, ancak hafif bir nemlendirme sağlayabilir.",neutral,"Selüloz, kuru ciltlerde belirgin bir nemlendirme sağlamaz. Su tutma kapasitesi düşüktür ve bariyer onarımına katkısı yoktur. Sadece formülasyon kıvamını artırır. 💡 Kuru ciltler için selüloz içeren ürünler yeterli nemlendirme sağlamaz. Hyaluronik asit veya gliserin gibi nemlendiricilerle desteklenmelidir.",neutral,"Selüloz, yağlı ciltlerde komedojenik değildir ve hafif bir matlaştırma etkisi olabilir. Ancak yağ kontrolüne doğrudan katkısı yoktur. 💡 Yağlı ciltlerde selüloz içeren hafif jeller kullanılabilir, ancak yağlanma kontrolü için niasinamid veya salisilik asit gibi aktifler tercih edilmelidir.",neutral,"Karma ciltlerde selüloz, nötr bir bileşendir. Ne kuru bölgelere nem sağlar ne de yağlı bölgelerde ağırlık yapar. 💡 Karma ciltlerde kullanılabilir, ancak cilt tipine özel bir fayda beklenmemelidir.",neutral,"Normal ciltlerde selüloz, sadece kıvam artırıcı olarak işlev görür. Cilt üzerinde belirgin bir etkisi yoktur. 💡 Normal ciltler için gereksiz bir bileşen olabilir, ancak zararı da yoktur.",neutral,"Selüloz, hassas ciltlerde genellikle iyi tolere edilir. İrritasyon potansiyeli düşüktür ve alerjik reaksiyon nadirdir. 💡 Hassas ciltlerde güvenle kullanılabilir. Yama testi önerilir, ancak genellikle sorun oluşturmaz.",neutral,"Olgun ciltlerde selüloz, anti-aging etkisi göstermez. Sadece formülasyon kıvamını artırır. 💡 Olgun ciltlerde selüloz içeren ürünler kullanılabilir, ancak anti-aging için retinol veya peptitler gibi aktifler eklenmelidir.",beneficial,"Selüloz, hamilelikte topikal kullanım için güvenlidir. Doğal bir polimer olup sistemik emilimi yok denecek kadar azdır. Teratojenik risk taşımaz. 💡 Hamilelikte güvenle kullanılabilir. Herhangi bir kısıtlama yoktur.",0.0,neutral,"Selüloz komedojenik değildir ve akne oluşumunu tetiklemez. Ancak akne tedavisine katkısı yoktur. 💡 Akneye meyilli ciltlerde güvenle kullanılabilir, ancak akne aktifleri ile kombine edilmelidir."
Cellulose Gum,cellulosegum,1.0,0.0,0.0,0.0,0.0,0.0,2.0,,,top1000,713,Kıvam Artırıcı / Stabilizatör,Kıvam Artırıcı / Stabilizatör,"Selüloz sakızı (karboksimetil selüloz), suda çözünen bir selüloz türevidir. Kozmetikte kıvam artırıcı, emülsiyon stabilizatörü ve film oluşturucu olarak kullanılır. Ciltte hafif bir nemlendirme sağlayabilir.",beneficial,"Selüloz sakızı, su tutma kapasitesi sayesinde kuru ciltlerde hafif bir nemlendirme sağlar. Cilt yüzeyinde ince bir film oluşturarak transepidermal su kaybını bir miktar azaltabilir. 💡 Kuru ciltler için nemlendirici ürünlerde yardımcı bileşen olarak kullanılabilir, ancak ana nemlendirici olarak yeterli değildir.",neutral,"Selüloz sakızı, yağlı ciltlerde komedojenik değildir ve hafif bir matlaştırma etkisi olabilir. Ancak yağ kontrolüne doğrudan katkısı yoktur. 💡 Yağlı ciltlerde kullanılabilir, ancak yağlanma kontrolü için ek aktifler gerekebilir.",neutral,"Karma ciltlerde selüloz sakızı, nötr bir bileşendir. Kuru bölgelere hafif nem sağlarken yağlı bölgelerde ağırlık yapmaz. 💡 Karma ciltlerde kullanılabilir, ancak cilt tipine özel bir fayda beklenmemelidir.",neutral,"Normal ciltlerde selüloz sakızı, sadece kıvam artırıcı olarak işlev görür. Cilt üzerinde belirgin bir etkisi yoktur. 💡 Normal ciltler için gereksiz bir bileşen olabilir, ancak zararı da yoktur.",neutral,"Selüloz sakızı, hassas ciltlerde genellikle iyi tolere edilir. İrritasyon potansiyeli düşüktür ve alerjik reaksiyon nadirdir. 💡 Hassas ciltlerde güvenle kullanılabilir. Yama testi önerilir, ancak genellikle sorun oluşturmaz.",neutral,"Olgun ciltlerde selüloz sakızı, anti-aging etkisi göstermez. Sadece formülasyon kıvamını artırır. 💡 Olgun ciltlerde kullanılabilir, ancak anti-aging için retinol veya peptitler gibi aktifler eklenmelidir.",beneficial,"Selüloz sakızı, hamilelikte topikal kullanım için güvenlidir. Sistemik emilimi düşüktür ve teratojenik risk taşımaz. 💡 Hamilelikte güvenle kullanılabilir. Herhangi bir kısıtlama yoktur.",0.0,neutral,"Selüloz sakızı komedojenik değildir ve akne oluşumunu tetiklemez. Ancak akne tedavisine katkısı yoktur. 💡 Akneye meyilli ciltlerde güvenle kullanılabilir, ancak akne aktifleri ile kombine edilmelidir."
Centaurea Cyanus Flower Water,centaureacyanusflowerwater,2.0,2.0,2.0,1.0,2.0,1.0,3.0,,,top1000,28,Bitkisel Ekstrakt,Bitkisel Ekstrakt,"Centaurea Cyanus (peygamber çiçeği) suyu, antioksidan ve antiinflamatuar özelliklere sahip bir bitkisel ekstrakttır. Hafif büzücü etkisiyle cildi yatıştırır ve gözenekleri sıkılaştırmaya yardımcı olur. Kozmetikte tonik ve ferahlatıcı ürünlerde yaygın kullanılır.",beneficial,Antiinflamatuar özellikleri sayesinde kuru ciltte oluşan tahrişi ve pullanmayı azaltır. Hafif nemlendirici etkisi vardır ancak yoğun nemlendirici değildir; bu nedenle kuru ciltler için tek başına yeterli olmayabilir. 💡 Nemlendirici serum veya krem ile birlikte tonik olarak kullanın.,beneficial,Hafif büzücü etkisi sayesinde yağlı ciltlerde sebum üretimini dengelemeye yardımcı olur. Antioksidan içeriği ile oksidatif stresi azaltır ve gözenekleri sıkılaştırır. 💡 Günde 1-2 kez tonik olarak kullanabilirsiniz.,beneficial,"T-bölgesinde büzücü etki gösterirken, yanaklarda tahriş yapmaz. Hafif yapısı sayesinde karma ciltlerde dengeleyici rol oynar. 💡 T-bölgesine hafifçe uygulayın, yanaklara çok fazla gelmemesine dikkat edin.",beneficial,Normal ciltler için hafif ferahlatıcı ve antioksidan destek sağlar. Belirgin bir sorunu olmayan ciltlerde günlük tonik olarak kullanılabilir. 💡 Günlük bakım rutininize tonik olarak ekleyin.,beneficial,Antiinflamatuar ve yatıştırıcı özellikleri sayesinde hassas ciltlerde kızarıklık ve tahrişi azaltır. Rozasea ve egzama gibi durumlarda rahatlatıcı etki gösterir. 💡 Yatıştırıcı bir tonik olarak kullanın; öncesinde yama testi yapmanız önerilir.,beneficial,Antioksidan içeriği sayesinde serbest radikallere karşı koruma sağlar ve yaşlanma belirtilerini hafifletmeye yardımcı olur. Ancak kolajen üretimini doğrudan uyarmaz. 💡 Antioksidan serumlarınızın ardından tonik olarak kullanın.,beneficial,Doğal bir bitkisel ekstrakt olup hamilelikte güvenle kullanılabilir. Bilinen bir teratojenik riski yoktur. 💡 Hamilelikte rahatlıkla kullanabilirsiniz.,2.0,beneficial,"Antiinflamatuar etkisi akne lezyonlarındaki kızarıklığı ve şişliği azaltır. Hafif büzücü özelliği gözenekleri sıkılaştırmaya yardımcı olur, ancak komedojenik değildir. 💡 Akne tedavisi için salisilik asit veya benzoil peroksit içeren ürünlerle birlikte kullanabilirsiniz."
Centella Asiatica Extract,centellaasiaticaextract,3.0,2.0,2.0,2.0,3.0,3.0,3.0,Redness|Impaired skin barrier|Acne|Fine Lines|Anyone,,manual_v2,58,Bitkisel Ekstrakt (Cica),Bitkisel Ekstrakt (Cica),"Centella Asiatica (cica) ekstraktı, yara iyileştirici, antiinflamatuar ve kolajen sentezini uyarıcı özellikleriyle bilinir. İçerdiği asiaticoside, madecassic acid ve asiatic acid gibi aktif bileşenler sayesinde cilt bariyerini onarır ve yeniler. Kozmetikte hassas, akneli ve olgun ciltler için yaygın kullanılır.",beneficial,Cilt bariyerini onarıcı etkisi sayesinde kuru ciltlerde nem kaybını azaltır ve pullanmayı giderir. Antiinflamatuar özellikleri tahrişi yatıştırır. 💡 Nemlendirici krem veya serum olarak günde 2 kez kullanın.,beneficial,"Hafif yapısıyla yağlı ciltlerde ağırlık yapmaz. Antiinflamatuar etkisi akne oluşumunu azaltmaya yardımcı olur, ancak sebum kontrolünde doğrudan etkisi sınırlıdır. 💡 Hafif bir serum olarak kullanın; yağlı ciltler için yeterli nemlendirme sağlar.",beneficial,"Karma ciltlerde hem kuru bölgeleri nemlendirir hem de yağlı bölgelerde tahrişi azaltır. Bariyer onarıcı etkisi sayesinde cilt dengesini korur. 💡 Tüm yüze uygulayın, özellikle kuru bölgelere daha fazla odaklanın.",beneficial,Normal ciltlerde bariyer güçlendirici ve antioksidan etki sağlar. Uzun vadede cilt sağlığını korur. 💡 Günlük bakım rutininize serum olarak ekleyin.,beneficial,"Centella Asiatica, hassas ciltler için en güvenli ve etkili bileşenlerden biridir. Rozasea ve egzamada kızarıklık ve tahrişi azaltır, bariyeri onarır. 💡 Yatıştırıcı serum veya krem olarak günde 2 kez kullanın.",beneficial,Kolajen sentezini uyararak ince çizgileri ve kırışıklıkları azaltır. Antioksidan özellikleri yaşlanma belirtilerine karşı korur. 💡 Anti-aging rutininizde serum olarak kullanın; retinol ile birlikte kullanılabilir.,beneficial,Hamilelikte güvenle kullanılabilir. Bilinen bir teratojenik riski yoktur. 💡 Hamilelikte rahatlıkla kullanabilirsiniz.,3.0,beneficial,Antiinflamatuar etkisi akne lezyonlarının iyileşmesini hızlandırır ve yara izi oluşumunu azaltır. Komedojenik değildir ve akne tedavisinde destekleyici rol oynar. 💡 Akne tedavisi için retinoid veya salisilik asit ile kombine edebilirsiniz.
Cera Alba,ceraalba,3.0,-1.0,0.0,1.0,-1.0,2.0,3.0,,,top1000,199,Cilt Bakım Bileşeni,Cilt Bakım Bileşeni,"Cera Alba (balmumu), arıların ürettiği doğal bir mumdur. Kozmetikte kıvam artırıcı, emülgatör ve cilt bariyeri koruyucu olarak kullanılır. Ciltte koruyucu bir film oluşturarak nem kaybını önler.",beneficial,"Balmumu, kuru ciltlerde su kaybını önleyen oklüzif bir bariyer oluşturur. Pullanmayı azaltır ve cildi yumuşatır. 💡 Yoğun nemlendirici kremlerde tercih edin; gece kullanımı idealdir.",caution,Balmumu komedojenik potansiyele sahiptir (komedojenite skalasında 2/5). Yağlı ciltlerde gözenek tıkama riski taşır ve akneye yatkın ciltlerde sivilce oluşumunu tetikleyebilir. 💡 Yağlı ciltlerde kullanmaktan kaçının; eğer kullanacaksanız düşük konsantrasyonlu ürünleri tercih edin.,neutral,"Karma ciltlerde T-bölgesinde komedojenik etki gösterebilirken, kuru bölgelerde faydalı olabilir. Dengeyi sağlamak zordur. 💡 Sadece kuru bölgelere uygulayın, T-bölgesinden kaçının.",beneficial,Normal ciltlerde nem bariyerini destekler ve cildi yumuşatır. Ancak aşırı kullanımda gözenek tıkama riski vardır. 💡 Haftada birkaç kez kullanın; günlük kullanım gerekmez.,caution,Balmumu bazı hassas ciltlerde alerjik reaksiyona neden olabilir (arı ürünlerine alerjisi olanlar). Ayrıca oklüzif yapısı gözenekleri tıkayarak tahrişi artırabilir. 💡 Kullanmadan önce yama testi yapın; alerjiniz varsa kaçının.,beneficial,Olgun ciltlerde nem kaybını önleyerek ince çizgilerin görünümünü azaltır. Bariyer onarıcı etkisi yaşlanma belirtilerine karşı korur. 💡 Gece kremi olarak kullanın; retinol gibi aktiflerle birlikte kullanılabilir.,beneficial,Doğal bir bileşen olup hamilelikte güvenle kullanılabilir. Bilinen bir riski yoktur. 💡 Hamilelikte rahatlıkla kullanabilirsiniz.,-2.0,caution,Balmumu komedojenik olup akneye meyilli ciltlerde siyah nokta ve sivilce oluşumunu tetikleyebilir. Gözenek tıkama riski yüksektir. 💡 Akneye meyilli ciltlerde kullanmayın; non-komedojenik alternatifler tercih edin.
Cera Alba (Beeswax),ceraalbabeeswax,3.0,-1.0,0.0,1.0,-1.0,2.0,3.0,,,top1000,50,Cilt Bakım Bileşeni,Cilt Bakım Bileşeni,"Cera Alba (Beeswax) yukarıdaki ile aynı bileşendir. Arı balmumu olarak da bilinir. Kozmetikte kıvam verici, emülgatör ve cilt bariyeri koruyucu olarak kullanılır. Ciltte koruyucu film oluşturur.",beneficial,Kuru ciltlerde oklüzif bariyer oluşturarak nem kaybını önler ve pullanmayı azaltır. Cildi yumuşatır ve korur. 💡 Yoğun nemlendirici kremlerde tercih edin; gece kullanımı idealdir.,caution,Komedojenik potansiyeli nedeniyle yağlı ciltlerde gözenek tıkama riski taşır. Akneye yatkın ciltlerde sivilce oluşumunu tetikleyebilir. 💡 Yağlı ciltlerde kullanmaktan kaçının; eğer kullanacaksanız düşük konsantrasyonlu ürünleri tercih edin.,neutral,"Karma ciltlerde T-bölgesinde komedojenik etki gösterebilirken, kuru bölgelerde faydalı olabilir. Dengeyi sağlamak zordur. 💡 Sadece kuru bölgelere uygulayın, T-bölgesinden kaçının.",beneficial,Normal ciltlerde nem bariyerini destekler ve cildi yumuşatır. Ancak aşırı kullanımda gözenek tıkama riski vardır. 💡 Haftada birkaç kez kullanın; günlük kullanım gerekmez.,caution,Arı ürünlerine alerjisi olanlarda reaksiyona neden olabilir. Oklüzif yapısı gözenekleri tıkayarak tahrişi artırabilir. 💡 Kullanmadan önce yama testi yapın; alerjiniz varsa kaçının.,beneficial,Olgun ciltlerde nem kaybını önleyerek ince çizgilerin görünümünü azaltır. Bariyer onarıcı etkisi yaşlanma belirtilerine karşı korur. 💡 Gece kremi olarak kullanın; retinol gibi aktiflerle birlikte kullanılabilir.,beneficial,Doğal bir bileşen olup hamilelikte güvenle kullanılabilir. Bilinen bir riski yoktur. 💡 Hamilelikte rahatlıkla kullanabilirsiniz.,-2.0,caution,Komedojenik olup akneye meyilli ciltlerde siyah nokta ve sivilce oluşumunu tetikleyebilir. Gözenek tıkama riski yüksektir. 💡 Akneye meyilli ciltlerde kullanmayın; non-komedojenik alternatifler tercih edin.
Cera Microcristallina,ceramicrocristallina,2.0,-1.0,0.0,1.0,-1.0,2.0,3.0,,,top1000,158,Cilt Bakım Bileşeni,Cilt Bakım Bileşeni,"Cera Microcristallina (mikrokristalin mum), petrol bazlı sentetik bir mumdur. Kozmetikte kıvam artırıcı, emülgatör ve ciltte koruyucu film oluşturucu olarak kullanılır. Balmumuna benzer ancak daha homojen ve stabil bir yapıya sahiptir.",beneficial,Oklüzif özelliği sayesinde kuru ciltlerde nem kaybını önler ve bariyeri güçlendirir. Balmumuna göre daha az komedojeniktir. 💡 Yoğun nemlendirici kremlerde kullanılabilir; gece bakımı için uygundur.,caution,Mikrokristalin mum düşük komedojenik potansiyele sahiptir ancak yine de yağlı ciltlerde gözenek tıkama riski taşır. Aşırı kullanımda sivilce oluşumuna katkıda bulunabilir. 💡 Yağlı ciltlerde düşük konsantrasyonlu ürünleri tercih edin veya kaçının.,neutral,"Karma ciltlerde T-bölgesinde hafif komedojenik etki gösterebilirken, kuru bölgelerde faydalı olabilir. Dengeyi sağlamak zordur. 💡 Sadece kuru bölgelere uygulayın, T-bölgesinden kaçının.",beneficial,Normal ciltlerde nem bariyerini destekler ve cildi yumuşatır. Düşük komedojenik riski nedeniyle genellikle güvenlidir. 💡 Günlük nemlendirici olarak kullanılabilir.,caution,Sentetik bir bileşen olup bazı hassas ciltlerde tahrişe neden olabilir. Oklüzif yapısı gözenekleri tıkayarak reaksiyonu artırabilir. 💡 Kullanmadan önce yama testi yapın; tahriş durumunda kullanmayı bırakın.,beneficial,Olgun ciltlerde nem kaybını önleyerek ince çizgilerin görünümünü azaltır. Bariyer onarıcı etkisi yaşlanma belirtilerine karşı korur. 💡 Gece kremi olarak kullanın; retinol gibi aktiflerle birlikte kullanılabilir.,beneficial,Sentetik bir mum olup hamilelikte güvenle kullanılabilir. Bilinen bir teratojenik riski yoktur. 💡 Hamilelikte rahatlıkla kullanabilirsiniz.,-1.0,caution,Düşük komedojenik olmasına rağmen akneye meyilli ciltlerde gözenek tıkama riski tamamen yok değildir. Özellikle yoğun kullanımda sivilce oluşumunu tetikleyebilir. 💡 Akneye meyilli ciltlerde dikkatli kullanın; non-komedojenik ürünler tercih edin.
Ceramide,ceramide,3.0,1.0,2.0,2.0,3.0,3.0,3.0,Dry and dehydrated skin|Impaired skin barrier|Redness|Anyone,,manual_v2,0,Seramid (Genel),Seramid (Genel),"Seramidler, cilt bariyerinin ana yapı taşları olan lipit molekülleridir. Ciltte doğal olarak bulunur ve nem kaybını önleyerek bariyer fonksiyonunu destekler. Kozmetikte sentetik veya bitkisel kaynaklı seramidler kullanılır.",beneficial,"Kuru ciltte bariyer hasarı sık görülür; seramidler bariyeri onarır, transepidermal su kaybını azaltır ve pullanmayı giderir. Lipid yapısı sayesinde cildin nem tutma kapasitesini artırır. 💡 Günlük nemlendiricide seramid içeren ürünler kullanın. Özellikle hyaluronik asit ile kombine edildiğinde etki artar.",neutral,"Yağlı ciltte bariyer genellikle sağlamdır, ancak aşırı temizlik bariyeri bozabilir. Seramidler hafif nemlendirme sağlar ve komedojenik değildir, bu nedenle güvenle kullanılabilir. 💡 Hafif, yağsız formüllerde seramid içeren ürünler tercih edin. Aşırı yağlı ciltlerde gerekli olmayabilir.",beneficial,"Karma ciltte kuru bölgeler seramidlerden fayda görürken, yağlı bölgelerde sorun yaratmaz. Bariyeri dengeleyerek T-bölgesinde aşırı yağlanmayı azaltmaya yardımcı olabilir. 💡 Tüm yüze uygulanabilir; kuru bölgelere daha yoğun, yağlı bölgelere ince tabaka halinde sürün.",beneficial,"Normal ciltte bariyeri korur ve nem dengesini sağlar. Uzun vadede cilt sağlığını destekler, erken yaşlanmayı önlemeye yardımcı olur. 💡 Günlük bakım rutininize seramid içeren bir nemlendirici ekleyin.",beneficial,"Hassas ciltte bariyer zayıftır; seramidler bariyeri güçlendirir, tahrişe karşı korur ve kızarıklığı azaltır. Rozasea ve egzamada yatıştırıcı etki gösterir. 💡 Parfümsüz, hipoalerjenik seramid ürünleri seçin. Diğer yatıştırıcı bileşenlerle (niacinamide, panthenol) kombine edin.",beneficial,"Yaşlanan ciltte seramid seviyesi düşer; takviye edilmesi bariyeri güçlendirir, ince çizgileri azaltır ve cildi dolgunlaştırır. Kolajen sentezini doğrudan artırmaz ancak bariyer desteğiyle yaşlanma belirtilerini hafifletir. 💡 Retinol ve peptidlerle birlikte kullanın. Gece bakımında yoğun seramid kremi tercih edin.",beneficial,"Seramidler hamilelikte güvenlidir; topikal kullanımda sistemik emilim yok denecek kadar azdır. Cilt bariyerini destekler, hamilelikte oluşan kuruluk ve hassasiyete iyi gelir. 💡 Hamilelikte güvenle kullanabilirsiniz. Herhangi bir kısıtlama yoktur.",2.0,beneficial,"Akneli ciltte bariyer hasarı yaygındır; seramidler komedojenik değildir ve bariyeri onararak akne tedavisinde kullanılan diğer ürünlerin (retinoid, asit) tahrişini azaltır. 💡 Non-komedojenik seramid nemlendiriciler kullanın. Salisilik asit veya retinoid içeren ürünlerle birlikte kullanılabilir."
Ceramide 3,ceramide3,3.0,1.0,2.0,2.0,3.0,3.0,3.0,Dry and dehydrated skin|Impaired skin barrier|Redness|Anyone,,manual_v2,0,Seramid (Ceramide NP),Seramid (Ceramide NP),"Ceramide NP (Ceramide 3), cilt bariyerinde en bol bulunan seramid türüdür. Linoleik asit içerir ve bariyer onarımında kritik rol oynar. Kozmetikte sentetik olarak üretilir.",beneficial,"Kuru ciltte bariyer onarımı için en etkili seramidlerden biridir. Linoleik asit içeriği sayesinde bariyer lipitlerini yeniler, su kaybını önler ve pürüzlülüğü giderir. 💡 Yoğun nemlendiricilerde arayın; özellikle kış aylarında düzenli kullanım önerilir.",neutral,"Yağlı ciltte bariyeri destekler ancak aşırı sebum üretimini etkilemez. Hafif formüllerde kullanıldığında gözenek tıkamaz. 💡 Yağsız, jel bazlı seramid NP ürünleri tercih edin.",beneficial,"Karma ciltte kuru bölgeleri nemlendirir, yağlı bölgelerde denge sağlar. Bariyeri güçlendirerek cildin genel sağlığını iyileştirir. 💡 Tüm yüze uygulayın; gerekirse yağlı bölgelere daha az miktar kullanın.",beneficial,Normal ciltte bariyeri korur ve nem dengesini sağlar. Düzenli kullanımda cilt elastikiyetini artırabilir. 💡 Günlük nemlendirici olarak kullanılabilir.,beneficial,"Hassas ciltte bariyer onarımı için idealdir. Tahrişi azaltır, kızarıklığı yatıştırır ve egzama/rozasea semptomlarını hafifletir. 💡 Parfümsüz, basit formüllü seramid NP ürünleri seçin. Diğer yatıştırıcılarla (panthenol, allantoin) kombine edin.",beneficial,"Yaşlanan ciltte seramid NP seviyesi azalır; takviye edilmesi bariyeri güçlendirir, ince çizgileri azaltır ve cildi daha dolgun gösterir. 💡 Retinol ve antioksidanlarla (C vitamini) birlikte kullanın. Gece bakımında tercih edin.",beneficial,Hamilelikte güvenlidir; topikal kullanımda herhangi bir risk taşımaz. Cilt bariyerini destekler. 💡 Güvenle kullanabilirsiniz.,2.0,beneficial,"Akneli ciltte bariyeri onarır ve diğer akne ilaçlarının tahrişini azaltır. Komedojenik değildir, gözenek tıkamaz. 💡 Non-komedojenik ürünlerde kullanın. Salisilik asit veya benzoil peroksit ile birlikte kullanılabilir."
Ceramide AP,ceramideap,3.0,1.0,2.0,2.0,3.0,3.0,3.0,Dry and dehydrated skin|Impaired skin barrier|Redness|Anyone,,manual_v2,69,Seramid,Seramid,"Ceramide AP (Ceramide 6 II), cilt bariyerinde bulunan bir seramid türüdür. Özellikle cilt pürüzlülüğünü azaltmada ve nemlendirmede etkilidir.",beneficial,Kuru ciltte pürüzlülüğü giderir ve bariyeri onarır. Nem tutma kapasitesini artırarak pullanmayı azaltır. 💡 Yoğun nemlendiricilerde arayın; düzenli kullanımda cilt dokusunu iyileştirir.,neutral,"Yağlı ciltte hafif nemlendirme sağlar, komedojenik değildir. Sebum üretimini etkilemez. 💡 Hafif formüllerde kullanılabilir.",beneficial,"Karma ciltte kuru bölgeleri nemlendirir, yağlı bölgelerde sorun yaratmaz. Cilt dokusunu eşitler. 💡 Tüm yüze uygulanabilir.",beneficial,Normal ciltte bariyeri destekler ve cilt dokusunu iyileştirir. 💡 Günlük bakımda kullanılabilir.,beneficial,"Hassas ciltte bariyer onarımına yardımcı olur, tahrişi azaltır. Egzama ve rozaseada yatıştırıcı etki gösterir. 💡 Parfümsüz ürünler tercih edin.",beneficial,"Yaşlanan ciltte bariyeri güçlendirir, ince çizgileri azaltır ve cilt dokusunu iyileştirir. 💡 Retinol ve peptidlerle kombine edin.",beneficial,Hamilelikte güvenlidir. 💡 Güvenle kullanabilirsiniz.,2.0,beneficial,"Akneli ciltte bariyeri onarır, komedojenik değildir. Diğer akne tedavilerinin yan etkilerini azaltır. 💡 Non-komedojenik ürünlerde kullanın."
Ceramide EOP,ceramideeop,3.0,1.0,2.0,2.0,3.0,3.0,3.0,Dry and dehydrated skin|Impaired skin barrier|Redness|Anyone,,manual_v2,59,Seramid,Seramid,"Ceramide EOP (Ceramide 1), cilt bariyerinde bulunan ve linoleik asit içeren bir seramid türüdür. Bariyer onarımında ve nem tutmada önemli rol oynar.",beneficial,"Kuru ciltte bariyer onarımı için kritiktir. Linoleik asit sayesinde lipit tabakasını yeniler, su kaybını önler ve pullanmayı giderir. 💡 Yoğun nemlendiricilerde arayın; özellikle kuru ve hasarlı ciltler için idealdir.",neutral,"Yağlı ciltte hafif nemlendirme sağlar, komedojenik değildir. Sebum üretimini etkilemez. 💡 Hafif formüllerde kullanılabilir.",beneficial,"Karma ciltte kuru bölgeleri nemlendirir, yağlı bölgelerde denge sağlar. 💡 Tüm yüze uygulanabilir.",beneficial,Normal ciltte bariyeri korur ve nem dengesini sağlar. 💡 Günlük bakımda kullanılabilir.,beneficial,"Hassas ciltte bariyer onarımına yardımcı olur, tahrişi azaltır. Egzama ve rozaseada etkilidir. 💡 Parfümsüz ürünler tercih edin.",beneficial,"Yaşlanan ciltte bariyeri güçlendirir, ince çizgileri azaltır ve cilt elastikiyetini destekler. 💡 Retinol ve antioksidanlarla kombine edin.",beneficial,Hamilelikte güvenlidir. 💡 Güvenle kullanabilirsiniz.,2.0,beneficial,"Akneli ciltte bariyeri onarır, komedojenik değildir. Diğer tedavilerin tahrişini azaltır. 💡 Non-komedojenik ürünlerde kullanın."
Ceramide NP,ceramidenp,3.0,1.0,2.0,2.0,3.0,3.0,3.0,Dry and dehydrated skin|Impaired skin barrier|Redness|Anyone,,manual_v2,130,Seramid,Seramid,"Ceramide NP (Ceramide 3), cilt bariyerinde en bol bulunan seramid türüdür. Linoleik asit içerir ve bariyer onarımında kritik rol oynar. Kozmetikte sentetik olarak üretilir.",beneficial,"Kuru ciltte bariyer onarımı için en etkili seramidlerden biridir. Linoleik asit içeriği sayesinde bariyer lipitlerini yeniler, su kaybını önler ve pürüzlülüğü giderir. 💡 Yoğun nemlendiricilerde arayın; özellikle kış aylarında düzenli kullanım önerilir.",neutral,"Yağlı ciltte bariyeri destekler ancak aşırı sebum üretimini etkilemez. Hafif formüllerde kullanıldığında gözenek tıkamaz. 💡 Yağsız, jel bazlı seramid NP ürünleri tercih edin.",beneficial,"Karma ciltte kuru bölgeleri nemlendirir, yağlı bölgelerde denge sağlar. Bariyeri güçlendirerek cildin genel sağlığını iyileştirir. 💡 Tüm yüze uygulayın; gerekirse yağlı bölgelere daha az miktar kullanın.",beneficial,Normal ciltte bariyeri korur ve nem dengesini sağlar. Düzenli kullanımda cilt elastikiyetini artırabilir. 💡 Günlük nemlendirici olarak kullanılabilir.,beneficial,"Hassas ciltte bariyer onarımı için idealdir. Tahrişi azaltır, kızarıklığı yatıştırır ve egzama/rozasea semptomlarını hafifletir. 💡 Parfümsüz, basit formüllü seramid NP ürünleri seçin. Diğer yatıştırıcılarla (panthenol, allantoin) kombine edin.",beneficial,"Yaşlanan ciltte seramid NP seviyesi azalır; takviye edilmesi bariyeri güçlendirir, ince çizgileri azaltır ve cildi daha dolgun gösterir. 💡 Retinol ve antioksidanlarla (C vitamini) birlikte kullanın. Gece bakımında tercih edin.",beneficial,Hamilelikte güvenlidir; topikal kullanımda herhangi bir risk taşımaz. Cilt bariyerini destekler. 💡 Güvenle kullanabilirsiniz.,2.0,beneficial,"Akneli ciltte bariyeri onarır ve diğer akne ilaçlarının tahrişini azaltır. Komedojenik değildir, gözenek tıkamaz. 💡 Non-komedojenik ürünlerde kullanın. Salisilik asit veya benzoil peroksit ile birlikte kullanılabilir."
Ceresin,ceresin,2.0,-1.0,0.0,0.0,-1.0,1.0,2.0,,,top1000,40,Cilt Bakım Bileşeni,Cilt Bakım Bileşeni,"Ceresin, petrol türevi bir mumdur ve kozmetikte kıvam artırıcı, emülsiyon stabilizatörü ve film oluşturucu olarak kullanılır. Cilt üzerinde koruyucu bir bariyer oluşturarak nem kaybını azaltır, ancak komedojenik potansiyeli düşük-orta seviyededir.",beneficial,"Ceresin, cilt yüzeyinde oklüzif bir tabaka oluşturarak transepidermal su kaybını azaltır ve kuru ciltlerde nemi hapseder. Bariyer hasarı olan ciltlerde koruyucu etki sağlar, pullanma ve sıkılık hissini hafifletir. 💡 Kuru ciltler için nemlendirici kremlerde tercih edilebilir, ancak tek başına yeterli nemlendirme sağlamaz; hyaluronik asit gibi nem çekicilerle kombine edin.",caution,"Ceresin, oklüzif yapısı nedeniyle yağlı ciltlerde gözenekleri tıkayabilir ve komedon oluşumuna katkıda bulunabilir. Aşırı sebum üretimi olan ciltlerde ağırlık hissi yaratabilir. 💡 Yağlı ciltlerde düşük konsantrasyonlu ürünler tercih edin veya tamamen kaçının. Hafif jeller veya su bazlı nemlendiriciler daha uygundur.",neutral,"Karma ciltlerde T-bölgede yağlı, yanaklarda kuru alanlar olduğu için ceresin etkisi bölgesel farklılık gösterir. Yanaklarda faydalı olabilirken T-bölgede komedon riski taşır. 💡 Karma ciltler için ceresin içeren ürünleri sadece kuru bölgelere uygulayın, T-bölgeden kaçının.",neutral,"Normal ciltlerde ceresin genellikle tahrişe neden olmaz, ancak belirgin bir fayda da sağlamaz. Cilt bariyerini destekleyebilir ancak gereksiz ağırlık yapabilir. 💡 Normal ciltler için gerekli değildir; hafif nemlendiriciler yeterlidir.",caution,"Ceresin, hassas ciltlerde genellikle iyi tolere edilse de, petrol türevi olması nedeniyle bazı bireylerde kontakt dermatit veya alerjik reaksiyona yol açabilir. Rozasea ve egzamalı ciltlerde oklüzif etki bazen ısı artışına neden olabilir. 💡 Hassas ciltlerde yama testi yaparak kullanın. Rozasea aktif dönemdeyse kaçının.",beneficial,"Olgun ciltlerde ceresin, cilt bariyerini güçlendirerek nem kaybını önler ve ince kırışıklıkların görünümünü azaltabilir. Ancak tek başına anti-aging etkisi sınırlıdır. 💡 Olgun ciltler için retinol veya peptitlerle kombine edilmiş nemlendiricilerde kullanılabilir.",beneficial,"Ceresin, topikal kullanımda sistemik emilimi düşük olduğu için hamilelikte güvenli kabul edilir. Bariyer onarıcı etkisiyle çatlak önleyici kremlerde sıkça kullanılır. 💡 Hamilelikte güvenle kullanılabilir, ancak aşırı miktarda uygulamaktan kaçının.",-2.0,caution,"Ceresin, komedojenik potansiyeli düşük-orta seviyede olup akneye meyilli ciltlerde gözenek tıkama riski taşır. Özellikle kistik akne ve siyah nokta oluşumunu tetikleyebilir. 💡 Akneye meyilli ciltlerde ceresin içeren ürünlerden kaçının. Non-komedojenik etiketli ürünler tercih edin."
Ceteareth-12,ceteareth12,-1.0,1.0,0.0,0.0,-2.0,-1.0,0.0,,,top1000,68,Emülgatör,Emülgatör,"Ceteareth-12, etoksillenmiş setearil alkolden türetilen bir emülgatördür. Su ve yağ fazlarını birleştirerek krem ve losyonların stabil olmasını sağlar. Hafif bir temizleyici özelliği de vardır.",caution,"Ceteareth-12, yüksek konsantrasyonlarda cilt bariyerini zayıflatabilir ve kuru ciltlerde tahrişe neden olabilir. Yağ çözücü etkisi nedeniyle cildin doğal yağlarını uzaklaştırabilir. 💡 Kuru ciltler için düşük konsantrasyonlu ürünler tercih edin veya içermeyen nemlendiriciler kullanın.",beneficial,"Ceteareth-12, hafif temizleyici özelliği sayesinde yağlı ciltlerde fazla sebumu uzaklaştırmaya yardımcı olabilir. Ancak sık kullanımda cildi kurutabilir. 💡 Yağlı ciltlerde haftada birkaç kez kullanılabilir, günlük kullanımdan kaçının.",neutral,"Karma ciltlerde etkisi bölgesel farklılık gösterir; T-bölgede faydalı olabilirken yanaklarda kuruluğa yol açabilir. 💡 Karma ciltlerde sadece T-bölgeye uygulayın, yanaklardan kaçının.",neutral,"Normal ciltlerde genellikle tahrişe neden olmaz, ancak uzun süreli kullanımda bariyer fonksiyonunu etkileyebilir. 💡 Normal ciltler için ara sıra kullanım uygundur, günlük kullanım önerilmez.",caution,"Ceteareth-12, hassas ciltlerde yüksek tahriş potansiyeline sahiptir. Rozasea ve egzamalı ciltlerde kızarıklık, yanma ve kaşıntıyı tetikleyebilir. 💡 Hassas ciltlerde kesinlikle kaçının. Alternatif olarak gliserin bazlı temizleyiciler tercih edin.",caution,"Olgun ciltlerde bariyer zaten zayıflamış olabileceğinden, ceteareth-12 tahriş riskini artırabilir. Anti-aging faydası yoktur. 💡 Olgun ciltler için daha nazik emülgatörler (ör. setearil alkol) içeren ürünler tercih edin.",neutral,"Ceteareth-12 topikal kullanımda düşük sistemik emilime sahiptir ve hamilelikte güvenli kabul edilir. Ancak tahriş riski nedeniyle dikkatli olunmalıdır. 💡 Hamilelikte kullanılabilir, ancak hassasiyet durumunda bırakın.",-1.0,caution,"Ceteareth-12, akneye meyilli ciltlerde bariyer hasarı yaparak irritasyona ve dolaylı olarak akne alevlenmesine neden olabilir. Komedojenik değildir ancak tahriş edicidir. 💡 Akneli ciltlerde kullanmaktan kaçının; nazik temizleyiciler tercih edin."
Ceteareth-20,ceteareth20,1.0,0.0,0.0,0.0,-1.0,1.0,2.0,,,top1000,313,Emülgatör,Emülgatör,"Ceteareth-20, ceteareth-12'ye benzer ancak daha yüksek etoksilasyon derecesine sahiptir, bu da onu daha az tahriş edici ve daha iyi bir emülgatör yapar. Su ve yağ fazlarını stabilize eder.",beneficial,"Ceteareth-20, düşük tahriş potansiyeli sayesinde kuru ciltlerde bariyeri bozmadan nemlendirici kremlerin stabilitesini sağlar. Ancak tek başına nemlendirici değildir. 💡 Kuru ciltler için nemlendirici formüllerde güvenle kullanılabilir.",neutral,"Ceteareth-20, yağlı ciltlerde tahrişe neden olmaz ancak sebum kontrolüne katkısı yoktur. Nötr bir emülgatördür. 💡 Yağlı ciltler için sorun teşkil etmez, ancak hafif jeller tercih edilebilir.",neutral,Karma ciltlerde dengeli bir emülgatör olup bölgesel farklılık göstermez. Genellikle iyi tolere edilir. 💡 Karma ciltler için uygun bir bileşendir.,neutral,"Normal ciltlerde herhangi bir olumsuz etkisi yoktur, emülsiyon stabilizatörü olarak işlev görür. 💡 Normal ciltler için güvenle kullanılabilir.",caution,"Ceteareth-20, ceteareth-12'den daha az tahriş edici olsa da hassas ciltlerde yine de reaksiyona neden olabilir. Rozasea ve egzamalı ciltlerde dikkatli olunmalıdır. 💡 Hassas ciltlerde yama testi yaparak kullanın. Alternatif olarak setearil alkol içeren ürünler tercih edin.",beneficial,Olgun ciltlerde bariyeri destekleyici formüllerde kullanılabilir. Tahriş riski düşük olduğu için anti-aging ürünlerde tercih edilebilir. 💡 Olgun ciltler için retinol veya peptit içeren kremlerde emülgatör olarak uygundur.,beneficial,"Ceteareth-20, topikal kullanımda güvenli kabul edilir ve hamilelikte kullanımında herhangi bir risk bildirilmemiştir. 💡 Hamilelikte güvenle kullanılabilir.",0.0,neutral,"Ceteareth-20 komedojenik değildir ve akneye meyilli ciltlerde tahrişe neden olma olasılığı düşüktür. Ancak doğrudan akne tedavisine katkısı yoktur. 💡 Akneli ciltlerde kullanılabilir, ancak salisilik asit gibi aktiflerle kombine edildiğinde daha etkilidir."
Ceteareth-25,ceteareth25,0.0,1.0,0.0,0.0,-1.0,0.0,2.0,,,top1000,88,Emülgatör,Emülgatör,"Ceteareth-25, yüksek etoksilasyonlu bir emülgatördür ve suda çözünürlüğü yüksektir. Genellikle hafif losyon ve jellerde kullanılır, ciltte kalıntı bırakmaz.",neutral,"Ceteareth-25, kuru ciltlerde tahrişe neden olmaz ancak nemlendirici katkısı yoktur. Emülsiyon stabilizatörü olarak işlev görür. 💡 Kuru ciltler için nemlendirici içeren formüllerde kullanılabilir.",beneficial,"Ceteareth-25, hafif yapısı sayesinde yağlı ciltlerde ağırlık yapmaz ve sebum kontrolüne yardımcı olabilir. Temizleyici formüllerde tercih edilebilir. 💡 Yağlı ciltler için jellerde veya hafif losyonlarda kullanılabilir.",neutral,Karma ciltlerde dengeli bir emülgatör olup bölgesel farklılık göstermez. Genellikle iyi tolere edilir. 💡 Karma ciltler için uygun bir bileşendir.,neutral,Normal ciltlerde herhangi bir olumsuz etkisi yoktur.,caution,"Ceteareth-25, yüksek etoksilasyonuna rağmen hassas ciltlerde hafif tahrişe neden olabilir. Rozasea ve egzamalı ciltlerde dikkatli kullanılmalıdır. 💡 Hassas ciltlerde yama testi yaparak kullanın.",neutral,Olgun ciltlerde tahriş riski düşüktür ancak anti-aging faydası yoktur.,beneficial,"Ceteareth-25, topikal kullanımda güvenli kabul edilir.",0.0,neutral,Ceteareth-25 komedojenik değildir ve akneye meyilli ciltlerde genellikle iyi tolere edilir. Doğrudan akne tedavisine katkısı yoktur. 💡 Akneli ciltlerde kullanılabilir.
Ceteareth-33,ceteareth33,-2.0,1.0,-1.0,0.0,-3.0,-2.0,0.0,,,top1000,55,Emülgatör,Emülgatör,"Ceteareth-33, çok yüksek etoksilasyonlu bir emülgatördür ve suda tamamen çözünür. Genellikle şampuan ve temizleyicilerde kullanılır, köpük oluşumunu destekler.",caution,"Ceteareth-33, yüksek etoksilasyonu nedeniyle cilt bariyerini zayıflatabilir ve kuru ciltlerde kuruluğu artırabilir. Temizleyicilerde kullanıldığında cildin doğal yağlarını uzaklaştırır. 💡 Kuru ciltlerde içeren temizleyicilerden kaçının; nemlendirici temizleyiciler tercih edin.",beneficial,"Ceteareth-33, yağlı ciltlerde fazla sebumu temizlemeye yardımcı olabilir. Köpük oluşturma özelliği sayesinde derin temizlik sağlar. 💡 Yağlı ciltler için haftada birkaç kez kullanılabilir, günlük kullanımda kurutabilir.",caution,"Karma ciltlerde T-bölgede faydalı olabilirken yanaklarda kuruluğa yol açabilir. Dengesiz kullanımda bariyer hasarı riski vardır. 💡 Karma ciltlerde sadece T-bölgeye uygulayın, yanaklardan kaçının.",neutral,"Normal ciltlerde ara sıra kullanımda sorun oluşturmaz, ancak sık kullanımda cildi kurutabilir.",caution,"Ceteareth-33, hassas ciltlerde yüksek tahriş potansiyeline sahiptir. Rozasea ve egzamalı ciltlerde şiddetli kızarıklık, yanma ve kaşıntıya neden olabilir. 💡 Hassas ciltlerde kesinlikle kaçının.",caution,Olgun ciltlerde bariyer zayıf olduğu için ceteareth-33 kuruluğu ve tahrişi artırabilir. Anti-aging faydası yoktur. 💡 Olgun ciltler için içeren ürünlerden kaçının.,neutral,"Ceteareth-33 topikal kullanımda düşük sistemik emilime sahiptir, ancak tahriş riski nedeniyle dikkatli olunmalıdır.",-1.0,caution,"Ceteareth-33, akneye meyilli ciltlerde bariyer hasarı yaparak irritasyona ve akne alevlenmesine neden olabilir. Komedojenik değildir ancak tahriş edicidir. 💡 Akneli ciltlerde kullanmaktan kaçının; nazik temizleyiciler tercih edin."
Ceteareth-60 Myristyl Glycol,ceteareth60myristylglycol,2.0,0.0,1.0,1.0,-1.0,2.0,2.0,,,top1000,48,Emülgatör,Emülgatör,"Ceteareth-60 Myristyl Glycol, su ve yağ fazlarını birleştiren bir emülgatördür. Ciltte ince bir film oluşturarak yumuşaklık sağlar ancak bazı cilt tiplerinde tahrişe veya tıkanmaya neden olabilir.",beneficial,Kuru ciltlerde emülsiyon stabilitesini artırarak nem kaybını önler ve yumuşatıcı etki gösterir. Bariyer onarımına yardımcı olabilir. 💡 Kuru ciltler için nemlendirici kremlerde güvenle kullanılabilir.,neutral,"Yağlı ciltlerde hafif komedojenik potansiyel taşıyabilir ancak genellikle düşük konsantrasyonlarda sorun yaratmaz. Sebum kontrolüne doğrudan katkısı yoktur. 💡 Yağlı ciltlerde hafif formüllerde tercih edilmeli, aşırı yağlı ürünlerden kaçınılmalıdır.",neutral,"Karma ciltlerde T-bölgede hafif tıkayıcı olabilir ancak yanaklarda nemlendirici etki sağlar. Dengeleyici bir bileşendir. 💡 Karma ciltler için uygun, ancak T-bölgede yoğun kullanımdan kaçının.",beneficial,"Normal ciltlerde herhangi bir sorun yaratmaz, emülsiyon stabilitesi ve hafif yumuşatıcı etki sağlar. 💡 Normal cilt bakımında güvenle kullanılabilir.",caution,"Hassas ciltlerde, özellikle rozasea ve egzamada, etoksillenmiş bileşenler tahrişe neden olabilir. Cilt bariyerini zayıflatma potansiyeli vardır. 💡 Hassas ciltlerde düşük konsantrasyonlu ürünler tercih edilmeli, yama testi yapılmalıdır.",beneficial,Olgun ciltlerde nemlendirici ve yumuşatıcı etkisiyle ince çizgilerin görünümünü azaltabilir. Bariyer desteği sağlar. 💡 Olgun ciltler için nemlendirici kremlerde kullanılabilir.,beneficial,"Hamilelikte güvenli kabul edilir, sistemik emilimi düşüktür ve teratojenik risk taşımaz. 💡 Hamilelikte rahatlıkla kullanılabilir.",-1.0,caution,"Akneye meyilli ciltlerde komedojenik olabilir, gözenekleri tıkayarak siyah nokta ve sivilce oluşumunu tetikleyebilir. 💡 Akneli ciltlerde komedojenik olmayan alternatifler tercih edilmelidir."
Cetearyl Alcohol,cetearylalcohol,3.0,0.0,1.0,1.0,2.0,2.0,3.0,Dry and dehydrated skin|Anyone,,manual_v2,2035,Yağlı Alkol (Yumuşatıcı),Yağlı Alkol (Yumuşatıcı),"Cetearyl Alcohol, setil ve stearil alkol karışımı olup, kozmetikte yumuşatıcı ve emülgatör olarak kullanılır. Ciltte pürüzsüz bir his bırakır ve bariyeri güçlendirir.",beneficial,"Kuru ciltlerde bariyer onarımına yardımcı olur, su kaybını azaltır ve yumuşatıcı etki sağlar. Egzama gibi durumlarda tahrişi yatıştırır. 💡 Kuru ve egzamalı ciltler için yoğun nemlendiricilerde idealdir.",neutral,"Yağlı ciltlerde hafif komedojenik olabilir ancak genellikle düşük konsantrasyonlarda sorun yaratmaz. Sebum üretimini etkilemez. 💡 Yağlı ciltlerde hafif formüllerde kullanılabilir, aşırı yağlı ürünlerden kaçının.",beneficial,"Karma ciltlerde kuru bölgelere nem sağlarken, T-bölgede hafif tıkayıcı olabilir. Dengeleyici etkisi vardır. 💡 Karma ciltler için uygun, ancak T-bölgede yoğun kullanımdan kaçının.",beneficial,Normal ciltlerde yumuşatıcı ve bariyer destekleyici olarak faydalıdır. 💡 Normal cilt bakımında güvenle kullanılabilir.,beneficial,"Hassas ciltlerde, özellikle rozasea ve egzamada, yatıştırıcı ve bariyer onarıcı etkisiyle faydalıdır. Tahriş riski düşüktür. 💡 Hassas ciltler için nemlendiricilerde güvenle kullanılabilir.",beneficial,"Olgun ciltlerde bariyeri güçlendirir, nem kaybını önler ve ince çizgilerin görünümünü azaltır. 💡 Olgun ciltler için nemlendirici kremlerde idealdir.",beneficial,"Hamilelikte güvenli kabul edilir, sistemik emilimi yok denecek kadar azdır. 💡 Hamilelikte rahatlıkla kullanılabilir.",-1.0,caution,Akneye meyilli ciltlerde komedojenik potansiyeli nedeniyle gözenekleri tıkayabilir ve sivilce oluşumunu tetikleyebilir. 💡 Akneli ciltlerde komedojenik olmayan alternatifler tercih edilmelidir.
Cetearyl Ethylhexanoate,cetearylethylhexanoate,2.0,-1.0,0.0,1.0,-1.0,2.0,2.0,,,top1000,70,Cilt Bakım Bileşeni,Cilt Bakım Bileşeni,"Cetearyl Ethylhexanoate, sentetik bir ester olup ciltte yumuşatıcı ve kayganlaştırıcı etki sağlar. Hafif bir his bırakır ve diğer bileşenlerin penetrasyonunu artırabilir.",beneficial,"Kuru ciltlerde nemlendirici ve yumuşatıcı etki gösterir, bariyeri destekler. Pullanmayı azaltır. 💡 Kuru ciltler için nemlendirici ürünlerde kullanılabilir.",caution,"Yağlı ciltlerde komedojenik olabilir, gözenekleri tıkayarak siyah nokta oluşumuna katkıda bulunabilir. 💡 Yağlı ciltlerde düşük konsantrasyonlu ürünler tercih edilmeli veya kaçınılmalıdır.",neutral,"Karma ciltlerde T-bölgede tıkayıcı olabilir ancak yanaklarda nemlendirici etki sağlar. Dengeleyici değildir. 💡 Karma ciltlerde T-bölgeden kaçınılmalı, sadece kuru bölgelere uygulanmalıdır.",beneficial,"Normal ciltlerde yumuşatıcı olarak faydalıdır, herhangi bir sorun yaratmaz. 💡 Normal cilt bakımında güvenle kullanılabilir.",caution,"Hassas ciltlerde, özellikle rozasea ve egzamada, tahrişe neden olabilir. Penetrasyon artırıcı etkisi diğer tahriş edicilerin emilimini kolaylaştırabilir. 💡 Hassas ciltlerde yama testi yapılmalı, tahriş durumunda kullanılmamalıdır.",beneficial,"Olgun ciltlerde yumuşatıcı etkisiyle ince çizgilerin görünümünü azaltabilir, bariyeri destekler. 💡 Olgun ciltler için nemlendirici kremlerde kullanılabilir.",beneficial,"Hamilelikte güvenli kabul edilir, sistemik emilimi düşüktür. 💡 Hamilelikte rahatlıkla kullanılabilir.",-2.0,caution,"Akneye meyilli ciltlerde komedojenik potansiyeli yüksektir, gözenekleri tıkayarak sivilce oluşumunu tetikleyebilir. 💡 Akneli ciltlerde kesinlikle kaçınılmalı, komedojenik olmayan alternatifler tercih edilmelidir."
Cetearyl Glucoside,cetearylglucoside,2.0,1.0,2.0,1.0,3.0,2.0,3.0,Anyone,,top1000,146,Yüzey Aktif Madde (Nazik),Yüzey Aktif Madde (Nazik),"Cetearyl Glucoside, glikoz ve yağ alkolünden elde edilen non-iyonik bir yüzey aktif maddedir. Nazik temizlik ve emülsiyon stabilizasyonu sağlar, ciltte yumuşak bir his bırakır.",beneficial,"Kuru ciltlerde nazik temizlik sağlar, bariyeri korur ve nem kaybını azaltır. Egzama gibi durumlarda tahriş etmez. 💡 Kuru ciltler için temizleyicilerde idealdir.",beneficial,"Yağlı ciltlerde fazla sebumu nazikçe temizler, gözenekleri tıkamaz. Komedojenik değildir. 💡 Yağlı ciltler için günlük temizleyicilerde kullanılabilir.",beneficial,"Karma ciltlerde dengeleyici etki gösterir, hem yağlı hem kuru bölgelere uyum sağlar. 💡 Karma ciltler için ideal bir temizleyici bileşendir.",beneficial,"Normal ciltlerde nazik temizlik sağlar, herhangi bir sorun yaratmaz. 💡 Normal cilt bakımında güvenle kullanılabilir.",beneficial,"Hassas ciltlerde, rozasea ve egzamada, çok nazik bir temizleyicidir. Tahriş riski minimaldir, bariyeri korur. 💡 Hassas ciltler için temizleyicilerde ilk tercih edilmelidir.",beneficial,"Olgun ciltlerde nazik temizlik sağlar, bariyeri destekler ve kuruluk yapmaz. 💡 Olgun ciltler için temizleyicilerde idealdir.",beneficial,"Hamilelikte güvenli kabul edilir, doğal kaynaklıdır ve sistemik emilimi yoktur. 💡 Hamilelikte rahatlıkla kullanılabilir.",2.0,beneficial,"Akneye meyilli ciltlerde komedojenik değildir, gözenekleri tıkamaz. Nazik temizlikle fazla sebumu uzaklaştırır. 💡 Akneli ciltler için günlük temizleyicilerde güvenle kullanılabilir."
Cetearyl Isononanoate,cetearylisononanoate,2.0,-1.0,0.0,1.0,-1.0,2.0,2.0,,,top1000,60,Cilt Bakım Bileşeni,Cilt Bakım Bileşeni,"Cetearyl Isononanoate, sentetik bir ester olup ciltte yumuşatıcı ve kayganlaştırıcı etki sağlar. Hafif bir his bırakır ve diğer bileşenlerin yayılmasını kolaylaştırır.",beneficial,"Kuru ciltlerde nemlendirici ve yumuşatıcı etki gösterir, bariyeri destekler. Pullanmayı azaltır. 💡 Kuru ciltler için nemlendirici ürünlerde kullanılabilir.",caution,"Yağlı ciltlerde komedojenik olabilir, gözenekleri tıkayarak siyah nokta oluşumuna katkıda bulunabilir. 💡 Yağlı ciltlerde düşük konsantrasyonlu ürünler tercih edilmeli veya kaçınılmalıdır.",neutral,"Karma ciltlerde T-bölgede tıkayıcı olabilir ancak yanaklarda nemlendirici etki sağlar. Dengeleyici değildir. 💡 Karma ciltlerde T-bölgeden kaçınılmalı, sadece kuru bölgelere uygulanmalıdır.",beneficial,"Normal ciltlerde yumuşatıcı olarak faydalıdır, herhangi bir sorun yaratmaz. 💡 Normal cilt bakımında güvenle kullanılabilir.",caution,"Hassas ciltlerde, özellikle rozasea ve egzamada, tahrişe neden olabilir. Penetrasyon artırıcı etkisi diğer tahriş edicilerin emilimini kolaylaştırabilir. 💡 Hassas ciltlerde yama testi yapılmalı, tahriş durumunda kullanılmamalıdır.",beneficial,"Olgun ciltlerde yumuşatıcı etkisiyle ince çizgilerin görünümünü azaltabilir, bariyeri destekler. 💡 Olgun ciltler için nemlendirici kremlerde kullanılabilir.",beneficial,"Hamilelikte güvenli kabul edilir, sistemik emilimi düşüktür. 💡 Hamilelikte rahatlıkla kullanılabilir.",-2.0,caution,"Akneye meyilli ciltlerde komedojenik potansiyeli yüksektir, gözenekleri tıkayarak sivilce oluşumunu tetikleyebilir. 💡 Akneli ciltlerde kesinlikle kaçınılmalı, komedojenik olmayan alternatifler tercih edilmelidir."
Cetearyl Olivate,cetearylolivate,3.0,0.0,1.0,1.0,2.0,2.0,3.0,,,top1000,68,Cilt Bakım Bileşeni,Cilt Bakım Bileşeni,"Cetearyl Olivate, zeytinyağından türetilen bir emülgatör ve yumuşatıcıdır. Su ve yağ fazlarını stabilize ederek krem ve losyonlarda pürüzsüz bir doku sağlar. Aynı zamanda cilt bariyerini destekleyici ve nemlendirici özellikleriyle bilinir.",beneficial,"Cetearyl Olivate, cilt bariyerini onarmaya yardımcı olan lipit yapısı sayesinde kuru ciltlerde nem kaybını azaltır ve yumuşatıcı etki gösterir. Pullanma ve sıkılık hissini hafifletir. 💡 Kuru ciltler için nemlendirici kremlerde tercih edin. Günde iki kez uygulayın.",neutral,"Yağlı ciltlerde komedojenik değildir ancak aşırı yağlı his bırakabilir. Sebum kontrolüne doğrudan katkısı yoktur. 💡 Hafif formüllerde kullanıldığında sorun yaratmaz, ancak yağsız ürünler tercih edin.",beneficial,"Karma ciltlerde kuru bölgelere nem sağlarken yağlı bölgelerde ağırlık yapmaz. Dengeli bir nemlendirme sunar. 💡 Karma ciltler için uygun, T-bölgesine az miktarda uygulayın.",beneficial,Normal ciltlerde nem dengesini korur ve bariyer fonksiyonunu destekler. Herhangi bir tahrişe yol açmaz. 💡 Günlük nemlendirici olarak kullanılabilir.,beneficial,Hassas ciltlerde yatıştırıcı ve bariyer onarıcı etkisi sayesinde kızarıklık ve tahrişi azaltır. Egzama ve rozasea için uygundur. 💡 Hassas ciltler için özel olarak formüle edilmiş ürünlerde arayın.,beneficial,Olgun ciltlerde bariyer desteği ve nemlendirme ile ince çizgilerin görünümünü azaltır. Kolajen üretimini doğrudan uyarmaz ancak cilt sağlığını destekler. 💡 Anti-aging rutinlerde nemlendirici olarak kullanın.,beneficial,"Hamilelikte güvenli kabul edilir, sistemik emilimi düşüktür ve teratojenik risk taşımaz. 💡 Hamilelikte rahatlıkla kullanılabilir.",0.0,neutral,Komedojenik değildir ancak akne tedavisine doğrudan katkısı yoktur. Yağlı his bırakırsa gözenekleri tıkayabilir. 💡 Non-komedojenik etiketli ürünlerde kullanın.
Ceteth-20,ceteth20,-1.0,0.0,0.0,0.0,-2.0,-1.0,0.0,,,top1000,55,Cilt Bakım Bileşeni,Cilt Bakım Bileşeni,"Ceteth-20, polietilen glikol (PEG) bazlı bir emülgatör ve yüzey aktif maddedir. Su ve yağ fazlarını birleştirerek ürün stabilitesini sağlar. Hafif temizleyici özellikleri vardır.",caution,"Ceteth-20, cildin doğal yağlarını sıyırabilir ve kuru ciltlerde bariyer hasarını artırabilir. Uzun süreli kullanımda kuruluk ve pullanmaya yol açabilir. 💡 Kuru ciltlerde yıkama ürünlerinde kullanmaktan kaçının; nemlendirici ile kombine edin.",neutral,"Yağlı ciltlerde hafif temizleyici olarak işlev görebilir ancak aşırı kurutma potansiyeli sebum üretimini artırabilir. 💡 Yağlı ciltler için uygun, ancak sık kullanımda dengeyi koruyun.",neutral,"Karma ciltlerde kuru bölgeleri daha da kurutabilir, yağlı bölgelerde ise sorun yaratmaz. Dikkatli kullanılmalıdır. 💡 Sadece yağlı bölgelere uygulayın veya seyreltilmiş formda kullanın.",neutral,"Normal ciltlerde genellikle tolere edilir ancak uzun vadede kuruluk yapabilir. 💡 Ara sıra kullanım uygundur, günlük kullanım önerilmez.",caution,"Hassas ciltlerde tahrişe, kızarıklığa ve yanmaya neden olabilir. Bariyeri zayıflatarak rozasea ve egzamayı kötüleştirebilir. 💡 Hassas ciltlerde kullanmaktan kaçının; alternatif nazik temizleyiciler tercih edin.",caution,Olgun ciltlerde bariyer zaten zayıf olduğundan Ceteth-20 kuruluğu artırabilir ve ince çizgileri belirginleştirebilir. 💡 Olgun ciltlerde kullanmaktan kaçının; daha nazik emülgatörler tercih edin.,neutral,"Hamilelikte güvenli kabul edilir, düşük sistemik emilim ve teratojenik risk yoktur. 💡 Hamilelikte kullanılabilir ancak hassasiyet durumunda dikkatli olun.",0.0,neutral,"Akneye meyilli ciltlerde komedojenik değildir ancak aşırı kurutma akne tedavisini olumsuz etkileyebilir. 💡 Hafif temizleyici olarak kullanılabilir, ancak nemlendirici ile destekleyin."
Ceteth-24,ceteth24,-1.0,0.0,0.0,0.0,-2.0,-1.0,0.0,,,manual_v2,0,Emülgatör,Emülgatör,"Ceteth-24, PEG-24 setil eter olarak da bilinen bir emülgatör ve yumuşatıcıdır. Su ve yağ fazlarını stabilize eder, krem ve losyonlarda pürüzsüz doku sağlar. Hafif temizleyici özellikleri vardır.",caution,"Ceteth-24, cildin doğal yağlarını sıyırabilir ve kuru ciltlerde bariyer hasarını artırabilir. Uzun süreli kullanımda kuruluk ve pullanmaya yol açabilir. 💡 Kuru ciltlerde yıkama ürünlerinde kullanmaktan kaçının; nemlendirici ile kombine edin.",neutral,"Yağlı ciltlerde hafif temizleyici olarak işlev görebilir ancak aşırı kurutma potansiyeli sebum üretimini artırabilir. 💡 Yağlı ciltler için uygun, ancak sık kullanımda dengeyi koruyun.",neutral,"Karma ciltlerde kuru bölgeleri daha da kurutabilir, yağlı bölgelerde ise sorun yaratmaz. Dikkatli kullanılmalıdır. 💡 Sadece yağlı bölgelere uygulayın veya seyreltilmiş formda kullanın.",neutral,"Normal ciltlerde genellikle tolere edilir ancak uzun vadede kuruluk yapabilir. 💡 Ara sıra kullanım uygundur, günlük kullanım önerilmez.",caution,"Hassas ciltlerde tahrişe, kızarıklığa ve yanmaya neden olabilir. Bariyeri zayıflatarak rozasea ve egzamayı kötüleştirebilir. 💡 Hassas ciltlerde kullanmaktan kaçının; alternatif nazik emülgatörler tercih edin.",caution,Olgun ciltlerde bariyer zaten zayıf olduğundan Ceteth-24 kuruluğu artırabilir ve ince çizgileri belirginleştirebilir. 💡 Olgun ciltlerde kullanmaktan kaçının; daha nazik emülgatörler tercih edin.,neutral,"Hamilelikte güvenli kabul edilir, düşük sistemik emilim ve teratojenik risk yoktur. 💡 Hamilelikte kullanılabilir ancak hassasiyet durumunda dikkatli olun.",0.0,neutral,"Akneye meyilli ciltlerde komedojenik değildir ancak aşırı kurutma akne tedavisini olumsuz etkileyebilir. 💡 Hafif temizleyici olarak kullanılabilir, ancak nemlendirici ile destekleyin."
Cetrimonium Bromide,cetrimoniumbromide,-2.0,0.0,-1.0,0.0,-3.0,-2.0,0.0,,,top1000,30,Cilt Bakım Bileşeni,Cilt Bakım Bileşeni,"Cetrimonium Bromide, kuaterner amonyum bileşiği olan bir katyonik yüzey aktif maddedir. Antimikrobiyal ve antistatik özellikleri sayesinde saç kremlerinde ve cilt temizleyicilerinde kullanılır. Yüksek konsantrasyonlarda tahriş edici olabilir.",caution,"Cetrimonium Bromide, cildin doğal yağlarını sıyırarak kuru ciltlerde bariyer hasarını artırır ve kuruluğu şiddetlendirir. Pullanma ve sıkılık hissine yol açabilir. 💡 Kuru ciltlerde kullanmaktan kaçının; nemlendirici ile bile tahriş riski yüksektir.",neutral,"Yağlı ciltlerde hafif temizleyici olarak işlev görebilir ancak aşırı kurutma potansiyeli sebum üretimini artırabilir. 💡 Yağlı ciltler için uygun, ancak sık kullanımda dengeyi koruyun.",caution,"Karma ciltlerde kuru bölgeleri daha da kurutabilir, yağlı bölgelerde ise sorun yaratmaz. Dikkatli kullanılmalıdır. 💡 Sadece yağlı bölgelere uygulayın veya seyreltilmiş formda kullanın.",neutral,"Normal ciltlerde genellikle tolere edilir ancak uzun vadede kuruluk yapabilir. 💡 Ara sıra kullanım uygundur, günlük kullanım önerilmez.",caution,"Hassas ciltlerde güçlü tahrişe, kızarıklığa, yanmaya ve kontakt dermatite neden olabilir. Rozasea ve egzamayı şiddetlendirir. 💡 Hassas ciltlerde kesinlikle kullanmayın; alternatif nazik temizleyiciler tercih edin.",caution,Olgun ciltlerde bariyer zaten zayıf olduğundan Cetrimonium Bromide kuruluğu ve tahrişi artırarak ince çizgileri belirginleştirir. 💡 Olgun ciltlerde kullanmaktan kaçının; daha nazik temizleyiciler tercih edin.,neutral,"Hamilelikte güvenli kabul edilir, düşük sistemik emilim ve teratojenik risk yoktur. 💡 Hamilelikte kullanılabilir ancak hassasiyet durumunda dikkatli olun.",-1.0,caution,Akneye meyilli ciltlerde antimikrobiyal etkisi faydalı olabilir ancak aşırı kurutma ve tahriş akneyi kötüleştirebilir. 💡 Düşük konsantrasyonlu ürünlerde kullanın ve nemlendirici ile destekleyin.
Cetrimonium Chloride,cetrimoniumchloride,-2.0,0.0,-1.0,0.0,-3.0,-2.0,0.0,,,top1000,409,Cilt Bakım Bileşeni,Cilt Bakım Bileşeni,"Cetrimonium Chloride, kuaterner amonyum bileşiği olan bir katyonik yüzey aktif maddedir. Antimikrobiyal ve antistatik özellikleri sayesinde saç kremlerinde ve cilt temizleyicilerinde kullanılır. Yüksek konsantrasyonlarda tahriş edici olabilir.",caution,"Cetrimonium Chloride, cildin doğal yağlarını sıyırarak kuru ciltlerde bariyer hasarını artırır ve kuruluğu şiddetlendirir. Pullanma ve sıkılık hissine yol açabilir. 💡 Kuru ciltlerde kullanmaktan kaçının; nemlendirici ile bile tahriş riski yüksektir.",neutral,"Yağlı ciltlerde hafif temizleyici olarak işlev görebilir ancak aşırı kurutma potansiyeli sebum üretimini artırabilir. 💡 Yağlı ciltler için uygun, ancak sık kullanımda dengeyi koruyun.",caution,"Karma ciltlerde kuru bölgeleri daha da kurutabilir, yağlı bölgelerde ise sorun yaratmaz. Dikkatli kullanılmalıdır. 💡 Sadece yağlı bölgelere uygulayın veya seyreltilmiş formda kullanın.",neutral,"Normal ciltlerde genellikle tolere edilir ancak uzun vadede kuruluk yapabilir. 💡 Ara sıra kullanım uygundur, günlük kullanım önerilmez.",caution,"Hassas ciltlerde güçlü tahrişe, kızarıklığa, yanmaya ve kontakt dermatite neden olabilir. Rozasea ve egzamayı şiddetlendirir. 💡 Hassas ciltlerde kesinlikle kullanmayın; alternatif nazik temizleyiciler tercih edin.",caution,Olgun ciltlerde bariyer zaten zayıf olduğundan Cetrimonium Chloride kuruluğu ve tahrişi artırarak ince çizgileri belirginleştirir. 💡 Olgun ciltlerde kullanmaktan kaçının; daha nazik temizleyiciler tercih edin.,neutral,"Hamilelikte güvenli kabul edilir, düşük sistemik emilim ve teratojenik risk yoktur. 💡 Hamilelikte kullanılabilir ancak hassasiyet durumunda dikkatli olun.",-1.0,caution,Akneye meyilli ciltlerde antimikrobiyal etkisi faydalı olabilir ancak aşırı kurutma ve tahriş akneyi kötüleştirebilir. 💡 Düşük konsantrasyonlu ürünlerde kullanın ve nemlendirici ile destekleyin.
Cetyl Alcohol,cetylalcohol,3.0,0.0,2.0,2.0,2.0,3.0,3.0,Dry and dehydrated skin|Anyone,,manual_v2,1113,Yağlı Alkol (Yumuşatıcı),Yağlı Alkol (Yumuşatıcı),"Cetyl Alcohol, palmiye veya hindistancevizi yağından elde edilen bir yağlı alkoldür. Kozmetikte emülgatör, kıvam artırıcı ve yumuşatıcı olarak kullanılır. Cilde pürüzsüz bir his verir ve formülasyonlarda stabilite sağlar.",beneficial,"Cetyl Alcohol, kuru ciltlerde bariyer onarımına yardımcı olan bir yumuşatıcıdır. Lipid tabakayı güçlendirir, transepidermal su kaybını azaltır ve pullanmayı önler. Egzama gibi durumlarda tahrişi yatıştırıcı etkisi vardır. 💡 Kuru ciltler için zengin nemlendiricilerde tercih edin. Günlük kullanım için uygundur.",neutral,"Cetyl Alcohol, hafif komedojenik potansiyele sahip olabilir ancak genellikle yağlı ciltlerde sorun yaratmaz. Sebum üretimini artırmaz, ancak aşırı kullanımda gözenek tıkanmasına neden olabilir. 💡 Yağlı ciltlerde düşük konsantrasyonlu ürünler tercih edin. Komedojenik olmayan formülasyonları seçin.",beneficial,Karma ciltlerde kuru bölgelere nem sağlarken yağlı bölgelerde ağırlık yapmaz. Dengeli bir yumuşatıcıdır ve cilt bariyerini destekler. 💡 Karma ciltler için hafif nemlendiricilerde kullanılabilir. T-bölgesinden kaçının.,beneficial,Normal ciltlerde cilt bariyerini korur ve nem dengesini sağlar. Tahriş edici değildir ve günlük bakımda güvenle kullanılabilir. 💡 Normal cilt bakım rutininde herhangi bir sorun yaratmaz. Nemlendirici olarak kullanılabilir.,beneficial,"Cetyl Alcohol, hassas ciltlerde genellikle iyi tolere edilir. Yatıştırıcı ve bariyer onarıcı özellikleri sayesinde rozasea ve egzama gibi durumlarda tahrişi azaltabilir. 💡 Hassas ciltler için uygundur, ancak yine de yama testi yapılması önerilir.",beneficial,"Olgun ciltlerde bariyer onarımı ve nemlendirme kritiktir. Cetyl Alcohol, lipid tabakayı güçlendirerek ince çizgilerin görünümünü azaltır ve cilt elastikiyetini destekler. 💡 Olgun ciltler için zengin nemlendiricilerde kullanın. Retinol gibi aktiflerle kombine edilebilir.",beneficial,"Cetyl Alcohol, hamilelikte güvenli kabul edilir. Sistemik emilimi düşüktür ve teratojenik risk taşımaz. Topikal kullanımı sorunsuzdur. 💡 Hamilelikte güvenle kullanılabilir. Herhangi bir kısıtlama yoktur.",-1.0,caution,"Cetyl Alcohol, düşük komedojenik potansiyele sahiptir (genellikle 2/5). Akneye meyilli ciltlerde bazı bireylerde gözenek tıkanmasına ve siyah nokta oluşumuna yol açabilir. Ancak çoğu akne hastası için sorun teşkil etmez. 💡 Akneye meyilli ciltlerde dikkatli kullanın. Komedojenik olmayan ürünleri tercih edin."
Cetyl Dimethicone,cetyldimethicone,2.0,0.0,1.0,1.0,2.0,2.0,3.0,Texture,,top1000,28,Silikon,Silikon,"Cetyl Dimethicone, dimetikon türevi bir silikondur. Ciltte ince, nefes alabilen bir film oluşturarak su kaybını önler ve pürüzsüz bir his sağlar. Kozmetikte yumuşatıcı ve kayganlaştırıcı olarak kullanılır.",beneficial,"Cetyl Dimethicone, kuru ciltlerde nemi hapsederek transepidermal su kaybını azaltır. Bariyer onarımına yardımcı olur ve pullanmayı önler. Ancak tek başına nemlendirici değildir, oklüzif olarak çalışır. 💡 Kuru ciltlerde nemlendirici altında kullanılabilir. Hyaluronik asit gibi nemlendiricilerle kombine edin.",neutral,"Cetyl Dimethicone, yağlı ciltlerde ağırlık yapmaz ve komedojenik değildir. Sebum üretimini etkilemez, ancak bazı kullanıcılar silikon hissinden rahatsız olabilir. 💡 Yağlı ciltlerde hafif bir nemlendirici olarak kullanılabilir. Gözenek tıkamaz.",beneficial,Karma ciltlerde kuru bölgelere nem hapsederken yağlı bölgelerde hafif kalır. Dengeli bir oklüzif etki sağlar. 💡 Karma ciltler için uygundur. T-bölgesinde aşırı kullanımdan kaçının.,neutral,Normal ciltlerde ekstra bir fayda sağlamaz ancak ciltte pürüzsüz bir his bırakır. Tahriş edici değildir. 💡 Normal ciltlerde isteğe bağlı olarak kullanılabilir.,beneficial,"Cetyl Dimethicone, hassas ciltlerde genellikle iyi tolere edilir. Tahriş edici değildir ve rozasea gibi durumlarda yatıştırıcı olabilir. Ancak bazı bireylerde silikon alerjisi nadiren görülebilir. 💡 Hassas ciltler için güvenlidir. Yama testi önerilir.",beneficial,Olgun ciltlerde ince çizgilerin görünümünü geçici olarak doldurur ve cilde pürüzsüz bir görünüm kazandırır. Nem kaybını önleyerek bariyeri destekler. 💡 Olgun ciltlerde makyaj bazı olarak kullanılabilir. Retinol gibi aktiflerle birlikte kullanıma uygundur.,beneficial,"Cetyl Dimethicone, hamilelikte güvenli kabul edilir. Topikal kullanımda sistemik emilimi ihmal edilebilir düzeydedir ve teratojenik risk taşımaz. 💡 Hamilelikte güvenle kullanılabilir.",2.0,beneficial,"Cetyl Dimethicone, komedojenik değildir ve akneye meyilli ciltlerde gözenek tıkamaz. Hafif yapısı sayesinde akne tedavileriyle birlikte kullanılabilir. 💡 Akne tedavisinde güvenle kullanılabilir. Salisilik asit veya benzoil peroksit ile kombine edilebilir."
Cetyl Esters,cetylesters,3.0,-1.0,1.0,2.0,2.0,3.0,3.0,,,top1000,152,Cilt Bakım Bileşeni,Cilt Bakım Bileşeni,"Cetyl Esters, sentetik bir mum esteridir. Ciltte yumuşatıcı ve nemlendirici olarak görev yapar, ayrıca formülasyonlarda kıvam artırıcı olarak kullanılır. Doğal mumlara benzer özellikler taşır.",beneficial,"Cetyl Esters, kuru ciltlerde lipid bariyeri güçlendirir ve nemi hapseder. Pullanmayı azaltır ve cildi yumuşatır. Egzama gibi durumlarda tahrişi yatıştırıcı etkisi vardır. 💡 Kuru ciltler için zengin nemlendiricilerde tercih edin. Günlük kullanım için uygundur.",caution,"Cetyl Esters, orta derecede komedojenik potansiyele sahip olabilir (2-3/5). Yağlı ciltlerde gözenek tıkanmasına ve siyah nokta oluşumuna yol açabilir. Sebum üretimini artırmaz ancak ağır hissedilebilir. 💡 Yağlı ciltlerde düşük konsantrasyonlu ürünler tercih edin. Komedojenik olmayan alternatifleri değerlendirin.",neutral,Karma ciltlerde kuru bölgelere fayda sağlarken yağlı bölgelerde hafif tıkanıklığa neden olabilir. Dengeli kullanım gerektirir. 💡 Karma ciltlerde sadece kuru bölgelere uygulayın. T-bölgesinden kaçının.,beneficial,Normal ciltlerde cilt bariyerini destekler ve nem dengesini korur. Tahriş edici değildir ve günlük bakımda güvenle kullanılabilir. 💡 Normal cilt bakım rutininde sorunsuz kullanılabilir.,beneficial,"Cetyl Esters, hassas ciltlerde genellikle iyi tolere edilir. Yatıştırıcı ve bariyer onarıcı özellikleri sayesinde rozasea ve egzama gibi durumlarda faydalı olabilir. 💡 Hassas ciltler için uygundur. Yama testi önerilir.",beneficial,"Olgun ciltlerde bariyer onarımı ve nemlendirme kritiktir. Cetyl Esters, lipid tabakayı güçlendirerek ince çizgilerin görünümünü azaltır ve cilt elastikiyetini destekler. 💡 Olgun ciltler için zengin nemlendiricilerde kullanın. Retinol gibi aktiflerle kombine edilebilir.",beneficial,"Cetyl Esters, hamilelikte güvenli kabul edilir. Topikal kullanımda sistemik emilimi düşüktür ve teratojenik risk taşımaz. 💡 Hamilelikte güvenle kullanılabilir.",-2.0,caution,"Cetyl Esters, komedojenik potansiyeli nedeniyle akneye meyilli ciltlerde gözenek tıkanmasına ve akne oluşumuna yol açabilir. Özellikle siyah nokta ve beyaz nokta eğilimini artırabilir. 💡 Akneye meyilli ciltlerde kaçının. Non-komedojenik alternatifler tercih edin."
Cetyl Ethylhexanoate,cetylethylhexanoate,3.0,-1.0,1.0,2.0,2.0,3.0,3.0,,,top1000,32,Cilt Bakım Bileşeni,Cilt Bakım Bileşeni,"Cetyl Ethylhexanoate, sentetik bir esterdir. Ciltte yumuşatıcı ve nemlendirici olarak görev yapar, ayrıca formülasyonlarda kıvam artırıcı olarak kullanılır. Hafif ve kaygan bir his bırakır.",beneficial,"Cetyl Ethylhexanoate, kuru ciltlerde lipid bariyeri güçlendirir ve nemi hapseder. Pullanmayı azaltır ve cildi yumuşatır. Egzama gibi durumlarda tahrişi yatıştırıcı etkisi vardır. 💡 Kuru ciltler için zengin nemlendiricilerde tercih edin. Günlük kullanım için uygundur.",caution,"Cetyl Ethylhexanoate, orta derecede komedojenik potansiyele sahip olabilir (2-3/5). Yağlı ciltlerde gözenek tıkanmasına ve siyah nokta oluşumuna yol açabilir. Sebum üretimini artırmaz ancak ağır hissedilebilir. 💡 Yağlı ciltlerde düşük konsantrasyonlu ürünler tercih edin. Komedojenik olmayan alternatifleri değerlendirin.",neutral,Karma ciltlerde kuru bölgelere fayda sağlarken yağlı bölgelerde hafif tıkanıklığa neden olabilir. Dengeli kullanım gerektirir. 💡 Karma ciltlerde sadece kuru bölgelere uygulayın. T-bölgesinden kaçının.,beneficial,Normal ciltlerde cilt bariyerini destekler ve nem dengesini korur. Tahriş edici değildir ve günlük bakımda güvenle kullanılabilir. 💡 Normal cilt bakım rutininde sorunsuz kullanılabilir.,beneficial,"Cetyl Ethylhexanoate, hassas ciltlerde genellikle iyi tolere edilir. Yatıştırıcı ve bariyer onarıcı özellikleri sayesinde rozasea ve egzama gibi durumlarda faydalı olabilir. 💡 Hassas ciltler için uygundur. Yama testi önerilir.",beneficial,"Olgun ciltlerde bariyer onarımı ve nemlendirme kritiktir. Cetyl Ethylhexanoate, lipid tabakayı güçlendirerek ince çizgilerin görünümünü azaltır ve cilt elastikiyetini destekler. 💡 Olgun ciltler için zengin nemlendiricilerde kullanın. Retinol gibi aktiflerle kombine edilebilir.",beneficial,"Cetyl Ethylhexanoate, hamilelikte güvenli kabul edilir. Topikal kullanımda sistemik emilimi düşüktür ve teratojenik risk taşımaz. 💡 Hamilelikte güvenle kullanılabilir.",-2.0,caution,"Cetyl Ethylhexanoate, komedojenik potansiyeli nedeniyle akneye meyilli ciltlerde gözenek tıkanmasına ve akne oluşumuna yol açabilir. Özellikle siyah nokta ve beyaz nokta eğilimini artırabilir. 💡 Akneye meyilli ciltlerde kaçının. Non-komedojenik alternatifler tercih edin."
Cetyl PEG/PPG-10/1 Dimethicone,cetylpegppg101dimethicone,2.0,2.0,2.0,1.0,2.0,2.0,3.0,,,manual_v2,0,Emülgatör (Silikon Bazlı),Emülgatör (Silikon Bazlı),"Cetyl PEG/PPG-10/1 Dimethicone, silikon bazlı bir emülgatördür. Su ve yağ fazlarını birleştirerek stabil emülsiyonlar oluşturur. Ciltte hafif bir his bırakır ve formülasyonların yayılmasını kolaylaştırır.",beneficial,"Cetyl PEG/PPG-10/1 Dimethicone, kuru ciltlerde nemlendirici formülasyonların stabilitesini artırır ve ciltte pürüzsüz bir his bırakır. Bariyer onarımına dolaylı olarak katkıda bulunur. 💡 Kuru ciltler için nemlendirici kremlerde kullanılabilir. Doğrudan nemlendirici etkisi yoktur.",beneficial,"Cetyl PEG/PPG-10/1 Dimethicone, yağlı ciltlerde ağırlık yapmaz ve komedojenik değildir. Hafif yapısı sayesinde yağlı ciltler için uygun emülsiyonlar oluşturur. 💡 Yağlı ciltler için hafif losyonlarda tercih edilebilir.",beneficial,Karma ciltlerde dengeli bir emülgatör olarak çalışır. Hem kuru hem yağlı bölgelerde sorun yaratmaz. 💡 Karma ciltler için uygundur.,neutral,Normal ciltlerde ekstra bir fayda sağlamaz ancak formülasyon stabilitesine katkıda bulunur. Tahriş edici değildir. 💡 Normal ciltlerde sorunsuz kullanılabilir.,beneficial,"Cetyl PEG/PPG-10/1 Dimethicone, hassas ciltlerde genellikle iyi tolere edilir. Tahriş edici değildir ve rozasea gibi durumlarda yatıştırıcı olabilir. 💡 Hassas ciltler için güvenlidir. Yama testi önerilir.",beneficial,Olgun ciltlerde formülasyon stabilitesini artırır ve ciltte pürüzsüz bir his bırakır. Doğrudan yaşlanma karşıtı etkisi yoktur ancak diğer aktiflerin etkinliğini destekler. 💡 Olgun cilt bakım ürünlerinde kullanılabilir.,beneficial,"Cetyl PEG/PPG-10/1 Dimethicone, hamilelikte güvenli kabul edilir. Topikal kullanımda sistemik emilimi düşüktür ve teratojenik risk taşımaz. 💡 Hamilelikte güvenle kullanılabilir.",2.0,beneficial,"Cetyl PEG/PPG-10/1 Dimethicone, komedojenik değildir ve akneye meyilli ciltlerde gözenek tıkamaz. Hafif yapısı sayesinde akne tedavileriyle birlikte kullanılabilir. 💡 Akne tedavisinde güvenle kullanılabilir."
Cetyl Palmitate,cetylpalmitate,2.0,-1.0,0.0,1.0,0.0,2.0,3.0,Texture,,top1000,187,Yumuşatıcı Ester,Yumuşatıcı Ester,"Cetyl Palmitate, palmitik asit ve setil alkolden oluşan bir esterdir. Kozmetikte yumuşatıcı ve kıvam artırıcı olarak kullanılır. Cilt üzerinde ince bir film oluşturarak su kaybını azaltır ve pürüzsüz bir his sağlar.",beneficial,"Cetyl Palmitate, kuru ciltlerde bariyeri güçlendirerek transepidermal su kaybını azaltır. Yumuşatıcı özelliği sayesinde pullanma ve sıkılık hissini hafifletir. Ancak çok kuru ciltlerde tek başına yeterli nemlendirme sağlamayabilir. 💡 Kuru ciltler için nemlendirici kremlerde tercih edilebilir, ancak hyaluronik asit gibi nem çekicilerle kombine edilmesi önerilir.",caution,"Cetyl Palmitate, yağlı ciltlerde gözenek tıkama potansiyeline sahiptir. Komedojenik indeksi düşük-orta seviyededir, bu nedenle akneye meyilli yağlı ciltlerde dikkatli kullanılmalıdır. Aşırı sebum üretimini artırmaz ancak yağlı his bırakabilir. 💡 Yağlı ciltlerde hafif formüllerde düşük konsantrasyonda kullanılmalı, komedojenik ürünlerden kaçınılmalıdır.",neutral,"Karma ciltlerde T-bölgede hafif komedojenik etki gösterebilirken, kuru bölgelerde yumuşatıcı olarak fayda sağlar. Genel olarak dengeli bir etki sunar, ancak yağlı bölgelerde dikkatli olunmalıdır. 💡 Karma ciltler için sadece kuru bölgelere uygulanması veya hafif formüllerde tercih edilmesi önerilir.",beneficial,Normal ciltlerde cilt bariyerini destekler ve nem kaybını önler. Yumuşatıcı etkisiyle cildi pürüzsüzleştirir. Genellikle iyi tolere edilir. 💡 Normal cilt bakımında nemlendirici olarak güvenle kullanılabilir.,neutral,"Cetyl Palmitate genellikle hassas ciltlerde tahrişe neden olmaz, ancak bazı kişilerde komedojenik etkiye bağlı olarak hafif reaksiyon görülebilir. Rozasea ve egzamada genellikle güvenlidir. 💡 Hassas ciltlerde yama testi yapılarak kullanılması önerilir.",beneficial,Olgun ciltlerde bariyer onarımına yardımcı olur ve ince çizgilerin görünümünü azaltır. Yumuşatıcı etkisiyle cildi besler ve elastikiyeti destekler. 💡 Olgun ciltler için nemlendirici ve anti-aging ürünlerde kullanılabilir.,beneficial,"Cetyl Palmitate, hamilelikte güvenli kabul edilen bir bileşendir. Sistemik emilimi düşüktür ve teratojenik risk taşımaz. Topikal kullanımı sorunsuzdur. 💡 Hamilelikte güvenle kullanılabilir.",-2.0,caution,"Cetyl Palmitate, akneye meyilli ciltlerde komedojenik potansiyeli nedeniyle siyah nokta ve beyaz nokta oluşumunu tetikleyebilir. Yağlı yapısı gözenekleri tıkayarak akne lezyonlarını artırabilir. 💡 Akneye meyilli ciltlerde kullanılmamalı veya düşük konsantrasyonlu, non-komedojenik ürünler tercih edilmelidir."
Cetylpyridinium Chloride,cetylpyridiniumchloride,-1.0,1.0,0.0,0.0,-2.0,-1.0,-1.0,,,top1000,106,Cilt Bakım Bileşeni,Cilt Bakım Bileşeni,"Cetylpyridinium Chloride, kuaterner amonyum bileşiği olup antimikrobiyal ve antiseptik özelliklere sahiptir. Genellikle ağız bakım ürünlerinde kullanılır, ancak cilt bakımında da koruyucu veya akne tedavisinde yer alabilir.",caution,"Cetylpyridinium Chloride, kuru ciltlerde bariyeri zayıflatabilir ve kuruluğu artırabilir. Antimikrobiyal etkisi cilt florasını bozarak irritasyona yol açabilir. 💡 Kuru ciltlerde kullanılmamalı, nemlendirici ile kombine edilse bile tahriş riski yüksektir.",beneficial,"Yağlı ciltlerde antimikrobiyal etkisi sayesinde akne oluşumuna neden olan bakterileri azaltabilir. Ancak uzun süreli kullanımda cilt florasını bozma riski vardır. 💡 Yağlı ciltlerde akne tedavisinde kısa süreli kullanılabilir, ancak düzenli kullanım önerilmez.",neutral,"Karma ciltlerde T-bölgede antimikrobiyal fayda sağlarken, kuru bölgelerde tahrişe neden olabilir. Dengeli bir etki beklenmez. 💡 Karma ciltlerde sadece yağlı bölgelere uygulanması ve kuru bölgelerden kaçınılması önerilir.",neutral,"Normal ciltlerde genellikle iyi tolere edilir, ancak antimikrobiyal etkisi gereksizdir ve cilt florasını bozabilir. 💡 Normal ciltlerde rutin kullanım önerilmez, sadece gerektiğinde kullanılmalıdır.",caution,"Cetylpyridinium Chloride, hassas ciltlerde yüksek irritasyon potansiyeline sahiptir. Rozasea ve egzamada kızarıklık, yanma ve kaşıntıyı tetikleyebilir. 💡 Hassas ciltlerde kesinlikle kullanılmamalıdır.",caution,"Olgun ciltlerde bariyer zayıflığı nedeniyle irritasyon riski artar. Antimikrobiyal etkisi yaşlanan ciltte gerekli olmayabilir. 💡 Olgun ciltlerde kullanımı önerilmez, daha nazik antimikrobiyaller tercih edilmelidir.",caution,"Cetylpyridinium Chloride'in topikal kullanımı genellikle güvenli kabul edilse de, yüksek dozlarda sistemik emilim riski vardır. Hamilelikte dikkatli kullanılmalıdır. 💡 Hamilelikte kullanılmaması veya doktor onayı alınması önerilir.",2.0,beneficial,"Akneye meyilli ciltlerde Propionibacterium acnes üzerinde bakterisidal etki gösterir. Enflamatuar akne lezyonlarını azaltmada etkili olabilir. Ancak komedojenik değildir. 💡 Akne tedavisinde kısa süreli ve düşük konsantrasyonda kullanılmalı, uzun süreli kullanımda direnç gelişebilir."
Chamomile Extract,chamomileextract,2.0,1.0,1.0,1.0,3.0,2.0,3.0,Redness|Impaired skin barrier,,manual_v2,0,Bitkisel Ekstrakt (Papatya),Bitkisel Ekstrakt (Papatya),"Chamomile Extract, papatya çiçeğinden elde edilen, anti-enflamatuar, antioksidan ve yatıştırıcı özelliklere sahip bir bileşendir. İçerdiği bisabolol ve apigenin sayesinde cilt tahrişini azaltır.",beneficial,"Chamomile Extract, kuru ciltlerde anti-enflamatuar etkisiyle tahrişi yatıştırır ve bariyer onarımını destekler. Nemlendirici özelliği olmasa da, diğer nemlendiricilerle sinerji yaratır. 💡 Kuru ciltler için nemlendirici kremlerde rahatlıkla kullanılabilir.",beneficial,Yağlı ciltlerde anti-enflamatuar etkisi sayesinde akne kaynaklı kızarıklığı azaltabilir. Ancak yağlı ciltte ekstra nemlendirme gerektirmez. 💡 Yağlı ciltlerde hafif losyon veya serum formunda kullanılabilir.,beneficial,Karma ciltlerde hem kuru hem yağlı bölgelere uyum sağlar. Anti-enflamatuar etkisi tüm bölgelerde faydalıdır. 💡 Karma ciltler için günlük bakımda güvenle kullanılabilir.,beneficial,Normal ciltlerde antioksidan koruma sağlar ve cildi yatıştırır. Genel cilt sağlığını destekler. 💡 Normal cilt bakımında antioksidan olarak kullanılabilir.,beneficial,"Chamomile Extract, hassas ciltlerde en güvenli bitkisel ekstraktlardan biridir. Rozasea ve egzamada kızarıklık ve kaşıntıyı azaltır. Bisabolol içeriği sayesinde cildi yatıştırır. 💡 Hassas ciltler için ideal bir bileşendir, günlük kullanıma uygundur.",beneficial,Olgun ciltlerde antioksidan etkisiyle serbest radikallere karşı korur ve ince çizgilerin görünümünü azaltır. Anti-enflamatuar özelliği yaşlanma belirtilerini hafifletir. 💡 Olgun ciltler için anti-aging ürünlerde kullanılabilir.,beneficial,"Chamomile Extract, hamilelikte topikal kullanım için güvenlidir. Teratojenik etkisi yoktur ve yaygın olarak kullanılır. 💡 Hamilelikte güvenle kullanılabilir.",2.0,beneficial,"Akneye meyilli ciltlerde anti-enflamatuar etkisiyle papül ve püstüllerin iyileşmesini hızlandırır. Komedojenik değildir ve bakteriyel etkisi sınırlıdır. 💡 Akne tedavisinde yardımcı olarak kullanılabilir, ancak tek başına yeterli değildir."
Chamomilla Recutita (Matricaria) Flower Extract,chamomillarecutitamatricariaflowerextract,2.0,1.0,1.0,1.0,3.0,2.0,3.0,,,top1000,92,Bitkisel Ekstrakt,Bitkisel Ekstrakt,"Chamomilla Recutita (Matricaria) Flower Extract, Alman papatyası olarak bilinen bitkinin çiçeklerinden elde edilir. Anti-enflamatuar, antialerjik ve yatıştırıcı etkileriyle bilinir. İçerdiği flavonoidler ve uçucu yağlar cilt sağlığını destekler.",beneficial,"Kuru ciltlerde tahrişi yatıştırır ve bariyer onarımına katkıda bulunur. Nemlendirici etkisi dolaylıdır, ancak kuruluğa bağlı kaşıntıyı azaltır. 💡 Kuru ciltler için nemlendirici ürünlerde kullanılabilir.",beneficial,Yağlı ciltlerde anti-enflamatuar etkisi sayesinde akne lezyonlarının iyileşmesine yardımcı olur. Sebum üretimini doğrudan etkilemez. 💡 Yağlı ciltlerde hafif formüllerde kullanılabilir.,beneficial,Karma ciltlerde hem kuru hem yağlı bölgelerde yatıştırıcı etki gösterir. Herhangi bir olumsuz etkisi yoktur. 💡 Karma cilt bakımında güvenle kullanılabilir.,beneficial,Normal ciltlerde antioksidan koruma sağlar ve cildi rahatlatır. Genel bakımda faydalıdır. 💡 Normal ciltlerde günlük bakımda kullanılabilir.,beneficial,"Hassas ciltlerde en etkili bitkisel ekstraktlardan biridir. Rozasea ve egzamada kızarıklık, yanma ve kaşıntıyı belirgin şekilde azaltır. Alerjik reaksiyon riski düşüktür. 💡 Hassas ciltler için ideal bir bileşendir, düzenli kullanım önerilir.",beneficial,Olgun ciltlerde antioksidan etkisiyle yaşlanma belirtilerini geciktirir. Anti-enflamatuar özelliği cilt tonunu eşitler. 💡 Olgun ciltler için anti-aging ürünlerde kullanılabilir.,beneficial,Hamilelikte topikal kullanımı güvenlidir. Teratojenik etkisi yoktur. 💡 Hamilelikte güvenle kullanılabilir.,2.0,beneficial,Akneye meyilli ciltlerde anti-enflamatuar etkisiyle kızarıklığı ve şişliği azaltır. Komedojenik değildir ve bakteriyel etkisi sınırlıdır. 💡 Akne tedavisinde yardımcı olarak kullanılabilir.
Chamomilla Recutita Flower Extract,chamomillarecutitaflowerextract,2.0,1.0,1.0,1.0,3.0,2.0,3.0,,,top1000,182,Bitkisel Ekstrakt,Bitkisel Ekstrakt,"Chamomilla Recutita Flower Extract, papatya çiçeğinden elde edilen, anti-enflamatuar ve yatıştırıcı özelliklere sahip bir ekstrakttır. İçeriğindeki bisabolol ve apigenin sayesinde cilt tahrişini azaltır ve antioksidan koruma sağlar.",beneficial,"Kuru ciltlerde tahrişi yatıştırır ve bariyer onarımını destekler. Nemlendirici etkisi olmasa da, kuruluğa bağlı rahatsızlığı azaltır. 💡 Kuru ciltler için nemlendirici ürünlerde kullanılabilir.",beneficial,Yağlı ciltlerde anti-enflamatuar etkisiyle akne kaynaklı kızarıklığı azaltır. Sebum kontrolü sağlamaz. 💡 Yağlı ciltlerde hafif formüllerde kullanılabilir.,beneficial,Karma ciltlerde tüm bölgelerde yatıştırıcı etki gösterir. Herhangi bir olumsuz etkisi yoktur. 💡 Karma cilt bakımında güvenle kullanılabilir.,beneficial,Normal ciltlerde antioksidan koruma sağlar ve cildi rahatlatır. 💡 Normal ciltlerde günlük bakımda kullanılabilir.,beneficial,"Hassas ciltlerde rozasea ve egzama semptomlarını hafifletir. Kızarıklık ve kaşıntıyı azaltır, cildi yatıştırır. 💡 Hassas ciltler için ideal bir bileşendir, düzenli kullanım önerilir.",beneficial,Olgun ciltlerde antioksidan etkisiyle yaşlanma belirtilerini azaltır. Cilt tonunu eşitler. 💡 Olgun ciltler için anti-aging ürünlerde kullanılabilir.,beneficial,Hamilelikte topikal kullanımı güvenlidir. 💡 Hamilelikte güvenle kullanılabilir.,2.0,beneficial,Akneye meyilli ciltlerde anti-enflamatuar etkisiyle lezyonların iyileşmesini hızlandırır. Komedojenik değildir. 💡 Akne tedavisinde yardımcı olarak kullanılabilir.
Charcoal Powder,charcoalpowder,-2.0,2.0,0.0,0.0,-2.0,-1.0,3.0,,,top1000,134,Cilt Bakım Bileşeni,Cilt Bakım Bileşeni,"Charcoal Powder, yüksek yüzey alanı sayesinde yağ, kir ve toksinleri adsorbe eden bir bileşendir. Genellikle siyah nokta ve fazla sebumu uzaklaştırmak için kullanılır, ancak cilt bariyerini kurutma potansiyeli vardır.",caution,"Charcoal Powder, adsorban yapısıyla cildin doğal yağlarını da uzaklaştırarak kuru ciltte bariyer hasarını derinleştirebilir. Pullanma ve sıkılık hissini artırabilir. 💡 Kuru ciltlerde kullanmaktan kaçının. Kullanacaksanız haftada 1 kez ve nemlendirici ile kombine edin.",beneficial,"Charcoal Powder, fazla sebumu adsorbe ederek yağlı ciltte parlaklığı ve gözenek görünümünü azaltır. Ancak aşırı kullanım cildi kurutabilir. 💡 Haftada 2-3 kez maske olarak kullanın. Kullanım sonrası hafif bir nemlendirici uygulayın.",neutral,"Karma ciltte T-bölgesindeki yağlanmayı azaltabilir ancak yanaklarda kuruluğa neden olabilir. Bölgesel kullanım daha uygundur. 💡 Sadece T-bölgesine uygulayın, yanaklardan kaçının. Haftada 1-2 kez kullanın.",neutral,"Normal ciltte belirgin bir fayda sağlamaz, aksine gereksiz kuruluk yapabilir. Düzenli kullanım önerilmez. 💡 Ara sıra detoks maskesi olarak kullanılabilir, ancak rutine eklemeyin.",caution,"Charcoal Powder, mekanik etkisi ve kurutucu yapısıyla hassas ciltte tahriş, kızarıklık ve yanma hissini tetikleyebilir. Rozasea ve egzama gibi durumları kötüleştirebilir. 💡 Hassas ciltlerde kullanmayın. Alternatif olarak kaolin gibi daha yumuşak killer tercih edin.",caution,Olgun ciltte bariyer zaten incelmiştir; Charcoal Powder kurutucu etkisiyle kırışıklıkları belirginleştirebilir. Anti-aging faydası yoktur. 💡 Kullanmaktan kaçının. Nemlendirici ve kolajen destekleyici ürünlere odaklanın.,beneficial,"Charcoal Powder, topikal kullanımda sistemik emilimi olmadığı için hamilelikte güvenlidir. Herhangi bir teratojenik risk taşımaz. 💡 Güvenle kullanabilirsiniz, ancak aşırı kurutmamaya dikkat edin.",2.0,beneficial,"Charcoal Powder, gözeneklerdeki fazla sebum ve kirleri adsorbe ederek komedon oluşumunu azaltır. Ancak kistik aknede yeterli penetrasyon sağlayamaz ve aşırı kullanım irritasyona yol açabilir. 💡 Haftada 2 kez maske olarak kullanın. Salisilik asit gibi kimyasal eksfoliyanlarla kombine etmeyin."
Chenopodium Quinoa Seed Extract,chenopodiumquinoaseedextract,2.0,0.0,1.0,1.0,2.0,2.0,3.0,Impaired skin barrier|Anyone,,manual_v2,0,Bitkisel Ekstrakt (Kinoa),Bitkisel Ekstrakt (Kinoa),"Chenopodium Quinoa Seed Extract, kinoa tohumundan elde edilen, antioksidan ve nemlendirici özelliklere sahip bir bileşendir. Saponinler ve amino asitler içerir, cilt bariyerini destekler.",beneficial,"Kinoa ekstraktı, içerdiği amino asitler ve antioksidanlarla kuru ciltte nem tutulumunu artırır ve bariyer onarımına yardımcı olur. Pullanmayı azaltır. 💡 Nemlendirici serum veya krem formunda düzenli kullanın. Hyaluronik asit ile kombine edilebilir.",neutral,"Yağlı ciltte belirgin bir sebum düzenleyici etkisi yoktur, ancak hafif nemlendirme sağlar. Komedojenik değildir. 💡 Hafif nemlendirici olarak kullanılabilir, yağlı ciltler için yeterli olmayabilir.",beneficial,"Karma ciltte kuru bölgelere nem sağlarken yağlı bölgelerde ağırlık yapmaz. Dengeli bir nemlendirme sunar. 💡 Tüm yüze uygulanabilir, özellikle kuru yanaklara ekstra bakım sağlar.",neutral,"Normal ciltte hafif nemlendirme ve antioksidan koruma sağlar, ancak gerekli değildir. 💡 İsteğe bağlı olarak rutine eklenebilir.",beneficial,"Kinoa ekstraktı, anti-inflamatuar ve yatıştırıcı özellikleri sayesinde hassas ciltte kızarıklık ve tahrişi azaltabilir. Egzama ve rozasea için faydalıdır. 💡 Yatıştırıcı serum olarak kullanın. Diğer hassas cilt dostu bileşenlerle (niacinamide, panthenol) kombine edin.",beneficial,Antioksidan içeriği ile serbest radikallere karşı korur ve kolajen yıkımını azaltır. Nemlendirme ile ince çizgilerin görünümünü hafifletir. 💡 Anti-aging rutininde nemlendirici ve antioksidan kaynağı olarak kullanın. Retinol ile kombine edilebilir.,beneficial,"Kinoa ekstraktı topikal kullanımda güvenlidir, sistemik emilim minimaldir. Hamilelikte herhangi bir risk taşımaz. 💡 Güvenle kullanabilirsiniz.",0.0,neutral,"Akne üzerinde doğrudan etkisi yoktur, ancak komedojenik değildir ve hafif nemlendirme sağlar. Akne tedavisini destekleyici olarak kullanılabilir. 💡 Akne tedavisi gören ciltlerde nemlendirici olarak tercih edilebilir."
Chlorhexidine Digluconate,chlorhexidinedigluconate,-2.0,1.0,-1.0,-1.0,-3.0,-2.0,1.0,,,top1000,112,Cilt Bakım Bileşeni,Cilt Bakım Bileşeni,"Chlorhexidine Digluconate, geniş spektrumlu bir antiseptik ve antibakteriyel ajandır. Cilt bakımında genellikle akne ve yara temizliğinde kullanılır, ancak yüksek konsantrasyonlarda tahriş edici olabilir.",caution,"Chlorhexidine Digluconate, antiseptik etkisiyle cilt bariyerini bozabilir ve kuru ciltte kuruluğu artırabilir. Uzun süreli kullanımda bariyer hasarına yol açar. 💡 Kuru ciltlerde kullanmaktan kaçının. Gerekirse seyreltilmiş formda ve kısa süreli kullanın.",beneficial,"Yağlı ciltte bakteriyel akneyi azaltmada etkilidir, ancak düzenli kullanım cildi kurutabilir ve irritasyona neden olabilir. 💡 Sadece akne lezyonlarına noktasal uygulayın, tüm yüze kullanmayın. Haftada 2-3 kez yeterlidir.",caution,"Karma ciltte T-bölgesinde akneye karşı faydalı olabilir ancak yanaklarda kuruluk ve tahriş yapabilir. Bölgesel kullanım önerilir. 💡 Sadece T-bölgesindeki akneli alanlara uygulayın, yanaklardan kaçının.",caution,"Normal ciltte gereksiz kullanımı cilt florasını bozabilir ve tahrişe yol açabilir. Rutin kullanım önerilmez. 💡 Sadece gerektiğinde, örneğin sivilce çıktığında noktasal kullanın.",caution,"Chlorhexidine Digluconate, hassas ciltte güçlü tahriş, kızarıklık ve kontakt dermatite neden olabilir. Rozasea ve egzamayı şiddetlendirir. 💡 Hassas ciltlerde kesinlikle kullanmayın. Alternatif olarak benzoil peroksit veya azelaik asit düşünün.",caution,Olgun ciltte bariyer zayıftır; Chlorhexidine kurutucu ve tahriş edici etkisiyle kırışıklıkları artırabilir. Anti-aging faydası yoktur. 💡 Kullanmaktan kaçının. Akne varsa daha nazik alternatifler tercih edin.,caution,"Topikal kullanımda düşük sistemik emilim nedeniyle genellikle güvenli kabul edilir, ancak yüksek konsantrasyonlardan kaçınılmalıdır. Hamilelikte akne tedavisi için daha güvenli seçenekler mevcuttur. 💡 Düşük konsantrasyonlarda (%0.05-0.1) ve kısa süreli kullanın. Alternatif olarak azelaik asit düşünün.",2.0,beneficial,Antibakteriyel etkisiyle Propionibacterium acnes'i hedef alır ve inflamatuar akneyi azaltır. Ancak uzun süreli kullanım direnç gelişimine yol açabilir. 💡 Kısa süreli (2-4 hafta) ve noktasal kullanın. Salisilik asit veya retinoidlerle kombine etmeyin.
Chlorhexidine Dihydrochloride,chlorhexidinedihydrochloride,-2.0,1.0,-1.0,-1.0,-3.0,-2.0,1.0,,,top1000,29,Cilt Bakım Bileşeni,Cilt Bakım Bileşeni,"Chlorhexidine Dihydrochloride, Chlorhexidine Digluconate'ın tuz formudur ve benzer antiseptik özellikler gösterir. Cilt bakımında daha az yaygın kullanılır, ancak antibakteriyel etkisi benzerdir.",caution,"Chlorhexidine Dihydrochloride, antiseptik etkisiyle kuru ciltte bariyer hasarını artırabilir ve kuruluğu şiddetlendirebilir. 💡 Kuru ciltlerde kullanmaktan kaçının.",beneficial,"Yağlı ciltte akne bakterilerine karşı etkilidir, ancak düzenli kullanım cildi kurutabilir. 💡 Noktasal ve kısa süreli kullanın.",caution,Karma ciltte T-bölgesinde faydalı olabilir ancak kuru bölgelerde tahriş yapabilir. 💡 Sadece akneli bölgelere uygulayın.,caution,Normal ciltte gereksiz kullanımı cilt florasını bozabilir. 💡 Sadece gerektiğinde kullanın.,caution,Hassas ciltte güçlü tahriş ve kontakt dermatit riski yüksektir. 💡 Kesinlikle kullanmayın.,caution,Olgun ciltte bariyeri zayıflatabilir ve kırışıklıkları belirginleştirebilir. 💡 Kullanmaktan kaçının.,caution,"Topikal kullanımda düşük emilimle genellikle güvenlidir, ancak yüksek konsantrasyonlardan kaçınılmalıdır. 💡 Düşük konsantrasyonda ve kısa süreli kullanın.",2.0,beneficial,"Antibakteriyel etkisiyle akne lezyonlarını azaltır, ancak direnç gelişimi riski vardır. 💡 Kısa süreli ve noktasal kullanın."
Chlorphenesin,chlorphenesin,0.0,0.0,0.0,0.0,-1.0,0.0,2.0,,Sensitive|Pregnancy,top1000,262,Koruyucu,Koruyucu,"Chlorphenesin, kozmetik ürünlerde yaygın kullanılan bir koruyucudur. Antimikrobiyal etki gösterir, ancak bazı hassas bireylerde kontakt alerjiye neden olabilir.",neutral,"Chlorphenesin, koruyucu olarak kuru ciltte doğrudan bir etkisi yoktur, ancak alerjik reaksiyon riski nedeniyle dikkatli olunmalıdır. 💡 Genellikle güvenlidir, ancak alerji belirtileri görülürse kullanımı durdurun.",neutral,Yağlı ciltte herhangi bir olumlu veya olumsuz etkisi yoktur. Sadece koruyucu işlevi görür. 💡 Güvenle kullanılabilir.,neutral,"Karma ciltte etkisi nötrdür, alerji riski dışında bir sorun oluşturmaz. 💡 Güvenle kullanılabilir.",neutral,Normal ciltte herhangi bir etkisi yoktur. 💡 Güvenle kullanılabilir.,caution,"Chlorphenesin, hassas ciltlerde kontakt dermatit ve alerjik reaksiyonlara neden olabilir. Özellikle egzama ve rozasea hastalarında dikkatli olunmalıdır. 💡 Yama testi yapın. Alerji öyküsü varsa koruyucusuz ürünleri tercih edin.",neutral,"Olgun ciltte özel bir etkisi yoktur, ancak alerji riski düşüktür. 💡 Güvenle kullanılabilir.",beneficial,"Chlorphenesin, topikal kullanımda düşük sistemik emilimle hamilelikte güvenli kabul edilir. Teratojenik risk taşımaz. 💡 Güvenle kullanılabilir.",0.0,neutral,"Akne üzerinde doğrudan etkisi yoktur, komedojenik değildir. 💡 Güvenle kullanılabilir."
Cholesterol,cholesterol,3.0,0.0,1.0,1.0,2.0,2.0,3.0,,,top1000,107,Cilt Bakım Bileşeni,Cilt Bakım Bileşeni,"Kolesterol, cilt bariyerinin doğal bir bileşenidir ve lipid matrisini güçlendirerek nem kaybını önler. Seramidler ve yağ asitleri ile sinerjik etki gösterir, bariyer onarımını destekler.",beneficial,"Kuru ciltlerde bariyer hasarı sık görülür; kolesterol, seramidler ve yağ asitleri ile birlikte lipid matrisini onararak transepidermal su kaybını azaltır. Pullanma ve sıkılık hissini giderir, cildin nem tutma kapasitesini artırır. 💡 Seramid ve yağ asidi içeren nemlendiricilerle kombine edin. Günde iki kez kullanın.",neutral,"Kolesterol yağlı ciltlerde komedojenik değildir ve sebum üretimini artırmaz. Bariyer desteği sağlar ancak yağlı ciltlerde ekstra fayda beklenmez; aşırı kullanım gereksizdir. 💡 Hafif formüllerde tercih edin, yoğun kremlerden kaçının.",beneficial,"Karma ciltte kuru bölgelere (yanaklar) nem desteği sağlar, yağlı T-bölgesinde ise dengeleyici etki gösterir. Bariyeri güçlendirerek genel cilt sağlığını iyileştirir. 💡 Tüm yüze uygulayın, özellikle kuru bölgelere odaklanın.",beneficial,Normal ciltte bariyer fonksiyonunu korur ve nem dengesini destekler. Uzun vadede cilt yaşlanmasını geciktirici etki gösterir. 💡 Günlük nemlendirici rutininize ekleyin.,beneficial,"Hassas ciltlerde bariyer onarımı kritiktir; kolesterol, tahrişe karşı koruyucu lipid tabakasını güçlendirir. Rozasea ve egzamada kızarıklık ve yanmayı azaltabilir. 💡 Hassas ciltler için formüle edilmiş, parfümsüz ürünler tercih edin.",beneficial,"Yaşlanan ciltte kolesterol seviyesi düşer; topikal uygulama bariyeri güçlendirir, ince çizgileri azaltır ve cilt elastikiyetini destekler. Hiperpigmentasyon üzerinde doğrudan etkisi yoktur. 💡 Retinol ve antioksidanlarla kombine edin, gece kremi olarak kullanın.",beneficial,"Kolesterol vücutta doğal olarak bulunur ve topikal kullanımı güvenlidir. Hamilelikte cilt bariyerini destekler, çatlak önleyici ürünlerde sıkça kullanılır. 💡 Güvenle kullanabilirsiniz, herhangi bir kısıtlama yoktur.",0.0,neutral,"Kolesterol komedojenik değildir ve akneyi doğrudan etkilemez. Ancak akne tedavisinde kullanılan kurutucu ajanların yan etkilerini hafifletmek için bariyer desteği sağlayabilir. 💡 Akne tedavisi ile birlikte kullanılabilir, ancak aşırı yağlı formüllerden kaçının."
Choleth-24,choleth24,0.0,0.0,0.0,0.0,-1.0,0.0,0.0,,,manual_v2,0,Emülgatör,Emülgatör,"Choleth-24, kolesterolün etoksillenmiş bir türevidir ve su-yağ karışımlarını stabilize eden bir emülgatördür. Hafif temizleyici özellikler gösterir ve ciltte yumuşak bir his bırakır.",neutral,"Emülgatör olarak bariyeri doğrudan onarmaz, ancak formülasyon stabilitesini sağlar. Kuru ciltlerde tahriş riski düşüktür, ancak aktif fayda sağlamaz. 💡 Kuru ciltler için özel bir faydası yoktur, içeren ürünleri tercih etmek zorunda değilsiniz.",neutral,Yağlı ciltlerde komedojenik değildir ve sebum kontrolüne katkısı yoktur. Sadece formülasyon bileşeni olarak bulunur. 💡 Herhangi bir özel önlem gerektirmez.,neutral,Karma ciltte ne fayda ne de zarar sağlar; emülgatör olarak ürünün dokusunu iyileştirir. 💡 İçeren ürünler genellikle güvenlidir.,neutral,"Normal ciltte herhangi bir terapötik etkisi yoktur, sadece formülasyon yardımcısıdır. 💡 Kullanımı güvenlidir, ancak cilt bakımında aktif bir bileşen değildir.",caution,"Etoksillenmiş bileşikler bazı hassas ciltlerde hafif tahrişe neden olabilir. Rozasea veya egzama gibi durumlarda yanma veya kızarıklık riski vardır. 💡 Hassas ciltlerde düşük konsantrasyonlu ürünler tercih edin, yama testi yapın.",neutral,"Yaşlanma karşıtı etkisi yoktur, sadece formülasyon stabilizatörüdür. 💡 Aktif yaşlanma karşıtı bileşenler içeren ürünler tercih edin.",neutral,"Choleth-24'ün hamilelikte güvenli olduğu düşünülmektedir, ancak etoksillenmiş bileşiklerle ilgili sınırlı veri vardır. Düşük konsantrasyonlarda risk beklenmez. 💡 Hamilelikte kullanımı genellikle güvenlidir, ancak yine de doktorunuza danışın.",0.0,neutral,Komedojenik değildir ve akneyi tetiklemez. Ancak akne tedavisine doğrudan katkısı yoktur. 💡 Güvenle kullanılabilir.
Chondrus Crispus (Carrageenan),chondruscrispuscarrageenan,2.0,0.0,0.0,0.0,-1.0,0.0,2.0,,,top1000,28,Kıvam Artırıcı / Stabilizatör,Kıvam Artırıcı / Stabilizatör,"Chondrus Crispus (Carrageenan), kırmızı alglerden elde edilen bir polisakkarittir. Su bazlı formüllerde jelleştirici ve kıvam artırıcı olarak kullanılır, ciltte film oluşturarak nemi hapseder.",beneficial,"Kuru ciltlerde film oluşturarak transepidermal su kaybını azaltır ve nemi ciltte tutar. Pullanmayı geçici olarak yatıştırır, ancak bariyer onarımı sağlamaz. 💡 Nemlendirici kremlerde tercih edin, ancak tek başına yeterli değildir; seramidlerle kombine edin.",neutral,"Yağlı ciltlerde hafif bir film bırakabilir, ancak komedojenik değildir. Sebum kontrolüne katkısı yoktur. 💡 Hafif jellerde kullanılabilir, aşırı yağlı his bırakmaz.",neutral,Karma ciltte kuru bölgelere nem sağlarken yağlı bölgelerde ağırlık yapmaz. Dengeli bir etki gösterir. 💡 Tüm yüze uygulanabilir.,neutral,"Normal ciltte belirgin bir fayda sağlamaz, sadece ürün dokusunu iyileştirir. 💡 Herhangi bir özel öneri yoktur.",caution,"Carrageenan bazı hassas ciltlerde, özellikle egzama ve rozaseada, inflamatuar yanıtı tetikleyebilir. Yapılan çalışmalarda ciltte tahriş ve kızarıklık bildirilmiştir. 💡 Hassas ciltlerde kullanmaktan kaçının veya yama testi yapın.",neutral,"Yaşlanma karşıtı etkisi yoktur, ancak nemlendirme yoluyla ince çizgilerin görünümünü geçici olarak azaltabilir. 💡 Aktif yaşlanma karşıtı bileşenlerle birlikte kullanın.",beneficial,Doğal kaynaklıdır ve topikal kullanımı güvenlidir. Hamilelikte cilt kuruluğunu gidermek için kullanılabilir. 💡 Güvenle kullanabilirsiniz.,0.0,neutral,"Komedojenik değildir, ancak film oluşturucu yapısı gözenekleri tıkayabilir. Akneye doğrudan etkisi yoktur. 💡 Non-komedojenik ürünlerde güvenle kullanılabilir."
Chondrus Crispus Extract,chondruscrispusextract,2.0,0.0,1.0,1.0,2.0,2.0,3.0,,,top1000,34,Bitkisel Ekstrakt,Bitkisel Ekstrakt,"Chondrus Crispus Extract, kırmızı alglerden elde edilen bir ekstrakttır. Antioksidan, nemlendirici ve yatıştırıcı özellikler gösterir, cilt bariyerini destekler.",beneficial,Nemlendirici ve bariyer destekleyici etkisi sayesinde kuru ciltlerde nemi hapseder ve pullanmayı azaltır. Antioksidan içeriği serbest radikal hasarını önler. 💡 Nemlendirici serum veya kremlerde tercih edin.,neutral,"Yağlı ciltlerde hafif nemlendirme sağlar, ancak sebum kontrolüne etkisi yoktur. Komedojenik değildir. 💡 Hafif formüllerde kullanılabilir.",beneficial,Karma ciltte kuru bölgelere nem sağlarken yağlı bölgelerde dengeyi bozmaz. Antioksidan etkisi genel cilt sağlığını destekler. 💡 Tüm yüze uygulayın.,beneficial,Normal ciltte nem dengesini korur ve antioksidan koruma sağlar. Uzun vadede cilt yaşlanmasını geciktirir. 💡 Günlük bakım rutininize ekleyin.,beneficial,"Yatıştırıcı ve anti-inflamatuar özellikleri sayesinde hassas ciltlerde kızarıklık ve tahrişi azaltır. Rozasea ve egzamada faydalı olabilir. 💡 Hassas ciltler için uygun, parfümsüz ürünler tercih edin.",beneficial,"Antioksidan içeriği yaşlanma belirtilerine karşı korur, nemlendirme ile ince çizgileri azaltır. Kolajen sentezini doğrudan uyarmaz. 💡 Retinol ve C vitamini ile kombine edin.",beneficial,"Doğal alg ekstraktıdır, topikal kullanımı güvenlidir. Hamilelikte cilt bakımı için idealdir. 💡 Güvenle kullanabilirsiniz.",0.0,neutral,"Akneye doğrudan etkisi yoktur, ancak antioksidan etkisi inflamasyonu hafifletebilir. Komedojenik değildir. 💡 Akne tedavisine yardımcı olarak kullanılabilir."
Chondrus Crispus Powder,chondruscrispuspowder,2.0,0.0,1.0,0.0,2.0,1.0,3.0,,,top1000,32,Cilt Bakım Bileşeni,Cilt Bakım Bileşeni,"Chondrus Crispus Powder, kırmızı alglerin kurutulup toz haline getirilmiş formudur. Nemlendirici, yatıştırıcı ve bariyer güçlendirici özellikler gösterir, ayrıca hafif eksfoliasyon sağlayabilir.",beneficial,Toz formu su ile temas ettiğinde jel benzeri bir yapı oluşturarak ciltte nemi hapseder. Kuru ciltlerde pullanmayı azaltır ve bariyeri destekler. 💡 Su ile karıştırılarak maske olarak kullanılabilir veya nemlendiricilere eklenebilir.,neutral,"Yağlı ciltlerde hafif nemlendirme sağlar, ancak sebum kontrolüne etkisi yoktur. Toz yapısı gözenekleri tıkayabilir, ancak genellikle güvenlidir. 💡 Haftada 1-2 kez maske olarak kullanın.",beneficial,"Karma ciltte kuru bölgelere nem sağlarken yağlı bölgelerde ağırlık yapmaz. Yatıştırıcı etkisi genel cilt dengesini destekler. 💡 Tüm yüze uygulayın, özellikle kuru bölgelere odaklanın.",neutral,"Normal ciltte belirgin bir fayda sağlamaz, ancak nemlendirme ve yatıştırma amacıyla kullanılabilir. 💡 Ara sıra maske olarak kullanılabilir.",beneficial,"Yatıştırıcı ve anti-inflamatuar özellikleri sayesinde hassas ciltlerde kızarıklık ve tahrişi azaltır. Toz formu fiziksel eksfoliasyon yapabileceğinden dikkatli kullanılmalıdır. 💡 Hassas ciltlerde haftada 1 kez, nazikçe uygulayın. Tahriş durumunda kullanmayı bırakın.",beneficial,"Nemlendirme ve antioksidan etkisi yaşlanma belirtilerini hafifletir. Toz formu hafif eksfoliasyon ile cilt yenilenmesini destekleyebilir. 💡 Haftada 1-2 kez maske olarak kullanın, retinol ile aynı gün kullanmayın.",beneficial,"Doğal alg tozudur, topikal kullanımı güvenlidir. Hamilelikte cilt bakımı için uygundur. 💡 Güvenle kullanabilirsiniz.",0.0,neutral,"Akneye doğrudan etkisi yoktur, ancak yatıştırıcı etkisi inflamasyonu hafifletebilir. Toz yapısı gözenekleri tıkayabilir, ancak genellikle komedojenik değildir. 💡 Akne tedavisine yardımcı olarak haftada 1 kez maske şeklinde kullanın."
Ci 14700,ci14700,0.0,0.0,0.0,0.0,-1.0,0.0,0.0,,,top1000,87,Renklendirici,Renklendirici,"CI 14700 (Red 4) sentetik bir azo boyadır. Kozmetik ürünlerde renk vermek için kullanılır, cilt bakımına doğrudan faydası yoktur. Hassas ciltlerde alerjik reaksiyonlara neden olabilir.",neutral,"Kuru ciltlerde herhangi bir terapötik etkisi yoktur; sadece renk verir. Bariyeri onarmaz veya nemlendirmez. 💡 Kuru ciltler için özel bir fayda sağlamaz, sadece estetik amaçlı kullanılır.",neutral,Yağlı ciltlerde sebum kontrolü veya gözenek sıkılaştırma gibi bir etkisi yoktur. Sadece renklendirme amaçlıdır. 💡 Yağlı ciltlerde kullanımı güvenlidir ancak cilt sorunlarına çözüm sunmaz.,neutral,Karma ciltlerde herhangi bir fayda veya zarar sağlamaz; sadece renk verir. 💡 Karma ciltlerde kullanımı güvenlidir ancak cilt bakımına katkısı yoktur.,neutral,Normal ciltlerde herhangi bir terapötik etkisi yoktur; sadece renklendirme amaçlıdır. 💡 Normal ciltlerde kullanımı güvenlidir ancak cilt bakımına fayda sağlamaz.,caution,"Sentetik azo boya olan CI 14700, hassas ciltlerde kontakt dermatit, kızarıklık ve kaşıntıya neden olabilir. Rozasea ve egzama gibi durumları tetikleyebilir. 💡 Hassas ciltlerde bu boyayı içeren ürünlerden kaçının; yama testi yapmadan kullanmayın.",neutral,Olgun ciltlerde kırışıklık veya hiperpigmentasyon üzerinde etkisi yoktur; sadece renklendirme amaçlıdır. 💡 Olgun ciltlerde kullanımı güvenlidir ancak yaşlanma karşıtı fayda sağlamaz.,neutral,"CI 14700'ün hamilelikte topikal kullanımı genellikle güvenli kabul edilir, ancak yüksek dozlarda sistemik emilim riski düşüktür. Yine de hassasiyet durumunda dikkatli olunmalıdır. 💡 Hamilelikte kullanımı genellikle güvenlidir ancak aşırı hassasiyet durumunda doktorunuza danışın.",0.0,neutral,Akneye meyilli ciltlerde komedojenik potansiyeli düşüktür ancak doğrudan akne tedavisine katkısı yoktur. Sadece renk verir. 💡 Akneye meyilli ciltlerde kullanımı genellikle güvenlidir ancak akne tedavisi beklemeyin.
Ci 14700 / Red 4,ci14700red4,0.0,0.0,0.0,0.0,-1.0,0.0,0.0,,,top1000,39,Renklendirici,Renklendirici,"CI 14700 / Red 4, sentetik bir azo boyadır. Kozmetiklerde renk vermek için kullanılır, cilt bakımına doğrudan faydası yoktur. Hassas ciltlerde alerjik reaksiyon riski taşır.",neutral,"Kuru ciltlerde nemlendirme veya bariyer onarımı gibi bir etkisi yoktur; sadece renk verir. 💡 Kuru ciltler için özel bir fayda sağlamaz, sadece estetik amaçlı kullanılır.",neutral,Yağlı ciltlerde sebum kontrolü veya gözenek sıkılaştırma gibi bir etkisi yoktur. 💡 Yağlı ciltlerde kullanımı güvenlidir ancak cilt sorunlarına çözüm sunmaz.,neutral,Karma ciltlerde herhangi bir fayda veya zarar sağlamaz. 💡 Karma ciltlerde kullanımı güvenlidir ancak cilt bakımına katkısı yoktur.,neutral,Normal ciltlerde herhangi bir terapötik etkisi yoktur. 💡 Normal ciltlerde kullanımı güvenlidir ancak cilt bakımına fayda sağlamaz.,caution,"Sentetik azo boya olan Red 4, hassas ciltlerde kontakt dermatit, kızarıklık ve kaşıntıya neden olabilir. Rozasea ve egzama gibi durumları tetikleyebilir. 💡 Hassas ciltlerde bu boyayı içeren ürünlerden kaçının; yama testi yapmadan kullanmayın.",neutral,Olgun ciltlerde kırışıklık veya hiperpigmentasyon üzerinde etkisi yoktur. 💡 Olgun ciltlerde kullanımı güvenlidir ancak yaşlanma karşıtı fayda sağlamaz.,neutral,"Red 4'ün hamilelikte topikal kullanımı genellikle güvenli kabul edilir, ancak hassasiyet durumunda dikkatli olunmalıdır. 💡 Hamilelikte kullanımı genellikle güvenlidir ancak aşırı hassasiyet durumunda doktorunuza danışın.",0.0,neutral,Akneye meyilli ciltlerde komedojenik potansiyeli düşüktür ancak doğrudan akne tedavisine katkısı yoktur. 💡 Akneye meyilli ciltlerde kullanımı genellikle güvenlidir ancak akne tedavisi beklemeyin.
Ci 14720,ci14720,0.0,0.0,0.0,0.0,-1.0,0.0,0.0,,,top1000,42,Renklendirici,Renklendirici,"CI 14720 (Red 2) sentetik bir azo boyadır. Kozmetik ürünlerde renk vermek için kullanılır, cilt bakımına doğrudan faydası yoktur. Hassas ciltlerde alerjik reaksiyonlara neden olabilir.",neutral,"Kuru ciltlerde herhangi bir terapötik etkisi yoktur; sadece renk verir. 💡 Kuru ciltler için özel bir fayda sağlamaz, sadece estetik amaçlı kullanılır.",neutral,Yağlı ciltlerde sebum kontrolü veya gözenek sıkılaştırma gibi bir etkisi yoktur. 💡 Yağlı ciltlerde kullanımı güvenlidir ancak cilt sorunlarına çözüm sunmaz.,neutral,Karma ciltlerde herhangi bir fayda veya zarar sağlamaz. 💡 Karma ciltlerde kullanımı güvenlidir ancak cilt bakımına katkısı yoktur.,neutral,Normal ciltlerde herhangi bir terapötik etkisi yoktur. 💡 Normal ciltlerde kullanımı güvenlidir ancak cilt bakımına fayda sağlamaz.,caution,"Sentetik azo boya olan CI 14720, hassas ciltlerde kontakt dermatit, kızarıklık ve kaşıntıya neden olabilir. Rozasea ve egzama gibi durumları tetikleyebilir. 💡 Hassas ciltlerde bu boyayı içeren ürünlerden kaçının; yama testi yapmadan kullanmayın.",neutral,Olgun ciltlerde kırışıklık veya hiperpigmentasyon üzerinde etkisi yoktur. 💡 Olgun ciltlerde kullanımı güvenlidir ancak yaşlanma karşıtı fayda sağlamaz.,neutral,"CI 14720'nin hamilelikte topikal kullanımı genellikle güvenli kabul edilir, ancak hassasiyet durumunda dikkatli olunmalıdır. 💡 Hamilelikte kullanımı genellikle güvenlidir ancak aşırı hassasiyet durumunda doktorunuza danışın.",0.0,neutral,Akneye meyilli ciltlerde komedojenik potansiyeli düşüktür ancak doğrudan akne tedavisine katkısı yoktur. 💡 Akneye meyilli ciltlerde kullanımı genellikle güvenlidir ancak akne tedavisi beklemeyin.
Ci 15510,ci15510,0.0,0.0,0.0,0.0,-1.0,0.0,0.0,,,top1000,32,Renklendirici,Renklendirici,"CI 15510 (Orange 4) sentetik bir azo boyadır. Kozmetik ürünlerde renk vermek için kullanılır, cilt bakımına doğrudan faydası yoktur. Hassas ciltlerde alerjik reaksiyonlara neden olabilir.",neutral,"Kuru ciltlerde herhangi bir terapötik etkisi yoktur; sadece renk verir. 💡 Kuru ciltler için özel bir fayda sağlamaz, sadece estetik amaçlı kullanılır.",neutral,Yağlı ciltlerde sebum kontrolü veya gözenek sıkılaştırma gibi bir etkisi yoktur. 💡 Yağlı ciltlerde kullanımı güvenlidir ancak cilt sorunlarına çözüm sunmaz.,neutral,Karma ciltlerde herhangi bir fayda veya zarar sağlamaz. 💡 Karma ciltlerde kullanımı güvenlidir ancak cilt bakımına katkısı yoktur.,neutral,Normal ciltlerde herhangi bir terapötik etkisi yoktur. 💡 Normal ciltlerde kullanımı güvenlidir ancak cilt bakımına fayda sağlamaz.,caution,"Sentetik azo boya olan CI 15510, hassas ciltlerde kontakt dermatit, kızarıklık ve kaşıntıya neden olabilir. Rozasea ve egzama gibi durumları tetikleyebilir. 💡 Hassas ciltlerde bu boyayı içeren ürünlerden kaçının; yama testi yapmadan kullanmayın.",neutral,Olgun ciltlerde kırışıklık veya hiperpigmentasyon üzerinde etkisi yoktur. 💡 Olgun ciltlerde kullanımı güvenlidir ancak yaşlanma karşıtı fayda sağlamaz.,neutral,"CI 15510'un hamilelikte topikal kullanımı genellikle güvenli kabul edilir, ancak hassasiyet durumunda dikkatli olunmalıdır. 💡 Hamilelikte kullanımı genellikle güvenlidir ancak aşırı hassasiyet durumunda doktorunuza danışın.",0.0,neutral,Akneye meyilli ciltlerde komedojenik potansiyeli düşüktür ancak doğrudan akne tedavisine katkısı yoktur. 💡 Akneye meyilli ciltlerde kullanımı genellikle güvenlidir ancak akne tedavisi beklemeyin.
Ci 15850,ci15850,0.0,0.0,0.0,0.0,-1.0,0.0,0.0,,,top1000,50,Renklendirici,Renklendirici,"CI 15850 (Red 6, Red 7) sentetik bir azo boyadır. Kozmetik ürünlerde renk vermek için kullanılır, cilt bakımına doğrudan faydası yoktur. Hassas ciltlerde alerjik reaksiyonlara neden olabilir.",neutral,"Kuru ciltlerde herhangi bir terapötik etkisi yoktur; sadece renk verir. 💡 Kuru ciltler için özel bir fayda sağlamaz, sadece estetik amaçlı kullanılır.",neutral,Yağlı ciltlerde sebum kontrolü veya gözenek sıkılaştırma gibi bir etkisi yoktur. 💡 Yağlı ciltlerde kullanımı güvenlidir ancak cilt sorunlarına çözüm sunmaz.,neutral,Karma ciltlerde herhangi bir fayda veya zarar sağlamaz. 💡 Karma ciltlerde kullanımı güvenlidir ancak cilt bakımına katkısı yoktur.,neutral,Normal ciltlerde herhangi bir terapötik etkisi yoktur. 💡 Normal ciltlerde kullanımı güvenlidir ancak cilt bakımına fayda sağlamaz.,caution,"Sentetik azo boya olan CI 15850, hassas ciltlerde kontakt dermatit, kızarıklık ve kaşıntıya neden olabilir. Rozasea ve egzama gibi durumları tetikleyebilir. 💡 Hassas ciltlerde bu boyayı içeren ürünlerden kaçının; yama testi yapmadan kullanmayın.",neutral,Olgun ciltlerde kırışıklık veya hiperpigmentasyon üzerinde etkisi yoktur. 💡 Olgun ciltlerde kullanımı güvenlidir ancak yaşlanma karşıtı fayda sağlamaz.,neutral,"CI 15850'in hamilelikte topikal kullanımı genellikle güvenli kabul edilir, ancak hassasiyet durumunda dikkatli olunmalıdır. 💡 Hamilelikte kullanımı genellikle güvenlidir ancak aşırı hassasiyet durumunda doktorunuza danışın.",0.0,neutral,Akneye meyilli ciltlerde komedojenik potansiyeli düşüktür ancak doğrudan akne tedavisine katkısı yoktur. 💡 Akneye meyilli ciltlerde kullanımı genellikle güvenlidir ancak akne tedavisi beklemeyin.
Ci 15850 / Red 7,ci15850red7,0.0,0.0,0.0,0.0,-1.0,0.0,0.0,,,top1000,61,Renklendirici,Renklendirici,"Ci 15850 (Red 7) sentetik bir kırmızı pigmenttir. Kozmetiklerde renk vermek için kullanılır, cilt üzerinde belirgin bir terapötik etkisi yoktur. Bazı formülasyonlarda hassas ciltlerde tahrişe neden olabilir.",neutral,"Renklendirici olarak cilt kuruluğuna doğrudan etkisi yoktur. Ancak kuru ciltlerde bariyer hasarı varsa, pigment partikülleri tahrişe katkıda bulunabilir. 💡 Kuru ciltlerde kullanımı genellikle güvenlidir, ancak bariyer onarıcı ürünlerle kombine edilmesi önerilir.",neutral,Yağlı ciltlerde ek bir fayda veya zarar sağlamaz. Gözenek tıkama potansiyeli düşüktür. 💡 Yağlı ciltlerde rahatlıkla kullanılabilir.,neutral,Karma ciltlerde herhangi bir spesifik etkisi yoktur. Renklendirici olarak nötrdür. 💡 Karma ciltlerde kullanımı güvenlidir.,neutral,Normal ciltlerde herhangi bir fayda veya risk oluşturmaz. Sadece renk sağlar. 💡 Normal ciltlerde sorunsuz kullanılabilir.,caution,Sentetik pigmentler hassas ciltlerde kontakt dermatit veya tahrişe neden olabilir. Özellikle rozasea veya egzama gibi durumlarda kızarıklığı artırabilir. 💡 Hassas ciltlerde yama testi yaparak kullanılması önerilir. Alternatif olarak mineral pigmentler tercih edilebilir.,neutral,Olgun ciltlerde kırışıklık veya elastikiyet üzerinde etkisi yoktur. Sadece renk sağlar. 💡 Olgun ciltlerde kullanımı güvenlidir.,neutral,"Hamilelikte kullanımı genellikle güvenlidir. Sistemik emilimi düşüktür, teratojenik risk taşımaz. 💡 Hamilelikte güvenle kullanılabilir.",0.0,neutral,"Akneye meyilli ciltlerde komedojenik potansiyeli düşüktür. Ancak bazı formülasyonlarda diğer bileşenlerle etkileşime girebilir. 💡 Akneli ciltlerde kullanımı genellikle güvenlidir, ancak non-komedojenik ürünler tercih edilmelidir."
Ci 15985,ci15985,0.0,0.0,0.0,0.0,-1.0,0.0,0.0,,,top1000,155,Renklendirici,Renklendirici,"Ci 15985 (Yellow 6) sentetik bir sarı pigmenttir. Kozmetiklerde renklendirici olarak kullanılır. Cilt üzerinde tedavi edici özelliği yoktur, bazı hassas bireylerde alerjik reaksiyonlara yol açabilir.",neutral,Kuru ciltlerde doğrudan bir etkisi yoktur. Ancak bariyeri zayıf ciltlerde tahriş potansiyeli düşüktür. 💡 Kuru ciltlerde kullanımı güvenlidir.,neutral,Yağlı ciltlerde herhangi bir fayda veya zarar sağlamaz. Gözenek tıkama riski düşüktür. 💡 Yağlı ciltlerde rahatlıkla kullanılabilir.,neutral,Karma ciltlerde nötr etkilidir. Renklendirici olarak kullanılır. 💡 Karma ciltlerde sorunsuz kullanılabilir.,neutral,Normal ciltlerde herhangi bir etkisi yoktur. 💡 Normal ciltlerde güvenle kullanılabilir.,caution,Sentetik sarı pigmentler hassas ciltlerde alerjik kontakt dermatite neden olabilir. Özellikle rozasea ve egzama gibi durumlarda kızarıklık ve kaşıntıyı tetikleyebilir. 💡 Hassas ciltlerde yama testi önerilir. Alternatif olarak doğal renklendiriciler tercih edilebilir.,neutral,Olgun ciltlerde kırışıklık veya leke üzerinde etkisi yoktur. 💡 Olgun ciltlerde kullanımı güvenlidir.,neutral,Hamilelikte güvenli kabul edilir. Sistemik emilimi düşüktür. 💡 Hamilelikte kullanılabilir.,0.0,neutral,Akneye meyilli ciltlerde komedojenik değildir. Ancak tahrişe bağlı akne alevlenmesi nadiren görülebilir. 💡 Akneli ciltlerde kullanımı genellikle güvenlidir.
Ci 15985 / Yellow 6,ci15985yellow6,0.0,0.0,0.0,0.0,-1.0,0.0,0.0,,,top1000,30,Renklendirici,Renklendirici,Ci 15985 / Yellow 6 sentetik bir sarı renklendiricidir. Kozmetik ürünlerde renk vermek için kullanılır. Cilt bakımına yönelik aktif bir bileşen değildir.,neutral,Kuru ciltlerde doğrudan etkisi yoktur. Bariyer hasarı olan ciltlerde hafif tahriş potansiyeli bulunabilir. 💡 Kuru ciltlerde kullanımı güvenlidir.,neutral,Yağlı ciltlerde herhangi bir etkisi yoktur. 💡 Yağlı ciltlerde rahatlıkla kullanılabilir.,neutral,Karma ciltlerde nötrdür. 💡 Karma ciltlerde sorunsuz kullanılabilir.,neutral,Normal ciltlerde etkisizdir. 💡 Normal ciltlerde güvenle kullanılabilir.,caution,Sentetik renklendiriciler hassas ciltlerde alerjik reaksiyon riski taşır. Rozasea ve egzama gibi durumlarda kızarıklığı artırabilir. 💡 Hassas ciltlerde yama testi yapılması önerilir.,neutral,Olgun ciltlerde etkisi yoktur. 💡 Olgun ciltlerde kullanımı güvenlidir.,neutral,Hamilelikte güvenli kabul edilir. 💡 Hamilelikte kullanılabilir.,0.0,neutral,Akneye meyilli ciltlerde komedojenik değildir. Tahriş nadiren akneyi tetikleyebilir. 💡 Akneli ciltlerde kullanımı genellikle güvenlidir.
Ci 15985 / Yellow 6 Lake,ci15985yellow6lake,0.0,0.0,0.0,0.0,-1.0,0.0,0.0,,,top1000,48,Renklendirici,Renklendirici,"Ci 15985 / Yellow 6 Lake, Yellow 6'nın lake formudur. Suda çözünmez, yağ bazlı ürünlerde kullanılır. Renk stabilitesi yüksektir ancak ciltte tahriş potansiyeli düşüktür.",neutral,Kuru ciltlerde doğrudan etkisi yoktur. Lake formu genellikle daha az tahriş edicidir. 💡 Kuru ciltlerde kullanımı güvenlidir.,neutral,Yağlı ciltlerde herhangi bir etkisi yoktur. Gözenek tıkama potansiyeli düşüktür. 💡 Yağlı ciltlerde rahatlıkla kullanılabilir.,neutral,Karma ciltlerde nötrdür. 💡 Karma ciltlerde sorunsuz kullanılabilir.,neutral,Normal ciltlerde etkisizdir. 💡 Normal ciltlerde güvenle kullanılabilir.,caution,"Lake formu daha az tahriş edici olsa da, hassas ciltlerde yine de alerjik reaksiyon riski bulunur. Rozasea ve egzama gibi durumlarda dikkatli olunmalıdır. 💡 Hassas ciltlerde yama testi önerilir.",neutral,Olgun ciltlerde etkisi yoktur. 💡 Olgun ciltlerde kullanımı güvenlidir.,neutral,Hamilelikte güvenli kabul edilir. 💡 Hamilelikte kullanılabilir.,0.0,neutral,Akneye meyilli ciltlerde komedojenik değildir. Lake formu genellikle güvenlidir. 💡 Akneli ciltlerde kullanımı güvenlidir.
Ci 16035,ci16035,0.0,0.0,0.0,0.0,-1.0,0.0,0.0,,,top1000,88,Renklendirici,Renklendirici,"Ci 16035 (Red 40) sentetik bir kırmızı renklendiricidir. Kozmetiklerde yaygın olarak kullanılır. Cilt üzerinde terapötik etkisi yoktur, bazı kişilerde alerjik reaksiyonlara neden olabilir.",neutral,Kuru ciltlerde doğrudan etkisi yoktur. Bariyer hasarı olan ciltlerde hafif tahriş potansiyeli bulunabilir. 💡 Kuru ciltlerde kullanımı güvenlidir.,neutral,Yağlı ciltlerde herhangi bir etkisi yoktur. 💡 Yağlı ciltlerde rahatlıkla kullanılabilir.,neutral,Karma ciltlerde nötrdür. 💡 Karma ciltlerde sorunsuz kullanılabilir.,neutral,Normal ciltlerde etkisizdir. 💡 Normal ciltlerde güvenle kullanılabilir.,caution,Sentetik kırmızı pigmentler hassas ciltlerde alerjik kontakt dermatite yol açabilir. Rozasea ve egzama gibi durumlarda kızarıklığı artırabilir. 💡 Hassas ciltlerde yama testi yapılması önerilir.,neutral,Olgun ciltlerde etkisi yoktur. 💡 Olgun ciltlerde kullanımı güvenlidir.,neutral,Hamilelikte güvenli kabul edilir. Sistemik emilimi düşüktür. 💡 Hamilelikte kullanılabilir.,0.0,neutral,Akneye meyilli ciltlerde komedojenik değildir. Tahriş nadiren akneyi tetikleyebilir. 💡 Akneli ciltlerde kullanımı genellikle güvenlidir.
Ci 16255,ci16255,0,0,0,0,0,0,0,,,top1000,63,Skincare Ingredient,Renklendirici,"ci 16255, formülasyona renk veren kozmetik pigment; ürünün görsel çekiciliğini artırır, cilt bakım faydası yoktur.",neutral,,neutral,,neutral,,neutral,,neutral,,neutral,,neutral,,,,
Ci 17200,ci17200,0,0,0,0,0,0,0,,,top1000,257,Skincare Ingredient,Renklendirici,"ci 17200, formülasyona renk veren kozmetik pigment; ürünün görsel çekiciliğini artırır, cilt bakım faydası yoktur.",neutral,,neutral,,neutral,,neutral,,neutral,,neutral,,neutral,,,,
Ci 17200 (Red 33),ci17200red33,0,0,0,0,0,0,0,,,top1000,39,Skincare Ingredient,Renklendirici,"ci 17200 (red 33), formülasyona renk veren kozmetik pigment; ürünün görsel çekiciliğini artırır, cilt bakım faydası yoktur.",neutral,,neutral,,neutral,,neutral,,neutral,,neutral,,neutral,,,,
Ci 19140,ci19140,0,0,0,0,0,0,0,,,top1000,544,Skincare Ingredient,Renklendirici,"ci 19140, formülasyona renk veren kozmetik pigment; ürünün görsel çekiciliğini artırır, cilt bakım faydası yoktur.",neutral,,neutral,,neutral,,neutral,,neutral,,neutral,,neutral,,,,
Ci 19140 / Yellow 5,ci19140yellow5,0,0,0,0,0,0,0,,,top1000,96,Skincare Ingredient,Renklendirici,"ci 19140 / yellow 5, formülasyona renk veren kozmetik pigment; ürünün görsel çekiciliğini artırır, cilt bakım faydası yoktur.",neutral,,neutral,,neutral,,neutral,,neutral,,neutral,,neutral,,,,
Ci 19140 / Yellow 5 Lake,ci19140yellow5lake,0,0,0,0,0,0,0,,,top1000,54,Skincare Ingredient,Renklendirici,"ci 19140 / yellow 5 lake, formülasyona renk veren kozmetik pigment; ürünün görsel çekiciliğini artırır, cilt bakım faydası yoktur.",neutral,,neutral,,neutral,,neutral,,neutral,,neutral,,neutral,,,,
Ci 28440,ci28440,0,0,0,0,0,0,0,,,top1000,31,Skincare Ingredient,Renklendirici,"ci 28440, formülasyona renk veren kozmetik pigment; ürünün görsel çekiciliğini artırır, cilt bakım faydası yoktur.",neutral,,neutral,,neutral,,neutral,,neutral,,neutral,,neutral,,,,
Ci 42051,ci42051,0,0,0,0,0,0,0,,,top1000,90,Skincare Ingredient,Renklendirici,"ci 42051, formülasyona renk veren kozmetik pigment; ürünün görsel çekiciliğini artırır, cilt bakım faydası yoktur.",neutral,,neutral,,neutral,,neutral,,neutral,,neutral,,neutral,,,,
Ci 42090,ci42090,0,0,0,0,0,0,0,,,top1000,478,Skincare Ingredient,Renklendirici,"ci 42090, formülasyona renk veren kozmetik pigment; ürünün görsel çekiciliğini artırır, cilt bakım faydası yoktur.",neutral,,neutral,,neutral,,neutral,,neutral,,neutral,,neutral,,,,
Ci 42090 (Blue 1),ci42090blue1,0,0,0,0,0,0,0,,,top1000,35,Skincare Ingredient,Renklendirici,"ci 42090 (blue 1), formülasyona renk veren kozmetik pigment; ürünün görsel çekiciliğini artırır, cilt bakım faydası yoktur.",neutral,,neutral,,neutral,,neutral,,neutral,,neutral,,neutral,,,,
Ci 42090 / Blue 1 Lake,ci42090blue1lake,0,0,0,0,0,0,0,,,top1000,50,Skincare Ingredient,Renklendirici,"ci 42090 / blue 1 lake, formülasyona renk veren kozmetik pigment; ürünün görsel çekiciliğini artırır, cilt bakım faydası yoktur.",neutral,,neutral,,neutral,,neutral,,neutral,,neutral,,neutral,,,,
Ci 45380 / Red 22 Lake,ci45380red22lake,0,0,0,0,0,0,0,,,top1000,48,Skincare Ingredient,Renklendirici,"ci 45380 / red 22 lake, formülasyona renk veren kozmetik pigment; ürünün görsel çekiciliğini artırır, cilt bakım faydası yoktur.",neutral,,neutral,,neutral,,neutral,,neutral,,neutral,,neutral,,,,
Ci 45410 / Red 28 Lake,ci45410red28lake,0,0,0,0,0,0,0,,,top1000,49,Skincare Ingredient,Renklendirici,"ci 45410 / red 28 lake, formülasyona renk veren kozmetik pigment; ürünün görsel çekiciliğini artırır, cilt bakım faydası yoktur.",neutral,,neutral,,neutral,,neutral,,neutral,,neutral,,neutral,,,,
Ci 47005,ci47005,0,0,0,0,0,0,0,,,top1000,148,Skincare Ingredient,Renklendirici,"ci 47005, formülasyona renk veren kozmetik pigment; ürünün görsel çekiciliğini artırır, cilt bakım faydası yoktur.",neutral,,neutral,,neutral,,neutral,,neutral,,neutral,,neutral,,,,
Ci 60730,ci60730,0,0,0,0,0,0,0,,,top1000,31,Skincare Ingredient,Renklendirici,"ci 60730, formülasyona renk veren kozmetik pigment; ürünün görsel çekiciliğini artırır, cilt bakım faydası yoktur.",neutral,,neutral,,neutral,,neutral,,neutral,,neutral,,neutral,,,,
Ci 73360,ci73360,0,0,0,0,0,0,0,,,top1000,60,Skincare Ingredient,Renklendirici,"ci 73360, formülasyona renk veren kozmetik pigment; ürünün görsel çekiciliğini artırır, cilt bakım faydası yoktur.",neutral,,neutral,,neutral,,neutral,,neutral,,neutral,,neutral,,,,
Ci 74160,ci74160,0,0,0,0,0,0,0,,,top1000,148,Skincare Ingredient,Renklendirici,"ci 74160, formülasyona renk veren kozmetik pigment; ürünün görsel çekiciliğini artırır, cilt bakım faydası yoktur.",neutral,,neutral,,neutral,,neutral,,neutral,,neutral,,neutral,,,,
Ci 74260,ci74260,0,0,0,0,0,0,0,,,top1000,52,Skincare Ingredient,Renklendirici,"ci 74260, formülasyona renk veren kozmetik pigment; ürünün görsel çekiciliğini artırır, cilt bakım faydası yoktur.",neutral,,neutral,,neutral,,neutral,,neutral,,neutral,,neutral,,,,
Ci 75470 / Carmine,ci75470carmine,0,0,0,0,0,0,0,,,top1000,56,Skincare Ingredient,Renklendirici,"ci 75470 / carmine, formülasyona renk veren kozmetik pigment; ürünün görsel çekiciliğini artırır, cilt bakım faydası yoktur.",neutral,,neutral,,neutral,,neutral,,neutral,,neutral,,neutral,,,,
Ci 77007,ci77007,0,0,0,0,0,0,0,,,top1000,46,Skincare Ingredient,Renklendirici,"ci 77007, formülasyona renk veren kozmetik pigment; ürünün görsel çekiciliğini artırır, cilt bakım faydası yoktur.",neutral,,neutral,,neutral,,neutral,,neutral,,neutral,,neutral,,,,
Ci 77491,ci77491,0,0,0,0,0,0,0,,,top1000,238,Skincare Ingredient,Renklendirici,"ci 77491, formülasyona renk veren kozmetik pigment; ürünün görsel çekiciliğini artırır, cilt bakım faydası yoktur.",neutral,,neutral,,neutral,,neutral,,neutral,,neutral,,neutral,,,,
Ci 77491 / Iron Oxides,ci77491ironoxides,0,0,0,0,0,0,0,,,top1000,30,Mineral,Mineral,"ci 77491 / iron oxides, mineral bazlı bileşen; formülasyonun fiziksel özelliklerine katkıda bulunur veya ciltte koruyucu/düzenleyici etki gösterir.",neutral,,neutral,,neutral,,neutral,,neutral,,neutral,,neutral,,,,
Ci 77492,ci77492,0,0,0,0,0,0,0,,,top1000,323,Skincare Ingredient,Renklendirici,"ci 77492, formülasyona renk veren kozmetik pigment; ürünün görsel çekiciliğini artırır, cilt bakım faydası yoktur.",neutral,,neutral,,neutral,,neutral,,neutral,,neutral,,neutral,,,,
Ci 77499,ci77499,0,0,0,0,0,0,0,,,top1000,87,Skincare Ingredient,Renklendirici,"ci 77499, formülasyona renk veren kozmetik pigment; ürünün görsel çekiciliğini artırır, cilt bakım faydası yoktur.",neutral,,neutral,,neutral,,neutral,,neutral,,neutral,,neutral,,,,
Ci 77499 / Iron Oxides,ci77499ironoxides,0,0,0,0,0,0,0,,,top1000,118,Mineral,Mineral,"ci 77499 / iron oxides, mineral bazlı bileşen; formülasyonun fiziksel özelliklerine katkıda bulunur veya ciltte koruyucu/düzenleyici etki gösterir.",neutral,,neutral,,neutral,,neutral,,neutral,,neutral,,neutral,,,,
Ci 77891,ci77891,0,0,0,0,0,0,0,,,top1000,356,Skincare Ingredient,Renklendirici,"ci 77891, formülasyona renk veren kozmetik pigment; ürünün görsel çekiciliğini artırır, cilt bakım faydası yoktur.",neutral,,neutral,,neutral,,neutral,,neutral,,neutral,,neutral,,,,
Ci 77891 / Titanium Dioxide,ci77891titaniumdioxide,0,0,0,1,1,0,1,,,top1000,120,Mineral,Mineral,"ci 77891 / titanium dioxide, mineral bazlı bileşen; formülasyonun fiziksel özelliklerine katkıda bulunur veya ciltte koruyucu/düzenleyici etki gösterir.",neutral,,neutral,,neutral,,neutral,,neutral,,neutral,,neutral,,,,
Cinnamal,cinnamal,0,0,0,0,-1,0,0,,Sensitive,top1000,115,Fragrance Allergen,Koku Alerjeni,"cinnamal, kozmetik ürünlerde koku bileşeni olarak kullanılan ve AB mevzuatına göre etiketlenmesi zorunlu olan potansiyel alerjen; hassas ciltlerde alerjik reaksiyon, kızarıklık veya kontakt dermatit riski taşır.",neutral,,neutral,,neutral,,neutral,,caution,"Hassas ciltte tahriş ve kızarıklık yapabilir, dikkatli kullanılmalı",neutral,,neutral,,,,
Cinnamyl Alcohol,cinnamylalcohol,0,0,0,0,-1,0,0,,Sensitive,top1000,122,Fragrance Allergen,Koku Alerjeni,"cinnamyl alcohol, kozmetik ürünlerde koku bileşeni olarak kullanılan ve AB mevzuatına göre etiketlenmesi zorunlu olan potansiyel alerjen; hassas ciltlerde alerjik reaksiyon, kızarıklık veya kontakt dermatit riski taşır.",neutral,,neutral,,neutral,,neutral,,caution,"Hassas ciltte tahriş ve kızarıklık yapabilir, dikkatli kullanılmalı",neutral,,neutral,,,,
Citral,citral,0,0,0,0,-1,0,0,,Sensitive,top1000,1084,Fragrance Allergen,Koku Alerjeni,"citral, kozmetik ürünlerde koku bileşeni olarak kullanılan ve AB mevzuatına göre etiketlenmesi zorunlu olan potansiyel alerjen; hassas ciltlerde alerjik reaksiyon, kızarıklık veya kontakt dermatit riski taşır.",neutral,,neutral,,neutral,,neutral,,caution,"Hassas ciltte tahriş ve kızarıklık yapabilir, dikkatli kullanılmalı",neutral,,neutral,,,,
Citric Acid,citricacid,0,1,0,0,0,0,0,Texture,,manual_v2,128,Skincare Ingredient,pH Düzenleyici / Hafif AHA,"Narenciye meyvelerinden elde edilen organik asit; formülasyonun pH'ını optimize eder, hafif peeling etkisi gösterebilir ve antioksidan özellik taşır.",neutral,,neutral,,neutral,,neutral,,neutral,,neutral,,neutral,,,,
Citronellol,citronellol,0,0,0,0,-1,0,0,,Sensitive,top1000,2098,Fragrance Allergen,Koku Alerjeni,"citronellol, kozmetik ürünlerde koku bileşeni olarak kullanılan ve AB mevzuatına göre etiketlenmesi zorunlu olan potansiyel alerjen; hassas ciltlerde alerjik reaksiyon, kızarıklık veya kontakt dermatit riski taşır.",neutral,,neutral,,neutral,,neutral,,caution,"Hassas ciltte tahriş ve kızarıklık yapabilir, dikkatli kullanılmalı",neutral,,neutral,,,,
Citrus Aurantium Dulcis (Orange) Peel Oil,citrusaurantiumdulcisorangepeeloil,0,0,0,0,0,0,0,,,top1000,67,Skincare Ingredient,Cilt Bakım Bileşeni,"citrus aurantium dulcis (orange) peel oil, kozmetik formülasyonlarda kullanılan yardımcı bileşen; ürünün doku, stabilite veya uygulama özelliklerine katkıda bulunur.",neutral,,neutral,,neutral,,neutral,,neutral,,neutral,,neutral,,,,
Citrus Aurantium Peel Oil,citrusaurantiumpeeloil,0,0,0,0,0,0,0,,,top1000,54,Skincare Ingredient,Cilt Bakım Bileşeni,"citrus aurantium peel oil, kozmetik formülasyonlarda kullanılan yardımcı bileşen; ürünün doku, stabilite veya uygulama özelliklerine katkıda bulunur.",neutral,,neutral,,neutral,,neutral,,neutral,,neutral,,neutral,,,,
Citrus Limon (Lemon) Peel Oil,citruslimonlemonpeeloil,0,0,0,0,0,0,0,,,top1000,50,Skincare Ingredient,Cilt Bakım Bileşeni,"citrus limon (lemon) peel oil, kozmetik formülasyonlarda kullanılan yardımcı bileşen; ürünün doku, stabilite veya uygulama özelliklerine katkıda bulunur.",neutral,,neutral,,neutral,,neutral,,neutral,,neutral,,neutral,,,,
Citrus Limon Fruit Extract,citruslimonfruitextract,1,0,0,0,0,0,0,,,top1000,35,Botanical Extract,Bitkisel Ekstrakt,"citrus limon fruit extract, bitkisel kaynaklı aktif ekstrakt; antioksidan, yatıştırıcı veya besleyici özellikler taşıyabilir ve formülasyona doğal etkinlik katar.",neutral,,neutral,,neutral,,neutral,,neutral,,neutral,,neutral,,,,
Citrus Limon Peel Oil,citruslimonpeeloil,0,0,0,0,0,0,0,,,top1000,59,Skincare Ingredient,Cilt Bakım Bileşeni,"citrus limon peel oil, kozmetik formülasyonlarda kullanılan yardımcı bileşen; ürünün doku, stabilite veya uygulama özelliklerine katkıda bulunur.",neutral,,neutral,,neutral,,neutral,,neutral,,neutral,,neutral,,,,
Citrus Medica Limonum Fruit Extract,citrusmedicalimonumfruitextract,0,1,0,0,-1,0,0,Radiance|Texture,Sensitive,manual_v2,0,Botanical Extract,Bitkisel Ekstrakt (Limon),Limon meyvesinden elde edilen sitrik asit ve C vitamini bakımından zengin ekstrakt; hafif aydınlatıcı ve astrenjan etki gösterir ancak fotosensitivite riski taşıyabilir.,neutral,,neutral,,neutral,,neutral,,caution,Hassas ciltte tahriş yapabilir,neutral,,neutral,,,,
Citrus Reticulata Fruit Water,citrusreticulatafruitwater,0,0,0,0,0,0,0,,,manual_v2,0,Botanical Extract,Bitkisel Hidrosol (Mandalina),"Mandalina meyvesinin damıtılmasıyla elde edilen aromatik su; hafif tonlayıcı ve ferahlatıcı etki sağlar, formülasyona doğal koku katar.",neutral,,neutral,,neutral,,neutral,,neutral,,neutral,,neutral,,,,
Cl 19140,cl19140,0,0,0,0,0,0,0,,,top1000,38,Skincare Ingredient,Cilt Bakım Bileşeni,"cl 19140, kozmetik formülasyonlarda kullanılan yardımcı bileşen; ürünün doku, stabilite veya uygulama özelliklerine katkıda bulunur.",neutral,,neutral,,neutral,,neutral,,neutral,,neutral,,neutral,,,,
Cl 42090,cl42090,0,0,0,0,0,0,0,,,top1000,28,Skincare Ingredient,Cilt Bakım Bileşeni,"cl 42090, kozmetik formülasyonlarda kullanılan yardımcı bileşen; ürünün doku, stabilite veya uygulama özelliklerine katkıda bulunur.",neutral,,neutral,,neutral,,neutral,,neutral,,neutral,,neutral,,,,
Cl 77891,cl77891,0,0,0,0,0,0,0,,,top1000,48,Skincare Ingredient,Cilt Bakım Bileşeni,"cl 77891, kozmetik formülasyonlarda kullanılan yardımcı bileşen; ürünün doku, stabilite veya uygulama özelliklerine katkıda bulunur.",neutral,,neutral,,neutral,,neutral,,neutral,,neutral,,neutral,,,,
Cocamide Dea,cocamidedea,0,0,0,0,0,0,0,Anyone,,top1000,157,Surfactant,Yüzey Aktif Madde (Nazik),"cocamide dea, nazik temizleyici yüzey aktif madde; cildi fazla kurutmadan etkili temizlik sağlar ve hassas cilt formülasyonlarında tercih edilir.",neutral,,neutral,,neutral,,neutral,,neutral,,neutral,,neutral,,,,
Cocamide Mea,cocamidemea,0,0,0,0,0,0,0,Anyone,,top1000,521,Surfactant,Yüzey Aktif Madde (Nazik),"cocamide mea, nazik temizleyici yüzey aktif madde; cildi fazla kurutmadan etkili temizlik sağlar ve hassas cilt formülasyonlarında tercih edilir.",neutral,,neutral,,neutral,,neutral,,neutral,,neutral,,neutral,,,,
Cocamide Mipa,cocamidemipa,0,0,0,0,0,0,0,Anyone,,top1000,164,Surfactant,Yüzey Aktif Madde (Nazik),"cocamide mipa, nazik temizleyici yüzey aktif madde; cildi fazla kurutmadan etkili temizlik sağlar ve hassas cilt formülasyonlarında tercih edilir.",neutral,,neutral,,neutral,,neutral,,neutral,,neutral,,neutral,,,,
Cocamidopropyl Betaine,cocamidopropylbetaine,0,1,0,0,0,0,0,Anyone,,manual_v2,2714,Surfactant,Yüzey Aktif Madde (Nazik),"Hindistancevizi yağından elde edilen amfoterik temizleyici; SLS/SLES'in sert etkisini yumuşatmak için kullanılır, nazik köpürme sağlar ve hassas cilt temizleyicilerinde tercih edilir.",neutral,,neutral,,neutral,,neutral,,neutral,,neutral,,neutral,,,,
Cocamidopropyl Dimethylamine,cocamidopropyldimethylamine,0,0,0,0,0,0,0,,,manual_v2,0,Surfactant,Yüzey Aktif Madde (Saç/Cilt Yumuşatıcı),"Hindistancevizi yağından elde edilen katyonik yüzey aktif madde; saç ve cilt yüzeyinde yumuşatıcı film oluşturur, statik elektriği azaltır ve temizleyici formülasyonlarda kondisyoner görevi görür.",neutral,,neutral,,neutral,,neutral,,neutral,,neutral,,neutral,,,,
Cocamidopropyl Hydroxysultaine,cocamidopropylhydroxysultaine,0,0,0,0,0,0,0,Anyone,,top1000,86,Surfactant,Yüzey Aktif Madde (Nazik),"cocamidopropyl hydroxysultaine, nazik temizleyici yüzey aktif madde; cildi fazla kurutmadan etkili temizlik sağlar ve hassas cilt formülasyonlarında tercih edilir.",neutral,,neutral,,neutral,,neutral,,neutral,,neutral,,neutral,,,,
Coceth-7,coceth7,0,0,0,0,0,0,0,,,manual_v2,0,Skincare Ingredient,Emülgatör,Hindistancevizi yağından türetilen non-iyonik emülgatör; formülasyonda yağ ve su fazlarını birleştirerek homojen ve stabil emülsiyonlar oluşturulmasını sağlar.,neutral,,neutral,,neutral,,neutral,,neutral,,neutral,,neutral,,,,
Coco-Betaine,cocobetaine,1,0,0,0,0,0,0,Anyone,,top1000,375,Surfactant,Yüzey Aktif Madde (Nazik),"coco-betaine, nazik temizleyici yüzey aktif madde; cildi fazla kurutmadan etkili temizlik sağlar ve hassas cilt formülasyonlarında tercih edilir.",neutral,,neutral,,neutral,,neutral,,neutral,,neutral,,neutral,,,,
Coco-Caprylate,cococaprylate,1,0,0,0,0,0,0,Texture,,top1000,77,Emollient,Yumuşatıcı Ester,"coco-caprylate, yağ asidi esteri; cildi yumuşatır, formülasyona hafif ve pürüzsüz bir doku kazandırır.",neutral,,neutral,,neutral,,neutral,,neutral,,neutral,,neutral,,,,
Coco-Caprylate/Caprate,cococaprylatecaprate,1,0,0,0,0,0,0,Texture,,top1000,148,Emollient,Yumuşatıcı Ester,"coco-caprylate/caprate, yağ asidi esteri; cildi yumuşatır, formülasyona hafif ve pürüzsüz bir doku kazandırır.",neutral,,neutral,,neutral,,neutral,,neutral,,neutral,,neutral,,,,
Coco-Glucoside,cocoglucoside,1,0,0,0,0,0,0,Anyone,,top1000,830,Surfactant,Yüzey Aktif Madde (Nazik),"coco-glucoside, nazik temizleyici yüzey aktif madde; cildi fazla kurutmadan etkili temizlik sağlar ve hassas cilt formülasyonlarında tercih edilir.",neutral,,neutral,,neutral,,neutral,,neutral,,neutral,,neutral,,,,
Cocoglycerides,cocoglycerides,0,0,0,0,0,0,0,,,top1000,57,Skincare Ingredient,Cilt Bakım Bileşeni,"cocoglycerides, kozmetik formülasyonlarda kullanılan yardımcı bileşen; ürünün doku, stabilite veya uygulama özelliklerine katkıda bulunur.",neutral,,neutral,,neutral,,neutral,,neutral,,neutral,,neutral,,,,
Coconut Acid,coconutacid,0,0,0,0,0,0,0,,,top1000,110,Skincare Ingredient,Cilt Bakım Bileşeni,"coconut acid, kozmetik formülasyonlarda kullanılan yardımcı bileşen; ürünün doku, stabilite veya uygulama özelliklerine katkıda bulunur.",neutral,,neutral,,neutral,,neutral,,neutral,,neutral,,neutral,,,,
Coconut Alcohol,coconutalcohol,0,0,0,0,0,0,0,,,top1000,32,Skincare Ingredient,Cilt Bakım Bileşeni,"coconut alcohol, kozmetik formülasyonlarda kullanılan yardımcı bileşen; ürünün doku, stabilite veya uygulama özelliklerine katkıda bulunur.",neutral,,neutral,,neutral,,neutral,,neutral,,neutral,,neutral,,,,
Coconut Oil,coconutoil,2,-2,-1,0,0,0,0,Dry and dehydrated skin,Oily|Combination,manual_v2,28,Oil / Lipid,Bitkisel Yağ (Hindistancevizi),Güçlü yumuşatıcı ve antimikrobiyal özelliklere sahip tropikal yağ; çok kuru cildi derinden besler ancak yüksek komedojenik potansiyeli nedeniyle yağlı ve akneye eğilimli ciltlerde gözenek tıkanmasına neden olabilir.,beneficial,Güçlü yumuşatıcı ve antimikrobiyal özelliklere sahip tropikal yağ; çok kuru cildi derinden besler ancak yüksek komedojen,caution,Gözenekleri tıkayabilir veya yağlanmayı artırabilir,caution,Karma ciltte dengesizlik yaratabilir,neutral,,neutral,,neutral,,neutral,,,,
Cocos Nucifera (Coconut) Fruit Extract,cocosnuciferacoconutfruitextract,1,0,0,0,0,0,0,,,top1000,49,Botanical Extract,Bitkisel Ekstrakt,"cocos nucifera (coconut) fruit extract, bitkisel kaynaklı aktif ekstrakt; antioksidan, yatıştırıcı veya besleyici özellikler taşıyabilir ve formülasyona doğal etkinlik katar.",neutral,,neutral,,neutral,,neutral,,neutral,,neutral,,neutral,,,,
Cocos Nucifera (Coconut) Oil,cocosnuciferacoconutoil,0,0,0,0,0,0,0,,,top1000,322,Skincare Ingredient,Cilt Bakım Bileşeni,"cocos nucifera (coconut) oil, kozmetik formülasyonlarda kullanılan yardımcı bileşen; ürünün doku, stabilite veya uygulama özelliklerine katkıda bulunur.",neutral,,neutral,,neutral,,neutral,,neutral,,neutral,,neutral,,,,
Cocos Nucifera Fruit Extract,cocosnuciferafruitextract,1,0,0,0,0,0,0,,,top1000,38,Botanical Extract,Bitkisel Ekstrakt,"cocos nucifera fruit extract, bitkisel kaynaklı aktif ekstrakt; antioksidan, yatıştırıcı veya besleyici özellikler taşıyabilir ve formülasyona doğal etkinlik katar.",neutral,,neutral,,neutral,,neutral,,neutral,,neutral,,neutral,,,,
Cocos Nucifera Oil,cocosnuciferaoil,0,0,0,0,0,0,0,,,top1000,297,Skincare Ingredient,Cilt Bakım Bileşeni,"cocos nucifera oil, kozmetik formülasyonlarda kullanılan yardımcı bileşen; ürünün doku, stabilite veya uygulama özelliklerine katkıda bulunur.",neutral,,neutral,,neutral,,neutral,,neutral,,neutral,,neutral,,,,
Cocos Nucifera Oil / Coconut Oil,cocosnuciferaoilcoconutoil,2,-1,0,1,0,1,0,Dry and dehydrated skin,Oily,top1000,55,Oil / Lipid,Bitkisel Yağ,"cocos nucifera oil / coconut oil, esansiyel yağ asitleri ve vitaminler bakımından zengin bitkisel yağ; cildi besler, nem bariyerini güçlendirir ve yumuşatıcı etki sağlar.",beneficial,"cocos nucifera oil / coconut oil, esansiyel yağ asitleri ve vitaminler bakımından zengin bitkisel yağ; cildi besler, nem",caution,Gözenekleri tıkayabilir veya yağlanmayı artırabilir,neutral,,neutral,,neutral,,neutral,,neutral,,,,
Coenzyme Q10,coenzymeq10,1,0,0,1,0,3,0,Fine Lines|Wrinkles|Radiance,,manual_v2,0,Antioxidant,Antioksidan (Koenzim Q10),Hücrelerin enerji üretiminde kritik rol oynayan doğal antioksidan; yaşla birlikte azalan üretiminin takviyesi cildin enerji metabolizmasını destekler ve kırışıklık oluşumunu yavaşlatır.,neutral,,neutral,,neutral,,neutral,,neutral,,beneficial,Hücrelerin enerji üretiminde kritik rol oynayan doğal antioksidan; yaşla birlikte azalan üretiminin takviyesi cildin ene,neutral,,,,
Cola Acuminata (Kola) Seed Extract,colaacuminatakolaseedextract,0,0,0,0,0,1,0,Radiance,,manual_v2,0,Botanical Extract,Bitkisel Ekstrakt (Kola),Kola fıstığından elde edilen kafein bakımından zengin ekstrakt; mikro dolaşımı artırarak cildin canlılığını destekler ve antioksidan koruma sağlar.,neutral,,neutral,,neutral,,neutral,,neutral,,neutral,,neutral,,,,
Collagen,collagen,2,0,0,0,0,1,0,Dry and dehydrated skin|Fine Lines,,manual_v2,0,Humectant,Kolajen (Nemlendirici),Cildin yapısal proteini; topikal uygulamada cildin derinlerine nüfuz edemez ancak yüzeyde film oluşturarak nemlendirici etki gösterir ve cildin daha dolgun görünmesini sağlar.,beneficial,Cildin yapısal proteini; topikal uygulamada cildin derinlerine nüfuz edemez ancak yüzeyde film oluşturarak nemlendirici ,neutral,,neutral,,neutral,,neutral,,neutral,,neutral,,,,
Copernicia Cerifera (Carnauba) Wax,coperniciaceriferacarnaubawax,1,0,0,0,0,0,0,,,top1000,29,Skincare Ingredient,Cilt Bakım Bileşeni,"copernicia cerifera (carnauba) wax, kozmetik formülasyonlarda kullanılan yardımcı bileşen; ürünün doku, stabilite veya uygulama özelliklerine katkıda bulunur.",neutral,,neutral,,neutral,,neutral,,neutral,,neutral,,neutral,,,,
Copernicia Cerifera Cera,coperniciaceriferacera,0,0,0,0,0,0,0,,,top1000,92,Skincare Ingredient,Cilt Bakım Bileşeni,"copernicia cerifera cera, kozmetik formülasyonlarda kullanılan yardımcı bileşen; ürünün doku, stabilite veya uygulama özelliklerine katkıda bulunur.",neutral,,neutral,,neutral,,neutral,,neutral,,neutral,,neutral,,,,
Copernicia Cerifera Wax,coperniciaceriferawax,1,0,0,0,0,0,0,,,manual_v2,0,Emollient,Bitkisel Vaks (Karnauba),"Brezilya karnauba palmiyesinden elde edilen doğal sert vaks; formülasyona yapı ve stabilite kazandırır, ciltte ince koruyucu tabaka oluşturarak nem kaybını önler.",neutral,,neutral,,neutral,,neutral,,neutral,,neutral,,neutral,,,,
Copper Gluconate,coppergluconate,0,0,0,0,0,0,0,,,top1000,27,Skincare Ingredient,Cilt Bakım Bileşeni,"copper gluconate, kozmetik formülasyonlarda kullanılan yardımcı bileşen; ürünün doku, stabilite veya uygulama özelliklerine katkıda bulunur.",neutral,,neutral,,neutral,,neutral,,neutral,,neutral,,neutral,,,,
Copper Sulfate,coppersulfate,0,0,0,0,0,1,0,,,manual_v2,0,Mineral,Mineral (Bakır),"Bakır sülfat; iz element olarak cildin doğal enzimatik süreçlerini destekler, antimikrobiyal özellik taşır ve yara iyileşmesine katkıda bulunabilir.",neutral,,neutral,,neutral,,neutral,,neutral,,neutral,,neutral,,,,
Copper Tripeptide-1,coppertripeptide1,1,0,0,0,1,4,0,Fine Lines|Wrinkles|Elasticity|Impaired skin barrier,,manual_v2,0,Peptide,Peptit (Bakır Peptit),"Bakır iyonuna bağlı güçlü sinyal peptidi; kolajen ve elastin üretimini uyarır, yara iyileşmesini hızlandırır, antioksidan koruma sağlar ve cilt yenilenmesini destekler.",neutral,,neutral,,neutral,,neutral,,neutral,,beneficial,"Bakır iyonuna bağlı güçlü sinyal peptidi; kolajen ve elastin üretimini uyarır, yara iyileşmesini hızlandırır, antioksida",neutral,,,,
Coumarin,coumarin,0,0,0,0,-1,0,0,,Sensitive,top1000,1348,Fragrance Allergen,Koku Alerjeni,"coumarin, kozmetik ürünlerde koku bileşeni olarak kullanılan ve AB mevzuatına göre etiketlenmesi zorunlu olan potansiyel alerjen; hassas ciltlerde alerjik reaksiyon, kızarıklık veya kontakt dermatit riski taşır.",neutral,,neutral,,neutral,,neutral,,caution,"Hassas ciltte tahriş ve kızarıklık yapabilir, dikkatli kullanılmalı",neutral,,neutral,,,,
Creatine,creatine,0,0,0,0,0,0,0,,,top1000,32,Skincare Ingredient,Cilt Bakım Bileşeni,"creatine, kozmetik formülasyonlarda kullanılan yardımcı bileşen; ürünün doku, stabilite veya uygulama özelliklerine katkıda bulunur.",neutral,,neutral,,neutral,,neutral,,neutral,,neutral,,neutral,,,,
Cucumis Sativus (Cucumber) Fruit Extract,cucumissativuscucumberfruitextract,1,0,0,0,0,0,0,,,top1000,47,Botanical Extract,Bitkisel Ekstrakt,"cucumis sativus (cucumber) fruit extract, bitkisel kaynaklı aktif ekstrakt; antioksidan, yatıştırıcı veya besleyici özellikler taşıyabilir ve formülasyona doğal etkinlik katar.",neutral,,neutral,,neutral,,neutral,,neutral,,neutral,,neutral,,,,
Curcuma Longa Root Extract,curcumalongarootextract,0,0,0,1,1,1,0,Pigmentation|Redness|Radiance|Acne,,manual_v2,0,Botanical Extract,Bitkisel Ekstrakt (Zerdeçal),"Zerdeçal kökünden elde edilen kurkumin bakımından zengin ekstrakt; güçlü anti-inflamatuar ve antioksidan özellikler taşır, hiperpigmentasyonu azaltır, cildi aydınlatır ve akne sonrası izlerin görünümünü hafifletir.",neutral,,neutral,,neutral,,neutral,,neutral,,neutral,,neutral,,,,
Cyanocobalamin,cyanocobalamin,1,0,0,1,2,1,0,Redness|Impaired skin barrier|Radiance,,manual_v2,0,Skincare Ingredient,Aktif Bileşen (B12 Vitamini),"B12 vitamini; hücre yenilenmesini ve DNA sentezini destekler, anti-inflamatuar etki gösterir, klinik çalışmalarda atopik dermatit ve ekzema semptomlarını azalttığı gösterilmiştir, cildin pembe bir parlaklık kazanmasını sağlar.",neutral,,neutral,,neutral,,neutral,,beneficial,"B12 vitamini; hücre yenilenmesini ve DNA sentezini destekler, anti-inflamatuar etki gösterir, klinik çalışmalarda atopik",neutral,,neutral,,,,
Cyclodextrin,cyclodextrin,0,0,0,0,0,0,0,,,top1000,37,Skincare Ingredient,Cilt Bakım Bileşeni,"cyclodextrin, kozmetik formülasyonlarda kullanılan yardımcı bileşen; ürünün doku, stabilite veya uygulama özelliklerine katkıda bulunur.",neutral,,neutral,,neutral,,neutral,,neutral,,neutral,,neutral,,,,
Cyclohexasiloxane,cyclohexasiloxane,1,0,0,0,0,0,0,Texture,,top1000,92,Silicone,Silikon,"cyclohexasiloxane, silikon bazlı bileşen; ciltte veya saçta pürüzsüz bir yüzey oluşturarak dokuyu iyileştirir, nem kaybını azaltır ve ürüne ipeksi bir uygulama hissi kazandırır.",neutral,,neutral,,neutral,,neutral,,neutral,,neutral,,neutral,,,,
Cyclomethicone,cyclomethicone,1,0,0,0,0,0,0,Texture,,manual_v2,98,Silicone,Silikon (Uçucu),"Uçucu silikon; ciltte hafif ve ipeksi bir his bırakıp hızla buharlaşır, ürünlere kaygan uygulama hissi kazandırır ve formülasyondaki diğer bileşenlerin eşit dağılmasını sağlar.",neutral,,neutral,,neutral,,neutral,,neutral,,neutral,,neutral,,,,
Cyclopentasiloxane,cyclopentasiloxane,1,0,0,0,0,0,0,Texture,,manual_v2,471,Silicone,Silikon (Uçucu),"Hafif uçucu silikon; ciltte kalıntı bırakmadan buharlaşır, ipeksi bir uygulama hissi sağlar ve diğer aktif bileşenlerin cilde ulaşmasına yardımcı olur.",neutral,,neutral,,neutral,,neutral,,neutral,,neutral,,neutral,,,,
Cymbopogon Citratus Leaf Oil,cymbopogoncitratusleafoil,0,0,0,0,-2,0,-1,,Sensitive|Pregnancy,manual_v2,0,Botanical Extract,Uçucu Yağ (Limon Otu),"Limon otu yapraklarından damıtılan uçucu yağ; antiseptik ve astrenjan özellikler taşır, gözenekleri sıkılaştırır ancak sitral içeriği nedeniyle hassas ciltlerde tahriş ve alerjik reaksiyon riski yüksektir.",neutral,,neutral,,neutral,,neutral,,caution,Hassas ciltte tahriş ve kızarıklık yapabilir,neutral,,caution,"Hamilelikte önerilmez, doktora danışın",,,
Cynara Scolymus (Artichoke) Leaf Extract,cynarascolymusartichokeleafextract,0,1,0,0,0,1,0,Enlarged Pores|Radiance,,manual_v2,0,Botanical Extract,Bitkisel Ekstrakt (Enginar),"Enginar yaprağından elde edilen antioksidan zengin ekstrakt; polifenoller ve klorojenik asit içerir, cildi serbest radikallere karşı korur ve gözenek sıkılaştırıcı etki gösterir.",neutral,,neutral,,neutral,,neutral,,neutral,,neutral,,neutral,,,,
D-Limonene,dlimonene,0,0,0,0,-1,0,0,,Sensitive,top1000,37,Fragrance Allergen,Koku Alerjeni,"d-limonene, kozmetik ürünlerde koku bileşeni olarak kullanılan ve AB mevzuatına göre etiketlenmesi zorunlu olan potansiyel alerjen; hassas ciltlerde alerjik reaksiyon, kızarıklık veya kontakt dermatit riski taşır.",neutral,,neutral,,neutral,,neutral,,caution,"Hassas ciltte tahriş ve kızarıklık yapabilir, dikkatli kullanılmalı",neutral,,neutral,,,,
Daucus Carota Sativa (Carrot) Root Extract,daucuscarotasativacarrotrootextract,1,0,0,1,0,1,0,Radiance|Fine Lines,,manual_v2,0,Botanical Extract,Bitkisel Ekstrakt (Havuç),"Havuç kökünden elde edilen beta-karoten bakımından zengin ekstrakt; güçlü antioksidan koruma sağlar, cilt tonunu canlandırır ve UV hasarına karşı cildin doğal savunmasını destekler.",neutral,,neutral,,neutral,,neutral,,neutral,,neutral,,neutral,,,,
Daucus Carota Sativa Extract,daucuscarotasativaextract,1,0,0,1,0,1,0,Radiance|Fine Lines,,manual_v2,0,Botanical Extract,Bitkisel Ekstrakt (Havuç),"Havuçtan elde edilen beta-karoten ve antioksidan bakımından zengin ekstrakt; cilt tonunu canlandırır, UV hasarına karşı cildin doğal savunmasını destekler ve yaşlanma karşıtı etki gösterir.",neutral,,neutral,,neutral,,neutral,,neutral,,neutral,,neutral,,,,
Deceth-3,deceth3,0,0,0,0,0,0,0,,,top1000,41,Skincare Ingredient,Cilt Bakım Bileşeni,"deceth-3, kozmetik formülasyonlarda kullanılan yardımcı bileşen; ürünün doku, stabilite veya uygulama özelliklerine katkıda bulunur.",neutral,,neutral,,neutral,,neutral,,neutral,,neutral,,neutral,,,,
Decyl Glucoside,decylglucoside,0,1,0,0,2,0,0,Anyone,,manual_v2,527,Surfactant,Yüzey Aktif Madde (Çok Nazik),"Mısır glikozundan elde edilen çok nazik temizleyici; bebek ürünlerinde bile kullanılabilecek kadar yumuşak, biyolojik olarak parçalanabilir doğal yüzey aktif madde.",neutral,,neutral,,neutral,,neutral,,beneficial,"Mısır glikozundan elde edilen çok nazik temizleyici; bebek ürünlerinde bile kullanılabilecek kadar yumuşak, biyolojik ol",neutral,,neutral,,,,
Decyl Oleate,decyloleate,1,0,0,0,0,0,0,Texture,,top1000,69,Emollient,Yumuşatıcı Ester,"decyl oleate, yağ asidi esteri; cildi yumuşatır, formülasyona hafif ve pürüzsüz bir doku kazandırır.",neutral,,neutral,,neutral,,neutral,,neutral,,neutral,,neutral,,,,
Decylene Glycol,decyleneglycol,2,0,0,0,0,0,0,Dry and dehydrated skin,,top1000,71,Humectant,Nemlendirici,"decylene glycol, nemlendirici özellikli bileşen; ciltte nem tutarak hidrasyonu artırır ve kuruluğa bağlı gerginlik hissini azaltır.",beneficial,"decylene glycol, nemlendirici özellikli bileşen; ciltte nem tutarak hidrasyonu artırır ve kuruluğa bağlı gerginlik hissi",neutral,,neutral,,neutral,,neutral,,neutral,,neutral,,,,
Dehydroacetic Acid,dehydroaceticacid,0,0,0,0,0,0,0,,,top1000,366,Preservative,Koruyucu (Nazik),"dehydroacetic acid, modern ve daha nazik koruyucu; formülasyonu bakteri ve küf oluşumundan koruyarak ürün güvenliğini sağlar.",neutral,,neutral,,neutral,,neutral,,neutral,,neutral,,neutral,,,,
Dehydroxanthan Gum,dehydroxanthangum,0,0,0,0,0,0,0,,,top1000,27,Skincare Ingredient,Kıvam Artırıcı / Stabilizatör,"dehydroxanthan gum, formülasyona kıvam ve stabilite kazandıran polimer; ürünün dokusunu iyileştirir ve bileşenlerin homojen dağılmasını sağlar.",neutral,,neutral,,neutral,,neutral,,neutral,,neutral,,neutral,,,,
Denatonium Benzoate,denatoniumbenzoate,0,0,0,0,0,0,0,,,top1000,37,Skincare Ingredient,Cilt Bakım Bileşeni,"denatonium benzoate, kozmetik formülasyonlarda kullanılan yardımcı bileşen; ürünün doku, stabilite veya uygulama özelliklerine katkıda bulunur.",neutral,,neutral,,neutral,,neutral,,neutral,,neutral,,neutral,,,,
Dextrin,dextrin,0,0,0,0,0,0,0,,,top1000,27,Skincare Ingredient,Cilt Bakım Bileşeni,"dextrin, kozmetik formülasyonlarda kullanılan yardımcı bileşen; ürünün doku, stabilite veya uygulama özelliklerine katkıda bulunur.",neutral,,neutral,,neutral,,neutral,,neutral,,neutral,,neutral,,,,
Diazolidinyl Urea,diazolidinylurea,1,0,0,0,0,0,0,,,top1000,86,Skincare Ingredient,Cilt Bakım Bileşeni,"diazolidinyl urea, kozmetik formülasyonlarda kullanılan yardımcı bileşen; ürünün doku, stabilite veya uygulama özelliklerine katkıda bulunur.",neutral,,neutral,,neutral,,neutral,,neutral,,neutral,,neutral,,,,
Dibutyl Adipate,dibutyladipate,1,0,0,0,0,0,0,Texture,,manual_v2,0,Emollient,Yumuşatıcı Ester,"Hafif yapılı yumuşatıcı diester; ciltte yağsız ve kuru bir his bırakır, güneş koruyucu filtrelerini çözerek formülasyonun cilde düzgün yayılmasını sağlar.",neutral,,neutral,,neutral,,neutral,,neutral,,neutral,,neutral,,,,
Dicaprylyl Carbonate,dicaprylylcarbonate,1,0,0,0,0,0,0,,,top1000,289,Skincare Ingredient,Cilt Bakım Bileşeni,"dicaprylyl carbonate, kozmetik formülasyonlarda kullanılan yardımcı bileşen; ürünün doku, stabilite veya uygulama özelliklerine katkıda bulunur.",neutral,,neutral,,neutral,,neutral,,neutral,,neutral,,neutral,,,,
Dicaprylyl Ether,dicaprylylether,0,0,0,0,0,0,0,,,top1000,232,Skincare Ingredient,Cilt Bakım Bileşeni,"dicaprylyl ether, kozmetik formülasyonlarda kullanılan yardımcı bileşen; ürünün doku, stabilite veya uygulama özelliklerine katkıda bulunur.",neutral,,neutral,,neutral,,neutral,,neutral,,neutral,,neutral,,,,
Diethylamino Hydroxybenzoyl Hexyl Benzoate,diethylaminohydroxybenzoylhexylbenzoate,0,0,0,0,0,0,0,,,top1000,174,Skincare Ingredient,Cilt Bakım Bileşeni,"diethylamino hydroxybenzoyl hexyl benzoate, kozmetik formülasyonlarda kullanılan yardımcı bileşen; ürünün doku, stabilite veya uygulama özelliklerine katkıda bulunur.",neutral,,neutral,,neutral,,neutral,,neutral,,neutral,,neutral,,,,
Diethylhexyl Butamido Triazone,diethylhexylbutamidotriazone,0,0,0,0,0,0,0,,,top1000,85,Skincare Ingredient,Cilt Bakım Bileşeni,"diethylhexyl butamido triazone, kozmetik formülasyonlarda kullanılan yardımcı bileşen; ürünün doku, stabilite veya uygulama özelliklerine katkıda bulunur.",neutral,,neutral,,neutral,,neutral,,neutral,,neutral,,neutral,,,,
Diethylhexyl Syringylidenemalonate,diethylhexylsyringylidenemalonate,0,0,0,0,0,0,0,,,manual_v2,0,Antioxidant,Antioksidan / UV Stabilizatör,"Sentetik antioksidan; formülasyondaki aktif bileşenleri ve yağları UV kaynaklı oksidasyona karşı korur, güneş koruyucu formülasyonların stabilitesini artırır.",neutral,,neutral,,neutral,,neutral,,neutral,,neutral,,neutral,,,,
Diisopropyl Adipate,diisopropyladipate,1,0,0,0,0,0,0,Texture,,top1000,46,Emollient,Yumuşatıcı Ester,"diisopropyl adipate, yağ asidi esteri; cildi yumuşatır, formülasyona hafif ve pürüzsüz bir doku kazandırır.",neutral,,neutral,,neutral,,neutral,,neutral,,neutral,,neutral,,,,
Diisopropyl Sebacate,diisopropylsebacate,1,0,0,0,0,0,0,Texture,,top1000,54,Emollient,Yumuşatıcı Ester,"diisopropyl sebacate, yağ asidi esteri; cildi yumuşatır, formülasyona hafif ve pürüzsüz bir doku kazandırır.",neutral,,neutral,,neutral,,neutral,,neutral,,neutral,,neutral,,,,
Diisostearyl Malate,diisostearylmalate,1,0,0,0,0,0,0,Texture,,top1000,37,Emollient,Yumuşatıcı Ester,"diisostearyl malate, yağ asidi esteri; cildi yumuşatır, formülasyona hafif ve pürüzsüz bir doku kazandırır.",neutral,,neutral,,neutral,,neutral,,neutral,,neutral,,neutral,,,,
Dimethicone,dimethicone,2,0,0,1,1,0,0,Dry and dehydrated skin|Texture|Anyone,,manual_v2,1925,Silicone,Silikon,"Ciltte ipeksi koruyucu bir tabaka oluşturan silikon; nem kaybını önler, pürüzsüz bir yüzey sağlar, diğer bileşenlerin tahriş potansiyelini azaltır ve makyaj altı baz olarak ideal çalışır.",beneficial,"Ciltte ipeksi koruyucu bir tabaka oluşturan silikon; nem kaybını önler, pürüzsüz bir yüzey sağlar, diğer bileşenlerin ta",neutral,,neutral,,neutral,,neutral,,neutral,,neutral,,,,
Dimethicone Crosspolymer,dimethiconecrosspolymer,1,0,0,0,0,0,0,Texture,,top1000,68,Silicone,Silikon,"dimethicone crosspolymer, silikon bazlı bileşen; ciltte veya saçta pürüzsüz bir yüzey oluşturarak dokuyu iyileştirir, nem kaybını azaltır ve ürüne ipeksi bir uygulama hissi kazandırır.",neutral,,neutral,,neutral,,neutral,,neutral,,neutral,,neutral,,,,
Dimethicone/Vinyl Dimethicone Crosspolymer,dimethiconevinyldimethiconecrosspolymer,1,0,0,0,0,0,0,Texture,,top1000,49,Silicone,Silikon,"dimethicone/vinyl dimethicone crosspolymer, silikon bazlı bileşen; ciltte veya saçta pürüzsüz bir yüzey oluşturarak dokuyu iyileştirir, nem kaybını azaltır ve ürüne ipeksi bir uygulama hissi kazandırır.",neutral,,neutral,,neutral,,neutral,,neutral,,neutral,,neutral,,,,
Dimethiconol,dimethiconol,1,0,0,0,0,0,0,Texture,,top1000,451,Silicone,Silikon,"dimethiconol, silikon bazlı bileşen; ciltte veya saçta pürüzsüz bir yüzey oluşturarak dokuyu iyileştirir, nem kaybını azaltır ve ürüne ipeksi bir uygulama hissi kazandırır.",neutral,,neutral,,neutral,,neutral,,neutral,,neutral,,neutral,,,,
Dimethyl Isosorbide,dimethylisosorbide,0,0,0,0,0,0,0,,,manual_v2,0,Skincare Ingredient,Penetrasyon Artırıcı,Mısır şekerinden elde edilen bitkisel çözücü; aktif bileşenlerin (özellikle niacinamide ve salicylic acid gibi) cildin derin katmanlarına daha etkili penetrasyonunu sağlar.,neutral,,neutral,,neutral,,neutral,,neutral,,neutral,,neutral,,,,
Dipalmitoylethyl Hydroxyethylmonium Methosulfate,dipalmitoylethylhydroxyethylmoniummethosulfate,0,0,0,0,0,2,0,,,top1000,32,Skincare Ingredient,Cilt Bakım Bileşeni,"dipalmitoylethyl hydroxyethylmonium methosulfate, kozmetik formülasyonlarda kullanılan yardımcı bileşen; ürünün doku, stabilite veya uygulama özelliklerine katkıda bulunur.",neutral,,neutral,,neutral,,neutral,,neutral,,beneficial,Yaşlanma karşıtı faydalı bileşen,neutral,,,,
Dipotassium Glycyrrhizate,dipotassiumglycyrrhizate,0,0,0,0,0,0,0,,,top1000,49,Mineral,Mineral,"dipotassium glycyrrhizate, mineral bazlı bileşen; formülasyonun fiziksel özelliklerine katkıda bulunur veya ciltte koruyucu/düzenleyici etki gösterir.",neutral,,neutral,,neutral,,neutral,,neutral,,neutral,,neutral,,,,
Dipotassium Phosphate,dipotassiumphosphate,0,0,0,0,0,0,0,,,top1000,42,Mineral,Mineral,"dipotassium phosphate, mineral bazlı bileşen; formülasyonun fiziksel özelliklerine katkıda bulunur veya ciltte koruyucu/düzenleyici etki gösterir.",neutral,,neutral,,neutral,,neutral,,neutral,,neutral,,neutral,,,,
Dipropylene Glycol,dipropyleneglycol,2,0,0,0,0,0,0,Dry and dehydrated skin,,top1000,291,Humectant,Nemlendirici,"dipropylene glycol, nemlendirici özellikli bileşen; ciltte nem tutarak hidrasyonu artırır ve kuruluğa bağlı gerginlik hissini azaltır.",beneficial,"dipropylene glycol, nemlendirici özellikli bileşen; ciltte nem tutarak hidrasyonu artırır ve kuruluğa bağlı gerginlik hi",neutral,,neutral,,neutral,,neutral,,neutral,,neutral,,,,
Disodium Cocoamphodiacetate,disodiumcocoamphodiacetate,0,0,0,0,1,0,0,Anyone,,manual_v2,0,Surfactant,Yüzey Aktif Madde (Çok Nazik),"Hindistancevizi yağından elde edilen amfoterik temizleyici; en nazik yüzey aktif maddelerden biri olup bebek şampuanlarında bile kullanılır, göz yakmaz formül özelliği taşır.",neutral,,neutral,,neutral,,neutral,,neutral,,neutral,,neutral,,,,
Disodium Cocoyl Glutamate,disodiumcocoylglutamate,0,0,0,0,0,0,0,Anyone,,top1000,149,Surfactant,Yüzey Aktif Madde (Nazik),"disodium cocoyl glutamate, nazik temizleyici yüzey aktif madde; cildi fazla kurutmadan etkili temizlik sağlar ve hassas cilt formülasyonlarında tercih edilir.",neutral,,neutral,,neutral,,neutral,,neutral,,neutral,,neutral,,,,
Disodium Edta,disodiumedta,0,0,0,0,0,0,0,,,top1000,1763,Skincare Ingredient,Şelatör,"disodium edta, metal iyonlarını bağlayarak formülasyonun stabilitesini koruyan şelatlama ajanı; ürünün renk, koku ve etkinlik kaybını önler.",neutral,,neutral,,neutral,,neutral,,neutral,,neutral,,neutral,,,,
Disodium Laureth Sulfosuccinate,disodiumlaurethsulfosuccinate,0,0,0,0,0,0,0,Anyone,,top1000,122,Surfactant,Yüzey Aktif Madde (Nazik),"disodium laureth sulfosuccinate, nazik temizleyici yüzey aktif madde; cildi fazla kurutmadan etkili temizlik sağlar ve hassas cilt formülasyonlarında tercih edilir.",neutral,,neutral,,neutral,,neutral,,neutral,,neutral,,neutral,,,,
Disodium Lauryl Sulfosuccinate,disodiumlaurylsulfosuccinate,1,0,0,0,0,0,0,Texture,,top1000,51,Emollient,Yumuşatıcı Ester,"disodium lauryl sulfosuccinate, yağ asidi esteri; cildi yumuşatır, formülasyona hafif ve pürüzsüz bir doku kazandırır.",neutral,,neutral,,neutral,,neutral,,neutral,,neutral,,neutral,,,,
Disodium Phosphate,disodiumphosphate,0,0,0,0,0,0,0,,,top1000,169,Skincare Ingredient,Cilt Bakım Bileşeni,"disodium phosphate, kozmetik formülasyonlarda kullanılan yardımcı bileşen; ürünün doku, stabilite veya uygulama özelliklerine katkıda bulunur.",neutral,,neutral,,neutral,,neutral,,neutral,,neutral,,neutral,,,,
Disodium Pyrophosphate,disodiumpyrophosphate,0,0,0,0,0,0,0,,,top1000,66,Skincare Ingredient,Cilt Bakım Bileşeni,"disodium pyrophosphate, kozmetik formülasyonlarda kullanılan yardımcı bileşen; ürünün doku, stabilite veya uygulama özelliklerine katkıda bulunur.",neutral,,neutral,,neutral,,neutral,,neutral,,neutral,,neutral,,,,
Disodium Stearoyl Glutamate,disodiumstearoylglutamate,0,0,0,0,0,0,0,,,top1000,74,Skincare Ingredient,Cilt Bakım Bileşeni,"disodium stearoyl glutamate, kozmetik formülasyonlarda kullanılan yardımcı bileşen; ürünün doku, stabilite veya uygulama özelliklerine katkıda bulunur.",neutral,,neutral,,neutral,,neutral,,neutral,,neutral,,neutral,,,,
Distarch Phosphate,distarchphosphate,0,0,0,0,0,0,0,,,top1000,52,Skincare Ingredient,Cilt Bakım Bileşeni,"distarch phosphate, kozmetik formülasyonlarda kullanılan yardımcı bileşen; ürünün doku, stabilite veya uygulama özelliklerine katkıda bulunur.",neutral,,neutral,,neutral,,neutral,,neutral,,neutral,,neutral,,,,
Disteardimonium Hectorite,disteardimoniumhectorite,0,0,0,0,0,0,0,,,top1000,311,Skincare Ingredient,Cilt Bakım Bileşeni,"disteardimonium hectorite, kozmetik formülasyonlarda kullanılan yardımcı bileşen; ürünün doku, stabilite veya uygulama özelliklerine katkıda bulunur.",neutral,,neutral,,neutral,,neutral,,neutral,,neutral,,neutral,,,,
Distearyldimonium Chloride,distearyldimoniumchloride,0,0,0,0,0,0,0,,,top1000,48,Skincare Ingredient,Cilt Bakım Bileşeni,"distearyldimonium chloride, kozmetik formülasyonlarda kullanılan yardımcı bileşen; ürünün doku, stabilite veya uygulama özelliklerine katkıda bulunur.",neutral,,neutral,,neutral,,neutral,,neutral,,neutral,,neutral,,,,
Dmdm Hydantoin,dmdmhydantoin,0,0,0,0,-1,0,-1,,Sensitive|Pregnancy,top1000,222,Preservative,Koruyucu,"dmdm hydantoin, formülasyonu mikrobiyal kontaminasyondan koruyan koruyucu madde; ürünün güvenli raf ömrünü sağlar.",neutral,,neutral,,neutral,,neutral,,caution,"Hassas ciltte tahriş ve kızarıklık yapabilir, dikkatli kullanılmalı",neutral,,caution,"Hamilelikte kullanımı önerilmez, doktorunuza danışın",,,
Drometrizole Trisiloxane,drometrizoletrisiloxane,1,0,0,0,0,0,0,Texture,,top1000,47,Silicone,Silikon,"drometrizole trisiloxane, silikon bazlı bileşen; ciltte veya saçta pürüzsüz bir yüzey oluşturarak dokuyu iyileştirir, nem kaybını azaltır ve ürüne ipeksi bir uygulama hissi kazandırır.",neutral,,neutral,,neutral,,neutral,,neutral,,neutral,,neutral,,,,
EDTA,edta,0,0,0,0,0,0,0,,,manual_v2,124,Skincare Ingredient,Şelatör,"Metal iyonlarını bağlayarak formülasyonun stabilitesini koruyan şelatlama ajanı; ürünün rengini, kokusunu ve etkinliğini olumsuz etkileyen metal kontaminasyonunu önler.",neutral,,neutral,,neutral,,neutral,,neutral,,neutral,,neutral,,,,
Eau),eau,0,0,0,0,0,0,0,,,top1000,126,Skincare Ingredient,Cilt Bakım Bileşeni,"eau), kozmetik formülasyonlarda kullanılan yardımcı bileşen; ürünün doku, stabilite veya uygulama özelliklerine katkıda bulunur.",neutral,,neutral,,neutral,,neutral,,neutral,,neutral,,neutral,,,,
Ectoin,ectoin,2,0,1,1,2,2,0,Dry and dehydrated skin|Redness|Impaired skin barrier|Fine Lines,,manual_v2,0,Skincare Ingredient,Hücre Koruyucu,"Ekstremofil bakterilerden elde edilen doğal stres koruyucu molekül; hücreleri UV hasarı, kirlilik ve dehidrasyona karşı korur, cildin bağışıklık sistemini destekler ve inflamasyonu azaltır.",beneficial,"Ekstremofil bakterilerden elde edilen doğal stres koruyucu molekül; hücreleri UV hasarı, kirlilik ve dehidrasyona karşı ",neutral,,neutral,,neutral,,beneficial,"Ekstremofil bakterilerden elde edilen doğal stres koruyucu molekül; hücreleri UV hasarı, kirlilik ve dehidrasyona karşı ",beneficial,"Ekstremofil bakterilerden elde edilen doğal stres koruyucu molekül; hücreleri UV hasarı, kirlilik ve dehidrasyona karşı ",neutral,,,,
Equisetum Arvense Extract,equisetumarvenseextract,1,0,0,0,0,0,0,,,top1000,27,Botanical Extract,Bitkisel Ekstrakt,"equisetum arvense extract, bitkisel kaynaklı aktif ekstrakt; antioksidan, yatıştırıcı veya besleyici özellikler taşıyabilir ve formülasyona doğal etkinlik katar.",neutral,,neutral,,neutral,,neutral,,neutral,,neutral,,neutral,,,,
Eryngium Maritimum Extract,eryngiummaritimumextract,0,0,0,0,0,3,0,Fine Lines|Wrinkles|Elasticity,,manual_v2,0,Botanical Extract,Bitkisel Ekstrakt (Deniz Çiğdemi),"Kıyı şeridinde yetişen deniz çiğdemi bitkisinden elde edilen ekstrakt; cildin kök hücrelerini koruyarak yaşlanma sürecini yavaşlatır, cilt yenilenmesini destekler ve elastikiyeti artırır.",neutral,,neutral,,neutral,,neutral,,neutral,,beneficial,Kıyı şeridinde yetişen deniz çiğdemi bitkisinden elde edilen ekstrakt; cildin kök hücrelerini koruyarak yaşlanma sürecin,neutral,,,,
Erythritol,erythritol,0,0,0,0,0,0,0,,,top1000,32,Skincare Ingredient,Cilt Bakım Bileşeni,"erythritol, kozmetik formülasyonlarda kullanılan yardımcı bileşen; ürünün doku, stabilite veya uygulama özelliklerine katkıda bulunur.",neutral,,neutral,,neutral,,neutral,,neutral,,neutral,,neutral,,,,
Ethanolamine,ethanolamine,-2,0,0,0,-2,0,0,,,top1000,69,Skincare Ingredient,Cilt Bakım Bileşeni,"ethanolamine, kozmetik formülasyonlarda kullanılan yardımcı bileşen; ürünün doku, stabilite veya uygulama özelliklerine katkıda bulunur.",caution,"Kurutucu etki yapabilir, nemlendiriciyle kullanılmalı",neutral,,neutral,,neutral,,caution,Hassas ciltte tahriş ve kızarıklık yapabilir,neutral,,neutral,,,,
Ethoxydiglycol,ethoxydiglycol,2,0,0,0,0,0,0,Dry and dehydrated skin,,top1000,27,Humectant,Nemlendirici,"ethoxydiglycol, nemlendirici özellikli bileşen; ciltte nem tutarak hidrasyonu artırır ve kuruluğa bağlı gerginlik hissini azaltır.",beneficial,"ethoxydiglycol, nemlendirici özellikli bileşen; ciltte nem tutarak hidrasyonu artırır ve kuruluğa bağlı gerginlik hissin",neutral,,neutral,,neutral,,neutral,,neutral,,neutral,,,,
Ethyl Acetate,ethylacetate,0,0,0,0,0,0,0,,,top1000,77,Skincare Ingredient,Cilt Bakım Bileşeni,"ethyl acetate, kozmetik formülasyonlarda kullanılan yardımcı bileşen; ürünün doku, stabilite veya uygulama özelliklerine katkıda bulunur.",neutral,,neutral,,neutral,,neutral,,neutral,,neutral,,neutral,,,,
Ethylated Ascorbic Acid,ethylatedascorbicacid,1,1,1,1,1,2,0,Pigmentation|Radiance|Fine Lines,,manual_v2,0,Vitamin C,C Vitamini (Etillenmiş),"C vitamininin hem yağda hem suda çözünür stabil türevi; doğrudan aktif form olarak çalışır, hızlı aydınlatma ve antioksidan etki sağlar.",neutral,,neutral,,neutral,,neutral,,neutral,,beneficial,"C vitamininin hem yağda hem suda çözünür stabil türevi; doğrudan aktif form olarak çalışır, hızlı aydınlatma ve antioksi",neutral,,,,
Ethylhexyl Cocoate,ethylhexylcocoate,0,0,0,0,0,0,0,,,top1000,31,Skincare Ingredient,Cilt Bakım Bileşeni,"ethylhexyl cocoate, kozmetik formülasyonlarda kullanılan yardımcı bileşen; ürünün doku, stabilite veya uygulama özelliklerine katkıda bulunur.",neutral,,neutral,,neutral,,neutral,,neutral,,neutral,,neutral,,,,
Ethylhexyl Methoxycinnamate,ethylhexylmethoxycinnamate,0,0,0,0,-1,0,-1,UV Protection,Sensitive|Pregnancy,manual_v2,275,Sunscreen Agent,Kimyasal Güneş Filtresi (Octinoxate),"Yaygın kullanılan kimyasal UVB filtresi; UV ışınlarını emerek ısıya dönüştürür, ancak hormonal etkileşim endişeleri ve hassas ciltlerde tahriş riski nedeniyle tartışmalı bir bileşendir.",neutral,,neutral,,neutral,,neutral,,caution,"Hassas ciltte tahriş ve kızarıklık yapabilir, dikkatli kullanılmalı",neutral,,caution,"Hamilelikte kullanımı önerilmez, doktorunuza danışın",,,
Ethylhexyl Palmitate,ethylhexylpalmitate,1,0,0,0,0,0,0,Texture,,top1000,213,Emollient,Yumuşatıcı Ester,"ethylhexyl palmitate, yağ asidi esteri; cildi yumuşatır, formülasyona hafif ve pürüzsüz bir doku kazandırır.",neutral,,neutral,,neutral,,neutral,,neutral,,neutral,,neutral,,,,
Ethylhexyl Salicylate,ethylhexylsalicylate,0,0,0,0,0,0,-1,,,top1000,409,Skincare Ingredient,Cilt Bakım Bileşeni,"ethylhexyl salicylate, kozmetik formülasyonlarda kullanılan yardımcı bileşen; ürünün doku, stabilite veya uygulama özelliklerine katkıda bulunur.",neutral,,neutral,,neutral,,neutral,,neutral,,neutral,,caution,"Hamilelikte önerilmez, doktorunuza danışın",,,
Ethylhexyl Stearate,ethylhexylstearate,1,0,0,0,0,0,0,Texture,,top1000,168,Emollient,Yumuşatıcı Ester,"ethylhexyl stearate, yağ asidi esteri; cildi yumuşatır, formülasyona hafif ve pürüzsüz bir doku kazandırır.",neutral,,neutral,,neutral,,neutral,,neutral,,neutral,,neutral,,,,
Ethylhexyl Sulfur,ethylhexylsulfur,-1,2,1,0,-1,0,0,Acne|Oily,Sensitive|Dry Dehydrated,manual_v2,0,Skincare Ingredient,Antimikrobiyal (Kükürt Türevi),"Organik kükürt bileşeni; antibakteriyel ve antifungal özellikler taşır, akne tedavisinde yağ üretimini dengelemeye yardımcı olur ve cilt yüzeyindeki bakteriyel aktiviteyi azaltır.",caution,Kurutucu etki yapabilir,beneficial,"Organik kükürt bileşeni; antibakteriyel ve antifungal özellikler taşır, akne tedavisinde yağ üretimini dengelemeye yardı",neutral,,neutral,,caution,Hassas ciltte tahriş yapabilir,neutral,,neutral,,,,
Ethylhexyl Triazone,ethylhexyltriazone,0,0,0,0,0,0,0,,,top1000,265,Skincare Ingredient,Cilt Bakım Bileşeni,"ethylhexyl triazone, kozmetik formülasyonlarda kullanılan yardımcı bileşen; ürünün doku, stabilite veya uygulama özelliklerine katkıda bulunur.",neutral,,neutral,,neutral,,neutral,,neutral,,neutral,,neutral,,,,
Ethylhexylglycerin,ethylhexylglycerin,1,0,0,0,0,0,0,,,manual_v2,1210,Preservative,Koruyucu Destekçi,Phenoxyethanol'ün etkinliğini artıran yardımcı koruyucu; aynı zamanda hafif yumuşatıcı özellik taşır ve formülasyonda daha düşük koruyucu kullanımına olanak sağlar.,neutral,,neutral,,neutral,,neutral,,neutral,,neutral,,neutral,,,,
Ethylparaben,ethylparaben,0,0,0,0,-1,0,-1,,Sensitive|Pregnancy,top1000,157,Preservative,Koruyucu,"ethylparaben, formülasyonu mikrobiyal kontaminasyondan koruyan koruyucu madde; ürünün güvenli raf ömrünü sağlar.",neutral,,neutral,,neutral,,neutral,,caution,"Hassas ciltte tahriş ve kızarıklık yapabilir, dikkatli kullanılmalı",neutral,,caution,"Hamilelikte kullanımı önerilmez, doktorunuza danışın",,,
Etidronic Acid,etidronicacid,0,0,0,0,0,0,0,,,top1000,101,Skincare Ingredient,Şelatör,"etidronic acid, metal iyonlarını bağlayarak formülasyonun stabilitesini koruyan şelatlama ajanı; ürünün renk, koku ve etkinlik kaybını önler.",neutral,,neutral,,neutral,,neutral,,neutral,,neutral,,neutral,,,,
Eucalyptol,eucalyptol,0,0,0,0,0,0,0,,,top1000,58,Skincare Ingredient,Cilt Bakım Bileşeni,"eucalyptol, kozmetik formülasyonlarda kullanılan yardımcı bileşen; ürünün doku, stabilite veya uygulama özelliklerine katkıda bulunur.",neutral,,neutral,,neutral,,neutral,,neutral,,neutral,,neutral,,,,
Eucalyptus Globulus Leaf Extract,eucalyptusglobulusleafextract,1,0,0,0,0,0,0,,,top1000,32,Botanical Extract,Bitkisel Ekstrakt,"eucalyptus globulus leaf extract, bitkisel kaynaklı aktif ekstrakt; antioksidan, yatıştırıcı veya besleyici özellikler taşıyabilir ve formülasyona doğal etkinlik katar.",neutral,,neutral,,neutral,,neutral,,neutral,,neutral,,neutral,,,,
Eucalyptus Globulus Leaf Oil,eucalyptusglobulusleafoil,0,0,0,0,0,0,0,,,top1000,77,Skincare Ingredient,Cilt Bakım Bileşeni,"eucalyptus globulus leaf oil, kozmetik formülasyonlarda kullanılan yardımcı bileşen; ürünün doku, stabilite veya uygulama özelliklerine katkıda bulunur.",neutral,,neutral,,neutral,,neutral,,neutral,,neutral,,neutral,,,,
Eucalyptus Globulus Oil,eucalyptusglobulusoil,0,0,0,0,0,0,0,,,top1000,28,Skincare Ingredient,Cilt Bakım Bileşeni,"eucalyptus globulus oil, kozmetik formülasyonlarda kullanılan yardımcı bileşen; ürünün doku, stabilite veya uygulama özelliklerine katkıda bulunur.",neutral,,neutral,,neutral,,neutral,,neutral,,neutral,,neutral,,,,
Eugenol,eugenol,0,0,0,0,-1,0,0,,Sensitive,top1000,577,Fragrance Allergen,Koku Alerjeni,"eugenol, kozmetik ürünlerde koku bileşeni olarak kullanılan ve AB mevzuatına göre etiketlenmesi zorunlu olan potansiyel alerjen; hassas ciltlerde alerjik reaksiyon, kızarıklık veya kontakt dermatit riski taşır.",neutral,,neutral,,neutral,,neutral,,caution,"Hassas ciltte tahriş ve kızarıklık yapabilir, dikkatli kullanılmalı",neutral,,neutral,,,,
Euphorbia Cerifera (Candelilla) Wax,euphorbiaceriferacandelillawax,1,0,0,0,0,0,0,,,top1000,32,Skincare Ingredient,Cilt Bakım Bileşeni,"euphorbia cerifera (candelilla) wax, kozmetik formülasyonlarda kullanılan yardımcı bileşen; ürünün doku, stabilite veya uygulama özelliklerine katkıda bulunur.",neutral,,neutral,,neutral,,neutral,,neutral,,neutral,,neutral,,,,
Farnesol,farnesol,0,0,0,0,-1,0,0,,Sensitive,top1000,131,Fragrance Allergen,Koku Alerjeni,"farnesol, kozmetik ürünlerde koku bileşeni olarak kullanılan ve AB mevzuatına göre etiketlenmesi zorunlu olan potansiyel alerjen; hassas ciltlerde alerjik reaksiyon, kızarıklık veya kontakt dermatit riski taşır.",neutral,,neutral,,neutral,,neutral,,caution,"Hassas ciltte tahriş ve kızarıklık yapabilir, dikkatli kullanılmalı",neutral,,neutral,,,,
Ferulic Acid,ferulicacid,0,0,0,1,0,2,0,Pigmentation|Fine Lines|Radiance,,manual_v2,0,Antioxidant,Antioksidan (Ferulik Asit),"Bitkilerde bulunan güçlü fenolok asit; C ve E vitaminlerinin antioksidan etkinliğini iki katına çıkarır, UV korumasını artırır ve hiperpigmentasyonu azaltmaya yardımcı olur.",neutral,,neutral,,neutral,,neutral,,neutral,,beneficial,"Bitkilerde bulunan güçlü fenolok asit; C ve E vitaminlerinin antioksidan etkinliğini iki katına çıkarır, UV korumasını a",neutral,,,,
Flavor,flavor,0,0,0,0,0,0,0,,,top1000,92,Skincare Ingredient,Cilt Bakım Bileşeni,"flavor, kozmetik formülasyonlarda kullanılan yardımcı bileşen; ürünün doku, stabilite veya uygulama özelliklerine katkıda bulunur.",neutral,,neutral,,neutral,,neutral,,neutral,,neutral,,neutral,,,,
Flavour,flavour,0,0,0,0,0,0,0,,,top1000,28,Skincare Ingredient,Cilt Bakım Bileşeni,"flavour, kozmetik formülasyonlarda kullanılan yardımcı bileşen; ürünün doku, stabilite veya uygulama özelliklerine katkıda bulunur.",neutral,,neutral,,neutral,,neutral,,neutral,,neutral,,neutral,,,,
Formic Acid,formicacid,0,0,0,0,0,0,0,,,top1000,77,Skincare Ingredient,Cilt Bakım Bileşeni,"formic acid, kozmetik formülasyonlarda kullanılan yardımcı bileşen; ürünün doku, stabilite veya uygulama özelliklerine katkıda bulunur.",neutral,,neutral,,neutral,,neutral,,neutral,,neutral,,neutral,,,,
Fragrance,fragrance,-1,0,0,0,-2,0,-1,,Sensitive|Impaired skin barrier,manual_v2,28,Fragrance,Parfüm / Koku,"Ürüne koku kazandıran sentetik veya doğal aroma bileşenleri karışımı; herhangi bir cilt bakım faydası yoktur, hassas ciltlerde tahriş, kızarıklık, alerjik reaksiyon ve kontakt dermatit riski taşır.",caution,"Kurutucu etki yapabilir, nemlendiriciyle birlikte kullanılmalı",neutral,,neutral,,neutral,,caution,"Hassas ciltte tahriş ve kızarıklık yapabilir, dikkatli kullanılmalı",neutral,,caution,"Hamilelikte kullanımı önerilmez, doktorunuza danışın",,,
Fragrance (Parfum),fragranceparfum,0,0,0,0,-1,0,0,,,top1000,416,Skincare Ingredient,Cilt Bakım Bileşeni,"fragrance (parfum), kozmetik formülasyonlarda kullanılan yardımcı bileşen; ürünün doku, stabilite veya uygulama özelliklerine katkıda bulunur.",neutral,,neutral,,neutral,,neutral,,caution,Hassas ciltte tahriş ve kızarıklık yapabilir,neutral,,neutral,,,,
Fructooligosaccharides,fructooligosaccharides,1,0,0,1,2,0,0,Impaired skin barrier|Redness|Anyone,,manual_v2,44,Prebiotic / Probiotic,Prebiyotik,"Prebiyotik şeker zinciri; cildin faydalı bakterilerini besleyerek mikrobiyom dengesini korur, zararlı bakteri üremesini baskılar ve cilt savunma sistemini güçlendirir.",neutral,,neutral,,neutral,,neutral,,beneficial,"Prebiyotik şeker zinciri; cildin faydalı bakterilerini besleyerek mikrobiyom dengesini korur, zararlı bakteri üremesini ",neutral,,neutral,,,,
Fructose,fructose,1,0,0,0,0,0,0,,,top1000,56,Skincare Ingredient,Cilt Bakım Bileşeni,"fructose, kozmetik formülasyonlarda kullanılan yardımcı bileşen; ürünün doku, stabilite veya uygulama özelliklerine katkıda bulunur.",neutral,,neutral,,neutral,,neutral,,neutral,,neutral,,neutral,,,,
Fucus Vesiculosus Extract,fucusvesiculosusextract,1,0,0,0,0,0,0,,,top1000,41,Botanical Extract,Bitkisel Ekstrakt,"fucus vesiculosus extract, bitkisel kaynaklı aktif ekstrakt; antioksidan, yatıştırıcı veya besleyici özellikler taşıyabilir ve formülasyona doğal etkinlik katar.",neutral,,neutral,,neutral,,neutral,,neutral,,neutral,,neutral,,,,
Fumaric Acid,fumaricacid,0,0,0,0,0,0,0,,,top1000,83,Skincare Ingredient,Cilt Bakım Bileşeni,"fumaric acid, kozmetik formülasyonlarda kullanılan yardımcı bileşen; ürünün doku, stabilite veya uygulama özelliklerine katkıda bulunur.",neutral,,neutral,,neutral,,neutral,,neutral,,neutral,,neutral,,,,
Galactoarabinan,galactoarabinan,0,0,0,0,0,0,0,,,top1000,39,Skincare Ingredient,Cilt Bakım Bileşeni,"galactoarabinan, kozmetik formülasyonlarda kullanılan yardımcı bileşen; ürünün doku, stabilite veya uygulama özelliklerine katkıda bulunur.",neutral,,neutral,,neutral,,neutral,,neutral,,neutral,,neutral,,,,
Gardenia Taitensis Flower Extract,gardeniataitensisflowerextract,1,0,0,0,0,0,0,,,top1000,27,Botanical Extract,Bitkisel Ekstrakt,"gardenia taitensis flower extract, bitkisel kaynaklı aktif ekstrakt; antioksidan, yatıştırıcı veya besleyici özellikler taşıyabilir ve formülasyona doğal etkinlik katar.",neutral,,neutral,,neutral,,neutral,,neutral,,neutral,,neutral,,,,
Gelatin Crosspolymer,gelatincrosspolymer,0,0,0,0,0,0,0,,,top1000,37,Skincare Ingredient,Kıvam Artırıcı / Stabilizatör,"gelatin crosspolymer, formülasyona kıvam ve stabilite kazandıran polimer; ürünün dokusunu iyileştirir ve bileşenlerin homojen dağılmasını sağlar.",neutral,,neutral,,neutral,,neutral,,neutral,,neutral,,neutral,,,,
Gellan Gum,gellangum,0,0,0,0,0,0,0,,,top1000,31,Skincare Ingredient,Kıvam Artırıcı / Stabilizatör,"gellan gum, formülasyona kıvam ve stabilite kazandıran polimer; ürünün dokusunu iyileştirir ve bileşenlerin homojen dağılmasını sağlar.",neutral,,neutral,,neutral,,neutral,,neutral,,neutral,,neutral,,,,
Geraniol,geraniol,0,0,0,0,-1,0,0,,Sensitive,top1000,1873,Fragrance Allergen,Koku Alerjeni,"geraniol, kozmetik ürünlerde koku bileşeni olarak kullanılan ve AB mevzuatına göre etiketlenmesi zorunlu olan potansiyel alerjen; hassas ciltlerde alerjik reaksiyon, kızarıklık veya kontakt dermatit riski taşır.",neutral,,neutral,,neutral,,neutral,,caution,"Hassas ciltte tahriş ve kızarıklık yapabilir, dikkatli kullanılmalı",neutral,,neutral,,,,
Geranyl Acetate,geranylacetate,0,0,0,0,0,0,0,,,top1000,37,Skincare Ingredient,Cilt Bakım Bileşeni,"geranyl acetate, kozmetik formülasyonlarda kullanılan yardımcı bileşen; ürünün doku, stabilite veya uygulama özelliklerine katkıda bulunur.",neutral,,neutral,,neutral,,neutral,,neutral,,neutral,,neutral,,,,
Ginkgo Biloba Leaf Extract,ginkgobilobaleafextract,1,0,0,1,1,2,-1,Fine Lines|Radiance|Redness,Pregnancy,manual_v2,35,Botanical Extract,Bitkisel Ekstrakt (Ginkgo),"Ginkgo biloba yaprağından elde edilen güçlü antioksidan; kan dolaşımını iyileştirerek cildin beslenmesini artırır, serbest radikal hasarına karşı korur ve anti-inflamatuar etki gösterir.",neutral,,neutral,,neutral,,neutral,,neutral,,beneficial,"Ginkgo biloba yaprağından elde edilen güçlü antioksidan; kan dolaşımını iyileştirerek cildin beslenmesini artırır, serbe",caution,"Hamilelikte kullanımı önerilmez, doktorunuza danışın",,,
Glabridin,glabridin,0,0,0,1,1,2,0,Pigmentation|Radiance|Redness,,manual_v2,0,Skincare Ingredient,Aydınlatıcı (Meyan Kökü Türevi),"Meyan kökünden izole edilen güçlü aktif bileşen; tirozinaz enzimini inhibe ederek melanin üretimini azaltır, hiperpigmentasyonu hafifletir, anti-inflamatuar ve antioksidan özellikler taşır.",neutral,,neutral,,neutral,,neutral,,neutral,,beneficial,"Meyan kökünden izole edilen güçlü aktif bileşen; tirozinaz enzimini inhibe ederek melanin üretimini azaltır, hiperpigmen",neutral,,,,
Glicerina,glicerina,0,0,0,0,0,0,0,,,top1000,51,Skincare Ingredient,Cilt Bakım Bileşeni,"glicerina, kozmetik formülasyonlarda kullanılan yardımcı bileşen; ürünün doku, stabilite veya uygulama özelliklerine katkıda bulunur.",neutral,,neutral,,neutral,,neutral,,neutral,,neutral,,neutral,,,,
Gluconic Acid,gluconicacid,1,1,1,0,1,1,0,Texture|Anyone,,manual_v2,0,Exfoliant (PHA),Peeling Asidi (PHA),"Glukonolaktonun açık asit formu olan polihidroksi asit; en nazik peeling asitlerinden biri olup büyük molekül yapısı sayesinde cildi tahriş etmeden yüzeysel yenilenme sağlar, aynı zamanda şelatör ve nemlendirici özellik taşır.",neutral,,neutral,,neutral,,neutral,,neutral,,neutral,,neutral,,,,
Gluconolactone,gluconolactone,1,2,1,0,1,2,0,Texture|Radiance|Fine Lines|Anyone,,top1000,147,Exfoliant (PHA),Peeling Asidi (PHA),"En nazik peeling asitlerinden biri olan polihidroksi asit (PHA); büyük molekül yapısı sayesinde cildin yüzeyinde yavaş ve nazik peeling yapar, aynı zamanda nemlendirici ve antioksidan özellik taşır, hassas ciltler için idealdir.",neutral,,beneficial,En nazik peeling asitlerinden biri olan polihidroksi asit (PHA); büyük molekül yapısı sayesinde cildin yüzeyinde yavaş,neutral,,neutral,,neutral,,beneficial,En nazik peeling asitlerinden biri olan polihidroksi asit (PHA); büyük molekül yapısı sayesinde cildin yüzeyinde yavaş,neutral,,,,
Glucose,glucose,1,0,0,0,0,0,0,,,top1000,147,Skincare Ingredient,Cilt Bakım Bileşeni,"glucose, kozmetik formülasyonlarda kullanılan yardımcı bileşen; ürünün doku, stabilite veya uygulama özelliklerine katkıda bulunur.",neutral,,neutral,,neutral,,neutral,,neutral,,neutral,,neutral,,,,
Glutamic Acid,glutamicacid,1,0,0,0,0,0,0,Dry and dehydrated skin,,top1000,74,Skincare Ingredient,Amino Asit / Protein,"glutamic acid, cildin yapısal proteinlerini ve doğal nem faktörünü destekleyen amino asit veya protein bileşeni; nem tutmaya ve bariyer fonksiyonuna katkıda bulunur.",neutral,,neutral,,neutral,,neutral,,neutral,,neutral,,neutral,,,,
Glycereth-26,glycereth26,0,0,0,0,0,0,0,,,manual_v2,0,Skincare Ingredient,Emülgatör / Çözücü,"Gliserinin etoksillenmiş formu; formülasyonda çözücü ve nemlendirici olarak çalışır, diğer bileşenlerin homojen dağılmasını sağlar.",neutral,,neutral,,neutral,,neutral,,neutral,,neutral,,neutral,,,,
Glycerin,glycerin,3,0,1,1,2,1,0,Dry and dehydrated skin|Impaired skin barrier|Anyone,,manual_v2,60,Humectant,Nemlendirici (Humektan),"En yaygın ve güvenilir nemlendiricilerden biri; havadan nem çekerek cildi nemli tutar, cilt bariyerini destekler ve diğer aktif bileşenlerin emilimini kolaylaştırır.",beneficial,"En yaygın ve güvenilir nemlendiricilerden biri; havadan nem çekerek cildi nemli tutar, cilt bariyerini destekler ve diğe",neutral,,neutral,,neutral,,beneficial,"En yaygın ve güvenilir nemlendiricilerden biri; havadan nem çekerek cildi nemli tutar, cilt bariyerini destekler ve diğe",neutral,,neutral,,,,
Glycerine,glycerine,2,0,0,0,0,0,0,Dry and dehydrated skin,,top1000,52,Humectant,Nemlendirici,"glycerine, nemlendirici özellikli bileşen; ciltte nem tutarak hidrasyonu artırır ve kuruluğa bağlı gerginlik hissini azaltır.",beneficial,"glycerine, nemlendirici özellikli bileşen; ciltte nem tutarak hidrasyonu artırır ve kuruluğa bağlı gerginlik hissini aza",neutral,,neutral,,neutral,,neutral,,neutral,,neutral,,,,
Glyceryl Behenate,glycerylbehenate,0,0,0,0,0,0,0,,,top1000,53,Skincare Ingredient,Cilt Bakım Bileşeni,"glyceryl behenate, kozmetik formülasyonlarda kullanılan yardımcı bileşen; ürünün doku, stabilite veya uygulama özelliklerine katkıda bulunur.",neutral,,neutral,,neutral,,neutral,,neutral,,neutral,,neutral,,,,
Glyceryl Caprylate,glycerylcaprylate,1,0,0,0,0,0,0,Texture,,top1000,282,Emollient,Yumuşatıcı Ester,"glyceryl caprylate, yağ asidi esteri; cildi yumuşatır, formülasyona hafif ve pürüzsüz bir doku kazandırır.",neutral,,neutral,,neutral,,neutral,,neutral,,neutral,,neutral,,,,
Glyceryl Caprylate/Caprate,glycerylcaprylatecaprate,1,0,0,0,0,0,0,,,manual_v2,0,Emollient,Yumuşatıcı / Antimikrobiyal,"Gliserin ve orta zincirli yağ asitlerinin esteri; cildi yumuşatırken aynı zamanda antimikrobiyal etki gösterir, formülasyonda koruyucu yükünü azaltmaya yardımcı olur.",neutral,,neutral,,neutral,,neutral,,neutral,,neutral,,neutral,,,,
Glyceryl Dibehenate,glyceryldibehenate,1,0,0,0,0,0,0,,,manual_v2,0,Emollient,Yumuşatıcı / Kıvam Artırıcı,"Gliserin ve behenik asidin diestere; formülasyona zengin ve kremsi kıvam kazandırır, ciltte koruyucu bir tabaka oluşturarak nem kaybını önler.",neutral,,neutral,,neutral,,neutral,,neutral,,neutral,,neutral,,,,
Glyceryl Glucoside,glycerylglucoside,1,0,0,0,0,0,0,Anyone,,top1000,68,Surfactant,Yüzey Aktif Madde (Nazik),"glyceryl glucoside, nazik temizleyici yüzey aktif madde; cildi fazla kurutmadan etkili temizlik sağlar ve hassas cilt formülasyonlarında tercih edilir.",neutral,,neutral,,neutral,,neutral,,neutral,,neutral,,neutral,,,,
Glyceryl Isostearate,glycerylisostearate,1,0,0,0,0,0,0,Texture,,top1000,28,Emollient,Yumuşatıcı Ester,"glyceryl isostearate, yağ asidi esteri; cildi yumuşatır, formülasyona hafif ve pürüzsüz bir doku kazandırır.",neutral,,neutral,,neutral,,neutral,,neutral,,neutral,,neutral,,,,
Glyceryl Laurate,glyceryllaurate,1,0,0,0,0,0,0,,,top1000,51,Skincare Ingredient,Emülgatör,"glyceryl laurate, yağ ve su fazlarını stabil bir şekilde bir arada tutan emülgatör; formülasyonun homojen yapısını korur ve kremsi doku oluşturur.",neutral,,neutral,,neutral,,neutral,,neutral,,neutral,,neutral,,,,
Glyceryl Linoleate,glyceryllinoleate,1,0,0,0,0,0,0,Texture,,top1000,46,Emollient,Yumuşatıcı Ester,"glyceryl linoleate, yağ asidi esteri; cildi yumuşatır, formülasyona hafif ve pürüzsüz bir doku kazandırır.",neutral,,neutral,,neutral,,neutral,,neutral,,neutral,,neutral,,,,
Glyceryl Linolenate,glyceryllinolenate,0,0,0,0,0,0,0,,,top1000,35,Skincare Ingredient,Cilt Bakım Bileşeni,"glyceryl linolenate, kozmetik formülasyonlarda kullanılan yardımcı bileşen; ürünün doku, stabilite veya uygulama özelliklerine katkıda bulunur.",neutral,,neutral,,neutral,,neutral,,neutral,,neutral,,neutral,,,,
Glyceryl Oleate,glyceryloleate,1,0,0,0,0,0,0,,,top1000,667,Skincare Ingredient,Emülgatör,"glyceryl oleate, yağ ve su fazlarını stabil bir şekilde bir arada tutan emülgatör; formülasyonun homojen yapısını korur ve kremsi doku oluşturur.",neutral,,neutral,,neutral,,neutral,,neutral,,neutral,,neutral,,,,
Glyceryl Polymethacrylate,glycerylpolymethacrylate,0,0,0,0,0,0,0,,,manual_v2,0,Skincare Ingredient,Film Oluşturucu / Kıvam Artırıcı,Akrilik polimer; formülasyona jel benzeri kıvam kazandırır ve ciltte ince bir film oluşturarak nem kaybını azaltır.,neutral,,neutral,,neutral,,neutral,,neutral,,neutral,,neutral,,,,
Glyceryl Stearate,glycerylstearate,1,0,0,0,0,0,0,,,top1000,1304,Skincare Ingredient,Emülgatör,"glyceryl stearate, yağ ve su fazlarını stabil bir şekilde bir arada tutan emülgatör; formülasyonun homojen yapısını korur ve kremsi doku oluşturur.",neutral,,neutral,,neutral,,neutral,,neutral,,neutral,,neutral,,,,
Glyceryl Stearate Citrate,glycerylstearatecitrate,1,0,0,0,0,0,0,,,top1000,315,Skincare Ingredient,Emülgatör,"glyceryl stearate citrate, yağ ve su fazlarını stabil bir şekilde bir arada tutan emülgatör; formülasyonun homojen yapısını korur ve kremsi doku oluşturur.",neutral,,neutral,,neutral,,neutral,,neutral,,neutral,,neutral,,,,
Glyceryl Stearate Se,glycerylstearatese,1,0,0,0,0,0,0,,,top1000,290,Skincare Ingredient,Emülgatör,"glyceryl stearate se, yağ ve su fazlarını stabil bir şekilde bir arada tutan emülgatör; formülasyonun homojen yapısını korur ve kremsi doku oluşturur.",neutral,,neutral,,neutral,,neutral,,neutral,,neutral,,neutral,,,,
Glyceryl Undecylenate,glycerylundecylenate,0,0,0,0,0,0,0,,,top1000,50,Skincare Ingredient,Cilt Bakım Bileşeni,"glyceryl undecylenate, kozmetik formülasyonlarda kullanılan yardımcı bileşen; ürünün doku, stabilite veya uygulama özelliklerine katkıda bulunur.",neutral,,neutral,,neutral,,neutral,,neutral,,neutral,,neutral,,,,
Glycine,glycine,1,0,0,0,0,0,0,Dry and dehydrated skin,,top1000,162,Skincare Ingredient,Amino Asit / Protein,"glycine, cildin yapısal proteinlerini ve doğal nem faktörünü destekleyen amino asit veya protein bileşeni; nem tutmaya ve bariyer fonksiyonuna katkıda bulunur.",neutral,,neutral,,neutral,,neutral,,neutral,,neutral,,neutral,,,,
Glycine Soja (Soybean) Oil,glycinesojasoybeanoil,1,0,0,0,0,0,0,Dry and dehydrated skin,,top1000,155,Skincare Ingredient,Amino Asit / Protein,"glycine soja (soybean) oil, cildin yapısal proteinlerini ve doğal nem faktörünü destekleyen amino asit veya protein bileşeni; nem tutmaya ve bariyer fonksiyonuna katkıda bulunur.",neutral,,neutral,,neutral,,neutral,,neutral,,neutral,,neutral,,,,
Glycine Soja Oil,glycinesojaoil,2,0,0,1,0,0,0,Dry and dehydrated skin,,manual_v2,0,Oil / Lipid,Bitkisel Yağ (Soya),"Soya fasulyesinden elde edilen omega yağ asitleri ve fitosterollar bakımından zengin yağ; cildi besler, nem bariyerini destekler ve antioksidan koruma sağlar.",beneficial,"Soya fasulyesinden elde edilen omega yağ asitleri ve fitosterollar bakımından zengin yağ; cildi besler, nem bariyerini d",neutral,,neutral,,neutral,,neutral,,neutral,,neutral,,,,
Glycine Soja Oil / Soybean Oil,glycinesojaoilsoybeanoil,1,0,0,0,0,0,0,Dry and dehydrated skin,,top1000,34,Skincare Ingredient,Amino Asit / Protein,"glycine soja oil / soybean oil, cildin yapısal proteinlerini ve doğal nem faktörünü destekleyen amino asit veya protein bileşeni; nem tutmaya ve bariyer fonksiyonuna katkıda bulunur.",neutral,,neutral,,neutral,,neutral,,neutral,,neutral,,neutral,,,,
Glycine Soja Sterols,glycinesojasterols,2,0,0,0,1,0,0,Dry and dehydrated skin|Impaired skin barrier,,manual_v2,0,Oil / Lipid,Fitosterol (Soya),"Soya bitkisinden elde edilen bitkisel steroller; cildin lipid bariyerine yapısal olarak benzer bileşenler içerir, bariyer onarımını destekler ve iltihaplanmayı azaltmaya yardımcı olur.",beneficial,"Soya bitkisinden elde edilen bitkisel steroller; cildin lipid bariyerine yapısal olarak benzer bileşenler içerir, bariye",neutral,,neutral,,neutral,,neutral,,neutral,,neutral,,,,
Glycol,glycol,2,0,0,0,0,0,0,Dry and dehydrated skin,,top1000,45,Humectant,Nemlendirici,"glycol, nemlendirici özellikli bileşen; ciltte nem tutarak hidrasyonu artırır ve kuruluğa bağlı gerginlik hissini azaltır.",beneficial,"glycol, nemlendirici özellikli bileşen; ciltte nem tutarak hidrasyonu artırır ve kuruluğa bağlı gerginlik hissini azaltı",neutral,,neutral,,neutral,,neutral,,neutral,,neutral,,,,
Glycol Distearate,glycoldistearate,1,0,0,0,0,0,0,Texture,,top1000,953,Emollient,Yumuşatıcı Ester,"glycol distearate, yağ asidi esteri; cildi yumuşatır, formülasyona hafif ve pürüzsüz bir doku kazandırır.",neutral,,neutral,,neutral,,neutral,,neutral,,neutral,,neutral,,,,
Glycol Stearate,glycolstearate,1,0,0,0,0,0,0,Texture,,top1000,130,Emollient,Yumuşatıcı Ester,"glycol stearate, yağ asidi esteri; cildi yumuşatır, formülasyona hafif ve pürüzsüz bir doku kazandırır.",neutral,,neutral,,neutral,,neutral,,neutral,,neutral,,neutral,,,,
Glycolic Acid,glycolicacid,1,6,3,1,-4,3,-2,Acne|Blackheads|Texture|Radiance|Fine Lines,Sensitive|Impaired skin barrier|Pregnancy,manual_v2,39,Exfoliant (AHA),Peeling Asidi (AHA),"En küçük moleküllü alfa hidroksi asit; ölü deri hücrelerini etkili şekilde temizleyerek cilt yenilenmesini hızlandırır, cilt tonunu eşitler ve ince çizgilerin görünümünü azaltır.",neutral,,beneficial,"En küçük moleküllü alfa hidroksi asit; ölü deri hücrelerini etkili şekilde temizleyerek cilt yenilenmesini hızlandırır, ",beneficial,"En küçük moleküllü alfa hidroksi asit; ölü deri hücrelerini etkili şekilde temizleyerek cilt yenilenmesini hızlandırır, ",neutral,,caution,"Hassas ciltte tahriş ve kızarıklık yapabilir, dikkatli kullanılmalı",beneficial,"En küçük moleküllü alfa hidroksi asit; ölü deri hücrelerini etkili şekilde temizleyerek cilt yenilenmesini hızlandırır, ",caution,"Hamilelikte kullanımı önerilmez, doktorunuza danışın",,,
Glycyrrhetinic Acid,glycyrrhetinicacid,0,0,0,0,2,1,0,Redness|Impaired skin barrier,,manual_v2,0,Skincare Ingredient,Anti-inflamatuar (Meyan Kökü Türevi),"Meyan kökünden elde edilen güçlü anti-inflamatuar bileşen; kortizol benzeri etki mekanizmasıyla kızarıklığı ve tahrişi azaltır, cildin stres yanıtını düzenler, atopik dermatit ve rozasea semptomlarını hafifletir.",neutral,,neutral,,neutral,,neutral,,beneficial,Meyan kökünden elde edilen güçlü anti-inflamatuar bileşen; kortizol benzeri etki mekanizmasıyla kızarıklığı ve tahrişi a,neutral,,neutral,,,,
Glycyrrhiza Glabra (Licorice) Root Extract,glycyrrhizaglabralicoricerootextract,1,0,0,0,0,0,0,,,top1000,40,Botanical Extract,Bitkisel Ekstrakt,"glycyrrhiza glabra (licorice) root extract, bitkisel kaynaklı aktif ekstrakt; antioksidan, yatıştırıcı veya besleyici özellikler taşıyabilir ve formülasyona doğal etkinlik katar.",neutral,,neutral,,neutral,,neutral,,neutral,,neutral,,neutral,,,,
Glycyrrhiza Glabra Root Extract,glycyrrhizaglabrarootextract,0,0,0,1,2,1,0,Pigmentation|Redness|Radiance,,manual_v2,0,Botanical Extract,Bitkisel Ekstrakt (Meyan Kökü),"Meyan kökünden elde edilen çok fonksiyonlu ekstrakt; glabridin ve glisirizin bileşenleriyle melanin üretimini düzenleyerek cilt tonunu aydınlatır, güçlü anti-inflamatuar etki gösterir ve hassas cildi yatıştırır.",neutral,,neutral,,neutral,,neutral,,beneficial,Meyan kökünden elde edilen çok fonksiyonlu ekstrakt; glabridin ve glisirizin bileşenleriyle melanin üretimini düzenleyer,neutral,,neutral,,,,
Glycérine,glycrine,0,0,0,0,0,0,0,,,top1000,99,Skincare Ingredient,Cilt Bakım Bileşeni,"glycérine, kozmetik formülasyonlarda kullanılan yardımcı bileşen; ürünün doku, stabilite veya uygulama özelliklerine katkıda bulunur.",neutral,,neutral,,neutral,,neutral,,neutral,,neutral,,neutral,,,,
Green Tea Extract,greenteaextract,1,2,1,1,1,2,0,Acne|Redness|Fine Lines|Radiance|Oily,,manual_v2,0,Antioxidant,Antioksidan (Yeşil Çay),"Güçlü EGCG polifenolü içeren yeşil çay ekstresi; UV hasarına karşı korur, serbest radikalleri nötralize eder, iltihaplanmayı azaltır ve yağ üretimini dengelemeye yardımcı olur.",neutral,,beneficial,"Güçlü EGCG polifenolü içeren yeşil çay ekstresi; UV hasarına karşı korur, serbest radikalleri nötralize eder, iltihaplan",neutral,,neutral,,neutral,,beneficial,"Güçlü EGCG polifenolü içeren yeşil çay ekstresi; UV hasarına karşı korur, serbest radikalleri nötralize eder, iltihaplan",neutral,,,,
Guar Hydroxypropyltrimonium Chloride,guarhydroxypropyltrimoniumchloride,0,0,0,0,0,0,0,,,top1000,739,Skincare Ingredient,Kıvam Artırıcı / Stabilizatör,"guar hydroxypropyltrimonium chloride, formülasyona kıvam ve stabilite kazandıran polimer; ürünün dokusunu iyileştirir ve bileşenlerin homojen dağılmasını sağlar.",neutral,,neutral,,neutral,,neutral,,neutral,,neutral,,neutral,,,,
HDI/Trimethylol Hexyllactone Crosspolymer,hditrimethylolhexyllactonecrosspolymer,0,0,0,0,0,0,0,Texture,,manual_v2,0,Skincare Ingredient,Film Oluşturucu / Doku Düzenleyici,"Elastik mikroküre polimer; ciltte pürüzsüz ve kadifemsi bir yüzey oluşturarak gözeneklerin ve ince çizgilerin optik görünümünü azaltır, makyaj bazı olarak ideal çalışır.",neutral,,neutral,,neutral,,neutral,,neutral,,neutral,,neutral,,,,
Helianthus Annuus (Sunflower) Seed Oil,helianthusannuussunflowerseedoil,2,-1,0,1,0,1,0,Dry and dehydrated skin,Oily,top1000,350,Oil / Lipid,Bitkisel Yağ,"helianthus annuus (sunflower) seed oil, esansiyel yağ asitleri ve vitaminler bakımından zengin bitkisel yağ; cildi besler, nem bariyerini güçlendirir ve yumuşatıcı etki sağlar.",beneficial,"helianthus annuus (sunflower) seed oil, esansiyel yağ asitleri ve vitaminler bakımından zengin bitkisel yağ; cildi besle",caution,Gözenekleri tıkayabilir veya yağlanmayı artırabilir,neutral,,neutral,,neutral,,neutral,,neutral,,,,
Helianthus Annuus (Sunflower) Seed Wax,helianthusannuussunflowerseedwax,1,0,0,0,0,0,0,,,manual_v2,0,Emollient,Bitkisel Vaks (Ayçiçeği),"Ayçiçeği tohumundan elde edilen doğal vaks; formülasyona yapı ve kıvam kazandırır, ciltte ince koruyucu tabaka oluşturarak nem kaybını önler.",neutral,,neutral,,neutral,,neutral,,neutral,,neutral,,neutral,,,,
Helianthus Annuus Hybrid Oil,helianthusannuushybridoil,1,0,0,0,0,0,0,,,top1000,74,Botanical Extract,Bitkisel Ekstrakt,"helianthus annuus hybrid oil, bitkisel kaynaklı aktif ekstrakt; antioksidan, yatıştırıcı veya besleyici özellikler taşıyabilir ve formülasyona doğal etkinlik katar.",neutral,,neutral,,neutral,,neutral,,neutral,,neutral,,neutral,,,,
Helianthus Annuus Seed Cera,helianthusannuusseedcera,1,0,0,0,0,0,0,,,top1000,27,Botanical Extract,Bitkisel Ekstrakt,"helianthus annuus seed cera, bitkisel kaynaklı aktif ekstrakt; antioksidan, yatıştırıcı veya besleyici özellikler taşıyabilir ve formülasyona doğal etkinlik katar.",neutral,,neutral,,neutral,,neutral,,neutral,,neutral,,neutral,,,,
Helianthus Annuus Seed Oil,helianthusannuusseedoil,2,-1,0,1,0,1,0,Dry and dehydrated skin,Oily,top1000,587,Oil / Lipid,Bitkisel Yağ,"helianthus annuus seed oil, esansiyel yağ asitleri ve vitaminler bakımından zengin bitkisel yağ; cildi besler, nem bariyerini güçlendirir ve yumuşatıcı etki sağlar.",beneficial,"helianthus annuus seed oil, esansiyel yağ asitleri ve vitaminler bakımından zengin bitkisel yağ; cildi besler, nem bariy",caution,Gözenekleri tıkayabilir veya yağlanmayı artırabilir,neutral,,neutral,,neutral,,neutral,,neutral,,,,
Helianthus Annuus Seed Oil / Sunflower Seed Oil,helianthusannuusseedoilsunflowerseedoil,2,-1,0,1,0,1,0,Dry and dehydrated skin,Oily,top1000,48,Oil / Lipid,Bitkisel Yağ,"helianthus annuus seed oil / sunflower seed oil, esansiyel yağ asitleri ve vitaminler bakımından zengin bitkisel yağ; cildi besler, nem bariyerini güçlendirir ve yumuşatıcı etki sağlar.",beneficial,"helianthus annuus seed oil / sunflower seed oil, esansiyel yağ asitleri ve vitaminler bakımından zengin bitkisel yağ; ci",caution,Gözenekleri tıkayabilir veya yağlanmayı artırabilir,neutral,,neutral,,neutral,,neutral,,neutral,,,,
Hexadimethrine Chloride,hexadimethrinechloride,0,0,0,0,0,0,0,,,top1000,45,Skincare Ingredient,Cilt Bakım Bileşeni,"hexadimethrine chloride, kozmetik formülasyonlarda kullanılan yardımcı bileşen; ürünün doku, stabilite veya uygulama özelliklerine katkıda bulunur.",neutral,,neutral,,neutral,,neutral,,neutral,,neutral,,neutral,,,,
Hexamethylindanopyran,hexamethylindanopyran,0,0,0,0,0,0,0,,,top1000,45,Skincare Ingredient,Cilt Bakım Bileşeni,"hexamethylindanopyran, kozmetik formülasyonlarda kullanılan yardımcı bileşen; ürünün doku, stabilite veya uygulama özelliklerine katkıda bulunur.",neutral,,neutral,,neutral,,neutral,,neutral,,neutral,,neutral,,,,
Hexyl Cinnamal,hexylcinnamal,0,0,0,0,-1,0,0,,Sensitive,top1000,1946,Fragrance Allergen,Koku Alerjeni,"hexyl cinnamal, kozmetik ürünlerde koku bileşeni olarak kullanılan ve AB mevzuatına göre etiketlenmesi zorunlu olan potansiyel alerjen; hassas ciltlerde alerjik reaksiyon, kızarıklık veya kontakt dermatit riski taşır.",neutral,,neutral,,neutral,,neutral,,caution,"Hassas ciltte tahriş ve kızarıklık yapabilir, dikkatli kullanılmalı",neutral,,neutral,,,,
Hexyl Laurate,hexyllaurate,1,0,0,0,0,0,0,Texture,,top1000,33,Emollient,Yumuşatıcı Ester,"hexyl laurate, yağ asidi esteri; cildi yumuşatır, formülasyona hafif ve pürüzsüz bir doku kazandırır.",neutral,,neutral,,neutral,,neutral,,neutral,,neutral,,neutral,,,,
Hexyldecanol,hexyldecanol,1,0,0,0,0,0,0,Texture,,manual_v2,0,Emollient,Yumuşatıcı,"Uzun zincirli yağlı alkol; cildi yumuşatır, formülasyona hafif ve pürüzsüz bir doku kazandırır, diğer bileşenlerin cilde yayılmasını kolaylaştırır.",neutral,,neutral,,neutral,,neutral,,neutral,,neutral,,neutral,,,,
Hexyldecyl Laurate,hexyldecyllaurate,1,0,0,0,0,0,0,Texture,,manual_v2,0,Emollient,Yumuşatıcı Ester,"Hafif yapılı yumuşatıcı ester; ciltte yağsız ve ipeksi bir his bırakır, formülasyonun yayılabilirliğini artırır ve nem bariyerini destekler.",neutral,,neutral,,neutral,,neutral,,neutral,,neutral,,neutral,,,,
Hexyldecyl Stearate,hexyldecylstearate,1,0,0,0,0,0,0,,,manual_v2,0,Emollient,Yumuşatıcı Ester,"Uzun zincirli yumuşatıcı ester; ciltte zengin ve besleyici bir his bırakır, nem bariyerini destekler ve formülasyona kremsi doku kazandırır.",neutral,,neutral,,neutral,,neutral,,neutral,,neutral,,neutral,,,,
Hexylene Glycol,hexyleneglycol,2,0,0,0,0,0,0,Dry and dehydrated skin,,top1000,332,Humectant,Nemlendirici,"hexylene glycol, nemlendirici özellikli bileşen; ciltte nem tutarak hidrasyonu artırır ve kuruluğa bağlı gerginlik hissini azaltır.",beneficial,"hexylene glycol, nemlendirici özellikli bileşen; ciltte nem tutarak hidrasyonu artırır ve kuruluğa bağlı gerginlik hissi",neutral,,neutral,,neutral,,neutral,,neutral,,neutral,,,,
Hippophae Rhamnoides Fruit Extract,hippophaerhamnoidesfruitextract,2,0,0,1,1,2,0,Dry and dehydrated skin|Radiance|Fine Lines|Impaired skin barrier,,manual_v2,0,Botanical Extract,Bitkisel Ekstrakt (Yabani İğde / Sea Buckthorn),"Yabani iğde meyvesinden elde edilen süper antioksidan ekstrakt; C, E, A vitaminleri ve omega yağ asitleri bakımından olağanüstü zengin olup cildi besler, onarır, aydınlatır ve çevresel hasara karşı güçlü koruma sağlar.",beneficial,"Yabani iğde meyvesinden elde edilen süper antioksidan ekstrakt; C, E, A vitaminleri ve omega yağ asitleri bakımından ola",neutral,,neutral,,neutral,,neutral,,beneficial,"Yabani iğde meyvesinden elde edilen süper antioksidan ekstrakt; C, E, A vitaminleri ve omega yağ asitleri bakımından ola",neutral,,,,
Histidine,histidine,1,0,0,0,0,0,0,Dry and dehydrated skin,,top1000,84,Skincare Ingredient,Amino Asit / Protein,"histidine, cildin yapısal proteinlerini ve doğal nem faktörünü destekleyen amino asit veya protein bileşeni; nem tutmaya ve bariyer fonksiyonuna katkıda bulunur.",neutral,,neutral,,neutral,,neutral,,neutral,,neutral,,neutral,,,,
Homosalate,homosalate,0,0,0,0,0,0,-1,UV Protection,Pregnancy,manual_v2,96,Sunscreen Agent,Kimyasal Güneş Filtresi,UVB ışınlarını emen kimyasal güneş filtresi; diğer filtrelerle kombinasyon halinde kullanılarak geniş spektrumlu koruma sağlanmasına yardımcı olur.,neutral,,neutral,,neutral,,neutral,,neutral,,neutral,,caution,"Hamilelikte kullanımı önerilmez, doktorunuza danışın",,,
Houttuynia Cordata Extract,houttuyniacordataextract,0,2,1,0,1,0,0,Acne|Redness|Impaired skin barrier,,manual_v2,0,Botanical Extract,Bitkisel Ekstrakt (Bukalemun Bitkisi),"Doğu Asya'ya özgü bukalemun bitkisinden elde edilen güçlü aktif; antibakteriyel, antiviral ve anti-inflamatuar özellikler taşır, akneyi yatıştırır, gözenekleri temizler ve cildin doğal savunmasını güçlendirir.",neutral,,beneficial,"Doğu Asya'ya özgü bukalemun bitkisinden elde edilen güçlü aktif; antibakteriyel, antiviral ve anti-inflamatuar özellikle",neutral,,neutral,,neutral,,neutral,,neutral,,,,
Hyaluronic Acid,hyaluronicacid,3,1,2,2,2,3,0,Dry and dehydrated skin|Fine Lines|Wrinkles|Impaired skin barrier|Anyone,,manual_v2,57,Humectant,Nemlendirici (Hyalüronik Asit),"Ağırlığının 1000 katına kadar su tutabilen güçlü polisakkarit; cildin tüm katmanlarında nem depolamayı sağlar, dolgunluk kazandırır ve ince çizgilerin görünümünü azaltır.",beneficial,"Ağırlığının 1000 katına kadar su tutabilen güçlü polisakkarit; cildin tüm katmanlarında nem depolamayı sağlar, dolgunluk",neutral,,beneficial,"Ağırlığının 1000 katına kadar su tutabilen güçlü polisakkarit; cildin tüm katmanlarında nem depolamayı sağlar, dolgunluk",beneficial,"Ağırlığının 1000 katına kadar su tutabilen güçlü polisakkarit; cildin tüm katmanlarında nem depolamayı sağlar, dolgunluk",beneficial,"Ağırlığının 1000 katına kadar su tutabilen güçlü polisakkarit; cildin tüm katmanlarında nem depolamayı sağlar, dolgunluk",beneficial,"Ağırlığının 1000 katına kadar su tutabilen güçlü polisakkarit; cildin tüm katmanlarında nem depolamayı sağlar, dolgunluk",neutral,,,,
Hydrated Silica,hydratedsilica,0,1,0,0,0,0,0,,,top1000,918,Mineral,Mineral,"hydrated silica, mineral bazlı bileşen; formülasyonun fiziksel özelliklerine katkıda bulunur veya ciltte koruyucu/düzenleyici etki gösterir.",neutral,,neutral,,neutral,,neutral,,neutral,,neutral,,neutral,,,,
Hydrochloric Acid,hydrochloricacid,0,0,0,0,0,0,0,,,top1000,69,Skincare Ingredient,pH Düzenleyici,"hydrochloric acid, formülasyonun pH değerini ayarlayarak aktif bileşenlerin optimum etkinliğini ve ürünün cilt uyumluluğunu sağlar.",neutral,,neutral,,neutral,,neutral,,neutral,,neutral,,neutral,,,,
Hydrogen Peroxide,hydrogenperoxide,0,0,0,0,0,0,0,,,top1000,106,Skincare Ingredient,Cilt Bakım Bileşeni,"hydrogen peroxide, kozmetik formülasyonlarda kullanılan yardımcı bileşen; ürünün doku, stabilite veya uygulama özelliklerine katkıda bulunur.",neutral,,neutral,,neutral,,neutral,,neutral,,neutral,,neutral,,,,
Hydrogenated Castor Oil,hydrogenatedcastoroil,2,-1,0,1,0,1,0,Dry and dehydrated skin,Oily,top1000,280,Oil / Lipid,Bitkisel Yağ,"hydrogenated castor oil, esansiyel yağ asitleri ve vitaminler bakımından zengin bitkisel yağ; cildi besler, nem bariyerini güçlendirir ve yumuşatıcı etki sağlar.",beneficial,"hydrogenated castor oil, esansiyel yağ asitleri ve vitaminler bakımından zengin bitkisel yağ; cildi besler, nem bariyeri",caution,Gözenekleri tıkayabilir veya yağlanmayı artırabilir,neutral,,neutral,,neutral,,neutral,,neutral,,,,
Hydrogenated Coco-Glycerides,hydrogenatedcocoglycerides,0,0,0,0,0,0,0,,,top1000,100,Skincare Ingredient,Cilt Bakım Bileşeni,"hydrogenated coco-glycerides, kozmetik formülasyonlarda kullanılan yardımcı bileşen; ürünün doku, stabilite veya uygulama özelliklerine katkıda bulunur.",neutral,,neutral,,neutral,,neutral,,neutral,,neutral,,neutral,,,,
Hydrogenated Coconut Oil,hydrogenatedcoconutoil,2,-1,0,1,0,1,0,Dry and dehydrated skin,Oily,top1000,32,Oil / Lipid,Bitkisel Yağ,"hydrogenated coconut oil, esansiyel yağ asitleri ve vitaminler bakımından zengin bitkisel yağ; cildi besler, nem bariyerini güçlendirir ve yumuşatıcı etki sağlar.",beneficial,"hydrogenated coconut oil, esansiyel yağ asitleri ve vitaminler bakımından zengin bitkisel yağ; cildi besler, nem bariyer",caution,Gözenekleri tıkayabilir veya yağlanmayı artırabilir,neutral,,neutral,,neutral,,neutral,,neutral,,,,
Hydrogenated Ethylhexyl Olivate,hydrogenatedethylhexylolivate,0,0,0,0,0,0,0,,,top1000,28,Skincare Ingredient,Cilt Bakım Bileşeni,"hydrogenated ethylhexyl olivate, kozmetik formülasyonlarda kullanılan yardımcı bileşen; ürünün doku, stabilite veya uygulama özelliklerine katkıda bulunur.",neutral,,neutral,,neutral,,neutral,,neutral,,neutral,,neutral,,,,
Hydrogenated Jojoba Oil,hydrogenatedjojobaoil,0,0,0,0,0,0,0,,,top1000,40,Skincare Ingredient,Cilt Bakım Bileşeni,"hydrogenated jojoba oil, kozmetik formülasyonlarda kullanılan yardımcı bileşen; ürünün doku, stabilite veya uygulama özelliklerine katkıda bulunur.",neutral,,neutral,,neutral,,neutral,,neutral,,neutral,,neutral,,,,
Hydrogenated Lecithin,hydrogenatedlecithin,0,0,0,0,0,0,0,,,top1000,80,Skincare Ingredient,Emülgatör,"hydrogenated lecithin, yağ ve su fazlarını stabil bir şekilde bir arada tutan emülgatör; formülasyonun homojen yapısını korur ve kremsi doku oluşturur.",neutral,,neutral,,neutral,,neutral,,neutral,,neutral,,neutral,,,,
Hydrogenated Olive Oil Unsaponifiables,hydrogenatedoliveoilunsaponifiables,2,-1,0,1,0,1,0,Dry and dehydrated skin,Oily,top1000,29,Oil / Lipid,Bitkisel Yağ,"hydrogenated olive oil unsaponifiables, esansiyel yağ asitleri ve vitaminler bakımından zengin bitkisel yağ; cildi besler, nem bariyerini güçlendirir ve yumuşatıcı etki sağlar.",beneficial,"hydrogenated olive oil unsaponifiables, esansiyel yağ asitleri ve vitaminler bakımından zengin bitkisel yağ; cildi besle",caution,Gözenekleri tıkayabilir veya yağlanmayı artırabilir,neutral,,neutral,,neutral,,neutral,,neutral,,,,
Hydrogenated Palm Glycerides,hydrogenatedpalmglycerides,0,0,0,0,0,0,0,,,top1000,86,Skincare Ingredient,Cilt Bakım Bileşeni,"hydrogenated palm glycerides, kozmetik formülasyonlarda kullanılan yardımcı bileşen; ürünün doku, stabilite veya uygulama özelliklerine katkıda bulunur.",neutral,,neutral,,neutral,,neutral,,neutral,,neutral,,neutral,,,,
Hydrogenated Palm Glycerides Citrate,hydrogenatedpalmglyceridescitrate,0,0,0,0,0,0,0,,,top1000,248,Skincare Ingredient,Cilt Bakım Bileşeni,"hydrogenated palm glycerides citrate, kozmetik formülasyonlarda kullanılan yardımcı bileşen; ürünün doku, stabilite veya uygulama özelliklerine katkıda bulunur.",neutral,,neutral,,neutral,,neutral,,neutral,,neutral,,neutral,,,,
Hydrogenated Palm Oil,hydrogenatedpalmoil,0,0,0,0,0,0,0,,,top1000,27,Skincare Ingredient,Cilt Bakım Bileşeni,"hydrogenated palm oil, kozmetik formülasyonlarda kullanılan yardımcı bileşen; ürünün doku, stabilite veya uygulama özelliklerine katkıda bulunur.",neutral,,neutral,,neutral,,neutral,,neutral,,neutral,,neutral,,,,
Hydrogenated Phosphatidylcholine,hydrogenatedphosphatidylcholine,2,0,0,0,1,0,0,Impaired skin barrier|Dry and dehydrated skin,,manual_v2,0,Emollient,Fosfolipit (Bariyer Destekçi),"Hidrojene lesitin türevi fosfolipit; cildin doğal lipid bariyerine yapısal olarak çok benzer, bariyer onarımını destekler ve aktif bileşenlerin hücrelere ulaşmasını kolaylaştırır.",beneficial,"Hidrojene lesitin türevi fosfolipit; cildin doğal lipid bariyerine yapısal olarak çok benzer, bariyer onarımını destekle",neutral,,neutral,,neutral,,neutral,,neutral,,neutral,,,,
Hydrogenated Polydecene,hydrogenatedpolydecene,0,0,0,0,0,0,0,,,top1000,80,Skincare Ingredient,Cilt Bakım Bileşeni,"hydrogenated polydecene, kozmetik formülasyonlarda kullanılan yardımcı bileşen; ürünün doku, stabilite veya uygulama özelliklerine katkıda bulunur.",neutral,,neutral,,neutral,,neutral,,neutral,,neutral,,neutral,,,,
Hydrogenated Polyisobutene,hydrogenatedpolyisobutene,1,0,0,0,0,0,0,,,manual_v2,0,Emollient,Yumuşatıcı (Sentetik),"Sentetik hidrokarbondan elde edilen hafif yumuşatıcı; ciltte parlak ve pürüzsüz bir görünüm oluşturur, nem kaybını önler ve dudak bakım ürünlerinde yaygın kullanılır.",neutral,,neutral,,neutral,,neutral,,neutral,,neutral,,neutral,,,,
Hydrogenated Rapeseed Oil,hydrogenatedrapeseedoil,2,-1,0,1,0,1,0,Dry and dehydrated skin,Oily,top1000,71,Oil / Lipid,Bitkisel Yağ,"hydrogenated rapeseed oil, esansiyel yağ asitleri ve vitaminler bakımından zengin bitkisel yağ; cildi besler, nem bariyerini güçlendirir ve yumuşatıcı etki sağlar.",beneficial,"hydrogenated rapeseed oil, esansiyel yağ asitleri ve vitaminler bakımından zengin bitkisel yağ; cildi besler, nem bariye",caution,Gözenekleri tıkayabilir veya yağlanmayı artırabilir,neutral,,neutral,,neutral,,neutral,,neutral,,,,
Hydrogenated Soybean Oil,hydrogenatedsoybeanoil,1,0,0,0,0,0,0,Dry and dehydrated skin,,top1000,49,Skincare Ingredient,Amino Asit / Protein,"hydrogenated soybean oil, cildin yapısal proteinlerini ve doğal nem faktörünü destekleyen amino asit veya protein bileşeni; nem tutmaya ve bariyer fonksiyonuna katkıda bulunur.",neutral,,neutral,,neutral,,neutral,,neutral,,neutral,,neutral,,,,
Hydrogenated Starch Hydrolysate,hydrogenatedstarchhydrolysate,0,0,0,1,1,0,0,,,top1000,253,Skincare Ingredient,Cilt Bakım Bileşeni,"hydrogenated starch hydrolysate, kozmetik formülasyonlarda kullanılan yardımcı bileşen; ürünün doku, stabilite veya uygulama özelliklerine katkıda bulunur.",neutral,,neutral,,neutral,,neutral,,neutral,,neutral,,neutral,,,,
Hydrogenated Vegetable Glycerides Citrate,hydrogenatedvegetableglyceridescitrate,0,0,0,0,0,0,0,,,top1000,43,Skincare Ingredient,Cilt Bakım Bileşeni,"hydrogenated vegetable glycerides citrate, kozmetik formülasyonlarda kullanılan yardımcı bileşen; ürünün doku, stabilite veya uygulama özelliklerine katkıda bulunur.",neutral,,neutral,,neutral,,neutral,,neutral,,neutral,,neutral,,,,
Hydrogenated Vegetable Oil,hydrogenatedvegetableoil,0,0,0,0,0,0,0,,,top1000,109,Skincare Ingredient,Cilt Bakım Bileşeni,"hydrogenated vegetable oil, kozmetik formülasyonlarda kullanılan yardımcı bileşen; ürünün doku, stabilite veya uygulama özelliklerine katkıda bulunur.",neutral,,neutral,,neutral,,neutral,,neutral,,neutral,,neutral,,,,
Hydrolyzed Algin,hydrolyzedalgin,2,0,0,0,0,1,0,Dry and dehydrated skin,,manual_v2,0,Skincare Ingredient,Deniz Yosunu Türevi (Hidrolize Aljinat),"Kahverengi deniz yosunundan elde edilen hidrolize aljinat; nem tutma kapasitesi yüksek biyo-polimer, ciltte koruyucu film oluşturarak nem kaybını önler ve anti-aging formülasyonlarda kullanılır.",beneficial,"Kahverengi deniz yosunundan elde edilen hidrolize aljinat; nem tutma kapasitesi yüksek biyo-polimer, ciltte koruyucu fil",neutral,,neutral,,neutral,,neutral,,neutral,,neutral,,,,
Hydrolyzed Collagen,hydrolyzedcollagen,1,0,0,0,0,0,0,Dry and dehydrated skin,,top1000,66,Skincare Ingredient,Amino Asit / Protein,"hydrolyzed collagen, cildin yapısal proteinlerini ve doğal nem faktörünü destekleyen amino asit veya protein bileşeni; nem tutmaya ve bariyer fonksiyonuna katkıda bulunur.",neutral,,neutral,,neutral,,neutral,,neutral,,neutral,,neutral,,,,
Hydrolyzed Corn Protein,hydrolyzedcornprotein,1,0,0,0,0,0,0,Dry and dehydrated skin,,top1000,44,Skincare Ingredient,Amino Asit / Protein,"hydrolyzed corn protein, cildin yapısal proteinlerini ve doğal nem faktörünü destekleyen amino asit veya protein bileşeni; nem tutmaya ve bariyer fonksiyonuna katkıda bulunur.",neutral,,neutral,,neutral,,neutral,,neutral,,neutral,,neutral,,,,
Hydrolyzed Hyaluronic Acid,hydrolyzedhyaluronicacid,0,0,0,0,0,0,0,,,top1000,55,Skincare Ingredient,Cilt Bakım Bileşeni,"hydrolyzed hyaluronic acid, kozmetik formülasyonlarda kullanılan yardımcı bileşen; ürünün doku, stabilite veya uygulama özelliklerine katkıda bulunur.",neutral,,neutral,,neutral,,neutral,,neutral,,neutral,,neutral,,,,
Hydrolyzed Jojoba Esters,hydrolyzedjojobaesters,0,0,0,0,0,0,0,,,top1000,36,Skincare Ingredient,Cilt Bakım Bileşeni,"hydrolyzed jojoba esters, kozmetik formülasyonlarda kullanılan yardımcı bileşen; ürünün doku, stabilite veya uygulama özelliklerine katkıda bulunur.",neutral,,neutral,,neutral,,neutral,,neutral,,neutral,,neutral,,,,
Hydrolyzed Keratin,hydrolyzedkeratin,1,0,0,0,0,0,0,Dry and dehydrated skin,,top1000,145,Skincare Ingredient,Amino Asit / Protein,"hydrolyzed keratin, cildin yapısal proteinlerini ve doğal nem faktörünü destekleyen amino asit veya protein bileşeni; nem tutmaya ve bariyer fonksiyonuna katkıda bulunur.",neutral,,neutral,,neutral,,neutral,,neutral,,neutral,,neutral,,,,
Hydrolyzed Milk Protein,hydrolyzedmilkprotein,1,0,0,0,0,0,0,Dry and dehydrated skin,,top1000,57,Skincare Ingredient,Amino Asit / Protein,"hydrolyzed milk protein, cildin yapısal proteinlerini ve doğal nem faktörünü destekleyen amino asit veya protein bileşeni; nem tutmaya ve bariyer fonksiyonuna katkıda bulunur.",neutral,,neutral,,neutral,,neutral,,neutral,,neutral,,neutral,,,,
Hydrolyzed Rice Protein,hydrolyzedriceprotein,1,0,0,0,0,0,0,Dry and dehydrated skin,,top1000,50,Skincare Ingredient,Amino Asit / Protein,"hydrolyzed rice protein, cildin yapısal proteinlerini ve doğal nem faktörünü destekleyen amino asit veya protein bileşeni; nem tutmaya ve bariyer fonksiyonuna katkıda bulunur.",neutral,,neutral,,neutral,,neutral,,neutral,,neutral,,neutral,,,,
Hydrolyzed Silk,hydrolyzedsilk,1,0,0,0,0,0,0,Dry and dehydrated skin,,top1000,61,Skincare Ingredient,Amino Asit / Protein,"hydrolyzed silk, cildin yapısal proteinlerini ve doğal nem faktörünü destekleyen amino asit veya protein bileşeni; nem tutmaya ve bariyer fonksiyonuna katkıda bulunur.",neutral,,neutral,,neutral,,neutral,,neutral,,neutral,,neutral,,,,
Hydrolyzed Sodium Hyaluronate,hydrolyzedsodiumhyaluronate,3,1,2,2,2,3,0,Dry and dehydrated skin|Fine Lines|Wrinkles|Impaired skin barrier|Anyone,,manual_v2,0,Humectant,Nemlendirici (Mikro Hyalüronik Asit),Hyalüronik asidin enzimatik olarak parçalanmış ultra küçük moleküllü formu; cildin en derin katmanlarına nüfuz ederek içeriden dışarıya doğru yoğun nemlendirme sağlar ve dolgunlaştırıcı etki gösterir.,beneficial,Hyalüronik asidin enzimatik olarak parçalanmış ultra küçük moleküllü formu; cildin en derin katmanlarına nüfuz ederek iç,neutral,,beneficial,Hyalüronik asidin enzimatik olarak parçalanmış ultra küçük moleküllü formu; cildin en derin katmanlarına nüfuz ederek iç,beneficial,Hyalüronik asidin enzimatik olarak parçalanmış ultra küçük moleküllü formu; cildin en derin katmanlarına nüfuz ederek iç,beneficial,Hyalüronik asidin enzimatik olarak parçalanmış ultra küçük moleküllü formu; cildin en derin katmanlarına nüfuz ederek iç,beneficial,Hyalüronik asidin enzimatik olarak parçalanmış ultra küçük moleküllü formu; cildin en derin katmanlarına nüfuz ederek iç,neutral,,,,
Hydrolyzed Soy Protein,hydrolyzedsoyprotein,1,0,0,0,0,0,0,Dry and dehydrated skin,,top1000,105,Skincare Ingredient,Amino Asit / Protein,"hydrolyzed soy protein, cildin yapısal proteinlerini ve doğal nem faktörünü destekleyen amino asit veya protein bileşeni; nem tutmaya ve bariyer fonksiyonuna katkıda bulunur.",neutral,,neutral,,neutral,,neutral,,neutral,,neutral,,neutral,,,,
Hydrolyzed Wheat Protein,hydrolyzedwheatprotein,1,0,0,0,0,0,0,Dry and dehydrated skin,,top1000,150,Skincare Ingredient,Amino Asit / Protein,"hydrolyzed wheat protein, cildin yapısal proteinlerini ve doğal nem faktörünü destekleyen amino asit veya protein bileşeni; nem tutmaya ve bariyer fonksiyonuna katkıda bulunur.",neutral,,neutral,,neutral,,neutral,,neutral,,neutral,,neutral,,,,
Hydroxyacetophenone,hydroxyacetophenone,0,0,0,0,0,0,0,,,top1000,228,Skincare Ingredient,Cilt Bakım Bileşeni,"hydroxyacetophenone, kozmetik formülasyonlarda kullanılan yardımcı bileşen; ürünün doku, stabilite veya uygulama özelliklerine katkıda bulunur.",neutral,,neutral,,neutral,,neutral,,neutral,,neutral,,neutral,,,,
Hydroxyapatite,hydroxyapatite,0,0,0,0,0,0,0,,,top1000,39,Skincare Ingredient,Cilt Bakım Bileşeni,"hydroxyapatite, kozmetik formülasyonlarda kullanılan yardımcı bileşen; ürünün doku, stabilite veya uygulama özelliklerine katkıda bulunur.",neutral,,neutral,,neutral,,neutral,,neutral,,neutral,,neutral,,,,
Hydroxycitronellal,hydroxycitronellal,0,0,0,0,-1,0,0,,Sensitive,top1000,510,Fragrance Allergen,Koku Alerjeni,"hydroxycitronellal, kozmetik ürünlerde koku bileşeni olarak kullanılan ve AB mevzuatına göre etiketlenmesi zorunlu olan potansiyel alerjen; hassas ciltlerde alerjik reaksiyon, kızarıklık veya kontakt dermatit riski taşır.",neutral,,neutral,,neutral,,neutral,,caution,"Hassas ciltte tahriş ve kızarıklık yapabilir, dikkatli kullanılmalı",neutral,,neutral,,,,
Hydroxyethoxyphenyl Butanone,hydroxyethoxyphenylbutanone,0,0,0,0,0,0,0,,,manual_v2,0,Preservative,Koruyucu Destekçi,Ahududu keton türevi antimikrobiyal ajan; diğer koruyucuların etkinliğini artırarak formülasyonda daha düşük koruyucu kullanımına olanak tanır.,neutral,,neutral,,neutral,,neutral,,neutral,,neutral,,neutral,,,,
Hydroxyethyl Acrylate/Sodium Acryloyldimethyl Taurate Copolymer,hydroxyethylacrylatesodiumacryloyldimethyltauratecopolymer,0,0,0,0,0,0,0,,,top1000,66,Skincare Ingredient,Kıvam Artırıcı / Stabilizatör,"hydroxyethyl acrylate/sodium acryloyldimethyl taurate copolymer, formülasyona kıvam ve stabilite kazandıran polimer; ürünün dokusunu iyileştirir ve bileşenlerin homojen dağılmasını sağlar.",neutral,,neutral,,neutral,,neutral,,neutral,,neutral,,neutral,,,,
Hydroxyethyl Urea,hydroxyethylurea,2,0,1,0,1,0,0,Dry and dehydrated skin|Anyone,,manual_v2,0,Humectant,Nemlendirici (Hidroksiletil Üre),"Ürenin modifiye formu; klasik üreye göre daha nazik nemlendirme sağlar, tahriş riski düşüktür ve cildin doğal nem faktörünü takviye ederek uzun süreli hidrasyon sunar.",beneficial,"Ürenin modifiye formu; klasik üreye göre daha nazik nemlendirme sağlar, tahriş riski düşüktür ve cildin doğal nem faktör",neutral,,neutral,,neutral,,neutral,,neutral,,neutral,,,,
Hydroxyethylcellulose,hydroxyethylcellulose,0,0,0,0,0,0,0,,,top1000,402,Skincare Ingredient,Kıvam Artırıcı / Stabilizatör,"hydroxyethylcellulose, formülasyona kıvam ve stabilite kazandıran polimer; ürünün dokusunu iyileştirir ve bileşenlerin homojen dağılmasını sağlar.",neutral,,neutral,,neutral,,neutral,,neutral,,neutral,,neutral,,,,
Hydroxyethylpiperazine Ethane Sulfonic Acid,hydroxyethylpiperazineethanesulfonicacid,0,0,0,0,0,0,0,,,top1000,27,Skincare Ingredient,Cilt Bakım Bileşeni,"hydroxyethylpiperazine ethane sulfonic acid, kozmetik formülasyonlarda kullanılan yardımcı bileşen; ürünün doku, stabilite veya uygulama özelliklerine katkıda bulunur.",neutral,,neutral,,neutral,,neutral,,neutral,,neutral,,neutral,,,,
Hydroxyisohexyl 3-Cyclohexene Carboxaldehyde,hydroxyisohexyl3cyclohexenecarboxaldehyde,0,0,0,0,-1,0,0,,Sensitive,top1000,96,Fragrance Allergen,Koku Alerjeni,"hydroxyisohexyl 3-cyclohexene carboxaldehyde, kozmetik ürünlerde koku bileşeni olarak kullanılan ve AB mevzuatına göre etiketlenmesi zorunlu olan potansiyel alerjen; hassas ciltlerde alerjik reaksiyon, kızarıklık veya kontakt dermatit riski taşır.",neutral,,neutral,,neutral,,neutral,,caution,"Hassas ciltte tahriş ve kızarıklık yapabilir, dikkatli kullanılmalı",neutral,,neutral,,,,
Hydroxypropyl Guar,hydroxypropylguar,0,0,0,0,0,0,0,,,top1000,30,Skincare Ingredient,Kıvam Artırıcı / Stabilizatör,"hydroxypropyl guar, formülasyona kıvam ve stabilite kazandıran polimer; ürünün dokusunu iyileştirir ve bileşenlerin homojen dağılmasını sağlar.",neutral,,neutral,,neutral,,neutral,,neutral,,neutral,,neutral,,,,
Hydroxypropyl Guar Hydroxypropyltrimonium Chloride,hydroxypropylguarhydroxypropyltrimoniumchloride,0,0,0,0,0,0,0,,,top1000,145,Skincare Ingredient,Kıvam Artırıcı / Stabilizatör,"hydroxypropyl guar hydroxypropyltrimonium chloride, formülasyona kıvam ve stabilite kazandıran polimer; ürünün dokusunu iyileştirir ve bileşenlerin homojen dağılmasını sağlar.",neutral,,neutral,,neutral,,neutral,,neutral,,neutral,,neutral,,,,
Hydroxypropyl Methylcellulose,hydroxypropylmethylcellulose,0,0,0,0,0,0,0,,,top1000,119,Skincare Ingredient,Cilt Bakım Bileşeni,"hydroxypropyl methylcellulose, kozmetik formülasyonlarda kullanılan yardımcı bileşen; ürünün doku, stabilite veya uygulama özelliklerine katkıda bulunur.",neutral,,neutral,,neutral,,neutral,,neutral,,neutral,,neutral,,,,
Hydroxypropyl Starch Phosphate,hydroxypropylstarchphosphate,0,0,0,0,0,0,0,,,top1000,80,Skincare Ingredient,Cilt Bakım Bileşeni,"hydroxypropyl starch phosphate, kozmetik formülasyonlarda kullanılan yardımcı bileşen; ürünün doku, stabilite veya uygulama özelliklerine katkıda bulunur.",neutral,,neutral,,neutral,,neutral,,neutral,,neutral,,neutral,,,,
Hydroxypropyltrimonium Hyaluronate,hydroxypropyltrimoniumhyaluronate,3,0,1,1,1,2,0,Dry and dehydrated skin|Fine Lines|Anyone,,manual_v2,0,Humectant,Nemlendirici (Katyonik Hyalüronik Asit),"Pozitif yüklü hyalüronik asit türevi; negatif yüklü cilt yüzeyine güçlü şekilde bağlanarak yıkamaya karşı dayanıklı, uzun süreli nemlendirme sağlar ve ciltte koruyucu nem filmi oluşturur.",beneficial,"Pozitif yüklü hyalüronik asit türevi; negatif yüklü cilt yüzeyine güçlü şekilde bağlanarak yıkamaya karşı dayanıklı, uzu",neutral,,neutral,,neutral,,neutral,,beneficial,"Pozitif yüklü hyalüronik asit türevi; negatif yüklü cilt yüzeyine güçlü şekilde bağlanarak yıkamaya karşı dayanıklı, uzu",neutral,,,,
Hydroxypropyltrimonium Hydrolyzed Wheat Protein,hydroxypropyltrimoniumhydrolyzedwheatprotein,1,0,0,0,0,0,0,Dry and dehydrated skin,,top1000,29,Skincare Ingredient,Amino Asit / Protein,"hydroxypropyltrimonium hydrolyzed wheat protein, cildin yapısal proteinlerini ve doğal nem faktörünü destekleyen amino asit veya protein bileşeni; nem tutmaya ve bariyer fonksiyonuna katkıda bulunur.",neutral,,neutral,,neutral,,neutral,,neutral,,neutral,,neutral,,,,
Illite,illite,0,0,0,0,0,0,0,,,top1000,53,Skincare Ingredient,Cilt Bakım Bileşeni,"illite, kozmetik formülasyonlarda kullanılan yardımcı bileşen; ürünün doku, stabilite veya uygulama özelliklerine katkıda bulunur.",neutral,,neutral,,neutral,,neutral,,neutral,,neutral,,neutral,,,,
Imidazolidinyl Urea,imidazolidinylurea,0,0,0,0,-1,0,-1,,Sensitive|Pregnancy,top1000,51,Preservative,Koruyucu,"imidazolidinyl urea, formülasyonu mikrobiyal kontaminasyondan koruyan koruyucu madde; ürünün güvenli raf ömrünü sağlar.",neutral,,neutral,,neutral,,neutral,,caution,"Hassas ciltte tahriş ve kızarıklık yapabilir, dikkatli kullanılmalı",neutral,,caution,"Hamilelikte kullanımı önerilmez, doktorunuza danışın",,,
Ingredients: Aqua,ingredientsaqua,0,0,0,0,0,0,0,,,top1000,231,Skincare Ingredient,Cilt Bakım Bileşeni,"ingredients: aqua, kozmetik formülasyonlarda kullanılan yardımcı bileşen; ürünün doku, stabilite veya uygulama özelliklerine katkıda bulunur.",neutral,,neutral,,neutral,,neutral,,neutral,,neutral,,neutral,,,,
Inositol,inositol,0,0,0,0,0,1,0,,,manual_v2,0,Skincare Ingredient,Hücre Sinyal Molekülü,"B vitamini grubuna yakın şeker alkolü; hücre sinyal iletiminde rol oynar, cilt bariyerinin sağlığını destekler ve saç bakımında dökülmeyi azaltıcı etki gösterir.",neutral,,neutral,,neutral,,neutral,,neutral,,neutral,,neutral,,,,
Inulin,inulin,0,0,0,0,0,0,0,,,top1000,96,Skincare Ingredient,Cilt Bakım Bileşeni,"inulin, kozmetik formülasyonlarda kullanılan yardımcı bileşen; ürünün doku, stabilite veya uygulama özelliklerine katkıda bulunur.",neutral,,neutral,,neutral,,neutral,,neutral,,neutral,,neutral,,,,
Inulin Lauryl Carbamate,inulinlaurylcarbamate,0,0,0,0,1,0,0,Impaired skin barrier,,manual_v2,0,Prebiotic / Probiotic,Prebiyotik,"İnülin türevi prebiyotik; cildin faydalı mikrobiyomunu seçici olarak beslerken zararlı bakteri üremesini baskılar, cilt savunma sistemini güçlendirir.",neutral,,neutral,,neutral,,neutral,,neutral,,neutral,,neutral,,,,
Iodopropynyl Butylcarbamate,iodopropynylbutylcarbamate,0,0,0,0,0,0,0,,,top1000,78,Skincare Ingredient,Cilt Bakım Bileşeni,"iodopropynyl butylcarbamate, kozmetik formülasyonlarda kullanılan yardımcı bileşen; ürünün doku, stabilite veya uygulama özelliklerine katkıda bulunur.",neutral,,neutral,,neutral,,neutral,,neutral,,neutral,,neutral,,,,
Isoamyl Laurate,isoamyllaurate,1,0,0,0,0,0,0,Texture,,top1000,38,Emollient,Yumuşatıcı Ester,"isoamyl laurate, yağ asidi esteri; cildi yumuşatır, formülasyona hafif ve pürüzsüz bir doku kazandırır.",neutral,,neutral,,neutral,,neutral,,neutral,,neutral,,neutral,,,,
Isobutane,isobutane,0,0,0,0,0,0,0,,,top1000,561,Skincare Ingredient,Cilt Bakım Bileşeni,"isobutane, kozmetik formülasyonlarda kullanılan yardımcı bileşen; ürünün doku, stabilite veya uygulama özelliklerine katkıda bulunur.",neutral,,neutral,,neutral,,neutral,,neutral,,neutral,,neutral,,,,
Isoceteth-20,isoceteth20,0,0,0,0,0,0,0,,,top1000,28,Skincare Ingredient,Cilt Bakım Bileşeni,"isoceteth-20, kozmetik formülasyonlarda kullanılan yardımcı bileşen; ürünün doku, stabilite veya uygulama özelliklerine katkıda bulunur.",neutral,,neutral,,neutral,,neutral,,neutral,,neutral,,neutral,,,,
Isocetyl Stearate,isocetylstearate,1,0,0,0,0,0,0,Texture,,manual_v2,0,Emollient,Yumuşatıcı Ester,"Hafif yumuşatıcı ester; ciltte ipeksi ve yağsız bir his bırakır, formülasyonun yayılabilirliğini artırır ve nem bariyerini destekler.",neutral,,neutral,,neutral,,neutral,,neutral,,neutral,,neutral,,,,
Isododecane,isododecane,0,0,0,0,0,0,0,,,top1000,153,Skincare Ingredient,Cilt Bakım Bileşeni,"isododecane, kozmetik formülasyonlarda kullanılan yardımcı bileşen; ürünün doku, stabilite veya uygulama özelliklerine katkıda bulunur.",neutral,,neutral,,neutral,,neutral,,neutral,,neutral,,neutral,,,,
Isoeugenol,isoeugenol,0,0,0,0,-1,0,0,,Sensitive,top1000,129,Fragrance Allergen,Koku Alerjeni,"isoeugenol, kozmetik ürünlerde koku bileşeni olarak kullanılan ve AB mevzuatına göre etiketlenmesi zorunlu olan potansiyel alerjen; hassas ciltlerde alerjik reaksiyon, kızarıklık veya kontakt dermatit riski taşır.",neutral,,neutral,,neutral,,neutral,,caution,"Hassas ciltte tahriş ve kızarıklık yapabilir, dikkatli kullanılmalı",neutral,,neutral,,,,
Isoeugenyl Acetate,isoeugenylacetate,0,0,0,0,-1,0,0,,Sensitive,manual_v2,0,Fragrance Allergen,Koku Alerjeni,"Isoeugenyl Acetate, kozmetik ürünlerde koku bileşeni olarak kullanılan sentetik ester; AB mevzuatına göre etiketlenmesi zorunlu olan potansiyel alerjen, hassas ciltlerde reaksiyon riski taşır.",neutral,,neutral,,neutral,,neutral,,caution,Hassas ciltte tahriş ve kızarıklık yapabilir,neutral,,neutral,,,,
Isohexadecane,isohexadecane,0,0,0,0,0,0,0,,,top1000,191,Skincare Ingredient,Cilt Bakım Bileşeni,"isohexadecane, kozmetik formülasyonlarda kullanılan yardımcı bileşen; ürünün doku, stabilite veya uygulama özelliklerine katkıda bulunur.",neutral,,neutral,,neutral,,neutral,,neutral,,neutral,,neutral,,,,
Isoleucine,isoleucine,1,0,0,0,0,0,0,,,top1000,33,Skincare Ingredient,Cilt Bakım Bileşeni,"isoleucine, kozmetik formülasyonlarda kullanılan yardımcı bileşen; ürünün doku, stabilite veya uygulama özelliklerine katkıda bulunur.",neutral,,neutral,,neutral,,neutral,,neutral,,neutral,,neutral,,,,
Isononyl Isononanoate,isononylisononanoate,0,0,0,0,0,0,0,,,top1000,63,Skincare Ingredient,Cilt Bakım Bileşeni,"isononyl isononanoate, kozmetik formülasyonlarda kullanılan yardımcı bileşen; ürünün doku, stabilite veya uygulama özelliklerine katkıda bulunur.",neutral,,neutral,,neutral,,neutral,,neutral,,neutral,,neutral,,,,
Isopentane,isopentane,0,0,0,0,0,0,0,,,top1000,51,Skincare Ingredient,Cilt Bakım Bileşeni,"isopentane, kozmetik formülasyonlarda kullanılan yardımcı bileşen; ürünün doku, stabilite veya uygulama özelliklerine katkıda bulunur.",neutral,,neutral,,neutral,,neutral,,neutral,,neutral,,neutral,,,,
Isopentyldiol,isopentyldiol,1,0,0,0,0,0,0,,,manual_v2,0,Humectant,Nemlendirici / Antimikrobiyal,"Çift fonksiyonlu hafif nemlendirici; cildi nemlendirir, antimikrobiyal etki gösterir ve formülasyondaki koruyucuların etkinliğini artırarak daha temiz bir formül oluşturulmasına olanak tanır.",neutral,,neutral,,neutral,,neutral,,neutral,,neutral,,neutral,,,,
Isopropyl Alcohol,isopropylalcohol,-2,0,0,0,-2,0,0,,,top1000,423,Skincare Ingredient,Cilt Bakım Bileşeni,"isopropyl alcohol, kozmetik formülasyonlarda kullanılan yardımcı bileşen; ürünün doku, stabilite veya uygulama özelliklerine katkıda bulunur.",caution,"Kurutucu etki yapabilir, nemlendiriciyle kullanılmalı",neutral,,neutral,,neutral,,caution,Hassas ciltte tahriş ve kızarıklık yapabilir,neutral,,neutral,,,,
Isopropyl Lauroyl Sarcosinate,isopropyllauroylsarcosinate,0,1,0,0,0,0,0,Texture,,manual_v2,0,Emollient,Yumuşatıcı / Peeling Destekçi,Amino asit türevi yumuşatıcı ester; cildi yumuşatırken aynı zamanda ölü deri hücrelerinin nazikçe dökülmesini kolaylaştırır ve cilt yenilenmesini destekler.,neutral,,neutral,,neutral,,neutral,,neutral,,neutral,,neutral,,,,
Isopropyl Myristate,isopropylmyristate,1,-2,-1,0,0,0,0,,Oily|Combination,manual_v2,394,Emollient,Yumuşatıcı / Penetrasyon Artırıcı,"Yağ asidi esteri; cildi yumuşatır ve diğer bileşenlerin emilimini artırır, ancak komedojenik potansiyeli yüksektir ve akneye eğilimli ciltlerde gözenek tıkanmasına yol açabilir.",neutral,,caution,Gözenekleri tıkayabilir veya yağlanmayı artırabilir,caution,Karma ciltte dengesizlik yaratabilir,neutral,,neutral,,neutral,,neutral,,,,
Isopropyl Palmitate,isopropylpalmitate,1,-2,-1,0,0,0,0,,Oily|Combination,manual_v2,488,Emollient,Yumuşatıcı,"Palmitik asit esteri; cildi yumuşatır ve formülasyona hafif bir doku kazandırır, ancak komedojenik özelliği nedeniyle yağlı ve akneye eğilimli ciltlerde dikkatli kullanılmalıdır.",neutral,,caution,Gözenekleri tıkayabilir veya yağlanmayı artırabilir,caution,Karma ciltte dengesizlik yaratabilir,neutral,,neutral,,neutral,,neutral,,,,
Jojoba Esters,jojobaesters,0,0,0,0,0,0,0,,,top1000,94,Skincare Ingredient,Cilt Bakım Bileşeni,"jojoba esters, kozmetik formülasyonlarda kullanılan yardımcı bileşen; ürünün doku, stabilite veya uygulama özelliklerine katkıda bulunur.",neutral,,neutral,,neutral,,neutral,,neutral,,neutral,,neutral,,,,
Jojoba Oil,jojobaoil,2,0,1,1,1,1,0,Dry and dehydrated skin|Impaired skin barrier|Anyone,,manual_v2,0,Oil / Lipid,Bitkisel Yağ (Jojoba),"İnsan sebumuna en yakın yapıdaki bitkisel vaks esteri; cildin doğal yağ dengesini bozmadan nemlendirir, gözenek tıkamaz, anti-inflamatuar etki gösterir ve tüm cilt tiplerine uygundur.",beneficial,"İnsan sebumuna en yakın yapıdaki bitkisel vaks esteri; cildin doğal yağ dengesini bozmadan nemlendirir, gözenek tıkamaz,",neutral,,neutral,,neutral,,neutral,,neutral,,neutral,,,,
Jojoba Wax PEG-120 Esters,jojobawaxpeg120esters,1,0,0,0,0,0,0,,,manual_v2,0,Skincare Ingredient,Emülgatör (Jojoba Türevi),"Jojoba yağından elde edilen PEG modifiye emülgatör; formülasyona zengin ve kremsi doku kazandırır, cildi yumuşatır ve nem bariyerini destekler.",neutral,,neutral,,neutral,,neutral,,neutral,,neutral,,neutral,,,,
Kaolin,kaolin,0,1,0,0,0,0,0,,,top1000,216,Mineral,Mineral,"kaolin, mineral bazlı bileşen; formülasyonun fiziksel özelliklerine katkıda bulunur veya ciltte koruyucu/düzenleyici etki gösterir.",neutral,,neutral,,neutral,,neutral,,neutral,,neutral,,neutral,,,,
Kappaphycus Alvarezii Extract,kappaphycusalvareziiextract,2,0,0,0,0,0,0,Dry and dehydrated skin|Impaired skin barrier,,manual_v2,0,Botanical Extract,Deniz Yosunu Ekstrakt (Kırmızı Alg),"Tropik kırmızı deniz yosunundan elde edilen karagenan bakımından zengin ekstrakt; cildi yoğun nemlendirir, koruyucu film oluşturarak nem kaybını önler ve cilt bariyerini destekler.",beneficial,"Tropik kırmızı deniz yosunundan elde edilen karagenan bakımından zengin ekstrakt; cildi yoğun nemlendirir, koruyucu film",neutral,,neutral,,neutral,,neutral,,neutral,,neutral,,,,
Khaya Senegalensis Bark Extract,khayasenegalensisbarkextract,0,0,0,0,1,1,0,Redness|Impaired skin barrier,,manual_v2,0,Botanical Extract,Bitkisel Ekstrakt (Afrika Maun Ağacı),"Afrika maun ağacının kabuğundan elde edilen ekstrakt; güçlü anti-inflamatuar ve antimikrobiyal özellikler taşır, cildi yatıştırır ve çevresel strese karşı koruma sağlar.",neutral,,neutral,,neutral,,neutral,,neutral,,neutral,,neutral,,,,
Kojic Acid,kojicacid,0,0,0,1,-1,1,-1,Pigmentation|Radiance,Sensitive|Pregnancy,manual_v2,0,Acid,Kojik Asit,"Mantarlardan elde edilen doğal aydınlatıcı; tirozinaz enzimini inhibe ederek melanin üretimini azaltır, leke ve hiperpigmentasyon tedavisinde kullanılır ancak hassas ciltlerde tahriş yapabilir.",neutral,,neutral,,neutral,,neutral,,caution,"Hassas ciltte tahriş ve kızarıklık yapabilir, dikkatli kullanılmalı",neutral,,caution,"Hamilelikte kullanımı önerilmez, doktorunuza danışın",,,
Kommer Senere,kommersenere,0,0,0,0,0,0,0,,,top1000,57,Skincare Ingredient,Cilt Bakım Bileşeni,"kommer senere, kozmetik formülasyonlarda kullanılan yardımcı bileşen; ürünün doku, stabilite veya uygulama özelliklerine katkıda bulunur.",neutral,,neutral,,neutral,,neutral,,neutral,,neutral,,neutral,,,,
Lactic Acid,lacticacid,2,3,2,1,-1,2,-1,Dry and dehydrated skin|Texture|Radiance|Fine Lines,Sensitive|Pregnancy,manual_v2,946,Exfoliant (AHA),Peeling Asidi (AHA),"Sütten elde edilen nazik alfa hidroksi asit; glycolic aside göre daha büyük molekülü sayesinde daha yüzeysel ve yumuşak peeling yapar, aynı zamanda nemlendirici özellik taşır.",beneficial,Sütten elde edilen nazik alfa hidroksi asit; glycolic aside göre daha büyük molekülü sayesinde daha yüzeysel ve yumuşak ,beneficial,Sütten elde edilen nazik alfa hidroksi asit; glycolic aside göre daha büyük molekülü sayesinde daha yüzeysel ve yumuşak ,beneficial,Sütten elde edilen nazik alfa hidroksi asit; glycolic aside göre daha büyük molekülü sayesinde daha yüzeysel ve yumuşak ,neutral,,caution,"Hassas ciltte tahriş ve kızarıklık yapabilir, dikkatli kullanılmalı",beneficial,Sütten elde edilen nazik alfa hidroksi asit; glycolic aside göre daha büyük molekülü sayesinde daha yüzeysel ve yumuşak ,caution,"Hamilelikte kullanımı önerilmez, doktorunuza danışın",,,
Lactobacillus Ferment,lactobacillusferment,0,0,0,1,1,0,0,,,top1000,45,Skincare Ingredient,Cilt Bakım Bileşeni,"lactobacillus ferment, kozmetik formülasyonlarda kullanılan yardımcı bileşen; ürünün doku, stabilite veya uygulama özelliklerine katkıda bulunur.",neutral,,neutral,,neutral,,neutral,,neutral,,neutral,,neutral,,,,
Lactobacillus Ferment Lysate,lactobacillusfermentlysate,1,0,0,1,2,1,0,Impaired skin barrier|Redness|Anyone,,manual_v2,0,Prebiotic / Probiotic,Probiyotik Lizat (Lactobacillus),"Lactobacillus bakterisinin fermantasyon ürünü; cilt mikrobiyomunu dengeler, bariyer fonksiyonunu güçlendirir ve cildin doğal savunma peptitlerinin üretimini destekler.",neutral,,neutral,,neutral,,neutral,,beneficial,"Lactobacillus bakterisinin fermantasyon ürünü; cilt mikrobiyomunu dengeler, bariyer fonksiyonunu güçlendirir ve cildin d",neutral,,neutral,,,,
Lactobionic Acid,lactobionicacid,1,1,1,1,2,2,0,Texture|Fine Lines|Redness|Anyone,,manual_v2,0,Exfoliant (PHA),Peeling Asidi (PHA - Biyonik),"En nazik peeling asitlerinden biri olan biyonik polihidroksi asit; AHA'lardan 10 kat daha büyük molekülü sayesinde cildi tahriş etmeden yüzeysel yenilenme sağlar, güçlü antioksidan ve nemlendirici özellik taşır, rozasea ve hassas ciltler için idealdir.",neutral,,neutral,,neutral,,neutral,,beneficial,En nazik peeling asitlerinden biri olan biyonik polihidroksi asit; AHA'lardan 10 kat daha büyük molekülü sayesinde cildi,beneficial,En nazik peeling asitlerinden biri olan biyonik polihidroksi asit; AHA'lardan 10 kat daha büyük molekülü sayesinde cildi,neutral,,,,
Lactose,lactose,0,0,0,0,0,0,0,,,top1000,58,Skincare Ingredient,Cilt Bakım Bileşeni,"lactose, kozmetik formülasyonlarda kullanılan yardımcı bileşen; ürünün doku, stabilite veya uygulama özelliklerine katkıda bulunur.",neutral,,neutral,,neutral,,neutral,,neutral,,neutral,,neutral,,,,
Laminaria Ochroleuca Extract,laminariaochroleucaextract,1,0,0,1,1,2,0,Fine Lines|Radiance|Impaired skin barrier,,manual_v2,0,Botanical Extract,Deniz Yosunu Ekstrakt,"Kahverengi deniz yosunundan elde edilen ekstrakt; cildin doğal savunma mekanizmasını güçlendirir, UV ve kirlilik kaynaklı oksidatif strese karşı koruma sağlar ve cilt bariyerini destekler.",neutral,,neutral,,neutral,,neutral,,neutral,,beneficial,"Kahverengi deniz yosunundan elde edilen ekstrakt; cildin doğal savunma mekanizmasını güçlendirir, UV ve kirlilik kaynakl",neutral,,,,
Lanolin,lanolin,0,0,0,0,0,0,0,,,top1000,113,Skincare Ingredient,Cilt Bakım Bileşeni,"lanolin, kozmetik formülasyonlarda kullanılan yardımcı bileşen; ürünün doku, stabilite veya uygulama özelliklerine katkıda bulunur.",neutral,,neutral,,neutral,,neutral,,neutral,,neutral,,neutral,,,,
Lanolin Alcohol,lanolinalcohol,0,0,0,0,0,0,0,,,top1000,41,Skincare Ingredient,Cilt Bakım Bileşeni,"lanolin alcohol, kozmetik formülasyonlarda kullanılan yardımcı bileşen; ürünün doku, stabilite veya uygulama özelliklerine katkıda bulunur.",neutral,,neutral,,neutral,,neutral,,neutral,,neutral,,neutral,,,,
Lanolin Oil,lanolinoil,0,0,0,0,0,0,0,,,top1000,30,Skincare Ingredient,Cilt Bakım Bileşeni,"lanolin oil, kozmetik formülasyonlarda kullanılan yardımcı bileşen; ürünün doku, stabilite veya uygulama özelliklerine katkıda bulunur.",neutral,,neutral,,neutral,,neutral,,neutral,,neutral,,neutral,,,,
Laureth-10,laureth10,0,0,0,0,0,0,0,Anyone,,top1000,31,Surfactant,Yüzey Aktif Madde (Nazik),"laureth-10, nazik temizleyici yüzey aktif madde; cildi fazla kurutmadan etkili temizlik sağlar ve hassas cilt formülasyonlarında tercih edilir.",neutral,,neutral,,neutral,,neutral,,neutral,,neutral,,neutral,,,,
Laureth-12,laureth12,0,0,0,0,0,0,0,Anyone,,top1000,41,Surfactant,Yüzey Aktif Madde (Nazik),"laureth-12, nazik temizleyici yüzey aktif madde; cildi fazla kurutmadan etkili temizlik sağlar ve hassas cilt formülasyonlarında tercih edilir.",neutral,,neutral,,neutral,,neutral,,neutral,,neutral,,neutral,,,,
Laureth-2,laureth2,0,0,0,0,0,0,0,Anyone,,top1000,139,Surfactant,Yüzey Aktif Madde (Nazik),"laureth-2, nazik temizleyici yüzey aktif madde; cildi fazla kurutmadan etkili temizlik sağlar ve hassas cilt formülasyonlarında tercih edilir.",neutral,,neutral,,neutral,,neutral,,neutral,,neutral,,neutral,,,,
Laureth-23,laureth23,0,0,0,0,0,0,0,Anyone,,top1000,100,Surfactant,Yüzey Aktif Madde (Nazik),"laureth-23, nazik temizleyici yüzey aktif madde; cildi fazla kurutmadan etkili temizlik sağlar ve hassas cilt formülasyonlarında tercih edilir.",neutral,,neutral,,neutral,,neutral,,neutral,,neutral,,neutral,,,,
Laureth-3,laureth3,0,0,0,0,0,0,0,Anyone,,top1000,49,Surfactant,Yüzey Aktif Madde (Nazik),"laureth-3, nazik temizleyici yüzey aktif madde; cildi fazla kurutmadan etkili temizlik sağlar ve hassas cilt formülasyonlarında tercih edilir.",neutral,,neutral,,neutral,,neutral,,neutral,,neutral,,neutral,,,,
Laureth-4,laureth4,0,0,0,0,0,0,0,Anyone,,top1000,306,Surfactant,Yüzey Aktif Madde (Nazik),"laureth-4, nazik temizleyici yüzey aktif madde; cildi fazla kurutmadan etkili temizlik sağlar ve hassas cilt formülasyonlarında tercih edilir.",neutral,,neutral,,neutral,,neutral,,neutral,,neutral,,neutral,,,,
Laureth-7,laureth7,0,0,0,0,0,0,0,Anyone,,top1000,98,Surfactant,Yüzey Aktif Madde (Nazik),"laureth-7, nazik temizleyici yüzey aktif madde; cildi fazla kurutmadan etkili temizlik sağlar ve hassas cilt formülasyonlarında tercih edilir.",neutral,,neutral,,neutral,,neutral,,neutral,,neutral,,neutral,,,,
Lauric Acid,lauricacid,1,0,0,0,0,0,0,,,top1000,240,Oil / Lipid,Yağ Asidi,"lauric acid, doğal yağ asidi; cildin lipid bariyerini destekler, yumuşatıcı etki gösterir ve formülasyonun kıvamına katkıda bulunur.",neutral,,neutral,,neutral,,neutral,,neutral,,neutral,,neutral,,,,
Lauroyl Lysine,lauroyllysine,1,0,0,0,0,0,0,Dry and dehydrated skin,,top1000,41,Skincare Ingredient,Amino Asit / Protein,"lauroyl lysine, cildin yapısal proteinlerini ve doğal nem faktörünü destekleyen amino asit veya protein bileşeni; nem tutmaya ve bariyer fonksiyonuna katkıda bulunur.",neutral,,neutral,,neutral,,neutral,,neutral,,neutral,,neutral,,,,
Lauryl Alcohol,laurylalcohol,0,0,0,0,0,0,0,,,top1000,77,Skincare Ingredient,Cilt Bakım Bileşeni,"lauryl alcohol, kozmetik formülasyonlarda kullanılan yardımcı bileşen; ürünün doku, stabilite veya uygulama özelliklerine katkıda bulunur.",neutral,,neutral,,neutral,,neutral,,neutral,,neutral,,neutral,,,,
Lauryl Betaine,laurylbetaine,2,0,0,0,0,0,0,Dry and dehydrated skin,,top1000,28,Humectant,Nemlendirici,"lauryl betaine, nemlendirici özellikli bileşen; ciltte nem tutarak hidrasyonu artırır ve kuruluğa bağlı gerginlik hissini azaltır.",beneficial,"lauryl betaine, nemlendirici özellikli bileşen; ciltte nem tutarak hidrasyonu artırır ve kuruluğa bağlı gerginlik hissin",neutral,,neutral,,neutral,,neutral,,neutral,,neutral,,,,
Lauryl Glucoside,laurylglucoside,1,0,0,0,0,0,0,Anyone,,top1000,401,Surfactant,Yüzey Aktif Madde (Nazik),"lauryl glucoside, nazik temizleyici yüzey aktif madde; cildi fazla kurutmadan etkili temizlik sağlar ve hassas cilt formülasyonlarında tercih edilir.",neutral,,neutral,,neutral,,neutral,,neutral,,neutral,,neutral,,,,
Lavandula Angustifolia (Lavender) Oil,lavandulaangustifolialavenderoil,1,0,0,0,0,0,0,,,top1000,54,Botanical Extract,Bitkisel Ekstrakt,"lavandula angustifolia (lavender) oil, bitkisel kaynaklı aktif ekstrakt; antioksidan, yatıştırıcı veya besleyici özellikler taşıyabilir ve formülasyona doğal etkinlik katar.",neutral,,neutral,,neutral,,neutral,,neutral,,neutral,,neutral,,,,
Lavandula Angustifolia Oil,lavandulaangustifoliaoil,1,0,0,0,0,0,0,,,top1000,36,Botanical Extract,Bitkisel Ekstrakt,"lavandula angustifolia oil, bitkisel kaynaklı aktif ekstrakt; antioksidan, yatıştırıcı veya besleyici özellikler taşıyabilir ve formülasyona doğal etkinlik katar.",neutral,,neutral,,neutral,,neutral,,neutral,,neutral,,neutral,,,,
Lavandula Hybrida Oil,lavandulahybridaoil,1,0,0,0,0,0,0,,,top1000,33,Botanical Extract,Bitkisel Ekstrakt,"lavandula hybrida oil, bitkisel kaynaklı aktif ekstrakt; antioksidan, yatıştırıcı veya besleyici özellikler taşıyabilir ve formülasyona doğal etkinlik katar.",neutral,,neutral,,neutral,,neutral,,neutral,,neutral,,neutral,,,,
Lecithin,lecithin,0,0,0,0,0,0,0,,,top1000,399,Skincare Ingredient,Emülgatör,"lecithin, yağ ve su fazlarını stabil bir şekilde bir arada tutan emülgatör; formülasyonun homojen yapısını korur ve kremsi doku oluşturur.",neutral,,neutral,,neutral,,neutral,,neutral,,neutral,,neutral,,,,
Ledum Groenlandicum Extract,ledumgroenlandicumextract,0,0,0,1,0,1,0,Pigmentation|Radiance,,manual_v2,0,Botanical Extract,Bitkisel Ekstrakt (Grönland Çayı),"Grönland çayı bitkisinden elde edilen nadir ekstrakt; güçlü aydınlatıcı ve leke giderici özellikler taşır, melanin üretimini düzenleyerek cilt tonunu eşitler ve leke görünümünü azaltır.",neutral,,neutral,,neutral,,neutral,,neutral,,neutral,,neutral,,,,
Lepidium Sativum Sprout Extract,lepidiumsativumsproutextract,0,0,0,0,0,3,0,Fine Lines|Wrinkles|Elasticity,,manual_v2,0,Botanical Extract,Bitkisel Ekstrakt (Tere Filizi),Tere bitkisi filizlerinden elde edilen biyoaktif ekstrakt; glikasyon (şekerin kolajen liflerine bağlanması) sürecini engelleyerek kolajen esnekliğini korur ve yaşlanma belirtilerini geciktirir.,neutral,,neutral,,neutral,,neutral,,neutral,,beneficial,Tere bitkisi filizlerinden elde edilen biyoaktif ekstrakt; glikasyon (şekerin kolajen liflerine bağlanması) sürecini eng,neutral,,,,
Leuconostoc/Radish Root Ferment Filtrate,leuconostocradishrootfermentfiltrate,1,0,0,0,0,0,0,,,top1000,87,Botanical Extract,Bitkisel Ekstrakt,"leuconostoc/radish root ferment filtrate, bitkisel kaynaklı aktif ekstrakt; antioksidan, yatıştırıcı veya besleyici özellikler taşıyabilir ve formülasyona doğal etkinlik katar.",neutral,,neutral,,neutral,,neutral,,neutral,,neutral,,neutral,,,,
Levulinic Acid,levulinicacid,0,0,0,0,0,0,0,,,top1000,175,Skincare Ingredient,Cilt Bakım Bileşeni,"levulinic acid, kozmetik formülasyonlarda kullanılan yardımcı bileşen; ürünün doku, stabilite veya uygulama özelliklerine katkıda bulunur.",neutral,,neutral,,neutral,,neutral,,neutral,,neutral,,neutral,,,,
Licorice Root Extract,licoricerootextract,0,0,0,1,2,1,0,Pigmentation|Redness|Radiance,,manual_v2,0,Botanical Extract,Bitkisel Ekstrakt (Meyan Kökü),"Glabridin ve likiritin bileşenleriyle melanin üretimini düzenleyen güçlü aydınlatıcı; hiperpigmentasyonu azaltır, cildi yatıştırır ve anti-inflamatuar etki gösterir.",neutral,,neutral,,neutral,,neutral,,beneficial,"Glabridin ve likiritin bileşenleriyle melanin üretimini düzenleyen güçlü aydınlatıcı; hiperpigmentasyonu azaltır, cildi ",neutral,,neutral,,,,
Limonene,limonene,0,0,0,0,-1,0,0,,Sensitive,top1000,4148,Fragrance Allergen,Koku Alerjeni,"limonene, kozmetik ürünlerde koku bileşeni olarak kullanılan ve AB mevzuatına göre etiketlenmesi zorunlu olan potansiyel alerjen; hassas ciltlerde alerjik reaksiyon, kızarıklık veya kontakt dermatit riski taşır.",neutral,,neutral,,neutral,,neutral,,caution,"Hassas ciltte tahriş ve kızarıklık yapabilir, dikkatli kullanılmalı",neutral,,neutral,,,,
Linalool,linalool,0,0,0,0,-1,0,0,,Sensitive,top1000,3736,Fragrance Allergen,Koku Alerjeni,"linalool, kozmetik ürünlerde koku bileşeni olarak kullanılan ve AB mevzuatına göre etiketlenmesi zorunlu olan potansiyel alerjen; hassas ciltlerde alerjik reaksiyon, kızarıklık veya kontakt dermatit riski taşır.",neutral,,neutral,,neutral,,neutral,,caution,"Hassas ciltte tahriş ve kızarıklık yapabilir, dikkatli kullanılmalı",neutral,,neutral,,,,
Linalyl Acetate,linalylacetate,0,0,0,0,0,0,0,,,top1000,112,Skincare Ingredient,Cilt Bakım Bileşeni,"linalyl acetate, kozmetik formülasyonlarda kullanılan yardımcı bileşen; ürünün doku, stabilite veya uygulama özelliklerine katkıda bulunur.",neutral,,neutral,,neutral,,neutral,,neutral,,neutral,,neutral,,,,
Linoleic Acid,linoleicacid,1,0,0,0,0,0,0,,,top1000,36,Oil / Lipid,Yağ Asidi,"linoleic acid, doğal yağ asidi; cildin lipid bariyerini destekler, yumuşatıcı etki gösterir ve formülasyonun kıvamına katkıda bulunur.",neutral,,neutral,,neutral,,neutral,,neutral,,neutral,,neutral,,,,
Linolenic Acid,linolenicacid,2,0,0,1,1,1,0,Dry and dehydrated skin|Impaired skin barrier|Redness,,manual_v2,0,Oil / Lipid,Esansiyel Yağ Asidi (Omega-3),"Omega-3 grubuna ait esansiyel yağ asidi; cildin kendi üretemediği bu yağ asidi bariyer onarımında kritik rol oynar, anti-inflamatuar etki gösterir ve cildin nem dengesini korumaya yardımcı olur.",beneficial,"Omega-3 grubuna ait esansiyel yağ asidi; cildin kendi üretemediği bu yağ asidi bariyer onarımında kritik rol oynar, anti",neutral,,neutral,,neutral,,neutral,,neutral,,neutral,,,,
Lysine,lysine,1,0,0,0,0,1,0,Fine Lines|Impaired skin barrier,,manual_v2,0,Skincare Ingredient,Amino Asit (Lizin),"Vücudun kendi üretemediği esansiyel amino asit; kolajen sentezinin temel yapı taşlarından biri olup cildin yapısal sağlamlığını destekler, yara iyileşmesini hızlandırır ve doğal nem faktörüne (NMF) katkıda bulunur.",neutral,,neutral,,neutral,,neutral,,neutral,,neutral,,neutral,,,,
Lysine HCL,lysinehcl,1,0,0,0,0,1,0,Fine Lines,,manual_v2,0,Skincare Ingredient,Amino Asit (Lizin),"Esansiyel amino asit lizinin hidroklorür tuzu; kolajen sentezinde kritik rol oynar, cildin yapısal bütünlüğünü destekler ve doğal nem faktörüne (NMF) katkıda bulunur.",neutral,,neutral,,neutral,,neutral,,neutral,,neutral,,neutral,,,,
Lysolecithin,lysolecithin,0,0,0,0,0,0,0,,,manual_v2,0,Skincare Ingredient,Emülgatör / Penetrasyon Artırıcı,Lesitinin hidrolize formu; aktif bileşenlerin cilt hücrelerine daha etkili penetrasyonunu sağlar ve lipozom oluşumunda kullanılır.,neutral,,neutral,,neutral,,neutral,,neutral,,neutral,,neutral,,,,
M-Aminophenol,maminophenol,0,0,0,0,0,0,0,,,top1000,62,Skincare Ingredient,Cilt Bakım Bileşeni,"m-aminophenol, kozmetik formülasyonlarda kullanılan yardımcı bileşen; ürünün doku, stabilite veya uygulama özelliklerine katkıda bulunur.",neutral,,neutral,,neutral,,neutral,,neutral,,neutral,,neutral,,,,
Macadamia Ternifolia Seed Oil,macadamiaternifoliaseedoil,2,-1,0,1,0,1,0,Dry and dehydrated skin,Oily,top1000,85,Oil / Lipid,Bitkisel Yağ,"macadamia ternifolia seed oil, esansiyel yağ asitleri ve vitaminler bakımından zengin bitkisel yağ; cildi besler, nem bariyerini güçlendirir ve yumuşatıcı etki sağlar.",beneficial,"macadamia ternifolia seed oil, esansiyel yağ asitleri ve vitaminler bakımından zengin bitkisel yağ; cildi besler, nem ba",caution,Gözenekleri tıkayabilir veya yağlanmayı artırabilir,neutral,,neutral,,neutral,,neutral,,neutral,,,,
Madecassoside,madecassoside,1,0,1,1,3,2,0,Redness|Impaired skin barrier|Fine Lines|Acne,,manual_v2,0,Skincare Ingredient,Aktif Bileşen (Centella Türevi),"Centella asiatica'nın en etkili aktif bileşenlerinden biri; cildin kollajen sentezini uyarır, yara iyileşmesini hızlandırır, anti-inflamatuar etki gösterir ve hassas cilt bariyerini güçlendirir.",neutral,,neutral,,neutral,,neutral,,beneficial,"Centella asiatica'nın en etkili aktif bileşenlerinden biri; cildin kollajen sentezini uyarır, yara iyileşmesini hızlandı",beneficial,"Centella asiatica'nın en etkili aktif bileşenlerinden biri; cildin kollajen sentezini uyarır, yara iyileşmesini hızlandı",neutral,,,,
Magnesium Aluminum Silicate,magnesiumaluminumsilicate,0,1,0,0,0,0,0,,,top1000,112,Mineral,Mineral,"magnesium aluminum silicate, mineral bazlı bileşen; formülasyonun fiziksel özelliklerine katkıda bulunur veya ciltte koruyucu/düzenleyici etki gösterir.",neutral,,neutral,,neutral,,neutral,,neutral,,neutral,,neutral,,,,
Magnesium Ascorbyl Phosphate,magnesiumascorbylphosphate,1,1,1,1,1,2,0,Pigmentation|Radiance|Fine Lines|Anyone,,manual_v2,0,Vitamin C,C Vitamini (MAP - Stabil Form),"C vitamininin suda çözünür ve stabil magnezyum fosfat esteri; hassas ciltlerde bile tahriş yapmadan aydınlatma, antioksidan koruma ve kolajen sentezi desteği sağlar.",neutral,,neutral,,neutral,,neutral,,neutral,,beneficial,"C vitamininin suda çözünür ve stabil magnezyum fosfat esteri; hassas ciltlerde bile tahriş yapmadan aydınlatma, antioksi",neutral,,,,
Magnesium Carbonate Hydroxide,magnesiumcarbonatehydroxide,1,0,0,0,0,0,0,,,top1000,79,Mineral,Mineral,"magnesium carbonate hydroxide, mineral bazlı bileşen; formülasyonun fiziksel özelliklerine katkıda bulunur veya ciltte koruyucu/düzenleyici etki gösterir.",neutral,,neutral,,neutral,,neutral,,neutral,,neutral,,neutral,,,,
Magnesium Chloride,magnesiumchloride,0,0,0,0,0,0,0,,,top1000,278,Mineral,Mineral,"magnesium chloride, mineral bazlı bileşen; formülasyonun fiziksel özelliklerine katkıda bulunur veya ciltte koruyucu/düzenleyici etki gösterir.",neutral,,neutral,,neutral,,neutral,,neutral,,neutral,,neutral,,,,
Magnesium Hydroxide,magnesiumhydroxide,0,0,0,0,0,0,0,,,top1000,41,Mineral,Mineral,"magnesium hydroxide, mineral bazlı bileşen; formülasyonun fiziksel özelliklerine katkıda bulunur veya ciltte koruyucu/düzenleyici etki gösterir.",neutral,,neutral,,neutral,,neutral,,neutral,,neutral,,neutral,,,,
Magnesium Nitrate,magnesiumnitrate,0,0,0,0,0,0,0,,,top1000,266,Mineral,Mineral,"magnesium nitrate, mineral bazlı bileşen; formülasyonun fiziksel özelliklerine katkıda bulunur veya ciltte koruyucu/düzenleyici etki gösterir.",neutral,,neutral,,neutral,,neutral,,neutral,,neutral,,neutral,,,,
Magnesium Silicate,magnesiumsilicate,0,1,0,0,0,0,0,,,top1000,30,Mineral,Mineral,"magnesium silicate, mineral bazlı bileşen; formülasyonun fiziksel özelliklerine katkıda bulunur veya ciltte koruyucu/düzenleyici etki gösterir.",neutral,,neutral,,neutral,,neutral,,neutral,,neutral,,neutral,,,,
Magnesium Stearate,magnesiumstearate,1,0,0,0,0,0,0,Texture,,top1000,117,Emollient,Yumuşatıcı Ester,"magnesium stearate, yağ asidi esteri; cildi yumuşatır, formülasyona hafif ve pürüzsüz bir doku kazandırır.",neutral,,neutral,,neutral,,neutral,,neutral,,neutral,,neutral,,,,
Magnesium Sulfate,magnesiumsulfate,0,0,0,0,0,0,0,,,top1000,213,Mineral,Mineral,"magnesium sulfate, mineral bazlı bileşen; formülasyonun fiziksel özelliklerine katkıda bulunur veya ciltte koruyucu/düzenleyici etki gösterir.",neutral,,neutral,,neutral,,neutral,,neutral,,neutral,,neutral,,,,
Malic Acid,malicacid,0,0,0,0,0,0,0,,,top1000,31,Skincare Ingredient,Cilt Bakım Bileşeni,"malic acid, kozmetik formülasyonlarda kullanılan yardımcı bileşen; ürünün doku, stabilite veya uygulama özelliklerine katkıda bulunur.",neutral,,neutral,,neutral,,neutral,,neutral,,neutral,,neutral,,,,
Maltodextrin,maltodextrin,0,0,0,0,0,0,0,,,top1000,324,Skincare Ingredient,Cilt Bakım Bileşeni,"maltodextrin, kozmetik formülasyonlarda kullanılan yardımcı bileşen; ürünün doku, stabilite veya uygulama özelliklerine katkıda bulunur.",neutral,,neutral,,neutral,,neutral,,neutral,,neutral,,neutral,,,,
Maltooligosyl Glucoside,maltooligosylglucoside,1,0,0,0,1,0,0,Impaired skin barrier|Anyone,,manual_v2,0,Humectant,Nemlendirici / Prebiyotik,"Maltoz ve glikozdan oluşan oligosakkarit; cildin faydalı mikrobiyomunu besleyen prebiyotik özellik taşır, hafif nemlendirme sağlar ve bariyer fonksiyonunu destekler.",neutral,,neutral,,neutral,,neutral,,neutral,,neutral,,neutral,,,,
Maltose,maltose,1,0,0,0,0,0,0,,,manual_v2,0,Humectant,Nemlendirici (Malt Şekeri),Doğal disakkarit; hafif nemlendirici olarak cildin yüzeyinde su moleküllerini tutarak hidrasyonu destekler ve formülasyona hoş bir doku katar.,neutral,,neutral,,neutral,,neutral,,neutral,,neutral,,neutral,,,,
Mandelic Acid,mandelicacid,0,3,2,1,0,2,-1,Acne|Pigmentation|Texture,Pregnancy,manual_v2,0,Exfoliant (AHA),Peeling Asidi (AHA),"Bademden elde edilen büyük moleküllü alfa hidroksi asit; tüm AHA'lar arasında en nazik olanıdır, yavaş penetrasyonu sayesinde hassas ve koyu cilt tonlarında bile güvenle kullanılabilir.",neutral,,beneficial,"Bademden elde edilen büyük moleküllü alfa hidroksi asit; tüm AHA'lar arasında en nazik olanıdır, yavaş penetrasyonu saye",beneficial,"Bademden elde edilen büyük moleküllü alfa hidroksi asit; tüm AHA'lar arasında en nazik olanıdır, yavaş penetrasyonu saye",neutral,,neutral,,beneficial,"Bademden elde edilen büyük moleküllü alfa hidroksi asit; tüm AHA'lar arasında en nazik olanıdır, yavaş penetrasyonu saye",caution,"Hamilelikte kullanımı önerilmez, doktorunuza danışın",,,
Manganese Gluconate,manganesegluconate,0,0,0,0,0,1,0,,,manual_v2,0,Mineral,Mineral (Manganez),Manganez iz elementi; cildin antioksidan savunma enzimlerinin (SOD) aktivasyonunu destekler ve hücrelerin enerji metabolizmasına katkıda bulunur.,neutral,,neutral,,neutral,,neutral,,neutral,,neutral,,neutral,,,,
Mangifera Indica Seed Butter,mangiferaindicaseedbutter,2,0,0,0,1,1,0,,,top1000,27,Skincare Ingredient,Cilt Bakım Bileşeni,"mangifera indica seed butter, kozmetik formülasyonlarda kullanılan yardımcı bileşen; ürünün doku, stabilite veya uygulama özelliklerine katkıda bulunur.",beneficial,Kuru cilt için faydalı bileşen,neutral,,neutral,,neutral,,neutral,,neutral,,neutral,,,,
Mannitol,mannitol,1,0,0,0,0,0,0,Anyone,,manual_v2,77,Humectant,Nemlendirici / Antioksidan,Şeker alkolü türevi; hafif nemlendirici özelliğinin yanı sıra antioksidan etki göstererek cildi çevresel strese karşı korur.,neutral,,neutral,,neutral,,neutral,,neutral,,neutral,,neutral,,,,
Mannose,mannose,1,0,0,0,0,0,0,,,manual_v2,0,Humectant,Nemlendirici (Mannoz Şekeri),"Doğal monosakkarit; cildin yüzeyinde nem tutar, hücre iletişimini destekler ve cildin doğal savunma mekanizmasının güçlenmesine yardımcı olur.",neutral,,neutral,,neutral,,neutral,,neutral,,neutral,,neutral,,,,
Maris Aqua/Sea Water,marisaquaseawater,0,0,0,0,0,0,0,Radiance|Anyone,,manual_v2,0,Skincare Ingredient,Deniz Suyu,"Doğal deniz suyu; magnezyum, kalsiyum, potasyum ve çinko gibi iz mineraller bakımından zengin olup cildi mineralize eder, mikro dolaşımı artırır ve cildin doğal savunma mekanizmasını destekler.",neutral,,neutral,,neutral,,neutral,,neutral,,neutral,,neutral,,,,
Maris Limus Extract,marislimusextract,1,0,0,0,0,0,0,,,top1000,27,Botanical Extract,Bitkisel Ekstrakt,"maris limus extract, bitkisel kaynaklı aktif ekstrakt; antioksidan, yatıştırıcı veya besleyici özellikler taşıyabilir ve formülasyona doğal etkinlik katar.",neutral,,neutral,,neutral,,neutral,,neutral,,neutral,,neutral,,,,
Maris Sal,marissal,0,0,0,0,0,0,0,,,top1000,133,Skincare Ingredient,Cilt Bakım Bileşeni,"maris sal, kozmetik formülasyonlarda kullanılan yardımcı bileşen; ürünün doku, stabilite veya uygulama özelliklerine katkıda bulunur.",neutral,,neutral,,neutral,,neutral,,neutral,,neutral,,neutral,,,,
Mel,mel,2,0,0,0,0,0,0,Dry and dehydrated skin,,top1000,38,Humectant,Nemlendirici,"mel, nemlendirici özellikli bileşen; ciltte nem tutarak hidrasyonu artırır ve kuruluğa bağlı gerginlik hissini azaltır.",beneficial,"mel, nemlendirici özellikli bileşen; ciltte nem tutarak hidrasyonu artırır ve kuruluğa bağlı gerginlik hissini azaltır.",neutral,,neutral,,neutral,,neutral,,neutral,,neutral,,,,
Mel / Honey,melhoney,2,0,0,0,0,0,0,Dry and dehydrated skin,,top1000,29,Humectant,Nemlendirici,"mel / honey, nemlendirici özellikli bileşen; ciltte nem tutarak hidrasyonu artırır ve kuruluğa bağlı gerginlik hissini azaltır.",beneficial,"mel / honey, nemlendirici özellikli bileşen; ciltte nem tutarak hidrasyonu artırır ve kuruluğa bağlı gerginlik hissini a",neutral,,neutral,,neutral,,neutral,,neutral,,neutral,,,,
Mel Extract,melextract,1,0,0,0,0,0,0,,,top1000,38,Botanical Extract,Bitkisel Ekstrakt,"mel extract, bitkisel kaynaklı aktif ekstrakt; antioksidan, yatıştırıcı veya besleyici özellikler taşıyabilir ve formülasyona doğal etkinlik katar.",neutral,,neutral,,neutral,,neutral,,neutral,,neutral,,neutral,,,,
Melaleuca Alternifolia (Tea Tree) Leaf Oil,melaleucaalternifoliateatreeleafoil,2,0,0,0,0,0,0,Dry and dehydrated skin,,top1000,52,Humectant,Nemlendirici,"melaleuca alternifolia (tea tree) leaf oil, nemlendirici özellikli bileşen; ciltte nem tutarak hidrasyonu artırır ve kuruluğa bağlı gerginlik hissini azaltır.",beneficial,"melaleuca alternifolia (tea tree) leaf oil, nemlendirici özellikli bileşen; ciltte nem tutarak hidrasyonu artırır ve kur",neutral,,neutral,,neutral,,neutral,,neutral,,neutral,,,,
Melaleuca Alternifolia Leaf Extract,melaleucaalternifolialeafextract,-1,3,2,0,-1,0,0,Acne|Blackheads,Sensitive|Dry Dehydrated,manual_v2,0,Botanical Extract,Bitkisel Ekstrakt (Çay Ağacı),"Çay ağacı yaprağından elde edilen INCI adıyla kayıtlı ekstrakt; terpinen-4-ol bileşeniyle güçlü antiseptik ve anti-inflamatuar etki gösterir, akne bakterilerini öldürür ancak konsantre halde hassas cildi tahriş edebilir.",caution,Kurutucu etki yapabilir,beneficial,Çay ağacı yaprağından elde edilen INCI adıyla kayıtlı ekstrakt; terpinen-4-ol bileşeniyle güçlü antiseptik ve anti-infla,beneficial,Çay ağacı yaprağından elde edilen INCI adıyla kayıtlı ekstrakt; terpinen-4-ol bileşeniyle güçlü antiseptik ve anti-infla,neutral,,caution,Hassas ciltte tahriş yapabilir,neutral,,neutral,,,,
Melaleuca Alternifolia Leaf Oil,melaleucaalternifolialeafoil,2,0,0,0,0,0,0,Dry and dehydrated skin,,top1000,35,Humectant,Nemlendirici,"melaleuca alternifolia leaf oil, nemlendirici özellikli bileşen; ciltte nem tutarak hidrasyonu artırır ve kuruluğa bağlı gerginlik hissini azaltır.",beneficial,"melaleuca alternifolia leaf oil, nemlendirici özellikli bileşen; ciltte nem tutarak hidrasyonu artırır ve kuruluğa bağlı",neutral,,neutral,,neutral,,neutral,,neutral,,neutral,,,,
Melissa Officinalis Leaf Extract,melissaofficinalisleafextract,1,0,0,0,0,0,0,,,top1000,28,Botanical Extract,Bitkisel Ekstrakt,"melissa officinalis leaf extract, bitkisel kaynaklı aktif ekstrakt; antioksidan, yatıştırıcı veya besleyici özellikler taşıyabilir ve formülasyona doğal etkinlik katar.",neutral,,neutral,,neutral,,neutral,,neutral,,neutral,,neutral,,,,
Melissa Officinalis Leaf Oil,melissaofficinalisleafoil,0,0,0,0,-1,0,0,,Sensitive,manual_v2,0,Botanical Extract,Uçucu Yağ (Melisa),Melisa yapraklarından damıtılan uçucu yağ; yatıştırıcı ve antiviral özellikler taşır ancak konsantre halde hassas ciltlerde tahriş potansiyeli vardır.,neutral,,neutral,,neutral,,neutral,,caution,Hassas ciltte tahriş ve kızarıklık yapabilir,neutral,,neutral,,,,
Mentha Arvensis Leaf Oil,menthaarvensisleafoil,0,0,0,0,-2,0,-1,,Sensitive|Pregnancy,top1000,52,Botanical Extract,Uçucu Yağ,"mentha arvensis leaf oil, bitkiden damıtılarak elde edilen konsantre uçucu yağ; aromatik ve antimikrobiyal özellikler taşır ancak hassas ciltlerde tahriş ve alerjik reaksiyon riski yüksektir.",neutral,,neutral,,neutral,,neutral,,caution,"Hassas ciltte tahriş ve kızarıklık yapabilir, dikkatli kullanılmalı",neutral,,caution,"Hamilelikte kullanımı önerilmez, doktorunuza danışın",,,
Mentha Piperita (Peppermint) Leaf Water,menthapiperitapeppermintleafwater,0,0,0,0,-1,0,0,,Sensitive,manual_v2,0,Botanical Extract,Bitkisel Hidrosol (Nane),"Nane yapraklarının damıtılmasıyla elde edilen aromatik su; ferahlatıcı ve hafif soğutma hissi verir, formülasyona doğal koku katar ancak hassas ciltlerde tahriş potansiyeli taşır.",neutral,,neutral,,neutral,,neutral,,caution,Hassas ciltte tahriş ve kızarıklık yapabilir,neutral,,neutral,,,,
Mentha Piperita (Peppermint) Oil,menthapiperitapeppermintoil,0,0,0,0,-2,0,-1,,Sensitive|Pregnancy,top1000,61,Botanical Extract,Uçucu Yağ,"mentha piperita (peppermint) oil, bitkiden damıtılarak elde edilen konsantre uçucu yağ; aromatik ve antimikrobiyal özellikler taşır ancak hassas ciltlerde tahriş ve alerjik reaksiyon riski yüksektir.",neutral,,neutral,,neutral,,neutral,,caution,"Hassas ciltte tahriş ve kızarıklık yapabilir, dikkatli kullanılmalı",neutral,,caution,"Hamilelikte kullanımı önerilmez, doktorunuza danışın",,,
Mentha Piperita Oil,menthapiperitaoil,0,0,0,0,-2,0,-1,,Sensitive|Pregnancy,top1000,98,Botanical Extract,Uçucu Yağ,"mentha piperita oil, bitkiden damıtılarak elde edilen konsantre uçucu yağ; aromatik ve antimikrobiyal özellikler taşır ancak hassas ciltlerde tahriş ve alerjik reaksiyon riski yüksektir.",neutral,,neutral,,neutral,,neutral,,caution,"Hassas ciltte tahriş ve kızarıklık yapabilir, dikkatli kullanılmalı",neutral,,caution,"Hamilelikte kullanımı önerilmez, doktorunuza danışın",,,
Mentha Viridis Leaf Oil,menthaviridisleafoil,0,0,0,0,-2,0,-1,,Sensitive|Pregnancy,top1000,45,Botanical Extract,Uçucu Yağ,"mentha viridis leaf oil, bitkiden damıtılarak elde edilen konsantre uçucu yağ; aromatik ve antimikrobiyal özellikler taşır ancak hassas ciltlerde tahriş ve alerjik reaksiyon riski yüksektir.",neutral,,neutral,,neutral,,neutral,,caution,"Hassas ciltte tahriş ve kızarıklık yapabilir, dikkatli kullanılmalı",neutral,,caution,"Hamilelikte kullanımı önerilmez, doktorunuza danışın",,,
Menthol,menthol,0,0,0,0,0,0,0,,,top1000,547,Skincare Ingredient,Cilt Bakım Bileşeni,"menthol, kozmetik formülasyonlarda kullanılan yardımcı bileşen; ürünün doku, stabilite veya uygulama özelliklerine katkıda bulunur.",neutral,,neutral,,neutral,,neutral,,neutral,,neutral,,neutral,,,,
Menthyl Lactate,menthyllactate,0,0,0,0,0,0,0,,,top1000,43,Skincare Ingredient,Cilt Bakım Bileşeni,"menthyl lactate, kozmetik formülasyonlarda kullanılan yardımcı bileşen; ürünün doku, stabilite veya uygulama özelliklerine katkıda bulunur.",neutral,,neutral,,neutral,,neutral,,neutral,,neutral,,neutral,,,,
Methoxypropylamino Cyclohexenylidene Ethoxyethylcyanoacetate,methoxypropylaminocyclohexenylideneethoxyethylcyanoacetate,0,0,0,1,0,2,0,Fine Lines|UV Protection,,manual_v2,0,Skincare Ingredient,Hücre Koruyucu (Anti-aging),"Yeni nesil hücre savunma aktivatörü; UV kaynaklı DNA hasarını önlemek için cildin doğal savunma proteinlerinin (defensinler) üretimini uyarır, fotoyaşlanmayı geciktirmeye yardımcı olur.",neutral,,neutral,,neutral,,neutral,,neutral,,beneficial,Yeni nesil hücre savunma aktivatörü; UV kaynaklı DNA hasarını önlemek için cildin doğal savunma proteinlerinin (defensin,neutral,,,,
Methyl Gluceth-20,methylgluceth20,1,0,0,0,0,0,0,Dry and dehydrated skin,,manual_v2,0,Humectant,Nemlendirici,Mısır glikozundan türetilen hafif nemlendirici; ciltte yapışkan olmayan bir nem tabakası oluşturur ve formülasyona yumuşak doku katar.,neutral,,neutral,,neutral,,neutral,,neutral,,neutral,,neutral,,,,
Methyl Methacrylate Crosspolymer,methylmethacrylatecrosspolymer,0,0,0,0,0,0,0,,,top1000,51,Skincare Ingredient,Kıvam Artırıcı / Stabilizatör,"methyl methacrylate crosspolymer, formülasyona kıvam ve stabilite kazandıran polimer; ürünün dokusunu iyileştirir ve bileşenlerin homojen dağılmasını sağlar.",neutral,,neutral,,neutral,,neutral,,neutral,,neutral,,neutral,,,,
Methyl Salicylate,methylsalicylate,0,0,0,0,0,0,0,,,top1000,46,Skincare Ingredient,Cilt Bakım Bileşeni,"methyl salicylate, kozmetik formülasyonlarda kullanılan yardımcı bileşen; ürünün doku, stabilite veya uygulama özelliklerine katkıda bulunur.",neutral,,neutral,,neutral,,neutral,,neutral,,neutral,,neutral,,,,
Methyl-2-Octynoate,methyl2octynoate,0,0,0,0,0,0,0,,,top1000,30,Skincare Ingredient,Cilt Bakım Bileşeni,"methyl-2-octynoate, kozmetik formülasyonlarda kullanılan yardımcı bileşen; ürünün doku, stabilite veya uygulama özelliklerine katkıda bulunur.",neutral,,neutral,,neutral,,neutral,,neutral,,neutral,,neutral,,,,
Methylchloroisothiazolinone,methylchloroisothiazolinone,0,0,0,0,-1,0,-1,,Sensitive|Pregnancy,top1000,517,Preservative,Koruyucu,"methylchloroisothiazolinone, formülasyonu mikrobiyal kontaminasyondan koruyan koruyucu madde; ürünün güvenli raf ömrünü sağlar.",neutral,,neutral,,neutral,,neutral,,caution,"Hassas ciltte tahriş ve kızarıklık yapabilir, dikkatli kullanılmalı",neutral,,caution,"Hamilelikte kullanımı önerilmez, doktorunuza danışın",,,
Methylene Bis-Benzotriazolyl Tetramethylbutylphenol [Nano],methylenebisbenzotriazolyltetramethylbutylphenolnano,1,1,1,1,1,1,1,UV Protection|Anyone,,manual_v2,0,Sunscreen Agent,Güneş Koruyucu (Tinosorb M),Geniş spektrumlu UVA ve UVB koruması sağlayan partiküler güneş filtresi; nano formu sayesinde ciltte beyaz iz bırakmadan etkili koruma sunar ve fotostabil yapısıyla uzun süreli güvenilirlik sağlar.,neutral,,neutral,,neutral,,neutral,,neutral,,neutral,,neutral,,,,
Methylisothiazolinone,methylisothiazolinone,0,0,0,0,-1,0,-1,,Sensitive|Pregnancy,top1000,603,Preservative,Koruyucu,"methylisothiazolinone, formülasyonu mikrobiyal kontaminasyondan koruyan koruyucu madde; ürünün güvenli raf ömrünü sağlar.",neutral,,neutral,,neutral,,neutral,,caution,"Hassas ciltte tahriş ve kızarıklık yapabilir, dikkatli kullanılmalı",neutral,,caution,"Hamilelikte kullanımı önerilmez, doktorunuza danışın",,,
Methylparaben,methylparaben,0,0,0,0,-1,0,-1,,Sensitive|Pregnancy,top1000,567,Preservative,Koruyucu,"methylparaben, formülasyonu mikrobiyal kontaminasyondan koruyan koruyucu madde; ürünün güvenli raf ömrünü sağlar.",neutral,,neutral,,neutral,,neutral,,caution,"Hassas ciltte tahriş ve kızarıklık yapabilir, dikkatli kullanılmalı",neutral,,caution,"Hamilelikte kullanımı önerilmez, doktorunuza danışın",,,
Methylpropanediol,methylpropanediol,0,0,0,0,0,0,0,,,top1000,142,Skincare Ingredient,Cilt Bakım Bileşeni,"methylpropanediol, kozmetik formülasyonlarda kullanılan yardımcı bileşen; ürünün doku, stabilite veya uygulama özelliklerine katkıda bulunur.",neutral,,neutral,,neutral,,neutral,,neutral,,neutral,,neutral,,,,
Mica,mica,0,0,0,0,0,0,0,,,top1000,509,Mineral,Mineral,"mica, mineral bazlı bileşen; formülasyonun fiziksel özelliklerine katkıda bulunur veya ciltte koruyucu/düzenleyici etki gösterir.",neutral,,neutral,,neutral,,neutral,,neutral,,neutral,,neutral,,,,
Microcrystalline Cellulose,microcrystallinecellulose,0,0,0,0,0,0,0,,,top1000,151,Skincare Ingredient,Cilt Bakım Bileşeni,"microcrystalline cellulose, kozmetik formülasyonlarda kullanılan yardımcı bileşen; ürünün doku, stabilite veya uygulama özelliklerine katkıda bulunur.",neutral,,neutral,,neutral,,neutral,,neutral,,neutral,,neutral,,,,
Microcrystalline Wax,microcrystallinewax,1,0,0,0,0,0,0,,,top1000,34,Skincare Ingredient,Cilt Bakım Bileşeni,"microcrystalline wax, kozmetik formülasyonlarda kullanılan yardımcı bileşen; ürünün doku, stabilite veya uygulama özelliklerine katkıda bulunur.",neutral,,neutral,,neutral,,neutral,,neutral,,neutral,,neutral,,,,
Mineral Oil,mineraloil,2,-2,-1,0,0,0,0,Dry and dehydrated skin,Oily|Combination,manual_v2,136,Oil / Lipid,Mineral Yağ (Petrol Türevi),Petrolden saflaştırılan tıkayıcı yağ; ciltte etkili bir nem kilidi oluşturarak su kaybını önler ancak ağır yapısı nedeniyle gözenekleri tıkayabilir ve bazı cilt tiplerinde rahatsızlık verebilir.,beneficial,Petrolden saflaştırılan tıkayıcı yağ; ciltte etkili bir nem kilidi oluşturarak su kaybını önler ancak ağır yapısı nedeni,caution,Gözenekleri tıkayabilir veya yağlanmayı artırabilir,caution,Karma ciltte dengesizlik yaratabilir,neutral,,neutral,,neutral,,neutral,,,,
Mineral Oil (Paraffinum Liquidum),mineraloilparaffinumliquidum,0,0,0,0,0,0,0,,,top1000,27,Skincare Ingredient,Cilt Bakım Bileşeni,"mineral oil (paraffinum liquidum), kozmetik formülasyonlarda kullanılan yardımcı bileşen; ürünün doku, stabilite veya uygulama özelliklerine katkıda bulunur.",neutral,,neutral,,neutral,,neutral,,neutral,,neutral,,neutral,,,,
Montmorillonite,montmorillonite,0,0,0,0,0,0,0,,,top1000,28,Skincare Ingredient,Cilt Bakım Bileşeni,"montmorillonite, kozmetik formülasyonlarda kullanılan yardımcı bileşen; ürünün doku, stabilite veya uygulama özelliklerine katkıda bulunur.",neutral,,neutral,,neutral,,neutral,,neutral,,neutral,,neutral,,,,
Moringa Oleifera Seed Oil,moringaoleiferaseedoil,2,0,0,1,0,2,0,Dry and dehydrated skin|Fine Lines|Radiance,,manual_v2,0,Oil / Lipid,Bitkisel Yağ (Moringa),"Moringa ağacı tohumundan elde edilen 'mucize yağ'; oleik asit bakımından çok zengin, güçlü antioksidan ve anti-inflamatuar özellikler taşır, cildi besler, kirlilik partiküllerini çeker ve yaşlanma karşıtı etki gösterir.",beneficial,"Moringa ağacı tohumundan elde edilen 'mucize yağ'; oleik asit bakımından çok zengin, güçlü antioksidan ve anti-inflamatu",neutral,,neutral,,neutral,,neutral,,beneficial,"Moringa ağacı tohumundan elde edilen 'mucize yağ'; oleik asit bakımından çok zengin, güçlü antioksidan ve anti-inflamatu",neutral,,,,
Myristic Acid,myristicacid,1,0,0,0,0,0,0,,,top1000,163,Oil / Lipid,Yağ Asidi,"myristic acid, doğal yağ asidi; cildin lipid bariyerini destekler, yumuşatıcı etki gösterir ve formülasyonun kıvamına katkıda bulunur.",neutral,,neutral,,neutral,,neutral,,neutral,,neutral,,neutral,,,,
Myristyl Alcohol,myristylalcohol,0,0,0,0,0,0,0,,,top1000,148,Skincare Ingredient,Cilt Bakım Bileşeni,"myristyl alcohol, kozmetik formülasyonlarda kullanılan yardımcı bileşen; ürünün doku, stabilite veya uygulama özelliklerine katkıda bulunur.",neutral,,neutral,,neutral,,neutral,,neutral,,neutral,,neutral,,,,
Myristyl Myristate,myristylmyristate,1,0,0,0,0,0,0,Texture,,top1000,144,Emollient,Yumuşatıcı Ester,"myristyl myristate, yağ asidi esteri; cildi yumuşatır, formülasyona hafif ve pürüzsüz bir doku kazandırır.",neutral,,neutral,,neutral,,neutral,,neutral,,neutral,,neutral,,,,
Myrtrimonium Bromide,myrtrimoniumbromide,0,0,0,0,-1,0,0,,Sensitive,manual_v2,0,Preservative,Koruyucu / Antimikrobiyal,"Kuaterner amonyum tuzu; formülasyonda antimikrobiyal koruyucu olarak mikrobiyal kontaminasyonu önler, özellikle misel su ve temizleyici formülasyonlarda kullanılır.",neutral,,neutral,,neutral,,neutral,,caution,Hassas ciltte tahriş ve kızarıklık yapabilir,neutral,,neutral,,,,
New York,newyork,0,0,0,0,0,0,0,,,top1000,29,Skincare Ingredient,Cilt Bakım Bileşeni,"new york, kozmetik formülasyonlarda kullanılan yardımcı bileşen; ürünün doku, stabilite veya uygulama özelliklerine katkıda bulunur.",neutral,,neutral,,neutral,,neutral,,neutral,,neutral,,neutral,,,,
Niacinamide,niacinamide,2,3,3,2,2,2,0,Acne|Blackheads|Enlarged Pores|Pigmentation|Redness|Radiance|Texture|Anyone,,manual_v2,523,Niacinamide,Niasinamid (B3 Vitamini),"Cilt bakımının en çok yönlü aktif bileşenlerinden biri; yağ üretimini dengeler, gözenekleri sıkılaştırır, cilt bariyerini güçlendirir, hiperpigmentasyonu azaltır ve anti-inflamatuar etki gösterir.",beneficial,"Cilt bakımının en çok yönlü aktif bileşenlerinden biri; yağ üretimini dengeler, gözenekleri sıkılaştırır, cilt bariyerin",beneficial,"Cilt bakımının en çok yönlü aktif bileşenlerinden biri; yağ üretimini dengeler, gözenekleri sıkılaştırır, cilt bariyerin",beneficial,"Cilt bakımının en çok yönlü aktif bileşenlerinden biri; yağ üretimini dengeler, gözenekleri sıkılaştırır, cilt bariyerin",beneficial,"Cilt bakımının en çok yönlü aktif bileşenlerinden biri; yağ üretimini dengeler, gözenekleri sıkılaştırır, cilt bariyerin",beneficial,"Cilt bakımının en çok yönlü aktif bileşenlerinden biri; yağ üretimini dengeler, gözenekleri sıkılaştırır, cilt bariyerin",beneficial,"Cilt bakımının en çok yönlü aktif bileşenlerinden biri; yağ üretimini dengeler, gözenekleri sıkılaştırır, cilt bariyerin",neutral,,,,
Nicotiana Benthamiana Hexapeptide-40 SH-Polypeptide-47,nicotianabenthamianahexapeptide40shpolypeptide47,0,0,0,0,0,4,0,Fine Lines|Wrinkles|Elasticity,,manual_v2,0,Peptide,Biyoteknolojik Peptit (Yeni Nesil),"Bitki biyoteknolojisiyle üretilen yeni nesil peptit kompleksi; cildin yapısal proteinlerinin sentezini uyararak sıkılaştırıcı ve yeniden yapılandırıcı etki gösterir, derin kırışıklıkları hedefler.",neutral,,neutral,,neutral,,neutral,,neutral,,beneficial,Bitki biyoteknolojisiyle üretilen yeni nesil peptit kompleksi; cildin yapısal proteinlerinin sentezini uyararak sıkılaşt,neutral,,,,
Nitrocellulose,nitrocellulose,0,0,0,0,0,0,0,,,top1000,58,Skincare Ingredient,Cilt Bakım Bileşeni,"nitrocellulose, kozmetik formülasyonlarda kullanılan yardımcı bileşen; ürünün doku, stabilite veya uygulama özelliklerine katkıda bulunur.",neutral,,neutral,,neutral,,neutral,,neutral,,neutral,,neutral,,,,
Nitrogen,nitrogen,0,0,0,0,0,0,0,,,top1000,28,Skincare Ingredient,Cilt Bakım Bileşeni,"nitrogen, kozmetik formülasyonlarda kullanılan yardımcı bileşen; ürünün doku, stabilite veya uygulama özelliklerine katkıda bulunur.",neutral,,neutral,,neutral,,neutral,,neutral,,neutral,,neutral,,,,
Nylon-12,nylon12,0,0,0,0,0,0,0,,,top1000,101,Skincare Ingredient,Cilt Bakım Bileşeni,"nylon-12, kozmetik formülasyonlarda kullanılan yardımcı bileşen; ürünün doku, stabilite veya uygulama özelliklerine katkıda bulunur.",neutral,,neutral,,neutral,,neutral,,neutral,,neutral,,neutral,,,,
O-Cymen-5-Ol,ocymen5ol,0,0,0,0,0,0,0,,,manual_v2,0,Preservative,Antimikrobiyal Koruyucu,"İzopropil metilfenolik bileşen; geniş spektrumlu antimikrobiyal etki göstererek formülasyonu bakteriyel kontaminasyondan korur, düşük konsantrasyonlarda güvenli kabul edilir.",neutral,,neutral,,neutral,,neutral,,neutral,,neutral,,neutral,,,,
Octocrylene,octocrylene,0,0,0,0,-1,0,-1,UV Protection,Sensitive|Pregnancy,manual_v2,241,Sunscreen Agent,Kimyasal Güneş Filtresi,UVB ve kısa UVA ışınlarını emen kimyasal filtre; diğer güneş filtrelerini stabilize ederek formülasyonun koruma süresini uzatır.,neutral,,neutral,,neutral,,neutral,,caution,"Hassas ciltte tahriş ve kızarıklık yapabilir, dikkatli kullanılmalı",neutral,,caution,"Hamilelikte kullanımı önerilmez, doktorunuza danışın",,,
Octyldodecanol,octyldodecanol,0,0,0,0,0,0,0,,,top1000,493,Skincare Ingredient,Cilt Bakım Bileşeni,"octyldodecanol, kozmetik formülasyonlarda kullanılan yardımcı bileşen; ürünün doku, stabilite veya uygulama özelliklerine katkıda bulunur.",neutral,,neutral,,neutral,,neutral,,neutral,,neutral,,neutral,,,,
Olaflur,olaflur,0,0,0,0,0,0,0,,,top1000,34,Skincare Ingredient,Cilt Bakım Bileşeni,"olaflur, kozmetik formülasyonlarda kullanılan yardımcı bileşen; ürünün doku, stabilite veya uygulama özelliklerine katkıda bulunur.",neutral,,neutral,,neutral,,neutral,,neutral,,neutral,,neutral,,,,
Olea Europaea (Olive) Fruit Oil,oleaeuropaeaolivefruitoil,2,-1,0,1,0,1,0,Dry and dehydrated skin,Oily,top1000,129,Oil / Lipid,Bitkisel Yağ,"olea europaea (olive) fruit oil, esansiyel yağ asitleri ve vitaminler bakımından zengin bitkisel yağ; cildi besler, nem bariyerini güçlendirir ve yumuşatıcı etki sağlar.",beneficial,"olea europaea (olive) fruit oil, esansiyel yağ asitleri ve vitaminler bakımından zengin bitkisel yağ; cildi besler, nem ",caution,Gözenekleri tıkayabilir veya yağlanmayı artırabilir,neutral,,neutral,,neutral,,neutral,,neutral,,,,
Olea Europaea Fruit Oil,oleaeuropaeafruitoil,2,-1,0,1,0,1,0,Dry and dehydrated skin,Oily,top1000,194,Oil / Lipid,Bitkisel Yağ,"olea europaea fruit oil, esansiyel yağ asitleri ve vitaminler bakımından zengin bitkisel yağ; cildi besler, nem bariyerini güçlendirir ve yumuşatıcı etki sağlar.",beneficial,"olea europaea fruit oil, esansiyel yağ asitleri ve vitaminler bakımından zengin bitkisel yağ; cildi besler, nem bariyeri",caution,Gözenekleri tıkayabilir veya yağlanmayı artırabilir,neutral,,neutral,,neutral,,neutral,,neutral,,,,
Oleic Acid,oleicacid,1,0,0,0,0,0,0,,,top1000,92,Oil / Lipid,Yağ Asidi,"oleic acid, doğal yağ asidi; cildin lipid bariyerini destekler, yumuşatıcı etki gösterir ve formülasyonun kıvamına katkıda bulunur.",neutral,,neutral,,neutral,,neutral,,neutral,,neutral,,neutral,,,,
Oleth-10,oleth10,0,0,0,0,0,0,0,,,top1000,27,Skincare Ingredient,Cilt Bakım Bileşeni,"oleth-10, kozmetik formülasyonlarda kullanılan yardımcı bileşen; ürünün doku, stabilite veya uygulama özelliklerine katkıda bulunur.",neutral,,neutral,,neutral,,neutral,,neutral,,neutral,,neutral,,,,
Oleth-20,oleth20,0,0,0,0,0,0,0,,,top1000,30,Skincare Ingredient,Cilt Bakım Bileşeni,"oleth-20, kozmetik formülasyonlarda kullanılan yardımcı bileşen; ürünün doku, stabilite veya uygulama özelliklerine katkıda bulunur.",neutral,,neutral,,neutral,,neutral,,neutral,,neutral,,neutral,,,,
Oleth-3,oleth3,0,0,0,0,0,0,0,,,manual_v2,0,Skincare Ingredient,Emülgatör,"Oleyl alkolün etoksillenmiş formu; formülasyonda emülgatör ve çözücü olarak görev yapar, yağlı bileşenlerin sulu ortamda dağılmasını sağlar.",neutral,,neutral,,neutral,,neutral,,neutral,,neutral,,neutral,,,,
Oleth-3 Phosphate,oleth3phosphate,0,0,0,0,0,0,0,,,manual_v2,0,Skincare Ingredient,Emülgatör,"Oleyl alkol türevi fosfat esteri emülgatör; yağ ve su fazlarını stabil bir şekilde bir arada tutar, formülasyona hafif ve pürüzsüz doku kazandırır.",neutral,,neutral,,neutral,,neutral,,neutral,,neutral,,neutral,,,,
Oleth-30,oleth30,0,0,0,0,0,0,0,,,top1000,42,Skincare Ingredient,Cilt Bakım Bileşeni,"oleth-30, kozmetik formülasyonlarda kullanılan yardımcı bileşen; ürünün doku, stabilite veya uygulama özelliklerine katkıda bulunur.",neutral,,neutral,,neutral,,neutral,,neutral,,neutral,,neutral,,,,
Oleth-5,oleth5,0,0,0,0,0,0,0,,,manual_v2,0,Skincare Ingredient,Emülgatör,Oleyl alkolün 5 mol etilen oksit ile etoksillenmiş formu; yağ-su emülsiyonlarının stabilitesini sağlayan yardımcı emülgatör.,neutral,,neutral,,neutral,,neutral,,neutral,,neutral,,neutral,,,,
Oleyl Erucate,oleylerucate,0,0,0,0,0,0,0,,,top1000,37,Skincare Ingredient,Cilt Bakım Bileşeni,"oleyl erucate, kozmetik formülasyonlarda kullanılan yardımcı bileşen; ürünün doku, stabilite veya uygulama özelliklerine katkıda bulunur.",neutral,,neutral,,neutral,,neutral,,neutral,,neutral,,neutral,,,,
Olus Oil,olusoil,0,0,0,0,0,0,0,,,top1000,50,Skincare Ingredient,Cilt Bakım Bileşeni,"olus oil, kozmetik formülasyonlarda kullanılan yardımcı bileşen; ürünün doku, stabilite veya uygulama özelliklerine katkıda bulunur.",neutral,,neutral,,neutral,,neutral,,neutral,,neutral,,neutral,,,,
Opuntia Ficus-Indica Extract,opuntiaficusindicaextract,2,0,0,1,1,1,0,Dry and dehydrated skin|Redness|Anyone,,manual_v2,0,Botanical Extract,Bitkisel Ekstrakt (Dikenli Armut Kaktüsü),"Dikenli armut kaktüsünden elde edilen ekstrakt; yüksek polisakkarit ve flavonoid içeriğiyle cildi yoğun nemlendirir, yatıştırır, antioksidan koruma sağlar ve çevresel strese karşı cildin direncini artırır.",beneficial,"Dikenli armut kaktüsünden elde edilen ekstrakt; yüksek polisakkarit ve flavonoid içeriğiyle cildi yoğun nemlendirir, yat",neutral,,neutral,,neutral,,neutral,,neutral,,neutral,,,,
Orbignya Oleifera Seed Oil,orbignyaoleiferaseedoil,2,-1,0,1,0,1,0,Dry and dehydrated skin,Oily,top1000,31,Oil / Lipid,Bitkisel Yağ,"orbignya oleifera seed oil, esansiyel yağ asitleri ve vitaminler bakımından zengin bitkisel yağ; cildi besler, nem bariyerini güçlendirir ve yumuşatıcı etki sağlar.",beneficial,"orbignya oleifera seed oil, esansiyel yağ asitleri ve vitaminler bakımından zengin bitkisel yağ; cildi besler, nem bariy",caution,Gözenekleri tıkayabilir veya yağlanmayı artırabilir,neutral,,neutral,,neutral,,neutral,,neutral,,,,
Oryza Sativa (Rice) Bran Oil,oryzasativaricebranoil,2,0,0,1,0,1,0,Dry and dehydrated skin|Radiance,,manual_v2,0,Oil / Lipid,Bitkisel Yağ (Pirinç Kepeği),"Pirinç kepeğinden elde edilen hafif yağ; oryzanol ve E vitamini bakımından zengin, antioksidan koruma sağlar, cildi besler ve ışıltılı bir görünüm kazandırır.",beneficial,"Pirinç kepeğinden elde edilen hafif yağ; oryzanol ve E vitamini bakımından zengin, antioksidan koruma sağlar, cildi besl",neutral,,neutral,,neutral,,neutral,,neutral,,neutral,,,,
Oryza Sativa (Rice) Lipids,oryzasativaricelipids,2,0,0,1,1,1,0,Dry and dehydrated skin|Impaired skin barrier,,manual_v2,0,Oil / Lipid,Pirinç Lipitleri,"Pirinç tanesinden elde edilen lipit kompleksi; seramid, fitosterol ve yağ asitleri içerir, cildin doğal lipid bariyerine yapısal olarak benzer bileşimi sayesinde bariyer onarımını destekler ve nem kaybını azaltır.",beneficial,"Pirinç tanesinden elde edilen lipit kompleksi; seramid, fitosterol ve yağ asitleri içerir, cildin doğal lipid bariyerine",neutral,,neutral,,neutral,,neutral,,neutral,,neutral,,,,
Oryza Sativa (Rice) Seed Water,oryzasativariceseedwater,1,0,0,0,0,0,0,Radiance,,manual_v2,0,Botanical Extract,Pirinç Suyu,"Pirinç tanelerinden elde edilen besin bakımından zengin bitki suyu; amino asitler, vitaminler ve mineraller içerir, cildi nemlendirir ve aydınlatmaya yardımcı olur.",neutral,,neutral,,neutral,,neutral,,neutral,,neutral,,neutral,,,,
Oryza Sativa (Rice) Starch,oryzasativaricestarch,0,2,1,0,0,0,0,Texture|Oily,,manual_v2,0,Skincare Ingredient,Pirinç Nişastası,"Pirinçten elde edilen doğal nişasta; ciltte fazla yağı ve nemi emerek mat bir görünüm sağlar, yumuşak doku oluşturur ve güneş koruyucu formülasyonlarda beyaz izin azaltılmasına yardımcı olur.",neutral,,beneficial,"Pirinçten elde edilen doğal nişasta; ciltte fazla yağı ve nemi emerek mat bir görünüm sağlar, yumuşak doku oluşturur ve ",neutral,,neutral,,neutral,,neutral,,neutral,,,,
Oryza Sativa Powder,oryzasativapowder,0,2,1,0,0,0,0,Oily|Texture,,manual_v2,0,Mineral,Pirinç Pudrası,"İnce öğütülmüş pirinç tozu; ciltte fazla yağı emerek mat görünüm sağlar, hafif peeling etkisi gösterir ve cildi yumuşatır, Asya cilt bakım geleneğinin temel bileşenlerinden biridir.",neutral,,beneficial,"İnce öğütülmüş pirinç tozu; ciltte fazla yağı emerek mat görünüm sağlar, hafif peeling etkisi gösterir ve cildi yumuşatı",neutral,,neutral,,neutral,,neutral,,neutral,,,,
Oryza Sativa Starch,oryzasativastarch,0,0,0,0,0,0,0,,,top1000,30,Skincare Ingredient,Cilt Bakım Bileşeni,"oryza sativa starch, kozmetik formülasyonlarda kullanılan yardımcı bileşen; ürünün doku, stabilite veya uygulama özelliklerine katkıda bulunur.",neutral,,neutral,,neutral,,neutral,,neutral,,neutral,,neutral,,,,
Ozokerite,ozokerite,0,0,0,0,0,0,0,,,top1000,83,Skincare Ingredient,Cilt Bakım Bileşeni,"ozokerite, kozmetik formülasyonlarda kullanılan yardımcı bileşen; ürünün doku, stabilite veya uygulama özelliklerine katkıda bulunur.",neutral,,neutral,,neutral,,neutral,,neutral,,neutral,,neutral,,,,
P-Aminophenol,paminophenol,0,0,0,0,0,0,0,,,top1000,37,Skincare Ingredient,Cilt Bakım Bileşeni,"p-aminophenol, kozmetik formülasyonlarda kullanılan yardımcı bileşen; ürünün doku, stabilite veya uygulama özelliklerine katkıda bulunur.",neutral,,neutral,,neutral,,neutral,,neutral,,neutral,,neutral,,,,
P-Anisic Acid,panisicacid,0,0,0,0,0,0,0,,,top1000,111,Skincare Ingredient,Cilt Bakım Bileşeni,"p-anisic acid, kozmetik formülasyonlarda kullanılan yardımcı bileşen; ürünün doku, stabilite veya uygulama özelliklerine katkıda bulunur.",neutral,,neutral,,neutral,,neutral,,neutral,,neutral,,neutral,,,,
PCA,pca,2,0,0,0,0,0,0,Dry and dehydrated skin,,manual_v2,0,Humectant,Nemlendirici (Piroglutamik Asit),"Piroglutamik asit; cildin doğal nem faktörünün (NMF) önemli bileşenlerinden biri, güçlü higroskopik özelliğiyle havadan nem çekerek cildin hidrasyon seviyesini korur.",beneficial,"Piroglutamik asit; cildin doğal nem faktörünün (NMF) önemli bileşenlerinden biri, güçlü higroskopik özelliğiyle havadan ",neutral,,neutral,,neutral,,neutral,,neutral,,neutral,,,,
PEG-75,peg75,0,0,0,0,0,0,0,,,manual_v2,0,Skincare Ingredient,Kıvam Artırıcı / Bağlayıcı,"Yüksek molekül ağırlıklı polietilen glikol; formülasyona kıvam verir, bileşenlerin homojen dağılmasını sağlar ve ürün stabilitesini artırır.",neutral,,neutral,,neutral,,neutral,,neutral,,neutral,,neutral,,,,
PEG-75 Stearate,peg75stearate,1,0,0,0,0,0,0,,,manual_v2,0,Skincare Ingredient,Emülgatör,"Stearik asidin PEG esteri; yağ ve su fazlarını birleştiren emülgatör, formülasyona kremsi ve stabil bir doku kazandırır ve diğer bileşenlerin homojen dağılmasını sağlar.",neutral,,neutral,,neutral,,neutral,,neutral,,neutral,,neutral,,,,
PPG-20 Methyl Glucose Ether,ppg20methylglucoseether,1,0,0,0,0,0,0,,,manual_v2,0,Humectant,Nemlendirici / Yumuşatıcı,Mısır glikozundan türetilen hafif nemlendirici ve yumuşatıcı; ciltte yapışkan olmayan nem tabakası oluşturur ve formülasyona pürüzsüz bir doku kazandırır.,neutral,,neutral,,neutral,,neutral,,neutral,,neutral,,neutral,,,,
Paeonia Lactiflora Root Extract,paeonialactiflorarootextract,0,0,0,0,1,1,0,Redness|Pigmentation|Radiance,,manual_v2,0,Botanical Extract,Bitkisel Ekstrakt (Şakayık),"Şakayık kökünden elde edilen geleneksel Asya tıbbı bileşeni; paeoniflorin içeriğiyle güçlü anti-inflamatuar ve antioksidan etki gösterir, cildi yatıştırır ve hiperpigmentasyonu azaltmaya yardımcı olur.",neutral,,neutral,,neutral,,neutral,,neutral,,neutral,,neutral,,,,
Palm Acid,palmacid,0,0,0,0,0,0,0,,,top1000,38,Skincare Ingredient,Cilt Bakım Bileşeni,"palm acid, kozmetik formülasyonlarda kullanılan yardımcı bileşen; ürünün doku, stabilite veya uygulama özelliklerine katkıda bulunur.",neutral,,neutral,,neutral,,neutral,,neutral,,neutral,,neutral,,,,
Palm Kernel Acid,palmkernelacid,0,0,0,0,0,0,0,,,top1000,79,Skincare Ingredient,Cilt Bakım Bileşeni,"palm kernel acid, kozmetik formülasyonlarda kullanılan yardımcı bileşen; ürünün doku, stabilite veya uygulama özelliklerine katkıda bulunur.",neutral,,neutral,,neutral,,neutral,,neutral,,neutral,,neutral,,,,
Palmitic Acid,palmiticacid,1,0,0,0,0,0,0,,,top1000,510,Oil / Lipid,Yağ Asidi,"palmitic acid, doğal yağ asidi; cildin lipid bariyerini destekler, yumuşatıcı etki gösterir ve formülasyonun kıvamına katkıda bulunur.",neutral,,neutral,,neutral,,neutral,,neutral,,neutral,,neutral,,,,
Palmitoyl Grape Seed Extract,palmitoylgrapeseedextract,0,0,0,1,1,2,0,Pigmentation|Radiance|Fine Lines,,manual_v2,0,Botanical Extract,Bitkisel Ekstrakt (Üzüm Çekirdeği - Vinoperfect),"Üzüm çekirdeğinden elde edilen patentli aydınlatıcı aktif; viniferine bileşeniyle C vitamininden 62 kat daha güçlü aydınlatma etkisi gösterdiği öne sürülür, leke ve ton eşitsizliğini azaltır.",neutral,,neutral,,neutral,,neutral,,neutral,,beneficial,Üzüm çekirdeğinden elde edilen patentli aydınlatıcı aktif; viniferine bileşeniyle C vitamininden 62 kat daha güçlü aydın,neutral,,,,
Palmitoyl Grapevine Shoot Extract,palmitoylgrapevineshootextract,1,0,0,1,0,3,0,Fine Lines|Wrinkles|Elasticity|Radiance,,manual_v2,0,Botanical Extract,Bitkisel Ekstrakt (Asma Filizi - Resveratrol),"Asma filizlerinden elde edilen Caudalie'nin patentli aktif bileşeni; yüksek resveratrol konsantrasyonuyla güçlü antioksidan ve anti-aging etki gösterir, kolajen üretimini uyarır ve cilt sıkılığını artırır.",neutral,,neutral,,neutral,,neutral,,neutral,,beneficial,Asma filizlerinden elde edilen Caudalie'nin patentli aktif bileşeni; yüksek resveratrol konsantrasyonuyla güçlü antioksi,neutral,,,,
Palmitoyl Hexapeptide-12,palmitoylhexapeptide12,0,0,0,0,0,3,0,Fine Lines|Wrinkles|Elasticity,,manual_v2,0,Peptide,Peptit (Anti-aging),Altı amino asitlik sinyal peptidi; kolajen ve elastin sentezini uyararak cilt sıkılığını artırır ve kırışıklık derinliğini azaltır.,neutral,,neutral,,neutral,,neutral,,neutral,,beneficial,Altı amino asitlik sinyal peptidi; kolajen ve elastin sentezini uyararak cilt sıkılığını artırır ve kırışıklık derinliği,neutral,,,,
Palmitoyl Tetrapeptide-7,palmitoyltetrapeptide7,0,0,0,0,1,3,0,Fine Lines|Wrinkles|Redness,,manual_v2,33,Peptide,Peptit (Anti-inflamatuar),İltihaplanma sürecini düzenleyen peptit; kronik mikro-inflamasyonu azaltarak kolajen yıkımını yavaşlatır ve yaşlanma belirtilerinin oluşumunu geciktirir.,neutral,,neutral,,neutral,,neutral,,neutral,,beneficial,İltihaplanma sürecini düzenleyen peptit; kronik mikro-inflamasyonu azaltarak kolajen yıkımını yavaşlatır ve yaşlanma bel,neutral,,,,
Palmitoyl Tripeptide-1,palmitoyltripeptide1,1,0,0,0,0,3,0,Fine Lines|Wrinkles|Elasticity,,manual_v2,36,Peptide,Peptit (Anti-aging),Kolajen sentezini uyaran sinyal peptidi; cildin kendini onarma mekanizmasını aktive ederek kırışıklık derinliğini azaltır ve cilt elastikiyetini artırır.,neutral,,neutral,,neutral,,neutral,,neutral,,beneficial,Kolajen sentezini uyaran sinyal peptidi; cildin kendini onarma mekanizmasını aktive ederek kırışıklık derinliğini azaltı,neutral,,,,
Panax Ginseng Root Extract,panaxginsengrootextract,1,0,0,0,0,0,0,,,top1000,63,Botanical Extract,Bitkisel Ekstrakt,"panax ginseng root extract, bitkisel kaynaklı aktif ekstrakt; antioksidan, yatıştırıcı veya besleyici özellikler taşıyabilir ve formülasyona doğal etkinlik katar.",neutral,,neutral,,neutral,,neutral,,neutral,,neutral,,neutral,,,,
Pantethine,pantethine,1,0,0,0,1,1,0,Impaired skin barrier,,manual_v2,0,Skincare Ingredient,Vitamin B5 Türevi,"Pantotenik asit (B5 vitamini) metaboliti; hücre enerji metabolizmasını destekler, cilt bariyerinin onarılmasına yardımcı olur ve cildin genel sağlığını iyileştirir.",neutral,,neutral,,neutral,,neutral,,neutral,,neutral,,neutral,,,,
Panthenol,panthenol,3,0,1,1,2,1,0,Dry and dehydrated skin|Impaired skin barrier|Redness|Anyone,,manual_v2,1629,Humectant,Nemlendirici (Provitamin B5),"Provitamin B5 olarak bilinen panthenol; ciltte pantotenik asite dönüşerek derin nemlendirme sağlar, cilt bariyerini onarır, iltihaplanmayı azaltır ve yara iyileşmesini hızlandırır.",beneficial,"Provitamin B5 olarak bilinen panthenol; ciltte pantotenik asite dönüşerek derin nemlendirme sağlar, cilt bariyerini onar",neutral,,neutral,,neutral,,beneficial,"Provitamin B5 olarak bilinen panthenol; ciltte pantotenik asite dönüşerek derin nemlendirme sağlar, cilt bariyerini onar",neutral,,neutral,,,,
Panthenyl Ethyl Ether,panthenylethylether,0,0,0,0,0,0,0,,,top1000,47,Skincare Ingredient,Cilt Bakım Bileşeni,"panthenyl ethyl ether, kozmetik formülasyonlarda kullanılan yardımcı bileşen; ürünün doku, stabilite veya uygulama özelliklerine katkıda bulunur.",neutral,,neutral,,neutral,,neutral,,neutral,,neutral,,neutral,,,,
Pantolactone,pantolactone,0,0,0,0,0,0,0,,,top1000,107,Skincare Ingredient,Cilt Bakım Bileşeni,"pantolactone, kozmetik formülasyonlarda kullanılan yardımcı bileşen; ürünün doku, stabilite veya uygulama özelliklerine katkıda bulunur.",neutral,,neutral,,neutral,,neutral,,neutral,,neutral,,neutral,,,,
Paraffin,paraffin,0,0,0,0,0,0,0,,,top1000,206,Skincare Ingredient,Cilt Bakım Bileşeni,"paraffin, kozmetik formülasyonlarda kullanılan yardımcı bileşen; ürünün doku, stabilite veya uygulama özelliklerine katkıda bulunur.",neutral,,neutral,,neutral,,neutral,,neutral,,neutral,,neutral,,,,
Paraffinum Liquidum,paraffinumliquidum,0,0,0,0,0,0,0,,,top1000,529,Skincare Ingredient,Cilt Bakım Bileşeni,"paraffinum liquidum, kozmetik formülasyonlarda kullanılan yardımcı bileşen; ürünün doku, stabilite veya uygulama özelliklerine katkıda bulunur.",neutral,,neutral,,neutral,,neutral,,neutral,,neutral,,neutral,,,,
Paraffinum Liquidum / Mineral Oil,paraffinumliquidummineraloil,0,0,0,0,0,0,0,,,top1000,48,Skincare Ingredient,Cilt Bakım Bileşeni,"paraffinum liquidum / mineral oil, kozmetik formülasyonlarda kullanılan yardımcı bileşen; ürünün doku, stabilite veya uygulama özelliklerine katkıda bulunur.",neutral,,neutral,,neutral,,neutral,,neutral,,neutral,,neutral,,,,
Pca Glyceryl Oleate,pcaglyceryloleate,1,0,0,0,0,0,0,,,top1000,30,Skincare Ingredient,Emülgatör,"pca glyceryl oleate, yağ ve su fazlarını stabil bir şekilde bir arada tutan emülgatör; formülasyonun homojen yapısını korur ve kremsi doku oluşturur.",neutral,,neutral,,neutral,,neutral,,neutral,,neutral,,neutral,,,,
Peg-10 Dimethicone,peg10dimethicone,0,0,0,0,-1,0,0,,Sensitive|Impaired skin barrier,top1000,67,Skincare Ingredient,Emülgatör / Çözücü (PEG),"peg-10 dimethicone, polietilen glikol türevi emülgatör veya çözücü; formülasyonda bileşenlerin karışmasını ve ciltte düzgün dağılmasını sağlar, bariyer hasarı olan ciltlerde penetrasyonu artırabileceği için dikkat gerektirir.",neutral,,neutral,,neutral,,neutral,,caution,"Hassas ciltte tahriş ve kızarıklık yapabilir, dikkatli kullanılmalı",neutral,,neutral,,,,
Peg-100 Stearate,peg100stearate,0,0,0,0,-1,0,0,,Sensitive|Impaired skin barrier,top1000,420,Skincare Ingredient,Emülgatör / Çözücü (PEG),"peg-100 stearate, polietilen glikol türevi emülgatör veya çözücü; formülasyonda bileşenlerin karışmasını ve ciltte düzgün dağılmasını sağlar, bariyer hasarı olan ciltlerde penetrasyonu artırabileceği için dikkat gerektirir.",neutral,,neutral,,neutral,,neutral,,caution,"Hassas ciltte tahriş ve kızarıklık yapabilir, dikkatli kullanılmalı",neutral,,neutral,,,,
Peg-12,peg12,0,0,0,0,-1,0,0,,Sensitive|Impaired skin barrier,top1000,65,Skincare Ingredient,Emülgatör / Çözücü (PEG),"peg-12, polietilen glikol türevi emülgatör veya çözücü; formülasyonda bileşenlerin karışmasını ve ciltte düzgün dağılmasını sağlar, bariyer hasarı olan ciltlerde penetrasyonu artırabileceği için dikkat gerektirir.",neutral,,neutral,,neutral,,neutral,,caution,"Hassas ciltte tahriş ve kızarıklık yapabilir, dikkatli kullanılmalı",neutral,,neutral,,,,
Peg-12 Dimethicone,peg12dimethicone,0,0,0,0,-1,0,0,,Sensitive|Impaired skin barrier,top1000,51,Skincare Ingredient,Emülgatör / Çözücü (PEG),"peg-12 dimethicone, polietilen glikol türevi emülgatör veya çözücü; formülasyonda bileşenlerin karışmasını ve ciltte düzgün dağılmasını sağlar, bariyer hasarı olan ciltlerde penetrasyonu artırabileceği için dikkat gerektirir.",neutral,,neutral,,neutral,,neutral,,caution,"Hassas ciltte tahriş ve kızarıklık yapabilir, dikkatli kullanılmalı",neutral,,neutral,,,,
Peg-120 Methyl Glucose Dioleate,peg120methylglucosedioleate,0,0,0,0,-1,0,0,,Sensitive|Impaired skin barrier,top1000,121,Skincare Ingredient,Emülgatör / Çözücü (PEG),"peg-120 methyl glucose dioleate, polietilen glikol türevi emülgatör veya çözücü; formülasyonda bileşenlerin karışmasını ve ciltte düzgün dağılmasını sağlar, bariyer hasarı olan ciltlerde penetrasyonu artırabileceği için dikkat gerektirir.",neutral,,neutral,,neutral,,neutral,,caution,"Hassas ciltte tahriş ve kızarıklık yapabilir, dikkatli kullanılmalı",neutral,,neutral,,,,
Peg-150 Distearate,peg150distearate,0,0,0,0,-1,0,0,,Sensitive|Impaired skin barrier,top1000,103,Skincare Ingredient,Emülgatör / Çözücü (PEG),"peg-150 distearate, polietilen glikol türevi emülgatör veya çözücü; formülasyonda bileşenlerin karışmasını ve ciltte düzgün dağılmasını sağlar, bariyer hasarı olan ciltlerde penetrasyonu artırabileceği için dikkat gerektirir.",neutral,,neutral,,neutral,,neutral,,caution,"Hassas ciltte tahriş ve kızarıklık yapabilir, dikkatli kullanılmalı",neutral,,neutral,,,,
Peg-150 Pentaerythrityl Tetrastearate,peg150pentaerythrityltetrastearate,0,0,0,0,-1,0,0,,Sensitive|Impaired skin barrier,top1000,81,Skincare Ingredient,Emülgatör / Çözücü (PEG),"peg-150 pentaerythrityl tetrastearate, polietilen glikol türevi emülgatör veya çözücü; formülasyonda bileşenlerin karışmasını ve ciltte düzgün dağılmasını sağlar, bariyer hasarı olan ciltlerde penetrasyonu artırabileceği için dikkat gerektirir.",neutral,,neutral,,neutral,,neutral,,caution,"Hassas ciltte tahriş ve kızarıklık yapabilir, dikkatli kullanılmalı",neutral,,neutral,,,,
Peg-200 Hydrogenated Glyceryl Palmate,peg200hydrogenatedglycerylpalmate,0,0,0,0,-1,0,0,,Sensitive|Impaired skin barrier,top1000,208,Skincare Ingredient,Emülgatör / Çözücü (PEG),"peg-200 hydrogenated glyceryl palmate, polietilen glikol türevi emülgatör veya çözücü; formülasyonda bileşenlerin karışmasını ve ciltte düzgün dağılmasını sağlar, bariyer hasarı olan ciltlerde penetrasyonu artırabileceği için dikkat gerektirir.",neutral,,neutral,,neutral,,neutral,,caution,"Hassas ciltte tahriş ve kızarıklık yapabilir, dikkatli kullanılmalı",neutral,,neutral,,,,
Peg-3 Distearate,peg3distearate,0,0,0,0,-1,0,0,,Sensitive|Impaired skin barrier,top1000,41,Skincare Ingredient,Emülgatör / Çözücü (PEG),"peg-3 distearate, polietilen glikol türevi emülgatör veya çözücü; formülasyonda bileşenlerin karışmasını ve ciltte düzgün dağılmasını sağlar, bariyer hasarı olan ciltlerde penetrasyonu artırabileceği için dikkat gerektirir.",neutral,,neutral,,neutral,,neutral,,caution,"Hassas ciltte tahriş ve kızarıklık yapabilir, dikkatli kullanılmalı",neutral,,neutral,,,,
Peg-30 Dipolyhydroxystearate,peg30dipolyhydroxystearate,0,0,0,0,-1,0,0,,Sensitive|Impaired skin barrier,top1000,30,Skincare Ingredient,Emülgatör / Çözücü (PEG),"peg-30 dipolyhydroxystearate, polietilen glikol türevi emülgatör veya çözücü; formülasyonda bileşenlerin karışmasını ve ciltte düzgün dağılmasını sağlar, bariyer hasarı olan ciltlerde penetrasyonu artırabileceği için dikkat gerektirir.",neutral,,neutral,,neutral,,neutral,,caution,"Hassas ciltte tahriş ve kızarıklık yapabilir, dikkatli kullanılmalı",neutral,,neutral,,,,
Peg-32,peg32,0,0,0,0,-1,0,0,,Sensitive|Impaired skin barrier,top1000,155,Skincare Ingredient,Emülgatör / Çözücü (PEG),"peg-32, polietilen glikol türevi emülgatör veya çözücü; formülasyonda bileşenlerin karışmasını ve ciltte düzgün dağılmasını sağlar, bariyer hasarı olan ciltlerde penetrasyonu artırabileceği için dikkat gerektirir.",neutral,,neutral,,neutral,,neutral,,caution,"Hassas ciltte tahriş ve kızarıklık yapabilir, dikkatli kullanılmalı",neutral,,neutral,,,,
Peg-4,peg4,0,0,0,0,-1,0,0,,Sensitive|Impaired skin barrier,top1000,28,Skincare Ingredient,Emülgatör / Çözücü (PEG),"peg-4, polietilen glikol türevi emülgatör veya çözücü; formülasyonda bileşenlerin karışmasını ve ciltte düzgün dağılmasını sağlar, bariyer hasarı olan ciltlerde penetrasyonu artırabileceği için dikkat gerektirir.",neutral,,neutral,,neutral,,neutral,,caution,"Hassas ciltte tahriş ve kızarıklık yapabilir, dikkatli kullanılmalı",neutral,,neutral,,,,
Peg-4 Rapeseedamide,peg4rapeseedamide,0,0,0,0,-1,0,0,,Sensitive|Impaired skin barrier,top1000,64,Skincare Ingredient,Emülgatör / Çözücü (PEG),"peg-4 rapeseedamide, polietilen glikol türevi emülgatör veya çözücü; formülasyonda bileşenlerin karışmasını ve ciltte düzgün dağılmasını sağlar, bariyer hasarı olan ciltlerde penetrasyonu artırabileceği için dikkat gerektirir.",neutral,,neutral,,neutral,,neutral,,caution,"Hassas ciltte tahriş ve kızarıklık yapabilir, dikkatli kullanılmalı",neutral,,neutral,,,,
Peg-40 Castor Oil,peg40castoroil,0,0,0,0,-1,0,0,,Sensitive|Impaired skin barrier,top1000,27,Skincare Ingredient,Emülgatör / Çözücü (PEG),"peg-40 castor oil, polietilen glikol türevi emülgatör veya çözücü; formülasyonda bileşenlerin karışmasını ve ciltte düzgün dağılmasını sağlar, bariyer hasarı olan ciltlerde penetrasyonu artırabileceği için dikkat gerektirir.",neutral,,neutral,,neutral,,neutral,,caution,"Hassas ciltte tahriş ve kızarıklık yapabilir, dikkatli kullanılmalı",neutral,,neutral,,,,
Peg-40 Hydrogenated Castor Oil,peg40hydrogenatedcastoroil,0,0,0,0,-1,0,0,,Sensitive|Impaired skin barrier,top1000,723,Skincare Ingredient,Emülgatör / Çözücü (PEG),"peg-40 hydrogenated castor oil, polietilen glikol türevi emülgatör veya çözücü; formülasyonda bileşenlerin karışmasını ve ciltte düzgün dağılmasını sağlar, bariyer hasarı olan ciltlerde penetrasyonu artırabileceği için dikkat gerektirir.",neutral,,neutral,,neutral,,neutral,,caution,"Hassas ciltte tahriş ve kızarıklık yapabilir, dikkatli kullanılmalı",neutral,,neutral,,,,
Peg-40 Stearate,peg40stearate,0,0,0,0,-1,0,0,,Sensitive|Impaired skin barrier,top1000,42,Skincare Ingredient,Emülgatör / Çözücü (PEG),"peg-40 stearate, polietilen glikol türevi emülgatör veya çözücü; formülasyonda bileşenlerin karışmasını ve ciltte düzgün dağılmasını sağlar, bariyer hasarı olan ciltlerde penetrasyonu artırabileceği için dikkat gerektirir.",neutral,,neutral,,neutral,,neutral,,caution,"Hassas ciltte tahriş ve kızarıklık yapabilir, dikkatli kullanılmalı",neutral,,neutral,,,,
Peg-45M,peg45m,0,0,0,0,-1,0,0,,Sensitive|Impaired skin barrier,top1000,71,Skincare Ingredient,Emülgatör / Çözücü (PEG),"peg-45m, polietilen glikol türevi emülgatör veya çözücü; formülasyonda bileşenlerin karışmasını ve ciltte düzgün dağılmasını sağlar, bariyer hasarı olan ciltlerde penetrasyonu artırabileceği için dikkat gerektirir.",neutral,,neutral,,neutral,,neutral,,caution,"Hassas ciltte tahriş ve kızarıklık yapabilir, dikkatli kullanılmalı",neutral,,neutral,,,,
Peg-55 Propylene Glycol Oleate,peg55propyleneglycololeate,0,0,0,0,-1,0,0,,Sensitive|Impaired skin barrier,top1000,69,Skincare Ingredient,Emülgatör / Çözücü (PEG),"peg-55 propylene glycol oleate, polietilen glikol türevi emülgatör veya çözücü; formülasyonda bileşenlerin karışmasını ve ciltte düzgün dağılmasını sağlar, bariyer hasarı olan ciltlerde penetrasyonu artırabileceği için dikkat gerektirir.",neutral,,neutral,,neutral,,neutral,,caution,"Hassas ciltte tahriş ve kızarıklık yapabilir, dikkatli kullanılmalı",neutral,,neutral,,,,
Peg-6,peg6,0,0,0,0,-1,0,0,,Sensitive|Impaired skin barrier,top1000,67,Skincare Ingredient,Emülgatör / Çözücü (PEG),"peg-6, polietilen glikol türevi emülgatör veya çözücü; formülasyonda bileşenlerin karışmasını ve ciltte düzgün dağılmasını sağlar, bariyer hasarı olan ciltlerde penetrasyonu artırabileceği için dikkat gerektirir.",neutral,,neutral,,neutral,,neutral,,caution,"Hassas ciltte tahriş ve kızarıklık yapabilir, dikkatli kullanılmalı",neutral,,neutral,,,,
Peg-6 Caprylic/Capric Glycerides,peg6capryliccapricglycerides,0,0,0,0,-1,0,0,,Sensitive|Impaired skin barrier,top1000,81,Skincare Ingredient,Emülgatör / Çözücü (PEG),"peg-6 caprylic/capric glycerides, polietilen glikol türevi emülgatör veya çözücü; formülasyonda bileşenlerin karışmasını ve ciltte düzgün dağılmasını sağlar, bariyer hasarı olan ciltlerde penetrasyonu artırabileceği için dikkat gerektirir.",neutral,,neutral,,neutral,,neutral,,caution,"Hassas ciltte tahriş ve kızarıklık yapabilir, dikkatli kullanılmalı",neutral,,neutral,,,,
Peg-60 Almond Glycerides,peg60almondglycerides,0,0,0,0,-1,0,0,,Sensitive|Impaired skin barrier,top1000,35,Skincare Ingredient,Emülgatör / Çözücü (PEG),"peg-60 almond glycerides, polietilen glikol türevi emülgatör veya çözücü; formülasyonda bileşenlerin karışmasını ve ciltte düzgün dağılmasını sağlar, bariyer hasarı olan ciltlerde penetrasyonu artırabileceği için dikkat gerektirir.",neutral,,neutral,,neutral,,neutral,,caution,"Hassas ciltte tahriş ve kızarıklık yapabilir, dikkatli kullanılmalı",neutral,,neutral,,,,
Peg-60 Hydrogenated Castor Oil,peg60hydrogenatedcastoroil,0,0,0,0,-1,0,0,,Sensitive|Impaired skin barrier,top1000,115,Skincare Ingredient,Emülgatör / Çözücü (PEG),"peg-60 hydrogenated castor oil, polietilen glikol türevi emülgatör veya çözücü; formülasyonda bileşenlerin karışmasını ve ciltte düzgün dağılmasını sağlar, bariyer hasarı olan ciltlerde penetrasyonu artırabileceği için dikkat gerektirir.",neutral,,neutral,,neutral,,neutral,,caution,"Hassas ciltte tahriş ve kızarıklık yapabilir, dikkatli kullanılmalı",neutral,,neutral,,,,
Peg-7 Glyceryl Cocoate,peg7glycerylcocoate,0,0,0,0,-1,0,0,,Sensitive|Impaired skin barrier,top1000,555,Skincare Ingredient,Emülgatör / Çözücü (PEG),"peg-7 glyceryl cocoate, polietilen glikol türevi emülgatör veya çözücü; formülasyonda bileşenlerin karışmasını ve ciltte düzgün dağılmasını sağlar, bariyer hasarı olan ciltlerde penetrasyonu artırabileceği için dikkat gerektirir.",neutral,,neutral,,neutral,,neutral,,caution,"Hassas ciltte tahriş ve kızarıklık yapabilir, dikkatli kullanılmalı",neutral,,neutral,,,,
Peg-8,peg8,0,0,0,0,-1,0,0,,Sensitive|Impaired skin barrier,top1000,215,Skincare Ingredient,Emülgatör / Çözücü (PEG),"peg-8, polietilen glikol türevi emülgatör veya çözücü; formülasyonda bileşenlerin karışmasını ve ciltte düzgün dağılmasını sağlar, bariyer hasarı olan ciltlerde penetrasyonu artırabileceği için dikkat gerektirir.",neutral,,neutral,,neutral,,neutral,,caution,"Hassas ciltte tahriş ve kızarıklık yapabilir, dikkatli kullanılmalı",neutral,,neutral,,,,
Peg-8 Laurate,peg8laurate,0,0,0,0,-1,0,0,,Sensitive|Impaired skin barrier,top1000,28,Skincare Ingredient,Emülgatör / Çözücü (PEG),"peg-8 laurate, polietilen glikol türevi emülgatör veya çözücü; formülasyonda bileşenlerin karışmasını ve ciltte düzgün dağılmasını sağlar, bariyer hasarı olan ciltlerde penetrasyonu artırabileceği için dikkat gerektirir.",neutral,,neutral,,neutral,,neutral,,caution,"Hassas ciltte tahriş ve kızarıklık yapabilir, dikkatli kullanılmalı",neutral,,neutral,,,,
Peg-80 Sorbitan Laurate,peg80sorbitanlaurate,0,0,0,0,-1,0,0,,Sensitive|Impaired skin barrier,top1000,32,Skincare Ingredient,Emülgatör / Çözücü (PEG),"peg-80 sorbitan laurate, polietilen glikol türevi emülgatör veya çözücü; formülasyonda bileşenlerin karışmasını ve ciltte düzgün dağılmasını sağlar, bariyer hasarı olan ciltlerde penetrasyonu artırabileceği için dikkat gerektirir.",neutral,,neutral,,neutral,,neutral,,caution,"Hassas ciltte tahriş ve kızarıklık yapabilir, dikkatli kullanılmalı",neutral,,neutral,,,,
Peg/Ppg-18/18 Dimethicone,pegppg1818dimethicone,1,0,0,0,0,0,0,Texture,,top1000,48,Silicone,Silikon,"peg/ppg-18/18 dimethicone, silikon bazlı bileşen; ciltte veya saçta pürüzsüz bir yüzey oluşturarak dokuyu iyileştirir, nem kaybını azaltır ve ürüne ipeksi bir uygulama hissi kazandırır.",neutral,,neutral,,neutral,,neutral,,neutral,,neutral,,neutral,,,,
Pelargonium Graveolens Flower Oil,pelargoniumgraveolensfloweroil,0,0,0,0,0,0,0,,,top1000,31,Skincare Ingredient,Cilt Bakım Bileşeni,"pelargonium graveolens flower oil, kozmetik formülasyonlarda kullanılan yardımcı bileşen; ürünün doku, stabilite veya uygulama özelliklerine katkıda bulunur.",neutral,,neutral,,neutral,,neutral,,neutral,,neutral,,neutral,,,,
Pentaerythrityl Tetra-di-t-butyl Hydroxyhydrocinnamate,pentaerythrityltetraditbutylhydroxyhydrocinnamate,0,0,0,0,0,0,0,,,manual_v2,0,Antioxidant,Antioksidan (Formülasyon Koruyucu),Güçlü fenolik antioksidan; formülasyondaki yağların ve aktif bileşenlerin oksidasyonunu önleyerek ürün stabilitesini ve raf ömrünü korur.,neutral,,neutral,,neutral,,neutral,,neutral,,neutral,,neutral,,,,
Pentaerythrityl Tetraisostearate,pentaerythrityltetraisostearate,1,0,0,0,0,0,0,Texture,,top1000,58,Emollient,Yumuşatıcı Ester,"pentaerythrityl tetraisostearate, yağ asidi esteri; cildi yumuşatır, formülasyona hafif ve pürüzsüz bir doku kazandırır.",neutral,,neutral,,neutral,,neutral,,neutral,,neutral,,neutral,,,,
Pentasodium Pentetate,pentasodiumpentetate,0,0,0,0,0,0,0,,,top1000,52,Skincare Ingredient,Cilt Bakım Bileşeni,"pentasodium pentetate, kozmetik formülasyonlarda kullanılan yardımcı bileşen; ürünün doku, stabilite veya uygulama özelliklerine katkıda bulunur.",neutral,,neutral,,neutral,,neutral,,neutral,,neutral,,neutral,,,,
Pentasodium Triphosphate,pentasodiumtriphosphate,0,0,0,0,0,0,0,,,top1000,65,Skincare Ingredient,Cilt Bakım Bileşeni,"pentasodium triphosphate, kozmetik formülasyonlarda kullanılan yardımcı bileşen; ürünün doku, stabilite veya uygulama özelliklerine katkıda bulunur.",neutral,,neutral,,neutral,,neutral,,neutral,,neutral,,neutral,,,,
Pentylene Glycol,pentyleneglycol,1,0,0,0,0,0,0,,,manual_v2,412,Humectant,Nemlendirici / Koruyucu Destekçi,Hafif nemlendirici ve antimikrobiyal destek sağlayan çok fonksiyonlu bileşen; formülasyondaki koruyucuların etkinliğini artırarak daha temiz bir formül oluşturulmasına olanak tanır.,neutral,,neutral,,neutral,,neutral,,neutral,,neutral,,neutral,,,,
Perfume,perfume,0,0,0,0,0,0,0,,,top1000,91,Skincare Ingredient,Cilt Bakım Bileşeni,"perfume, kozmetik formülasyonlarda kullanılan yardımcı bileşen; ürünün doku, stabilite veya uygulama özelliklerine katkıda bulunur.",neutral,,neutral,,neutral,,neutral,,neutral,,neutral,,neutral,,,,
Perlite,perlite,0,0,0,0,0,0,0,,,top1000,80,Skincare Ingredient,Cilt Bakım Bileşeni,"perlite, kozmetik formülasyonlarda kullanılan yardımcı bileşen; ürünün doku, stabilite veya uygulama özelliklerine katkıda bulunur.",neutral,,neutral,,neutral,,neutral,,neutral,,neutral,,neutral,,,,
Persea Gratissima (Avocado) Fruit Extract,perseagratissimaavocadofruitextract,1,0,0,0,0,0,0,,,top1000,49,Botanical Extract,Bitkisel Ekstrakt,"persea gratissima (avocado) fruit extract, bitkisel kaynaklı aktif ekstrakt; antioksidan, yatıştırıcı veya besleyici özellikler taşıyabilir ve formülasyona doğal etkinlik katar.",neutral,,neutral,,neutral,,neutral,,neutral,,neutral,,neutral,,,,
Persea Gratissima (Avocado) Oil,perseagratissimaavocadooil,0,0,0,0,0,0,0,,,top1000,112,Skincare Ingredient,Cilt Bakım Bileşeni,"persea gratissima (avocado) oil, kozmetik formülasyonlarda kullanılan yardımcı bileşen; ürünün doku, stabilite veya uygulama özelliklerine katkıda bulunur.",neutral,,neutral,,neutral,,neutral,,neutral,,neutral,,neutral,,,,
Persea Gratissima Oil,perseagratissimaoil,0,0,0,0,0,0,0,,,top1000,229,Skincare Ingredient,Cilt Bakım Bileşeni,"persea gratissima oil, kozmetik formülasyonlarda kullanılan yardımcı bileşen; ürünün doku, stabilite veya uygulama özelliklerine katkıda bulunur.",neutral,,neutral,,neutral,,neutral,,neutral,,neutral,,neutral,,,,
Petrolatum,petrolatum,0,0,0,0,0,0,0,,,top1000,370,Skincare Ingredient,Cilt Bakım Bileşeni,"petrolatum, kozmetik formülasyonlarda kullanılan yardımcı bileşen; ürünün doku, stabilite veya uygulama özelliklerine katkıda bulunur.",neutral,,neutral,,neutral,,neutral,,neutral,,neutral,,neutral,,,,
Phellodendron Amurense Bark Extract,phellodendronamurensebarkextract,0,1,0,0,1,0,0,Acne|Redness,,manual_v2,0,Botanical Extract,Bitkisel Ekstrakt (Amur Mantarı Ağacı),"Geleneksel Doğu Asya tıbbında kullanılan ağaç kabuğu ekstresi; berberin bileşeniyle güçlü anti-inflamatuar ve antimikrobiyal etki gösterir, yağlı ve akneli cildi yatıştırır.",neutral,,neutral,,neutral,,neutral,,neutral,,neutral,,neutral,,,,
Phenethyl Alcohol,phenethylalcohol,0,0,0,0,0,0,0,,,top1000,66,Skincare Ingredient,Cilt Bakım Bileşeni,"phenethyl alcohol, kozmetik formülasyonlarda kullanılan yardımcı bileşen; ürünün doku, stabilite veya uygulama özelliklerine katkıda bulunur.",neutral,,neutral,,neutral,,neutral,,neutral,,neutral,,neutral,,,,
Phenoxyethanol,phenoxyethanol,-2,0,0,0,-2,0,0,Anyone,,manual_v2,61,Preservative,Koruyucu,"Kozmetik endüstrisinde en yaygın kullanılan koruyuculardan biri; geniş spektrumlu antimikrobiyal etki göstererek ürünü bakteri ve küf kontaminasyonundan korur, %1 altı konsantrasyonlarda güvenli kabul edilir.",caution,"Kurutucu etki yapabilir, nemlendiriciyle kullanılmalı",neutral,,neutral,,neutral,,caution,Hassas ciltte tahriş ve kızarıklık yapabilir,neutral,,neutral,,,,
Phenyl Trimethicone,phenyltrimethicone,1,0,0,0,0,0,0,Texture,,top1000,82,Silicone,Silikon,"phenyl trimethicone, silikon bazlı bileşen; ciltte veya saçta pürüzsüz bir yüzey oluşturarak dokuyu iyileştirir, nem kaybını azaltır ve ürüne ipeksi bir uygulama hissi kazandırır.",neutral,,neutral,,neutral,,neutral,,neutral,,neutral,,neutral,,,,
Phenylalanine,phenylalanine,1,0,0,0,0,0,0,Dry and dehydrated skin,,top1000,28,Skincare Ingredient,Amino Asit / Protein,"phenylalanine, cildin yapısal proteinlerini ve doğal nem faktörünü destekleyen amino asit veya protein bileşeni; nem tutmaya ve bariyer fonksiyonuna katkıda bulunur.",neutral,,neutral,,neutral,,neutral,,neutral,,neutral,,neutral,,,,
Phenylbenzimidazole Sulfonic Acid,phenylbenzimidazolesulfonicacid,0,0,0,0,0,0,0,,,top1000,184,Skincare Ingredient,Cilt Bakım Bileşeni,"phenylbenzimidazole sulfonic acid, kozmetik formülasyonlarda kullanılan yardımcı bileşen; ürünün doku, stabilite veya uygulama özelliklerine katkıda bulunur.",neutral,,neutral,,neutral,,neutral,,neutral,,neutral,,neutral,,,,
Phenylene Bis-Diphenyltriazine,phenylenebisdiphenyltriazine,0,0,0,1,1,0,0,UV Protection|Anyone,,manual_v2,0,Sunscreen Agent,Güneş Koruyucu (Yeni Nesil),"Yeni nesil geniş spektrumlu UV filtresi; hem UVA hem UVB ışınlarına karşı yüksek koruma sağlar, olağanüstü fotostabiliteye sahiptir ve diğer filtreleri de stabilize eder.",neutral,,neutral,,neutral,,neutral,,neutral,,neutral,,neutral,,,,
Phenylpropanol,phenylpropanol,0,0,0,0,0,0,0,,,top1000,27,Skincare Ingredient,Cilt Bakım Bileşeni,"phenylpropanol, kozmetik formülasyonlarda kullanılan yardımcı bileşen; ürünün doku, stabilite veya uygulama özelliklerine katkıda bulunur.",neutral,,neutral,,neutral,,neutral,,neutral,,neutral,,neutral,,,,
Phospholipids,phospholipids,0,0,0,0,0,0,0,,,top1000,44,Skincare Ingredient,Cilt Bakım Bileşeni,"phospholipids, kozmetik formülasyonlarda kullanılan yardımcı bileşen; ürünün doku, stabilite veya uygulama özelliklerine katkıda bulunur.",neutral,,neutral,,neutral,,neutral,,neutral,,neutral,,neutral,,,,
Phosphoric Acid,phosphoricacid,0,0,0,0,0,0,0,,,top1000,140,Skincare Ingredient,pH Düzenleyici,"phosphoric acid, formülasyonun pH değerini ayarlayarak aktif bileşenlerin optimum etkinliğini ve ürünün cilt uyumluluğunu sağlar.",neutral,,neutral,,neutral,,neutral,,neutral,,neutral,,neutral,,,,
Phytic Acid,phyticacid,0,0,0,0,0,0,0,,,top1000,81,Skincare Ingredient,Şelatör,"phytic acid, metal iyonlarını bağlayarak formülasyonun stabilitesini koruyan şelatlama ajanı; ürünün renk, koku ve etkinlik kaybını önler.",neutral,,neutral,,neutral,,neutral,,neutral,,neutral,,neutral,,,,
Phytosphingosine,phytosphingosine,2,1,1,1,2,1,0,Impaired skin barrier|Acne|Redness|Anyone,,manual_v2,93,Ceramide,Seramid Öncüsü,"Seramid sentezinin doğal öncü molekülü; antimikrobiyal ve anti-inflamatuar özellikleriyle cilt bariyerini güçlendirir, akne bakterileriyle mücadele eder ve cildi yatıştırır.",beneficial,"Seramid sentezinin doğal öncü molekülü; antimikrobiyal ve anti-inflamatuar özellikleriyle cilt bariyerini güçlendirir, a",neutral,,neutral,,neutral,,beneficial,"Seramid sentezinin doğal öncü molekülü; antimikrobiyal ve anti-inflamatuar özellikleriyle cilt bariyerini güçlendirir, a",neutral,,neutral,,,,
Phytosteryl Canola Glycerides,phytosterylcanolaglycerides,2,0,0,0,1,0,0,Dry and dehydrated skin|Impaired skin barrier,,manual_v2,0,Emollient,Bitkisel Yumuşatıcı,"Kanola yağından elde edilen fitosterol esteri; cildin lipid bariyerine yapısal olarak benzer bileşenler içerir, nem kaybını önler ve bariyer onarımını destekler.",beneficial,"Kanola yağından elde edilen fitosterol esteri; cildin lipid bariyerine yapısal olarak benzer bileşenler içerir, nem kayb",neutral,,neutral,,neutral,,neutral,,neutral,,neutral,,,,
Pinene,pinene,0,0,0,0,0,0,0,,,top1000,56,Skincare Ingredient,Cilt Bakım Bileşeni,"pinene, kozmetik formülasyonlarda kullanılan yardımcı bileşen; ürünün doku, stabilite veya uygulama özelliklerine katkıda bulunur.",neutral,,neutral,,neutral,,neutral,,neutral,,neutral,,neutral,,,,
Piroctone Olamine,piroctoneolamine,0,0,0,0,0,0,0,,,top1000,159,Skincare Ingredient,Cilt Bakım Bileşeni,"piroctone olamine, kozmetik formülasyonlarda kullanılan yardımcı bileşen; ürünün doku, stabilite veya uygulama özelliklerine katkıda bulunur.",neutral,,neutral,,neutral,,neutral,,neutral,,neutral,,neutral,,,,
Pogostemon Cablin Oil,pogostemoncablinoil,0,0,0,0,0,0,0,,,top1000,36,Skincare Ingredient,Cilt Bakım Bileşeni,"pogostemon cablin oil, kozmetik formülasyonlarda kullanılan yardımcı bileşen; ürünün doku, stabilite veya uygulama özelliklerine katkıda bulunur.",neutral,,neutral,,neutral,,neutral,,neutral,,neutral,,neutral,,,,
Poloxamer 124,poloxamer124,0,0,0,0,0,0,0,,,top1000,30,Skincare Ingredient,Cilt Bakım Bileşeni,"poloxamer 124, kozmetik formülasyonlarda kullanılan yardımcı bileşen; ürünün doku, stabilite veya uygulama özelliklerine katkıda bulunur.",neutral,,neutral,,neutral,,neutral,,neutral,,neutral,,neutral,,,,
Poloxamer 184,poloxamer184,0,0,0,0,0,0,0,,,manual_v2,0,Skincare Ingredient,Çözücü / Emülgatör,"Blok kopolimer yüzey aktif madde; formülasyonda çözündürücü ve emülgatör olarak çalışır, özellikle misel temizleyicilerde makyaj ve kirlilik kalıntılarının çözünmesini sağlar.",neutral,,neutral,,neutral,,neutral,,neutral,,neutral,,neutral,,,,
Poloxamer 338,poloxamer338,0,0,0,0,0,0,0,,,manual_v2,0,Skincare Ingredient,Emülgatör / Çözücü,"Non-iyonik blok kopolimer; formülasyonda çözündürücü ve stabilizatör olarak çalışır, aktif bileşenlerin homojen dağılımını sağlar.",neutral,,neutral,,neutral,,neutral,,neutral,,neutral,,neutral,,,,
Poloxamer 407,poloxamer407,0,0,0,0,0,0,0,,,top1000,113,Skincare Ingredient,Cilt Bakım Bileşeni,"poloxamer 407, kozmetik formülasyonlarda kullanılan yardımcı bileşen; ürünün doku, stabilite veya uygulama özelliklerine katkıda bulunur.",neutral,,neutral,,neutral,,neutral,,neutral,,neutral,,neutral,,,,
Poly C10-30 Alkyl Acrylate,polyc1030alkylacrylate,0,0,0,0,0,0,0,,,manual_v2,0,Skincare Ingredient,Film Oluşturucu,Akrilik polimer; ciltte su geçirmez ve esnek bir film oluşturarak güneş koruyucuların suya ve tere dayanıklılığını artırır.,neutral,,neutral,,neutral,,neutral,,neutral,,neutral,,neutral,,,,
Polyacrylamide,polyacrylamide,0,0,0,0,0,0,0,,,top1000,85,Skincare Ingredient,Kıvam Artırıcı / Stabilizatör,"polyacrylamide, formülasyona kıvam ve stabilite kazandıran polimer; ürünün dokusunu iyileştirir ve bileşenlerin homojen dağılmasını sağlar.",neutral,,neutral,,neutral,,neutral,,neutral,,neutral,,neutral,,,,
Polyacrylate Crosspolymer-6,polyacrylatecrosspolymer6,0,0,0,0,0,0,0,,,top1000,34,Skincare Ingredient,Kıvam Artırıcı / Stabilizatör,"polyacrylate crosspolymer-6, formülasyona kıvam ve stabilite kazandıran polimer; ürünün dokusunu iyileştirir ve bileşenlerin homojen dağılmasını sağlar.",neutral,,neutral,,neutral,,neutral,,neutral,,neutral,,neutral,,,,
Polyacrylate-13,polyacrylate13,0,0,0,0,0,0,0,,,top1000,29,Skincare Ingredient,Cilt Bakım Bileşeni,"polyacrylate-13, kozmetik formülasyonlarda kullanılan yardımcı bileşen; ürünün doku, stabilite veya uygulama özelliklerine katkıda bulunur.",neutral,,neutral,,neutral,,neutral,,neutral,,neutral,,neutral,,,,
Polyaminopropyl Biguanide,polyaminopropylbiguanide,0,0,0,0,0,0,0,,,top1000,36,Skincare Ingredient,Cilt Bakım Bileşeni,"polyaminopropyl biguanide, kozmetik formülasyonlarda kullanılan yardımcı bileşen; ürünün doku, stabilite veya uygulama özelliklerine katkıda bulunur.",neutral,,neutral,,neutral,,neutral,,neutral,,neutral,,neutral,,,,
Polybutene,polybutene,0,0,0,0,0,0,0,,,top1000,73,Skincare Ingredient,Cilt Bakım Bileşeni,"polybutene, kozmetik formülasyonlarda kullanılan yardımcı bileşen; ürünün doku, stabilite veya uygulama özelliklerine katkıda bulunur.",neutral,,neutral,,neutral,,neutral,,neutral,,neutral,,neutral,,,,
Polycarboxylates,polycarboxylates,0,0,0,0,0,0,0,,,top1000,28,Skincare Ingredient,Cilt Bakım Bileşeni,"polycarboxylates, kozmetik formülasyonlarda kullanılan yardımcı bileşen; ürünün doku, stabilite veya uygulama özelliklerine katkıda bulunur.",neutral,,neutral,,neutral,,neutral,,neutral,,neutral,,neutral,,,,
Polyether-1,polyether1,0,0,0,0,0,0,0,,,manual_v2,0,Skincare Ingredient,Köpük Düzenleyici,Silikon bazlı köpük kontrol ajanı; formülasyonda istenmeyen köpüklenmeyi önler ve ürünün pürüzsüz uygulanmasını sağlar.,neutral,,neutral,,neutral,,neutral,,neutral,,neutral,,neutral,,,,
Polyethylene,polyethylene,0,0,0,0,0,0,0,,,top1000,139,Skincare Ingredient,Cilt Bakım Bileşeni,"polyethylene, kozmetik formülasyonlarda kullanılan yardımcı bileşen; ürünün doku, stabilite veya uygulama özelliklerine katkıda bulunur.",neutral,,neutral,,neutral,,neutral,,neutral,,neutral,,neutral,,,,
Polyethylene Terephthalate,polyethyleneterephthalate,0,0,0,0,0,0,0,,,top1000,38,Skincare Ingredient,Cilt Bakım Bileşeni,"polyethylene terephthalate, kozmetik formülasyonlarda kullanılan yardımcı bileşen; ürünün doku, stabilite veya uygulama özelliklerine katkıda bulunur.",neutral,,neutral,,neutral,,neutral,,neutral,,neutral,,neutral,,,,
Polyglycerin-6,polyglycerin6,2,0,0,0,0,0,0,Dry and dehydrated skin,,manual_v2,0,Humectant,Nemlendirici (Poligliserin),"Altı gliserin biriminden oluşan polimer; glycerin'den daha güçlü nem tutma kapasitesine sahip, cildi yapışkan his bırakmadan nemlendirir ve formülasyonda çözücü olarak da görev yapar.",beneficial,"Altı gliserin biriminden oluşan polimer; glycerin'den daha güçlü nem tutma kapasitesine sahip, cildi yapışkan his bırakm",neutral,,neutral,,neutral,,neutral,,neutral,,neutral,,,,
Polyglyceryl-10 Laurate,polyglyceryl10laurate,1,0,0,0,0,0,0,,,manual_v2,0,Skincare Ingredient,Emülgatör (Nazik),"Bitkisel kaynaklı nazik emülgatör; hassas cilt formülasyonlarına uygun, cildi kurutmadan temizleme ve emülsiyon stabilitesi sağlar.",neutral,,neutral,,neutral,,neutral,,neutral,,neutral,,neutral,,,,
Polyglyceryl-10 Stearate,polyglyceryl10stearate,1,0,0,0,0,0,0,,,top1000,28,Skincare Ingredient,Emülgatör,"polyglyceryl-10 stearate, yağ ve su fazlarını stabil bir şekilde bir arada tutan emülgatör; formülasyonun homojen yapısını korur ve kremsi doku oluşturur.",neutral,,neutral,,neutral,,neutral,,neutral,,neutral,,neutral,,,,
Polyglyceryl-2 Dipolyhydroxystearate,polyglyceryl2dipolyhydroxystearate,1,0,0,0,0,0,0,,,top1000,77,Skincare Ingredient,Emülgatör,"polyglyceryl-2 dipolyhydroxystearate, yağ ve su fazlarını stabil bir şekilde bir arada tutan emülgatör; formülasyonun homojen yapısını korur ve kremsi doku oluşturur.",neutral,,neutral,,neutral,,neutral,,neutral,,neutral,,neutral,,,,
Polyglyceryl-3 Caprylate,polyglyceryl3caprylate,1,0,0,0,0,0,0,,,top1000,36,Skincare Ingredient,Emülgatör,"polyglyceryl-3 caprylate, yağ ve su fazlarını stabil bir şekilde bir arada tutan emülgatör; formülasyonun homojen yapısını korur ve kremsi doku oluşturur.",neutral,,neutral,,neutral,,neutral,,neutral,,neutral,,neutral,,,,
Polyglyceryl-3 Dicitrate/Stearate,polyglyceryl3dicitratestearate,1,0,0,0,0,0,0,,,top1000,32,Skincare Ingredient,Emülgatör,"polyglyceryl-3 dicitrate/stearate, yağ ve su fazlarını stabil bir şekilde bir arada tutan emülgatör; formülasyonun homojen yapısını korur ve kremsi doku oluşturur.",neutral,,neutral,,neutral,,neutral,,neutral,,neutral,,neutral,,,,
Polyglyceryl-3 Diisostearate,polyglyceryl3diisostearate,1,0,0,0,0,0,0,,,top1000,138,Skincare Ingredient,Emülgatör,"polyglyceryl-3 diisostearate, yağ ve su fazlarını stabil bir şekilde bir arada tutan emülgatör; formülasyonun homojen yapısını korur ve kremsi doku oluşturur.",neutral,,neutral,,neutral,,neutral,,neutral,,neutral,,neutral,,,,
Polyglyceryl-3 Distearate,polyglyceryl3distearate,1,0,0,0,0,0,0,,,manual_v2,0,Skincare Ingredient,Emülgatör,"Bitkisel kaynaklı poligliseril esteri; yağ ve su fazlarını stabil bir emülsiyon halinde tutan emülgatör, özellikle güneş koruyucu formülasyonlarda tercih edilir.",neutral,,neutral,,neutral,,neutral,,neutral,,neutral,,neutral,,,,
Polyglyceryl-3 Methylglucose Distearate,polyglyceryl3methylglucosedistearate,2,0,0,0,0,0,0,,,top1000,53,Skincare Ingredient,Emülgatör,"polyglyceryl-3 methylglucose distearate, yağ ve su fazlarını stabil bir şekilde bir arada tutan emülgatör; formülasyonun homojen yapısını korur ve kremsi doku oluşturur.",beneficial,Kuru cilt için faydalı bileşen,neutral,,neutral,,neutral,,neutral,,neutral,,neutral,,,,
Polyglyceryl-4 Caprate,polyglyceryl4caprate,1,0,0,0,0,0,0,,,top1000,50,Skincare Ingredient,Emülgatör,"polyglyceryl-4 caprate, yağ ve su fazlarını stabil bir şekilde bir arada tutan emülgatör; formülasyonun homojen yapısını korur ve kremsi doku oluşturur.",neutral,,neutral,,neutral,,neutral,,neutral,,neutral,,neutral,,,,
Polyglyceryl-4 Diisostearate/Polyhydroxystearate/Sebacate,polyglyceryl4diisostearatepolyhydroxystearatesebacate,1,0,0,0,0,0,0,,,manual_v2,0,Skincare Ingredient,Emülgatör (Kompleks),"Çok fonksiyonlu bitkisel kaynaklı emülgatör sistemi; su-yağ tipi emülsiyonlarda üstün stabilite sağlar, ciltte hafif ve yağsız bir his bırakır.",neutral,,neutral,,neutral,,neutral,,neutral,,neutral,,neutral,,,,
Polyglyceryl-4 Isostearate,polyglyceryl4isostearate,1,0,0,0,0,0,0,,,manual_v2,0,Skincare Ingredient,Emülgatör,"Bitkisel kaynaklı hafif emülgatör; su-yağ tipi emülsiyonlarda stabilite sağlar, hassas cilt formülasyonlarına uygun nazik yapıdadır.",neutral,,neutral,,neutral,,neutral,,neutral,,neutral,,neutral,,,,
Polyglyceryl-6 Behenate,polyglyceryl6behenate,0,0,0,0,0,0,0,,,top1000,27,Skincare Ingredient,Emülgatör,"polyglyceryl-6 behenate, yağ ve su fazlarını stabil bir şekilde bir arada tutan emülgatör; formülasyonun homojen yapısını korur ve kremsi doku oluşturur.",neutral,,neutral,,neutral,,neutral,,neutral,,neutral,,neutral,,,,
Polyhydroxystearic Acid,polyhydroxystearicacid,1,0,0,0,0,0,0,,,top1000,76,Oil / Lipid,Yağ Asidi,"polyhydroxystearic acid, doğal yağ asidi; cildin lipid bariyerini destekler, yumuşatıcı etki gösterir ve formülasyonun kıvamına katkıda bulunur.",neutral,,neutral,,neutral,,neutral,,neutral,,neutral,,neutral,,,,
Polyisobutene,polyisobutene,0,0,0,0,0,0,0,,,top1000,78,Skincare Ingredient,Cilt Bakım Bileşeni,"polyisobutene, kozmetik formülasyonlarda kullanılan yardımcı bileşen; ürünün doku, stabilite veya uygulama özelliklerine katkıda bulunur.",neutral,,neutral,,neutral,,neutral,,neutral,,neutral,,neutral,,,,
Polymethyl Methacrylate,polymethylmethacrylate,0,0,0,0,0,0,0,,,top1000,34,Skincare Ingredient,Cilt Bakım Bileşeni,"polymethyl methacrylate, kozmetik formülasyonlarda kullanılan yardımcı bileşen; ürünün doku, stabilite veya uygulama özelliklerine katkıda bulunur.",neutral,,neutral,,neutral,,neutral,,neutral,,neutral,,neutral,,,,
Polymethylsilsesquioxane,polymethylsilsesquioxane,1,0,0,0,0,0,0,Texture,,manual_v2,0,Silicone,Silikon (Pudra),"Küresel mikro silikon partikülleri; ciltte yumuşak odaklama etkisi yaratarak gözeneklerin ve ince çizgilerin görünümünü optik olarak azaltır, makyaj bazlarında yaygın kullanılır.",neutral,,neutral,,neutral,,neutral,,neutral,,neutral,,neutral,,,,
Polyquaternium-10,polyquaternium10,0,0,0,0,0,0,0,,,top1000,542,Skincare Ingredient,Cilt Bakım Bileşeni,"polyquaternium-10, kozmetik formülasyonlarda kullanılan yardımcı bileşen; ürünün doku, stabilite veya uygulama özelliklerine katkıda bulunur.",neutral,,neutral,,neutral,,neutral,,neutral,,neutral,,neutral,,,,
Polyquaternium-11,polyquaternium11,0,0,0,0,0,0,0,,,top1000,35,Skincare Ingredient,Cilt Bakım Bileşeni,"polyquaternium-11, kozmetik formülasyonlarda kullanılan yardımcı bileşen; ürünün doku, stabilite veya uygulama özelliklerine katkıda bulunur.",neutral,,neutral,,neutral,,neutral,,neutral,,neutral,,neutral,,,,
Polyquaternium-16,polyquaternium16,0,0,0,0,0,0,0,,,top1000,29,Skincare Ingredient,Cilt Bakım Bileşeni,"polyquaternium-16, kozmetik formülasyonlarda kullanılan yardımcı bileşen; ürünün doku, stabilite veya uygulama özelliklerine katkıda bulunur.",neutral,,neutral,,neutral,,neutral,,neutral,,neutral,,neutral,,,,
Polyquaternium-22,polyquaternium22,0,0,0,0,0,0,0,,,top1000,58,Skincare Ingredient,Cilt Bakım Bileşeni,"polyquaternium-22, kozmetik formülasyonlarda kullanılan yardımcı bileşen; ürünün doku, stabilite veya uygulama özelliklerine katkıda bulunur.",neutral,,neutral,,neutral,,neutral,,neutral,,neutral,,neutral,,,,
Polyquaternium-37,polyquaternium37,0,0,0,0,0,0,0,,,top1000,71,Skincare Ingredient,Cilt Bakım Bileşeni,"polyquaternium-37, kozmetik formülasyonlarda kullanılan yardımcı bileşen; ürünün doku, stabilite veya uygulama özelliklerine katkıda bulunur.",neutral,,neutral,,neutral,,neutral,,neutral,,neutral,,neutral,,,,
Polyquaternium-39,polyquaternium39,0,0,0,0,0,0,0,,,top1000,38,Skincare Ingredient,Cilt Bakım Bileşeni,"polyquaternium-39, kozmetik formülasyonlarda kullanılan yardımcı bileşen; ürünün doku, stabilite veya uygulama özelliklerine katkıda bulunur.",neutral,,neutral,,neutral,,neutral,,neutral,,neutral,,neutral,,,,
Polyquaternium-51,polyquaternium51,2,0,0,0,2,1,0,Dry and dehydrated skin|Impaired skin barrier|Anyone,,manual_v2,0,Humectant,Nemlendirici (Lipidure),"Hücre zarı yapısını taklit eden biyomimetik polimer; cildin doğal fosfolipitlerine benzer yapısıyla yoğun nemlendirme sağlar, bariyer fonksiyonunu destekler ve tahriş eşiğini yükseltir.",beneficial,Hücre zarı yapısını taklit eden biyomimetik polimer; cildin doğal fosfolipitlerine benzer yapısıyla yoğun nemlendirme sa,neutral,,neutral,,neutral,,beneficial,Hücre zarı yapısını taklit eden biyomimetik polimer; cildin doğal fosfolipitlerine benzer yapısıyla yoğun nemlendirme sa,neutral,,neutral,,,,
Polyquaternium-6,polyquaternium6,0,0,0,0,0,0,0,,,top1000,51,Skincare Ingredient,Cilt Bakım Bileşeni,"polyquaternium-6, kozmetik formülasyonlarda kullanılan yardımcı bileşen; ürünün doku, stabilite veya uygulama özelliklerine katkıda bulunur.",neutral,,neutral,,neutral,,neutral,,neutral,,neutral,,neutral,,,,
Polyquaternium-67,polyquaternium67,1,0,0,0,0,0,0,,,manual_v2,0,Skincare Ingredient,Film Oluşturucu / Nemlendirici,"Katyonik polimer; ciltte ince ve esnek bir film oluşturarak nem kaybını önler, pürüzsüz bir yüzey sağlar ve diğer aktif bileşenlerin ciltte kalma süresini uzatır.",neutral,,neutral,,neutral,,neutral,,neutral,,neutral,,neutral,,,,
Polyquaternium-7,polyquaternium7,0,0,0,0,0,0,0,,,top1000,621,Skincare Ingredient,Cilt Bakım Bileşeni,"polyquaternium-7, kozmetik formülasyonlarda kullanılan yardımcı bileşen; ürünün doku, stabilite veya uygulama özelliklerine katkıda bulunur.",neutral,,neutral,,neutral,,neutral,,neutral,,neutral,,neutral,,,,
Polysorbate 20,polysorbate20,0,0,0,0,0,0,0,,,top1000,511,Skincare Ingredient,Emülgatör,"polysorbate 20, yağ ve su fazlarını stabil bir şekilde bir arada tutan emülgatör; formülasyonun homojen yapısını korur ve kremsi doku oluşturur.",neutral,,neutral,,neutral,,neutral,,neutral,,neutral,,neutral,,,,
Polysorbate 60,polysorbate60,0,0,0,0,0,0,0,,,top1000,174,Skincare Ingredient,Emülgatör,"polysorbate 60, yağ ve su fazlarını stabil bir şekilde bir arada tutan emülgatör; formülasyonun homojen yapısını korur ve kremsi doku oluşturur.",neutral,,neutral,,neutral,,neutral,,neutral,,neutral,,neutral,,,,
Polysorbate 80,polysorbate80,0,0,0,0,0,0,0,,,top1000,159,Skincare Ingredient,Emülgatör,"polysorbate 80, yağ ve su fazlarını stabil bir şekilde bir arada tutan emülgatör; formülasyonun homojen yapısını korur ve kremsi doku oluşturur.",neutral,,neutral,,neutral,,neutral,,neutral,,neutral,,neutral,,,,
Polyvinyl Alcohol,polyvinylalcohol,0,0,0,0,0,0,0,,,top1000,34,Skincare Ingredient,Cilt Bakım Bileşeni,"polyvinyl alcohol, kozmetik formülasyonlarda kullanılan yardımcı bileşen; ürünün doku, stabilite veya uygulama özelliklerine katkıda bulunur.",neutral,,neutral,,neutral,,neutral,,neutral,,neutral,,neutral,,,,
Potassium Alum,potassiumalum,0,0,0,0,0,0,0,,,top1000,56,Mineral,Mineral,"potassium alum, mineral bazlı bileşen; formülasyonun fiziksel özelliklerine katkıda bulunur veya ciltte koruyucu/düzenleyici etki gösterir.",neutral,,neutral,,neutral,,neutral,,neutral,,neutral,,neutral,,,,
Potassium Cetyl Phosphate,potassiumcetylphosphate,0,0,0,0,0,0,0,,,top1000,249,Mineral,Mineral,"potassium cetyl phosphate, mineral bazlı bileşen; formülasyonun fiziksel özelliklerine katkıda bulunur veya ciltte koruyucu/düzenleyici etki gösterir.",neutral,,neutral,,neutral,,neutral,,neutral,,neutral,,neutral,,,,
Potassium Chloride,potassiumchloride,0,0,0,0,0,0,0,,,top1000,45,Mineral,Mineral,"potassium chloride, mineral bazlı bileşen; formülasyonun fiziksel özelliklerine katkıda bulunur veya ciltte koruyucu/düzenleyici etki gösterir.",neutral,,neutral,,neutral,,neutral,,neutral,,neutral,,neutral,,,,
Potassium Citrate,potassiumcitrate,0,0,0,0,0,0,0,,,top1000,61,Mineral,Mineral,"potassium citrate, mineral bazlı bileşen; formülasyonun fiziksel özelliklerine katkıda bulunur veya ciltte koruyucu/düzenleyici etki gösterir.",neutral,,neutral,,neutral,,neutral,,neutral,,neutral,,neutral,,,,
Potassium Cocoate,potassiumcocoate,0,0,0,0,0,0,0,,,top1000,66,Mineral,Mineral,"potassium cocoate, mineral bazlı bileşen; formülasyonun fiziksel özelliklerine katkıda bulunur veya ciltte koruyucu/düzenleyici etki gösterir.",neutral,,neutral,,neutral,,neutral,,neutral,,neutral,,neutral,,,,
Potassium Hydroxide,potassiumhydroxide,0,0,0,0,0,0,0,,,top1000,288,Mineral,Mineral,"potassium hydroxide, mineral bazlı bileşen; formülasyonun fiziksel özelliklerine katkıda bulunur veya ciltte koruyucu/düzenleyici etki gösterir.",neutral,,neutral,,neutral,,neutral,,neutral,,neutral,,neutral,,,,
Potassium Lactate,potassiumlactate,0,0,0,0,0,0,0,,,top1000,46,Mineral,Mineral,"potassium lactate, mineral bazlı bileşen; formülasyonun fiziksel özelliklerine katkıda bulunur veya ciltte koruyucu/düzenleyici etki gösterir.",neutral,,neutral,,neutral,,neutral,,neutral,,neutral,,neutral,,,,
Potassium Nitrate,potassiumnitrate,0,0,0,0,0,0,0,,,top1000,53,Mineral,Mineral,"potassium nitrate, mineral bazlı bileşen; formülasyonun fiziksel özelliklerine katkıda bulunur veya ciltte koruyucu/düzenleyici etki gösterir.",neutral,,neutral,,neutral,,neutral,,neutral,,neutral,,neutral,,,,
Potassium Olivate,potassiumolivate,0,0,0,0,0,0,0,,,top1000,44,Mineral,Mineral,"potassium olivate, mineral bazlı bileşen; formülasyonun fiziksel özelliklerine katkıda bulunur veya ciltte koruyucu/düzenleyici etki gösterir.",neutral,,neutral,,neutral,,neutral,,neutral,,neutral,,neutral,,,,
Potassium Phosphate,potassiumphosphate,0,0,0,0,0,0,0,,,top1000,65,Mineral,Mineral,"potassium phosphate, mineral bazlı bileşen; formülasyonun fiziksel özelliklerine katkıda bulunur veya ciltte koruyucu/düzenleyici etki gösterir.",neutral,,neutral,,neutral,,neutral,,neutral,,neutral,,neutral,,,,
Potassium Sorbate,potassiumsorbate,0,0,0,0,0,0,0,,,manual_v2,109,Preservative,Koruyucu,"Sorbik asidin potasyum tuzu; özellikle düşük pH'lı formülasyonlarda maya ve küf oluşumunu engelleyen nazik koruyucu, doğal kozmetik ürünlerinde sıkça tercih edilir.",neutral,,neutral,,neutral,,neutral,,neutral,,neutral,,neutral,,,,
Ppg-1-Peg-9 Lauryl Glycol Ether,ppg1peg9laurylglycolether,0,0,0,0,-1,0,0,,Sensitive|Impaired skin barrier,top1000,30,Skincare Ingredient,Emülgatör / Çözücü (PEG),"ppg-1-peg-9 lauryl glycol ether, polietilen glikol türevi emülgatör veya çözücü; formülasyonda bileşenlerin karışmasını ve ciltte düzgün dağılmasını sağlar, bariyer hasarı olan ciltlerde penetrasyonu artırabileceği için dikkat gerektirir.",neutral,,neutral,,neutral,,neutral,,caution,"Hassas ciltte tahriş ve kızarıklık yapabilir, dikkatli kullanılmalı",neutral,,neutral,,,,
Ppg-12,ppg12,0,0,0,0,0,0,0,,,top1000,46,Skincare Ingredient,Cilt Bakım Bileşeni,"ppg-12, kozmetik formülasyonlarda kullanılan yardımcı bileşen; ürünün doku, stabilite veya uygulama özelliklerine katkıda bulunur.",neutral,,neutral,,neutral,,neutral,,neutral,,neutral,,neutral,,,,
Ppg-14 Butyl Ether,ppg14butylether,0,0,0,0,0,0,0,,,top1000,164,Skincare Ingredient,Cilt Bakım Bileşeni,"ppg-14 butyl ether, kozmetik formülasyonlarda kullanılan yardımcı bileşen; ürünün doku, stabilite veya uygulama özelliklerine katkıda bulunur.",neutral,,neutral,,neutral,,neutral,,neutral,,neutral,,neutral,,,,
Ppg-15 Stearyl Ether,ppg15stearylether,0,0,0,0,0,0,0,,,top1000,123,Skincare Ingredient,Cilt Bakım Bileşeni,"ppg-15 stearyl ether, kozmetik formülasyonlarda kullanılan yardımcı bileşen; ürünün doku, stabilite veya uygulama özelliklerine katkıda bulunur.",neutral,,neutral,,neutral,,neutral,,neutral,,neutral,,neutral,,,,
Ppg-2 Hydroxyethyl Cocamide,ppg2hydroxyethylcocamide,0,0,0,0,0,0,0,Anyone,,top1000,44,Surfactant,Yüzey Aktif Madde (Nazik),"ppg-2 hydroxyethyl cocamide, nazik temizleyici yüzey aktif madde; cildi fazla kurutmadan etkili temizlik sağlar ve hassas cilt formülasyonlarında tercih edilir.",neutral,,neutral,,neutral,,neutral,,neutral,,neutral,,neutral,,,,
Ppg-26-Buteth-26,ppg26buteth26,0,0,0,0,0,0,0,,,top1000,65,Skincare Ingredient,Cilt Bakım Bileşeni,"ppg-26-buteth-26, kozmetik formülasyonlarda kullanılan yardımcı bileşen; ürünün doku, stabilite veya uygulama özelliklerine katkıda bulunur.",neutral,,neutral,,neutral,,neutral,,neutral,,neutral,,neutral,,,,
Ppg-5-Ceteth-20,ppg5ceteth20,0,0,0,0,0,0,0,,,top1000,207,Skincare Ingredient,Cilt Bakım Bileşeni,"ppg-5-ceteth-20, kozmetik formülasyonlarda kullanılan yardımcı bileşen; ürünün doku, stabilite veya uygulama özelliklerine katkıda bulunur.",neutral,,neutral,,neutral,,neutral,,neutral,,neutral,,neutral,,,,
Ppg-6,ppg6,0,0,0,0,0,0,0,,,top1000,80,Skincare Ingredient,Cilt Bakım Bileşeni,"ppg-6, kozmetik formülasyonlarda kullanılan yardımcı bileşen; ürünün doku, stabilite veya uygulama özelliklerine katkıda bulunur.",neutral,,neutral,,neutral,,neutral,,neutral,,neutral,,neutral,,,,
Ppg-9,ppg9,0,0,0,0,0,0,0,,,top1000,75,Skincare Ingredient,Cilt Bakım Bileşeni,"ppg-9, kozmetik formülasyonlarda kullanılan yardımcı bileşen; ürünün doku, stabilite veya uygulama özelliklerine katkıda bulunur.",neutral,,neutral,,neutral,,neutral,,neutral,,neutral,,neutral,,,,
Proline,proline,1,0,0,0,0,0,0,Dry and dehydrated skin,,top1000,47,Skincare Ingredient,Amino Asit / Protein,"proline, cildin yapısal proteinlerini ve doğal nem faktörünü destekleyen amino asit veya protein bileşeni; nem tutmaya ve bariyer fonksiyonuna katkıda bulunur.",neutral,,neutral,,neutral,,neutral,,neutral,,neutral,,neutral,,,,
Propane,propane,0,0,0,0,0,0,0,,,top1000,529,Skincare Ingredient,Cilt Bakım Bileşeni,"propane, kozmetik formülasyonlarda kullanılan yardımcı bileşen; ürünün doku, stabilite veya uygulama özelliklerine katkıda bulunur.",neutral,,neutral,,neutral,,neutral,,neutral,,neutral,,neutral,,,,
Propanediol,propanediol,2,0,0,0,1,0,0,Dry and dehydrated skin|Anyone,,manual_v2,511,Humectant,Nemlendirici / Çözücü,Mısırdan elde edilen bitkisel bazlı nemlendirici; propylene glycol'ün daha nazik alternatifi olarak cildi nemlendirir ve bileşenlerin emilimini kolaylaştırır.,beneficial,Mısırdan elde edilen bitkisel bazlı nemlendirici; propylene glycol'ün daha nazik alternatifi olarak cildi nemlendirir ve,neutral,,neutral,,neutral,,neutral,,neutral,,neutral,,,,
Propylene Carbonate,propylenecarbonate,1,0,0,0,0,0,0,,,top1000,255,Skincare Ingredient,Cilt Bakım Bileşeni,"propylene carbonate, kozmetik formülasyonlarda kullanılan yardımcı bileşen; ürünün doku, stabilite veya uygulama özelliklerine katkıda bulunur.",neutral,,neutral,,neutral,,neutral,,neutral,,neutral,,neutral,,,,
Propylene Glycol,propyleneglycol,2,0,0,0,-1,0,0,Dry and dehydrated skin,Sensitive,manual_v2,2271,Humectant,Nemlendirici / Emilim Artırıcı,"Hafif nemlendirici ve penetrasyon artırıcı; diğer aktif bileşenlerin cilde daha iyi nüfuz etmesine yardımcı olur, çok hassas ciltlerde nadiren tahriş yapabilir.",beneficial,"Hafif nemlendirici ve penetrasyon artırıcı; diğer aktif bileşenlerin cilde daha iyi nüfuz etmesine yardımcı olur, çok ha",neutral,,neutral,,neutral,,caution,"Hassas ciltte tahriş ve kızarıklık yapabilir, dikkatli kullanılmalı",neutral,,neutral,,,,
Propylene Glycol Dicaprylate/Dicaprate,propyleneglycoldicaprylatedicaprate,1,0,0,0,0,0,0,Texture,,top1000,34,Emollient,Yumuşatıcı Ester,"propylene glycol dicaprylate/dicaprate, yağ asidi esteri; cildi yumuşatır, formülasyona hafif ve pürüzsüz bir doku kazandırır.",neutral,,neutral,,neutral,,neutral,,neutral,,neutral,,neutral,,,,
Propylheptyl Caprylate,propylheptylcaprylate,1,0,0,0,0,0,0,Texture,,top1000,48,Emollient,Yumuşatıcı Ester,"propylheptyl caprylate, yağ asidi esteri; cildi yumuşatır, formülasyona hafif ve pürüzsüz bir doku kazandırır.",neutral,,neutral,,neutral,,neutral,,neutral,,neutral,,neutral,,,,
Propylparaben,propylparaben,0,0,0,0,-1,0,-1,,Sensitive|Pregnancy,top1000,325,Preservative,Koruyucu,"propylparaben, formülasyonu mikrobiyal kontaminasyondan koruyan koruyucu madde; ürünün güvenli raf ömrünü sağlar.",neutral,,neutral,,neutral,,neutral,,caution,"Hassas ciltte tahriş ve kızarıklık yapabilir, dikkatli kullanılmalı",neutral,,caution,"Hamilelikte kullanımı önerilmez, doktorunuza danışın",,,
Propylène Glycol,propylneglycol,2,0,0,0,0,0,0,Dry and dehydrated skin,,top1000,37,Humectant,Nemlendirici,"propylène glycol, nemlendirici özellikli bileşen; ciltte nem tutarak hidrasyonu artırır ve kuruluğa bağlı gerginlik hissini azaltır.",beneficial,"propylène glycol, nemlendirici özellikli bileşen; ciltte nem tutarak hidrasyonu artırır ve kuruluğa bağlı gerginlik hiss",neutral,,neutral,,neutral,,neutral,,neutral,,neutral,,,,
Prunus Amygdalus Dulcis (Sweet Almond) Oil,prunusamygdalusdulcissweetalmondoil,2,-1,0,1,0,1,0,,,top1000,156,Skincare Ingredient,Cilt Bakım Bileşeni,"prunus amygdalus dulcis (sweet almond) oil, kozmetik formülasyonlarda kullanılan yardımcı bileşen; ürünün doku, stabilite veya uygulama özelliklerine katkıda bulunur.",beneficial,Kuru cilt için faydalı bileşen,caution,Gözenekleri tıkayabilir veya yağlanmayı artırabilir,neutral,,neutral,,neutral,,neutral,,neutral,,,,
Prunus Amygdalus Dulcis Oil,prunusamygdalusdulcisoil,0,0,0,0,0,0,0,,,top1000,366,Skincare Ingredient,Cilt Bakım Bileşeni,"prunus amygdalus dulcis oil, kozmetik formülasyonlarda kullanılan yardımcı bileşen; ürünün doku, stabilite veya uygulama özelliklerine katkıda bulunur.",neutral,,neutral,,neutral,,neutral,,neutral,,neutral,,neutral,,,,
Prunus Amygdalus Dulcis Seed Extract,prunusamygdalusdulcisseedextract,1,0,0,0,0,0,0,,,top1000,30,Botanical Extract,Bitkisel Ekstrakt,"prunus amygdalus dulcis seed extract, bitkisel kaynaklı aktif ekstrakt; antioksidan, yatıştırıcı veya besleyici özellikler taşıyabilir ve formülasyona doğal etkinlik katar.",neutral,,neutral,,neutral,,neutral,,neutral,,neutral,,neutral,,,,
Prunus Armeniaca (Apricot) Juice,prunusarmeniacaapricotjuice,1,0,0,0,0,0,0,Radiance,,manual_v2,0,Botanical Extract,Bitkisel Ekstrakt (Kayısı),"Kayısı meyvesinin sıkılmış suyu; A ve C vitaminleri bakımından zengin, cildi besler, nemlendirir ve doğal parlaklık kazandırır.",neutral,,neutral,,neutral,,neutral,,neutral,,neutral,,neutral,,,,
Prunus Armeniaca (Apricot) Kernel Oil,prunusarmeniacaapricotkerneloil,2,-1,0,1,0,1,0,Dry and dehydrated skin,Oily,top1000,42,Oil / Lipid,Bitkisel Yağ,"prunus armeniaca (apricot) kernel oil, esansiyel yağ asitleri ve vitaminler bakımından zengin bitkisel yağ; cildi besler, nem bariyerini güçlendirir ve yumuşatıcı etki sağlar.",beneficial,"prunus armeniaca (apricot) kernel oil, esansiyel yağ asitleri ve vitaminler bakımından zengin bitkisel yağ; cildi besler",caution,Gözenekleri tıkayabilir veya yağlanmayı artırabilir,neutral,,neutral,,neutral,,neutral,,neutral,,,,
Prunus Armeniaca Kernel Oil,prunusarmeniacakerneloil,2,-1,0,1,0,1,0,Dry and dehydrated skin,Oily,top1000,64,Oil / Lipid,Bitkisel Yağ,"prunus armeniaca kernel oil, esansiyel yağ asitleri ve vitaminler bakımından zengin bitkisel yağ; cildi besler, nem bariyerini güçlendirir ve yumuşatıcı etki sağlar.",beneficial,"prunus armeniaca kernel oil, esansiyel yağ asitleri ve vitaminler bakımından zengin bitkisel yağ; cildi besler, nem bari",caution,Gözenekleri tıkayabilir veya yağlanmayı artırabilir,neutral,,neutral,,neutral,,neutral,,neutral,,,,
Punica Granatum Fruit Extract,punicagranatumfruitextract,1,0,0,0,0,0,0,,,top1000,31,Botanical Extract,Bitkisel Ekstrakt,"punica granatum fruit extract, bitkisel kaynaklı aktif ekstrakt; antioksidan, yatıştırıcı veya besleyici özellikler taşıyabilir ve formülasyona doğal etkinlik katar.",neutral,,neutral,,neutral,,neutral,,neutral,,neutral,,neutral,,,,
Punica Granatum Pericarp Extract,punicagranatumpericarpextract,0,0,0,1,0,2,0,Fine Lines|Radiance|Elasticity,,manual_v2,0,Botanical Extract,Bitkisel Ekstrakt (Nar Kabuğu),"Nar kabuğundan elde edilen elagik asit ve punikalagin bakımından zengin ekstrakt; güçlü antioksidan ve anti-inflamatuar etki gösterir, kolajen yıkımını yavaşlatır ve cildin elastikiyetini korur.",neutral,,neutral,,neutral,,neutral,,neutral,,beneficial,Nar kabuğundan elde edilen elagik asit ve punikalagin bakımından zengin ekstrakt; güçlü antioksidan ve anti-inflamatuar ,neutral,,,,
Punica Granatum Seed Extract,punicagranatumseedextract,1,0,0,1,0,2,0,Fine Lines|Radiance|Elasticity,,manual_v2,0,Botanical Extract,Bitkisel Ekstrakt (Nar Tohumu),"Nar tohumundan elde edilen punicik asit bakımından zengin ekstrakt; güçlü anti-inflamatuar ve antioksidan etki gösterir, hücre yenilenmesini destekler ve cildin elastikiyetini artırır.",neutral,,neutral,,neutral,,neutral,,neutral,,beneficial,"Nar tohumundan elde edilen punicik asit bakımından zengin ekstrakt; güçlü anti-inflamatuar ve antioksidan etki gösterir,",neutral,,,,
Purified Water,purifiedwater,0,0,0,0,0,0,0,,,top1000,86,Skincare Ingredient,Cilt Bakım Bileşeni,"purified water, kozmetik formülasyonlarda kullanılan yardımcı bileşen; ürünün doku, stabilite veya uygulama özelliklerine katkıda bulunur.",neutral,,neutral,,neutral,,neutral,,neutral,,neutral,,neutral,,,,
Pvm/Ma Copolymer,pvmmacopolymer,0,0,0,0,0,0,0,,,top1000,47,Skincare Ingredient,Kıvam Artırıcı / Stabilizatör,"pvm/ma copolymer, formülasyona kıvam ve stabilite kazandıran polimer; ürünün dokusunu iyileştirir ve bileşenlerin homojen dağılmasını sağlar.",neutral,,neutral,,neutral,,neutral,,neutral,,neutral,,neutral,,,,
Pvp,pvp,0,0,0,0,0,0,0,,,top1000,124,Skincare Ingredient,Cilt Bakım Bileşeni,"pvp, kozmetik formülasyonlarda kullanılan yardımcı bileşen; ürünün doku, stabilite veya uygulama özelliklerine katkıda bulunur.",neutral,,neutral,,neutral,,neutral,,neutral,,neutral,,neutral,,,,
Pyridoxine Hci,pyridoxinehci,0,0,0,0,0,0,0,,,top1000,40,Skincare Ingredient,Cilt Bakım Bileşeni,"pyridoxine hci, kozmetik formülasyonlarda kullanılan yardımcı bileşen; ürünün doku, stabilite veya uygulama özelliklerine katkıda bulunur.",neutral,,neutral,,neutral,,neutral,,neutral,,neutral,,neutral,,,,
Pyrus Malus (Apple) Fruit Extract,pyrusmalusapplefruitextract,0,0,0,0,0,1,0,Radiance,,manual_v2,0,Botanical Extract,Bitkisel Ekstrakt (Elma),"Elma meyvesinden elde edilen polifenol ve malik asit bakımından zengin ekstrakt; antioksidan koruma sağlar, hafif peeling etkisi gösterebilir ve cildin parlaklığını artırır.",neutral,,neutral,,neutral,,neutral,,neutral,,neutral,,neutral,,,,
Quaternium-80,quaternium80,0,0,0,0,0,0,0,,,top1000,55,Skincare Ingredient,Cilt Bakım Bileşeni,"quaternium-80, kozmetik formülasyonlarda kullanılan yardımcı bileşen; ürünün doku, stabilite veya uygulama özelliklerine katkıda bulunur.",neutral,,neutral,,neutral,,neutral,,neutral,,neutral,,neutral,,,,
Quaternium-90 Bentonite,quaternium90bentonite,0,1,0,0,0,0,0,,,manual_v2,0,Skincare Ingredient,Kıvam Artırıcı / Stabilizatör,"Modifiye bentonit kili; yağ bazlı formülasyonlarda kıvam artırıcı ve stabilizatör olarak çalışır, pigmentlerin homojen dağılmasını sağlar.",neutral,,neutral,,neutral,,neutral,,neutral,,neutral,,neutral,,,,
RED 4 (CI 14700),red4ci14700,0,0,0,0,0,0,0,,,manual_v2,0,Skincare Ingredient,Renklendirici,"Sentetik kırmızı renklendirici pigment; ürüne görsel çekicilik kazandırmak için kullanılır, cilt bakım faydası yoktur.",neutral,,neutral,,neutral,,neutral,,neutral,,neutral,,neutral,,,,
Red 33 (Ci 17200),red33ci17200,0,0,0,0,0,0,0,,,top1000,36,Skincare Ingredient,Renklendirici,"red 33 (ci 17200), formülasyona renk veren kozmetik pigment; ürünün görsel çekiciliğini artırır, cilt bakım faydası yoktur.",neutral,,neutral,,neutral,,neutral,,neutral,,neutral,,neutral,,,,
Resorcinol,resorcinol,0,0,0,0,0,0,0,,,top1000,73,Skincare Ingredient,Cilt Bakım Bileşeni,"resorcinol, kozmetik formülasyonlarda kullanılan yardımcı bileşen; ürünün doku, stabilite veya uygulama özelliklerine katkıda bulunur.",neutral,,neutral,,neutral,,neutral,,neutral,,neutral,,neutral,,,,
Resveratrol,resveratrol,0,0,0,1,1,2,0,Fine Lines|Radiance|Redness,,manual_v2,0,Antioxidant,Antioksidan,Üzüm kabuğu ve kırmızı şarapta bulunan güçlü polifenol; antioksidan ve anti-inflamatuar etkileriyle hücreleri çevresel hasara karşı korur ve yaşlanma belirtilerini geciktirmeye yardımcı olur.,neutral,,neutral,,neutral,,neutral,,neutral,,beneficial,Üzüm kabuğu ve kırmızı şarapta bulunan güçlü polifenol; antioksidan ve anti-inflamatuar etkileriyle hücreleri çevresel h,neutral,,,,
Retinol,retinol,0,2,1,1,-2,4,-2,Fine Lines|Wrinkles|Acne|Pigmentation|Texture,Sensitive|Pregnancy,manual_v2,34,Retinoid,Retinoid (A Vitamini),"Altın standart anti-aging aktifi; hücre yenilenmesini hızlandırır, kolajen üretimini artırır, ince çizgi ve kırışıklıkları azaltır, cilt tonunu eşitler, ancak başlangıçta tahriş ve soyulma yapabilir.",neutral,,beneficial,"Altın standart anti-aging aktifi; hücre yenilenmesini hızlandırır, kolajen üretimini artırır, ince çizgi ve kırışıklıkla",neutral,,neutral,,caution,"Hassas ciltte tahriş ve kızarıklık yapabilir, dikkatli kullanılmalı",beneficial,"Altın standart anti-aging aktifi; hücre yenilenmesini hızlandırır, kolajen üretimini artırır, ince çizgi ve kırışıklıkla",caution,"Hamilelikte kullanımı önerilmez, doktorunuza danışın",,,
Retinyl Palmitate,retinylpalmitate,0,1,1,1,0,2,-2,Fine Lines|Wrinkles|Texture,Pregnancy,manual_v2,123,Retinoid,Retinoid (Hafif A Vitamini),"Retinolün daha nazik esterleri; ciltte retinole dönüşerek benzer ama daha yumuşak anti-aging etki gösterir, retinol hassasiyeti yaşayanlar için iyi bir başlangıç noktasıdır.",neutral,,neutral,,neutral,,neutral,,neutral,,beneficial,"Retinolün daha nazik esterleri; ciltte retinole dönüşerek benzer ama daha yumuşak anti-aging etki gösterir, retinol hass",caution,"Hamilelikte kullanımı önerilmez, doktorunuza danışın",,,
Rhamnose,rhamnose,1,0,0,0,1,3,0,Fine Lines|Wrinkles|Elasticity,,manual_v2,48,Skincare Ingredient,Anti-aging Şeker,"Bitkisel kaynaklı deoksi şeker; dermatolojik çalışmalarda cildin kendini yenileme sürecini hızlandırdığı ve dermis kalınlığını artırdığı gösterilmiştir, anti-aging formülasyonlarda değerli bir aktiftir.",neutral,,neutral,,neutral,,neutral,,neutral,,beneficial,Bitkisel kaynaklı deoksi şeker; dermatolojik çalışmalarda cildin kendini yenileme sürecini hızlandırdığı ve dermis kalın,neutral,,,,
Rhus Succedanea Fruit Wax,rhussuccedaneafruitwax,1,0,0,0,0,0,0,,,manual_v2,0,Emollient,Bitkisel Vaks (Japon Mumu),"Japon mum ağacının meyvesinden elde edilen doğal vaks; ciltte koruyucu ve yumuşatıcı tabaka oluşturur, formülasyona zengin kıvam kazandırır ve nem kaybını önler.",neutral,,neutral,,neutral,,neutral,,neutral,,neutral,,neutral,,,,
Rice Amino Acids,riceaminoacids,1,0,0,0,0,0,0,Dry and dehydrated skin,,manual_v2,0,Skincare Ingredient,Amino Asit (Pirinç Türevi),"Pirinçten elde edilen amino asit karışımı; cildin doğal nem faktörünü (NMF) takviye eder, nemlendirme sağlar ve bariyer fonksiyonunu destekler.",neutral,,neutral,,neutral,,neutral,,neutral,,neutral,,neutral,,,,
Rice SH-Oligopeptide-1,ricesholigopeptide1,0,0,0,0,0,2,0,Fine Lines|Wrinkles,,manual_v2,0,Peptide,Peptit (Pirinç Türevi),"Pirinçten elde edilen büyüme faktörü benzeri oligopeptit; hücre yenilenmesini uyarır, cilt onarımını destekler ve yaşlanma karşıtı formülasyonlarda kullanılır.",neutral,,neutral,,neutral,,neutral,,neutral,,beneficial,"Pirinçten elde edilen büyüme faktörü benzeri oligopeptit; hücre yenilenmesini uyarır, cilt onarımını destekler ve yaşlan",neutral,,,,
Ricinus Communis (Castor) Seed Oil,ricinuscommuniscastorseedoil,2,-1,0,1,0,1,0,Dry and dehydrated skin,Oily,top1000,95,Oil / Lipid,Bitkisel Yağ,"ricinus communis (castor) seed oil, esansiyel yağ asitleri ve vitaminler bakımından zengin bitkisel yağ; cildi besler, nem bariyerini güçlendirir ve yumuşatıcı etki sağlar.",beneficial,"ricinus communis (castor) seed oil, esansiyel yağ asitleri ve vitaminler bakımından zengin bitkisel yağ; cildi besler, n",caution,Gözenekleri tıkayabilir veya yağlanmayı artırabilir,neutral,,neutral,,neutral,,neutral,,neutral,,,,
Ricinus Communis Seed Oil,ricinuscommunisseedoil,2,-1,0,1,0,1,0,Dry and dehydrated skin,Oily,top1000,141,Oil / Lipid,Bitkisel Yağ,"ricinus communis seed oil, esansiyel yağ asitleri ve vitaminler bakımından zengin bitkisel yağ; cildi besler, nem bariyerini güçlendirir ve yumuşatıcı etki sağlar.",beneficial,"ricinus communis seed oil, esansiyel yağ asitleri ve vitaminler bakımından zengin bitkisel yağ; cildi besler, nem bariye",caution,Gözenekleri tıkayabilir veya yağlanmayı artırabilir,neutral,,neutral,,neutral,,neutral,,neutral,,,,
Rosa Canina Fruit Extract,rosacaninafruitextract,1,0,0,1,0,2,0,Radiance|Pigmentation|Fine Lines,,manual_v2,0,Botanical Extract,Bitkisel Ekstrakt (Kuşburnu),"Kuşburnu meyvesinden elde edilen C vitamini ve karatenoid bakımından zengin ekstrakt; cilt tonunu aydınlatır, antioksidan koruma sağlar ve cildin yenilenme sürecini destekler.",neutral,,neutral,,neutral,,neutral,,neutral,,beneficial,"Kuşburnu meyvesinden elde edilen C vitamini ve karatenoid bakımından zengin ekstrakt; cilt tonunu aydınlatır, antioksida",neutral,,,,
Rosa Canina Fruit Oil,rosacaninafruitoil,2,-1,0,1,0,1,0,Dry and dehydrated skin,Oily,top1000,87,Oil / Lipid,Bitkisel Yağ,"rosa canina fruit oil, esansiyel yağ asitleri ve vitaminler bakımından zengin bitkisel yağ; cildi besler, nem bariyerini güçlendirir ve yumuşatıcı etki sağlar.",beneficial,"rosa canina fruit oil, esansiyel yağ asitleri ve vitaminler bakımından zengin bitkisel yağ; cildi besler, nem bariyerini",caution,Gözenekleri tıkayabilir veya yağlanmayı artırabilir,neutral,,neutral,,neutral,,neutral,,neutral,,,,
Rosa Damascena Flower Water,rosadamascenaflowerwater,1,0,0,0,0,0,0,,,top1000,39,Botanical Extract,Bitkisel Ekstrakt,"rosa damascena flower water, bitkisel kaynaklı aktif ekstrakt; antioksidan, yatıştırıcı veya besleyici özellikler taşıyabilir ve formülasyona doğal etkinlik katar.",neutral,,neutral,,neutral,,neutral,,neutral,,neutral,,neutral,,,,
Rosehip Oil,rosehipoil,2,0,0,1,0,2,0,Dry and dehydrated skin|Fine Lines|Pigmentation|Radiance,,manual_v2,0,Oil / Lipid,Bitkisel Yağ (Kuşburnu),"A vitamini (retinol) ve esansiyel yağ asitleri bakımından zengin kuşburnu yağı; cilt tonunu aydınlatır, hücre yenilenmesini destekler, iz ve leke görünümünü azaltır.",beneficial,"A vitamini (retinol) ve esansiyel yağ asitleri bakımından zengin kuşburnu yağı; cilt tonunu aydınlatır, hücre yenilenmes",neutral,,neutral,,neutral,,neutral,,beneficial,"A vitamini (retinol) ve esansiyel yağ asitleri bakımından zengin kuşburnu yağı; cilt tonunu aydınlatır, hücre yenilenmes",neutral,,,,
Rosmarinus Officinalis (Rosemary) Leaf Extract,rosmarinusofficinalisrosemaryleafextract,1,0,0,0,0,0,0,,,top1000,78,Botanical Extract,Bitkisel Ekstrakt,"rosmarinus officinalis (rosemary) leaf extract, bitkisel kaynaklı aktif ekstrakt; antioksidan, yatıştırıcı veya besleyici özellikler taşıyabilir ve formülasyona doğal etkinlik katar.",neutral,,neutral,,neutral,,neutral,,neutral,,neutral,,neutral,,,,
Rosmarinus Officinalis (Rosemary) Leaf Oil,rosmarinusofficinalisrosemaryleafoil,1,0,0,0,0,0,0,,,top1000,40,Botanical Extract,Bitkisel Ekstrakt,"rosmarinus officinalis (rosemary) leaf oil, bitkisel kaynaklı aktif ekstrakt; antioksidan, yatıştırıcı veya besleyici özellikler taşıyabilir ve formülasyona doğal etkinlik katar.",neutral,,neutral,,neutral,,neutral,,neutral,,neutral,,neutral,,,,
Rosmarinus Officinalis Leaf Extract,rosmarinusofficinalisleafextract,1,0,0,0,0,0,0,,,top1000,100,Botanical Extract,Bitkisel Ekstrakt,"rosmarinus officinalis leaf extract, bitkisel kaynaklı aktif ekstrakt; antioksidan, yatıştırıcı veya besleyici özellikler taşıyabilir ve formülasyona doğal etkinlik katar.",neutral,,neutral,,neutral,,neutral,,neutral,,neutral,,neutral,,,,
Rosmarinus Officinalis Leaf Oil,rosmarinusofficinalisleafoil,1,0,0,0,0,0,0,,,top1000,37,Botanical Extract,Bitkisel Ekstrakt,"rosmarinus officinalis leaf oil, bitkisel kaynaklı aktif ekstrakt; antioksidan, yatıştırıcı veya besleyici özellikler taşıyabilir ve formülasyona doğal etkinlik katar.",neutral,,neutral,,neutral,,neutral,,neutral,,neutral,,neutral,,,,
Saccharide Isomerate,saccharideisomerate,3,0,1,1,1,1,0,Dry and dehydrated skin|Anyone,,manual_v2,0,Humectant,Nemlendirici (Pentavitin),"Cildin doğal karbonhidrat yapısına bağlanan patentli nemlendirici; 72 saate kadar kesintisiz nemlendirme sağladığı klinik çalışmalarla gösterilmiş, yıkansa bile ciltte kalır.",beneficial,Cildin doğal karbonhidrat yapısına bağlanan patentli nemlendirici; 72 saate kadar kesintisiz nemlendirme sağladığı klini,neutral,,neutral,,neutral,,neutral,,neutral,,neutral,,,,
Saccharin,saccharin,0,0,0,0,0,0,0,,,top1000,34,Skincare Ingredient,Cilt Bakım Bileşeni,"saccharin, kozmetik formülasyonlarda kullanılan yardımcı bileşen; ürünün doku, stabilite veya uygulama özelliklerine katkıda bulunur.",neutral,,neutral,,neutral,,neutral,,neutral,,neutral,,neutral,,,,
Saccharomyces Lysate Extract,saccharomyceslysateextract,1,0,0,1,1,2,0,Impaired skin barrier|Fine Lines,,manual_v2,0,Prebiotic / Probiotic,Maya Lizat Ekstrakt,"Saccharomyces mayasının lizat ekstresi; B vitaminleri ve beta-glukan içerir, cildin bağışıklık yanıtını destekler ve UV hasarı sonrası onarım sürecini hızlandırır.",neutral,,neutral,,neutral,,neutral,,neutral,,beneficial,"Saccharomyces mayasının lizat ekstresi; B vitaminleri ve beta-glukan içerir, cildin bağışıklık yanıtını destekler ve UV ",neutral,,,,
Saccharum Officinarum Extract,saccharumofficinarumextract,0,1,1,0,-1,1,0,Texture|Radiance,Sensitive,manual_v2,0,Botanical Extract,Bitkisel Ekstrakt (Şeker Kamışı - Doğal AHA),"Şeker kamışından elde edilen doğal glikolik asit kaynağı; nazik peeling etkisi gösterir, cilt tonunu aydınlatır ve ölü deri hücrelerinin dökülmesini destekler.",neutral,,neutral,,neutral,,neutral,,caution,Hassas ciltte tahriş yapabilir,neutral,,neutral,,,,
Salicylic Acid,salicylicacid,-2,8,4,0,-2,0,-2,Acne|Blackheads|Enlarged Pores|Oily,Sensitive|Impaired skin barrier|Pregnancy,manual_v2,619,Exfoliant (BHA),Peeling Asidi (BHA),"Yağda çözünür beta hidroksi asit; gözeneklerin derinlerine inerek siyah nokta ve akneye neden olan tıkanıklıkları temizler, iltihaplanmayı azaltır ve yağ üretimini dengelemeye yardımcı olur.",caution,"Kurutucu etki yapabilir, nemlendiriciyle birlikte kullanılmalı",beneficial,Yağda çözünür beta hidroksi asit; gözeneklerin derinlerine inerek siyah nokta ve akneye neden olan tıkanıklıkları temizl,beneficial,Yağda çözünür beta hidroksi asit; gözeneklerin derinlerine inerek siyah nokta ve akneye neden olan tıkanıklıkları temizl,neutral,,caution,"Hassas ciltte tahriş ve kızarıklık yapabilir, dikkatli kullanılmalı",neutral,,caution,"Hamilelikte kullanımı önerilmez, doktorunuza danışın",,,
Salix Alba Bark Extract,salixalbabarkextract,0,3,2,0,0,0,-1,Acne|Blackheads|Enlarged Pores|Texture,Pregnancy,manual_v2,0,Botanical Extract,Bitkisel Ekstrakt (Söğüt Kabuğu),"Beyaz söğüt kabuğundan elde edilen doğal salisilik asit kaynağı; nazik peeling etkisi gösterir, gözenekleri temizler ve anti-inflamatuar özellik taşır, sentetik BHA'ya göre daha yumuşak etki profili sunar.",neutral,,beneficial,"Beyaz söğüt kabuğundan elde edilen doğal salisilik asit kaynağı; nazik peeling etkisi gösterir, gözenekleri temizler ve ",beneficial,"Beyaz söğüt kabuğundan elde edilen doğal salisilik asit kaynağı; nazik peeling etkisi gösterir, gözenekleri temizler ve ",neutral,,neutral,,neutral,,caution,"Hamilelikte önerilmez, doktora danışın",,,
Salix Purpurea Bark Extract,salixpurpureabarkextract,0,2,1,0,0,0,0,Acne|Enlarged Pores|Texture,,manual_v2,0,Botanical Extract,Bitkisel Ekstrakt (Mor Söğüt),"Mor söğüt kabuğundan elde edilen doğal salisilik asit kaynağı; gözenekleri nazikçe temizler, yağ üretimini dengelemeye yardımcı olur ve anti-inflamatuar etki gösterir.",neutral,,beneficial,"Mor söğüt kabuğundan elde edilen doğal salisilik asit kaynağı; gözenekleri nazikçe temizler, yağ üretimini dengelemeye y",neutral,,neutral,,neutral,,neutral,,neutral,,,,
Salvia Officinalis (Sage) Leaf Extract,salviaofficinalissageleafextract,0,2,1,0,0,0,0,Oily|Enlarged Pores|Acne,,manual_v2,0,Botanical Extract,Bitkisel Ekstrakt (Adaçayı),"Adaçayı yaprağından elde edilen antimikrobiyal ve astrenjan ekstrakt; yağ üretimini dengelemeye yardımcı olur, gözenekleri sıkılaştırır ve antioksidan koruma sağlar.",neutral,,beneficial,"Adaçayı yaprağından elde edilen antimikrobiyal ve astrenjan ekstrakt; yağ üretimini dengelemeye yardımcı olur, gözenekle",neutral,,neutral,,neutral,,neutral,,neutral,,,,
Salvia Officinalis Leaf Extract,salviaofficinalisleafextract,1,0,0,0,0,0,0,,,top1000,45,Botanical Extract,Bitkisel Ekstrakt,"salvia officinalis leaf extract, bitkisel kaynaklı aktif ekstrakt; antioksidan, yatıştırıcı veya besleyici özellikler taşıyabilir ve formülasyona doğal etkinlik katar.",neutral,,neutral,,neutral,,neutral,,neutral,,neutral,,neutral,,,,
Savon,savon,0,0,0,0,0,0,0,,,top1000,29,Skincare Ingredient,Cilt Bakım Bileşeni,"savon, kozmetik formülasyonlarda kullanılan yardımcı bileşen; ürünün doku, stabilite veya uygulama özelliklerine katkıda bulunur.",neutral,,neutral,,neutral,,neutral,,neutral,,neutral,,neutral,,,,
Sclerotium Gum,sclerotiumgum,0,0,0,0,0,0,0,,,top1000,69,Skincare Ingredient,Cilt Bakım Bileşeni,"sclerotium gum, kozmetik formülasyonlarda kullanılan yardımcı bileşen; ürünün doku, stabilite veya uygulama özelliklerine katkıda bulunur.",neutral,,neutral,,neutral,,neutral,,neutral,,neutral,,neutral,,,,
Scutellaria Baicalensis Root Extract,scutellariabaicalensisrootextract,0,1,0,1,2,1,0,Redness|Acne|Impaired skin barrier,,manual_v2,0,Botanical Extract,Bitkisel Ekstrakt (Çin Kaside),"Geleneksel Çin tıbbında kullanılan kaside bitkisinin kök ekstresi; baikalein ve baikalin flavonoidleri sayesinde güçlü anti-inflamatuar, antioksidan ve antimikrobiyal etki gösterir, hassas ve akneye eğilimli cildi yatıştırır.",neutral,,neutral,,neutral,,neutral,,beneficial,Geleneksel Çin tıbbında kullanılan kaside bitkisinin kök ekstresi; baikalein ve baikalin flavonoidleri sayesinde güçlü a,neutral,,neutral,,,,
Sea Salt,seasalt,0,0,0,0,0,0,0,,,top1000,42,Skincare Ingredient,Cilt Bakım Bileşeni,"sea salt, kozmetik formülasyonlarda kullanılan yardımcı bileşen; ürünün doku, stabilite veya uygulama özelliklerine katkıda bulunur.",neutral,,neutral,,neutral,,neutral,,neutral,,neutral,,neutral,,,,
Serine,serine,1,0,0,0,0,0,0,Dry and dehydrated skin,,top1000,103,Skincare Ingredient,Amino Asit / Protein,"serine, cildin yapısal proteinlerini ve doğal nem faktörünü destekleyen amino asit veya protein bileşeni; nem tutmaya ve bariyer fonksiyonuna katkıda bulunur.",neutral,,neutral,,neutral,,neutral,,neutral,,neutral,,neutral,,,,
Sesamum Indicum (Sesame) Seed Oil,sesamumindicumsesameseedoil,2,-1,0,1,0,1,0,Dry and dehydrated skin,Oily,top1000,49,Oil / Lipid,Bitkisel Yağ,"sesamum indicum (sesame) seed oil, esansiyel yağ asitleri ve vitaminler bakımından zengin bitkisel yağ; cildi besler, nem bariyerini güçlendirir ve yumuşatıcı etki sağlar.",beneficial,"sesamum indicum (sesame) seed oil, esansiyel yağ asitleri ve vitaminler bakımından zengin bitkisel yağ; cildi besler, ne",caution,Gözenekleri tıkayabilir veya yağlanmayı artırabilir,neutral,,neutral,,neutral,,neutral,,neutral,,,,
Shea Butter,sheabutter,3,-1,0,1,1,1,0,Dry and dehydrated skin|Impaired skin barrier,Oily,manual_v2,41,Emollient,Yumuşatıcı (Shea Yağı),"Afrika shea ağacının meyvesinden elde edilen zengin yumuşatıcı; yağ asitleri, vitaminler ve fitosterollerle dolu olup cildi derinden besler, nem bariyerini onarır ve anti-inflamatuar etki gösterir.",beneficial,"Afrika shea ağacının meyvesinden elde edilen zengin yumuşatıcı; yağ asitleri, vitaminler ve fitosterollerle dolu olup ci",caution,Gözenekleri tıkayabilir veya yağlanmayı artırabilir,neutral,,neutral,,neutral,,neutral,,neutral,,,,
Silica,silica,0,2,1,0,0,0,0,Texture|Enlarged Pores|Oily,,manual_v2,816,Mineral,Mineral,Ciltte fazla yağı emerek mat bir görünüm sağlayan mineral bileşen; gözeneklerin daha ince görünmesine yardımcı olur ve formülasyona ipeksi bir doku katar.,neutral,,beneficial,Ciltte fazla yağı emerek mat bir görünüm sağlayan mineral bileşen; gözeneklerin daha ince görünmesine yardımcı olur ve f,neutral,,neutral,,neutral,,neutral,,neutral,,,,
Silica Dimethyl Silylate,silicadimethylsilylate,0,1,0,0,0,0,0,,,top1000,91,Mineral,Mineral,"silica dimethyl silylate, mineral bazlı bileşen; formülasyonun fiziksel özelliklerine katkıda bulunur veya ciltte koruyucu/düzenleyici etki gösterir.",neutral,,neutral,,neutral,,neutral,,neutral,,neutral,,neutral,,,,
Silica Dimethyl Silylate [Nano] / Silica Dimethyl Silylate,silicadimethylsilylatenanosilicadimethylsilylate,0,1,0,0,0,0,0,,,top1000,31,Mineral,Mineral,"silica dimethyl silylate [nano] / silica dimethyl silylate, mineral bazlı bileşen; formülasyonun fiziksel özelliklerine katkıda bulunur veya ciltte koruyucu/düzenleyici etki gösterir.",neutral,,neutral,,neutral,,neutral,,neutral,,neutral,,neutral,,,,
Silica Silylate,silicasilylate,0,1,0,0,0,0,0,,,top1000,55,Mineral,Mineral,"silica silylate, mineral bazlı bileşen; formülasyonun fiziksel özelliklerine katkıda bulunur veya ciltte koruyucu/düzenleyici etki gösterir.",neutral,,neutral,,neutral,,neutral,,neutral,,neutral,,neutral,,,,
Silybum Marianum (Lady's Thistle) Extract,silybummarianumladysthistleextract,0,0,0,1,1,1,0,Redness|Radiance,,manual_v2,0,Botanical Extract,Bitkisel Ekstrakt (Deve Dikeni),Deve dikeninden elde edilen silimarin bakımından zengin ekstrakt; güçlü antioksidan ve anti-inflamatuar özellikleriyle cildi çevresel hasara karşı korur ve kızarıklığı yatıştırır.,neutral,,neutral,,neutral,,neutral,,neutral,,neutral,,neutral,,,,
Simethicone,simethicone,1,0,0,0,0,0,0,,,top1000,32,Skincare Ingredient,Cilt Bakım Bileşeni,"simethicone, kozmetik formülasyonlarda kullanılan yardımcı bileşen; ürünün doku, stabilite veya uygulama özelliklerine katkıda bulunur.",neutral,,neutral,,neutral,,neutral,,neutral,,neutral,,neutral,,,,
Simmondsia Chinensis (Jojoba) Seed Oil,simmondsiachinensisjojobaseedoil,2,-1,0,1,0,1,0,Dry and dehydrated skin,Oily,top1000,185,Oil / Lipid,Bitkisel Yağ,"simmondsia chinensis (jojoba) seed oil, esansiyel yağ asitleri ve vitaminler bakımından zengin bitkisel yağ; cildi besler, nem bariyerini güçlendirir ve yumuşatıcı etki sağlar.",beneficial,"simmondsia chinensis (jojoba) seed oil, esansiyel yağ asitleri ve vitaminler bakımından zengin bitkisel yağ; cildi besle",caution,Gözenekleri tıkayabilir veya yağlanmayı artırabilir,neutral,,neutral,,neutral,,neutral,,neutral,,,,
Simmondsia Chinensis Seed Oil,simmondsiachinensisseedoil,2,-1,0,1,0,1,0,Dry and dehydrated skin,Oily,top1000,176,Oil / Lipid,Bitkisel Yağ,"simmondsia chinensis seed oil, esansiyel yağ asitleri ve vitaminler bakımından zengin bitkisel yağ; cildi besler, nem bariyerini güçlendirir ve yumuşatıcı etki sağlar.",beneficial,"simmondsia chinensis seed oil, esansiyel yağ asitleri ve vitaminler bakımından zengin bitkisel yağ; cildi besler, nem ba",caution,Gözenekleri tıkayabilir veya yağlanmayı artırabilir,neutral,,neutral,,neutral,,neutral,,neutral,,,,
Sine Adipe Lac,sineadipelac,0,0,0,0,0,0,0,,,top1000,70,Skincare Ingredient,Cilt Bakım Bileşeni,"sine adipe lac, kozmetik formülasyonlarda kullanılan yardımcı bileşen; ürünün doku, stabilite veya uygulama özelliklerine katkıda bulunur.",neutral,,neutral,,neutral,,neutral,,neutral,,neutral,,neutral,,,,
Sodium,sodium,0,0,0,0,0,0,0,,,top1000,35,Skincare Ingredient,Cilt Bakım Bileşeni,"sodium, kozmetik formülasyonlarda kullanılan yardımcı bileşen; ürünün doku, stabilite veya uygulama özelliklerine katkıda bulunur.",neutral,,neutral,,neutral,,neutral,,neutral,,neutral,,neutral,,,,
Sodium Acetate,sodiumacetate,0,0,0,0,0,0,0,,,top1000,101,Skincare Ingredient,Cilt Bakım Bileşeni,"sodium acetate, kozmetik formülasyonlarda kullanılan yardımcı bileşen; ürünün doku, stabilite veya uygulama özelliklerine katkıda bulunur.",neutral,,neutral,,neutral,,neutral,,neutral,,neutral,,neutral,,,,
Sodium Acetylated Hyaluronate,sodiumacetylatedhyaluronate,3,1,2,2,2,3,0,Dry and dehydrated skin|Fine Lines|Wrinkles|Impaired skin barrier|Anyone,,manual_v2,0,Humectant,Nemlendirici (Süper Hyalüronik Asit),"Asetillenmiş hyalüronik asit türevi, 'süper HA' olarak bilinir; klasik HA'ya göre 2 kat daha yüksek nem tutma ve cilde bağlanma kapasitesine sahiptir, uzun süreli derin nemlendirme ve bariyer koruma sağlar.",beneficial,"Asetillenmiş hyalüronik asit türevi, 'süper HA' olarak bilinir; klasik HA'ya göre 2 kat daha yüksek nem tutma ve cilde b",neutral,,beneficial,"Asetillenmiş hyalüronik asit türevi, 'süper HA' olarak bilinir; klasik HA'ya göre 2 kat daha yüksek nem tutma ve cilde b",beneficial,"Asetillenmiş hyalüronik asit türevi, 'süper HA' olarak bilinir; klasik HA'ya göre 2 kat daha yüksek nem tutma ve cilde b",beneficial,"Asetillenmiş hyalüronik asit türevi, 'süper HA' olarak bilinir; klasik HA'ya göre 2 kat daha yüksek nem tutma ve cilde b",beneficial,"Asetillenmiş hyalüronik asit türevi, 'süper HA' olarak bilinir; klasik HA'ya göre 2 kat daha yüksek nem tutma ve cilde b",neutral,,,,
Sodium Acrylate/Sodium Acryloyldimethyl Taurate Copolymer,sodiumacrylatesodiumacryloyldimethyltauratecopolymer,0,0,0,0,0,0,0,,,top1000,32,Skincare Ingredient,Kıvam Artırıcı / Stabilizatör,"sodium acrylate/sodium acryloyldimethyl taurate copolymer, formülasyona kıvam ve stabilite kazandıran polimer; ürünün dokusunu iyileştirir ve bileşenlerin homojen dağılmasını sağlar.",neutral,,neutral,,neutral,,neutral,,neutral,,neutral,,neutral,,,,
Sodium Acrylates Copolymer,sodiumacrylatescopolymer,0,0,0,0,0,0,0,,,top1000,34,Skincare Ingredient,Kıvam Artırıcı / Stabilizatör,"sodium acrylates copolymer, formülasyona kıvam ve stabilite kazandıran polimer; ürünün dokusunu iyileştirir ve bileşenlerin homojen dağılmasını sağlar.",neutral,,neutral,,neutral,,neutral,,neutral,,neutral,,neutral,,,,
Sodium Acrylates/C10-30 Alkyl Acrylate Crosspolymer,sodiumacrylatesc1030alkylacrylatecrosspolymer,0,0,0,0,0,0,0,,,top1000,28,Skincare Ingredient,Kıvam Artırıcı / Stabilizatör,"sodium acrylates/c10-30 alkyl acrylate crosspolymer, formülasyona kıvam ve stabilite kazandıran polimer; ürünün dokusunu iyileştirir ve bileşenlerin homojen dağılmasını sağlar.",neutral,,neutral,,neutral,,neutral,,neutral,,neutral,,neutral,,,,
Sodium Anisate,sodiumanisate,0,0,0,0,0,0,0,,,top1000,88,Skincare Ingredient,Cilt Bakım Bileşeni,"sodium anisate, kozmetik formülasyonlarda kullanılan yardımcı bileşen; ürünün doku, stabilite veya uygulama özelliklerine katkıda bulunur.",neutral,,neutral,,neutral,,neutral,,neutral,,neutral,,neutral,,,,
Sodium Ascorbyl Phosphate,sodiumascorbylphosphate,0,0,0,0,0,1,0,Radiance,,top1000,81,Antioxidant,Antioksidan,"sodium ascorbyl phosphate, antioksidan bileşen; serbest radikalleri nötralize ederek hücreleri oksidatif hasardan korur ve formülasyonun stabilitesine katkıda bulunur.",neutral,,neutral,,neutral,,neutral,,neutral,,neutral,,neutral,,,,
Sodium Benzoate,sodiumbenzoate,0,0,0,0,0,0,0,,,manual_v2,55,Preservative,Koruyucu,Gıda ve kozmetikte yaygın kullanılan koruyucu; düşük pH ortamlarında bakteriyel ve fungal büyümeyi engelleyerek ürünün raf ömrünü uzatır.,neutral,,neutral,,neutral,,neutral,,neutral,,neutral,,neutral,,,,
Sodium Bicarbonate,sodiumbicarbonate,1,0,0,0,0,0,0,,,top1000,209,Skincare Ingredient,Oral/Diş Bakım Bileşeni,"sodium bicarbonate, diş macunu ve ağız bakım ürünlerinde kullanılan bileşen.",neutral,,neutral,,neutral,,neutral,,neutral,,neutral,,neutral,,,,
Sodium C12-13 Pareth Sulfate,sodiumc1213parethsulfate,0,0,0,0,0,0,0,,,top1000,31,Skincare Ingredient,Cilt Bakım Bileşeni,"sodium c12-13 pareth sulfate, kozmetik formülasyonlarda kullanılan yardımcı bileşen; ürünün doku, stabilite veya uygulama özelliklerine katkıda bulunur.",neutral,,neutral,,neutral,,neutral,,neutral,,neutral,,neutral,,,,
Sodium C14-16 Olefin Sulfonate,sodiumc1416olefinsulfonate,0,0,0,0,0,0,0,,,top1000,179,Skincare Ingredient,Cilt Bakım Bileşeni,"sodium c14-16 olefin sulfonate, kozmetik formülasyonlarda kullanılan yardımcı bileşen; ürünün doku, stabilite veya uygulama özelliklerine katkıda bulunur.",neutral,,neutral,,neutral,,neutral,,neutral,,neutral,,neutral,,,,
Sodium Carbomer,sodiumcarbomer,0,0,0,0,0,0,0,,,top1000,64,Skincare Ingredient,Kıvam Artırıcı / Stabilizatör,"sodium carbomer, formülasyona kıvam ve stabilite kazandıran polimer; ürünün dokusunu iyileştirir ve bileşenlerin homojen dağılmasını sağlar.",neutral,,neutral,,neutral,,neutral,,neutral,,neutral,,neutral,,,,
Sodium Carbonate,sodiumcarbonate,1,0,0,0,0,0,0,,,top1000,48,Skincare Ingredient,Cilt Bakım Bileşeni,"sodium carbonate, kozmetik formülasyonlarda kullanılan yardımcı bileşen; ürünün doku, stabilite veya uygulama özelliklerine katkıda bulunur.",neutral,,neutral,,neutral,,neutral,,neutral,,neutral,,neutral,,,,
Sodium Cetearyl Sulfate,sodiumcetearylsulfate,0,0,0,0,0,0,0,,,top1000,230,Skincare Ingredient,Cilt Bakım Bileşeni,"sodium cetearyl sulfate, kozmetik formülasyonlarda kullanılan yardımcı bileşen; ürünün doku, stabilite veya uygulama özelliklerine katkıda bulunur.",neutral,,neutral,,neutral,,neutral,,neutral,,neutral,,neutral,,,,
Sodium Chloride,sodiumchloride,0,0,0,0,0,0,0,,,top1000,3937,Mineral,Mineral,"sodium chloride, mineral bazlı bileşen; formülasyonun fiziksel özelliklerine katkıda bulunur veya ciltte koruyucu/düzenleyici etki gösterir.",neutral,,neutral,,neutral,,neutral,,neutral,,neutral,,neutral,,,,
Sodium Citrate,sodiumcitrate,0,0,0,0,0,0,0,,,manual_v2,628,Skincare Ingredient,pH Tamponlayıcı,Sitrik asidin sodyum tuzu; formülasyonun pH dengesini koruyarak aktif bileşenlerin optimum etkinliğini sağlar ve ürün stabilitesini artırır.,neutral,,neutral,,neutral,,neutral,,neutral,,neutral,,neutral,,,,
Sodium Coco-Sulfate,sodiumcocosulfate,0,0,0,0,0,0,0,,,top1000,184,Skincare Ingredient,Cilt Bakım Bileşeni,"sodium coco-sulfate, kozmetik formülasyonlarda kullanılan yardımcı bileşen; ürünün doku, stabilite veya uygulama özelliklerine katkıda bulunur.",neutral,,neutral,,neutral,,neutral,,neutral,,neutral,,neutral,,,,
Sodium Cocoamphoacetate,sodiumcocoamphoacetate,0,0,0,0,0,0,0,Anyone,,top1000,128,Surfactant,Yüzey Aktif Madde (Nazik),"sodium cocoamphoacetate, nazik temizleyici yüzey aktif madde; cildi fazla kurutmadan etkili temizlik sağlar ve hassas cilt formülasyonlarında tercih edilir.",neutral,,neutral,,neutral,,neutral,,neutral,,neutral,,neutral,,,,
Sodium Cocoate,sodiumcocoate,0,0,0,0,0,0,0,,,top1000,176,Skincare Ingredient,Cilt Bakım Bileşeni,"sodium cocoate, kozmetik formülasyonlarda kullanılan yardımcı bileşen; ürünün doku, stabilite veya uygulama özelliklerine katkıda bulunur.",neutral,,neutral,,neutral,,neutral,,neutral,,neutral,,neutral,,,,
Sodium Cocoyl Glutamate,sodiumcocoylglutamate,0,0,0,0,0,0,0,Anyone,,top1000,239,Surfactant,Yüzey Aktif Madde (Nazik),"sodium cocoyl glutamate, nazik temizleyici yüzey aktif madde; cildi fazla kurutmadan etkili temizlik sağlar ve hassas cilt formülasyonlarında tercih edilir.",neutral,,neutral,,neutral,,neutral,,neutral,,neutral,,neutral,,,,
Sodium Cocoyl Isethionate,sodiumcocoylisethionate,0,0,0,0,0,0,0,Anyone,,top1000,145,Surfactant,Yüzey Aktif Madde (Nazik),"sodium cocoyl isethionate, nazik temizleyici yüzey aktif madde; cildi fazla kurutmadan etkili temizlik sağlar ve hassas cilt formülasyonlarında tercih edilir.",neutral,,neutral,,neutral,,neutral,,neutral,,neutral,,neutral,,,,
Sodium Dehydroacetate,sodiumdehydroacetate,0,0,0,0,0,0,0,,,top1000,115,Skincare Ingredient,Cilt Bakım Bileşeni,"sodium dehydroacetate, kozmetik formülasyonlarda kullanılan yardımcı bileşen; ürünün doku, stabilite veya uygulama özelliklerine katkıda bulunur.",neutral,,neutral,,neutral,,neutral,,neutral,,neutral,,neutral,,,,
Sodium Fluoride,sodiumfluoride,0,0,0,0,0,0,0,,,top1000,726,Skincare Ingredient,Oral/Diş Bakım Bileşeni,"sodium fluoride, diş macunu ve ağız bakım ürünlerinde kullanılan bileşen.",neutral,,neutral,,neutral,,neutral,,neutral,,neutral,,neutral,,,,
Sodium Gluconate,sodiumgluconate,0,0,0,0,0,0,0,,,top1000,206,Skincare Ingredient,Cilt Bakım Bileşeni,"sodium gluconate, kozmetik formülasyonlarda kullanılan yardımcı bileşen; ürünün doku, stabilite veya uygulama özelliklerine katkıda bulunur.",neutral,,neutral,,neutral,,neutral,,neutral,,neutral,,neutral,,,,
Sodium Glycolate,sodiumglycolate,2,0,0,0,0,0,0,Dry and dehydrated skin,,top1000,31,Humectant,Nemlendirici,"sodium glycolate, nemlendirici özellikli bileşen; ciltte nem tutarak hidrasyonu artırır ve kuruluğa bağlı gerginlik hissini azaltır.",beneficial,"sodium glycolate, nemlendirici özellikli bileşen; ciltte nem tutarak hidrasyonu artırır ve kuruluğa bağlı gerginlik hiss",neutral,,neutral,,neutral,,neutral,,neutral,,neutral,,,,
Sodium Hyaluronate,sodiumhyaluronate,3,1,2,2,2,3,0,Dry and dehydrated skin|Fine Lines|Wrinkles|Impaired skin barrier|Anyone,,manual_v2,573,Humectant,Nemlendirici (Hyalüronik Asit Tuzu),Hyalüronik asidin sodyum tuzu; daha küçük molekül yapısı sayesinde cildin derin katmanlarına nüfuz ederek yoğun nemlendirme sağlar ve cilde dolgunluk kazandırır.,beneficial,Hyalüronik asidin sodyum tuzu; daha küçük molekül yapısı sayesinde cildin derin katmanlarına nüfuz ederek yoğun nemlendi,neutral,,beneficial,Hyalüronik asidin sodyum tuzu; daha küçük molekül yapısı sayesinde cildin derin katmanlarına nüfuz ederek yoğun nemlendi,beneficial,Hyalüronik asidin sodyum tuzu; daha küçük molekül yapısı sayesinde cildin derin katmanlarına nüfuz ederek yoğun nemlendi,beneficial,Hyalüronik asidin sodyum tuzu; daha küçük molekül yapısı sayesinde cildin derin katmanlarına nüfuz ederek yoğun nemlendi,beneficial,Hyalüronik asidin sodyum tuzu; daha küçük molekül yapısı sayesinde cildin derin katmanlarına nüfuz ederek yoğun nemlendi,neutral,,,,
Sodium Hyaluronate Crosspolymer,sodiumhyaluronatecrosspolymer,3,1,2,2,2,3,0,Dry and dehydrated skin|Fine Lines|Wrinkles|Anyone,,manual_v2,0,Humectant,Nemlendirici (Çapraz Bağlı Hyalüronik Asit),Çapraz bağlanmış hyalüronik asit polimeri; klasik sodium hyaluronate'a göre ciltte çok daha uzun süre kalarak saatlerce kesintisiz nemlendirme sağlar ve dolgunlaştırıcı etki gösterir.,beneficial,Çapraz bağlanmış hyalüronik asit polimeri; klasik sodium hyaluronate'a göre ciltte çok daha uzun süre kalarak saatlerce ,neutral,,beneficial,Çapraz bağlanmış hyalüronik asit polimeri; klasik sodium hyaluronate'a göre ciltte çok daha uzun süre kalarak saatlerce ,beneficial,Çapraz bağlanmış hyalüronik asit polimeri; klasik sodium hyaluronate'a göre ciltte çok daha uzun süre kalarak saatlerce ,beneficial,Çapraz bağlanmış hyalüronik asit polimeri; klasik sodium hyaluronate'a göre ciltte çok daha uzun süre kalarak saatlerce ,beneficial,Çapraz bağlanmış hyalüronik asit polimeri; klasik sodium hyaluronate'a göre ciltte çok daha uzun süre kalarak saatlerce ,neutral,,,,
Sodium Hydroxide,sodiumhydroxide,0,0,0,0,0,0,0,,,manual_v2,132,Skincare Ingredient,pH Düzenleyici,"Formülasyonun pH değerini ayarlamak için kullanılan alkalin bileşen; ürünün etkinliğini ve cilt uyumluluğunu optimize eder, nihai üründe serbest halde bulunmaz.",neutral,,neutral,,neutral,,neutral,,neutral,,neutral,,neutral,,,,
Sodium Hydroxyde,sodiumhydroxyde,0,0,0,0,0,0,0,,,top1000,30,Skincare Ingredient,Cilt Bakım Bileşeni,"sodium hydroxyde, kozmetik formülasyonlarda kullanılan yardımcı bileşen; ürünün doku, stabilite veya uygulama özelliklerine katkıda bulunur.",neutral,,neutral,,neutral,,neutral,,neutral,,neutral,,neutral,,,,
Sodium Hydroxypropyl Starch Phosphate,sodiumhydroxypropylstarchphosphate,0,0,0,0,0,0,0,,,top1000,35,Skincare Ingredient,Cilt Bakım Bileşeni,"sodium hydroxypropyl starch phosphate, kozmetik formülasyonlarda kullanılan yardımcı bileşen; ürünün doku, stabilite veya uygulama özelliklerine katkıda bulunur.",neutral,,neutral,,neutral,,neutral,,neutral,,neutral,,neutral,,,,
Sodium Isethionate,sodiumisethionate,0,0,0,0,0,0,0,,,top1000,94,Skincare Ingredient,Cilt Bakım Bileşeni,"sodium isethionate, kozmetik formülasyonlarda kullanılan yardımcı bileşen; ürünün doku, stabilite veya uygulama özelliklerine katkıda bulunur.",neutral,,neutral,,neutral,,neutral,,neutral,,neutral,,neutral,,,,
Sodium Lactate,sodiumlactate,0,0,0,0,0,0,0,,,top1000,301,Skincare Ingredient,Cilt Bakım Bileşeni,"sodium lactate, kozmetik formülasyonlarda kullanılan yardımcı bileşen; ürünün doku, stabilite veya uygulama özelliklerine katkıda bulunur.",neutral,,neutral,,neutral,,neutral,,neutral,,neutral,,neutral,,,,
Sodium Laurate,sodiumlaurate,1,0,0,0,0,0,0,Texture,,top1000,38,Emollient,Yumuşatıcı Ester,"sodium laurate, yağ asidi esteri; cildi yumuşatır, formülasyona hafif ve pürüzsüz bir doku kazandırır.",neutral,,neutral,,neutral,,neutral,,neutral,,neutral,,neutral,,,,
Sodium Laureth Sulfate,sodiumlaurethsulfate,-1,1,0,0,-1,0,0,,Sensitive|Impaired skin barrier,manual_v2,2481,Surfactant,Yüzey Aktif Madde (Orta),SLS'nin etoksillenmiş formu; daha nazik temizleme sağlar ancak yine de hassas ciltlerde bariyer hasarı ve tahriş yapabilir.,caution,"Kurutucu etki yapabilir, nemlendiriciyle birlikte kullanılmalı",neutral,,neutral,,neutral,,caution,"Hassas ciltte tahriş ve kızarıklık yapabilir, dikkatli kullanılmalı",neutral,,neutral,,,,
Sodium Lauroamphoacetate,sodiumlauroamphoacetate,0,0,0,0,0,0,0,,,top1000,37,Skincare Ingredient,Cilt Bakım Bileşeni,"sodium lauroamphoacetate, kozmetik formülasyonlarda kullanılan yardımcı bileşen; ürünün doku, stabilite veya uygulama özelliklerine katkıda bulunur.",neutral,,neutral,,neutral,,neutral,,neutral,,neutral,,neutral,,,,
Sodium Lauroyl Glutamate,sodiumlauroylglutamate,0,0,0,0,0,0,0,Anyone,,top1000,64,Surfactant,Yüzey Aktif Madde (Nazik),"sodium lauroyl glutamate, nazik temizleyici yüzey aktif madde; cildi fazla kurutmadan etkili temizlik sağlar ve hassas cilt formülasyonlarında tercih edilir.",neutral,,neutral,,neutral,,neutral,,neutral,,neutral,,neutral,,,,
Sodium Lauroyl Glycinate,sodiumlauroylglycinate,0,0,0,0,0,0,0,Anyone,,top1000,52,Surfactant,Yüzey Aktif Madde (Nazik),"sodium lauroyl glycinate, nazik temizleyici yüzey aktif madde; cildi fazla kurutmadan etkili temizlik sağlar ve hassas cilt formülasyonlarında tercih edilir.",neutral,,neutral,,neutral,,neutral,,neutral,,neutral,,neutral,,,,
Sodium Lauroyl Isethionate,sodiumlauroylisethionate,0,0,0,0,0,0,0,Anyone,,top1000,79,Surfactant,Yüzey Aktif Madde (Nazik),"sodium lauroyl isethionate, nazik temizleyici yüzey aktif madde; cildi fazla kurutmadan etkili temizlik sağlar ve hassas cilt formülasyonlarında tercih edilir.",neutral,,neutral,,neutral,,neutral,,neutral,,neutral,,neutral,,,,
Sodium Lauroyl Lactylate,sodiumlauroyllactylate,0,0,0,0,0,0,0,Anyone,,top1000,90,Surfactant,Yüzey Aktif Madde (Nazik),"sodium lauroyl lactylate, nazik temizleyici yüzey aktif madde; cildi fazla kurutmadan etkili temizlik sağlar ve hassas cilt formülasyonlarında tercih edilir.",neutral,,neutral,,neutral,,neutral,,neutral,,neutral,,neutral,,,,
Sodium Lauroyl Methyl Isethionate,sodiumlauroylmethylisethionate,0,0,0,0,0,0,0,Anyone,,top1000,55,Surfactant,Yüzey Aktif Madde (Nazik),"sodium lauroyl methyl isethionate, nazik temizleyici yüzey aktif madde; cildi fazla kurutmadan etkili temizlik sağlar ve hassas cilt formülasyonlarında tercih edilir.",neutral,,neutral,,neutral,,neutral,,neutral,,neutral,,neutral,,,,
Sodium Lauroyl Sarcosinate,sodiumlauroylsarcosinate,0,0,0,0,0,0,0,Anyone,,top1000,111,Surfactant,Yüzey Aktif Madde (Nazik),"sodium lauroyl sarcosinate, nazik temizleyici yüzey aktif madde; cildi fazla kurutmadan etkili temizlik sağlar ve hassas cilt formülasyonlarında tercih edilir.",neutral,,neutral,,neutral,,neutral,,neutral,,neutral,,neutral,,,,
Sodium Lauryl Glucose Carboxylate,sodiumlaurylglucosecarboxylate,1,0,0,0,0,0,0,,,top1000,47,Skincare Ingredient,Cilt Bakım Bileşeni,"sodium lauryl glucose carboxylate, kozmetik formülasyonlarda kullanılan yardımcı bileşen; ürünün doku, stabilite veya uygulama özelliklerine katkıda bulunur.",neutral,,neutral,,neutral,,neutral,,neutral,,neutral,,neutral,,,,
Sodium Lauryl Sulfate,sodiumlaurylsulfate,-2,1,0,0,-2,-1,0,,Sensitive|Dry Dehydrated|Impaired skin barrier,manual_v2,935,Surfactant,Yüzey Aktif Madde (Sert),"Güçlü anyonik temizleyici; etkili köpürme ve yağ çözme kapasitesine sahip ancak cildin doğal lipid bariyerini sıyırabilir, kuruluğa ve tahrişe neden olabilir.",caution,"Kurutucu etki yapabilir, nemlendiriciyle birlikte kullanılmalı",neutral,,neutral,,neutral,,caution,"Hassas ciltte tahriş ve kızarıklık yapabilir, dikkatli kullanılmalı",caution,Olgun ciltte tahriş yapabilir,neutral,,,,
Sodium Lauryl Sulfoacetate,sodiumlaurylsulfoacetate,0,0,0,0,0,0,0,,,top1000,27,Skincare Ingredient,Cilt Bakım Bileşeni,"sodium lauryl sulfoacetate, kozmetik formülasyonlarda kullanılan yardımcı bileşen; ürünün doku, stabilite veya uygulama özelliklerine katkıda bulunur.",neutral,,neutral,,neutral,,neutral,,neutral,,neutral,,neutral,,,,
Sodium Levulinate,sodiumlevulinate,0,0,0,0,0,0,0,,,top1000,291,Skincare Ingredient,Cilt Bakım Bileşeni,"sodium levulinate, kozmetik formülasyonlarda kullanılan yardımcı bileşen; ürünün doku, stabilite veya uygulama özelliklerine katkıda bulunur.",neutral,,neutral,,neutral,,neutral,,neutral,,neutral,,neutral,,,,
Sodium Metabisulfite,sodiummetabisulfite,0,0,0,0,0,0,0,,,top1000,90,Skincare Ingredient,Cilt Bakım Bileşeni,"sodium metabisulfite, kozmetik formülasyonlarda kullanılan yardımcı bileşen; ürünün doku, stabilite veya uygulama özelliklerine katkıda bulunur.",neutral,,neutral,,neutral,,neutral,,neutral,,neutral,,neutral,,,,
Sodium Methyl Cocoyl Taurate,sodiummethylcocoyltaurate,0,0,0,0,0,0,0,,,top1000,160,Skincare Ingredient,Cilt Bakım Bileşeni,"sodium methyl cocoyl taurate, kozmetik formülasyonlarda kullanılan yardımcı bileşen; ürünün doku, stabilite veya uygulama özelliklerine katkıda bulunur.",neutral,,neutral,,neutral,,neutral,,neutral,,neutral,,neutral,,,,
Sodium Methylparaben,sodiummethylparaben,0,0,0,0,-1,0,-1,,Sensitive|Pregnancy,top1000,63,Preservative,Koruyucu,"sodium methylparaben, formülasyonu mikrobiyal kontaminasyondan koruyan koruyucu madde; ürünün güvenli raf ömrünü sağlar.",neutral,,neutral,,neutral,,neutral,,caution,"Hassas ciltte tahriş ve kızarıklık yapabilir, dikkatli kullanılmalı",neutral,,caution,"Hamilelikte kullanımı önerilmez, doktorunuza danışın",,,
Sodium Monofluorophosphate,sodiummonofluorophosphate,0,0,0,0,0,0,0,,,top1000,132,Skincare Ingredient,Cilt Bakım Bileşeni,"sodium monofluorophosphate, kozmetik formülasyonlarda kullanılan yardımcı bileşen; ürünün doku, stabilite veya uygulama özelliklerine katkıda bulunur.",neutral,,neutral,,neutral,,neutral,,neutral,,neutral,,neutral,,,,
Sodium Myreth Sulfate,sodiummyrethsulfate,0,0,0,0,0,0,0,,,top1000,38,Skincare Ingredient,Cilt Bakım Bileşeni,"sodium myreth sulfate, kozmetik formülasyonlarda kullanılan yardımcı bileşen; ürünün doku, stabilite veya uygulama özelliklerine katkıda bulunur.",neutral,,neutral,,neutral,,neutral,,neutral,,neutral,,neutral,,,,
Sodium Olivate,sodiumolivate,0,0,0,0,0,0,0,,,top1000,89,Skincare Ingredient,Cilt Bakım Bileşeni,"sodium olivate, kozmetik formülasyonlarda kullanılan yardımcı bileşen; ürünün doku, stabilite veya uygulama özelliklerine katkıda bulunur.",neutral,,neutral,,neutral,,neutral,,neutral,,neutral,,neutral,,,,
Sodium PCA,sodiumpca,2,0,1,1,1,0,0,Dry and dehydrated skin|Anyone,,manual_v2,258,Humectant,Nemlendirici (Doğal Nem Faktörü),Cildin doğal nem faktörünün (NMF) ana bileşenlerinden; havadan nem çekerek cildin hidrasyonunu artırır ve kuruluğa bağlı gerginlik hissini azaltır.,beneficial,Cildin doğal nem faktörünün (NMF) ana bileşenlerinden; havadan nem çekerek cildin hidrasyonunu artırır ve kuruluğa bağlı,neutral,,neutral,,neutral,,neutral,,neutral,,neutral,,,,
Sodium Palm Kernelate,sodiumpalmkernelate,0,0,0,0,0,0,0,,,top1000,174,Skincare Ingredient,Cilt Bakım Bileşeni,"sodium palm kernelate, kozmetik formülasyonlarda kullanılan yardımcı bileşen; ürünün doku, stabilite veya uygulama özelliklerine katkıda bulunur.",neutral,,neutral,,neutral,,neutral,,neutral,,neutral,,neutral,,,,
Sodium Palmate,sodiumpalmate,0,0,0,0,0,0,0,,,top1000,179,Skincare Ingredient,Cilt Bakım Bileşeni,"sodium palmate, kozmetik formülasyonlarda kullanılan yardımcı bileşen; ürünün doku, stabilite veya uygulama özelliklerine katkıda bulunur.",neutral,,neutral,,neutral,,neutral,,neutral,,neutral,,neutral,,,,
Sodium Phosphate,sodiumphosphate,0,0,0,0,0,0,0,,,top1000,84,Skincare Ingredient,Cilt Bakım Bileşeni,"sodium phosphate, kozmetik formülasyonlarda kullanılan yardımcı bileşen; ürünün doku, stabilite veya uygulama özelliklerine katkıda bulunur.",neutral,,neutral,,neutral,,neutral,,neutral,,neutral,,neutral,,,,
Sodium Phytate,sodiumphytate,0,0,0,0,0,0,0,,,top1000,176,Skincare Ingredient,Cilt Bakım Bileşeni,"sodium phytate, kozmetik formülasyonlarda kullanılan yardımcı bileşen; ürünün doku, stabilite veya uygulama özelliklerine katkıda bulunur.",neutral,,neutral,,neutral,,neutral,,neutral,,neutral,,neutral,,,,
Sodium Polyacrylate,sodiumpolyacrylate,0,0,0,0,0,0,0,,,top1000,155,Skincare Ingredient,Cilt Bakım Bileşeni,"sodium polyacrylate, kozmetik formülasyonlarda kullanılan yardımcı bileşen; ürünün doku, stabilite veya uygulama özelliklerine katkıda bulunur.",neutral,,neutral,,neutral,,neutral,,neutral,,neutral,,neutral,,,,
Sodium Polyaspartate,sodiumpolyaspartate,2,0,0,0,0,0,0,Dry and dehydrated skin,,manual_v2,0,Humectant,Nemlendirici (Biyopolimer),Biyolojik olarak parçalanabilir sentetik polimer; hyalüronik aside benzer nem tutma kapasitesiyle cildi nemlendirir ve çevresel strese karşı koruyucu film oluşturur.,beneficial,Biyolojik olarak parçalanabilir sentetik polimer; hyalüronik aside benzer nem tutma kapasitesiyle cildi nemlendirir ve ç,neutral,,neutral,,neutral,,neutral,,neutral,,neutral,,,,
Sodium Polyglutamate,sodiumpolyglutamate,3,0,1,1,1,2,0,Dry and dehydrated skin|Fine Lines|Anyone,,manual_v2,0,Humectant,Nemlendirici (Poliglutamik Asit),"Fermantasyonla elde edilen biyopolimer; hyalüronik asidden 2-5 kat daha yüksek nem tutma kapasitesine sahiptir, cildin doğal nem faktörü üretimini destekler.",beneficial,"Fermantasyonla elde edilen biyopolimer; hyalüronik asidden 2-5 kat daha yüksek nem tutma kapasitesine sahiptir, cildin d",neutral,,neutral,,neutral,,neutral,,beneficial,"Fermantasyonla elde edilen biyopolimer; hyalüronik asidden 2-5 kat daha yüksek nem tutma kapasitesine sahiptir, cildin d",neutral,,,,
Sodium Polynaphthalenesulfonate,sodiumpolynaphthalenesulfonate,0,0,0,0,0,0,0,,,top1000,83,Skincare Ingredient,Cilt Bakım Bileşeni,"sodium polynaphthalenesulfonate, kozmetik formülasyonlarda kullanılan yardımcı bileşen; ürünün doku, stabilite veya uygulama özelliklerine katkıda bulunur.",neutral,,neutral,,neutral,,neutral,,neutral,,neutral,,neutral,,,,
Sodium RNA,sodiumrna,0,0,0,0,0,2,0,Fine Lines|Wrinkles,,manual_v2,0,Skincare Ingredient,Hücre Yenileyici (RNA),"Sodyum ribonükleik asit; hücre yenilenmesi ve protein sentezinde rol oynayan nükleik asit, cildin onarım sürecini hızlandırmaya ve yaşlanma belirtilerini azaltmaya yardımcı olur.",neutral,,neutral,,neutral,,neutral,,neutral,,beneficial,"Sodyum ribonükleik asit; hücre yenilenmesi ve protein sentezinde rol oynayan nükleik asit, cildin onarım sürecini hızlan",neutral,,,,
Sodium Saccharin,sodiumsaccharin,0,0,0,0,0,0,0,,,top1000,898,Skincare Ingredient,Oral/Diş Bakım Bileşeni,"sodium saccharin, diş macunu ve ağız bakım ürünlerinde kullanılan bileşen.",neutral,,neutral,,neutral,,neutral,,neutral,,neutral,,neutral,,,,
Sodium Salicylate,sodiumsalicylate,0,0,0,0,0,0,0,,,top1000,217,Skincare Ingredient,Cilt Bakım Bileşeni,"sodium salicylate, kozmetik formülasyonlarda kullanılan yardımcı bileşen; ürünün doku, stabilite veya uygulama özelliklerine katkıda bulunur.",neutral,,neutral,,neutral,,neutral,,neutral,,neutral,,neutral,,,,
Sodium Shea Butterate,sodiumsheabutterate,2,0,0,0,1,1,0,,,top1000,28,Skincare Ingredient,Cilt Bakım Bileşeni,"sodium shea butterate, kozmetik formülasyonlarda kullanılan yardımcı bileşen; ürünün doku, stabilite veya uygulama özelliklerine katkıda bulunur.",beneficial,Kuru cilt için faydalı bileşen,neutral,,neutral,,neutral,,neutral,,neutral,,neutral,,,,
Sodium Silicate,sodiumsilicate,0,1,0,0,0,0,0,,,top1000,44,Mineral,Mineral,"sodium silicate, mineral bazlı bileşen; formülasyonun fiziksel özelliklerine katkıda bulunur veya ciltte koruyucu/düzenleyici etki gösterir.",neutral,,neutral,,neutral,,neutral,,neutral,,neutral,,neutral,,,,
Sodium Starch Octenylsuccinate,sodiumstarchoctenylsuccinate,1,0,0,0,0,0,0,Texture,,top1000,37,Emollient,Yumuşatıcı Ester,"sodium starch octenylsuccinate, yağ asidi esteri; cildi yumuşatır, formülasyona hafif ve pürüzsüz bir doku kazandırır.",neutral,,neutral,,neutral,,neutral,,neutral,,neutral,,neutral,,,,
Sodium Stearate,sodiumstearate,1,0,0,0,0,0,0,Texture,,top1000,142,Emollient,Yumuşatıcı Ester,"sodium stearate, yağ asidi esteri; cildi yumuşatır, formülasyona hafif ve pürüzsüz bir doku kazandırır.",neutral,,neutral,,neutral,,neutral,,neutral,,neutral,,neutral,,,,
Sodium Stearoyl Glutamate,sodiumstearoylglutamate,0,0,0,0,0,0,0,,,top1000,222,Skincare Ingredient,Cilt Bakım Bileşeni,"sodium stearoyl glutamate, kozmetik formülasyonlarda kullanılan yardımcı bileşen; ürünün doku, stabilite veya uygulama özelliklerine katkıda bulunur.",neutral,,neutral,,neutral,,neutral,,neutral,,neutral,,neutral,,,,
Sodium Stearoyl Lactylate,sodiumstearoyllactylate,0,0,0,0,0,0,0,,,top1000,37,Skincare Ingredient,Cilt Bakım Bileşeni,"sodium stearoyl lactylate, kozmetik formülasyonlarda kullanılan yardımcı bileşen; ürünün doku, stabilite veya uygulama özelliklerine katkıda bulunur.",neutral,,neutral,,neutral,,neutral,,neutral,,neutral,,neutral,,,,
Sodium Sulfate,sodiumsulfate,0,0,0,0,0,0,0,,,top1000,306,Skincare Ingredient,Cilt Bakım Bileşeni,"sodium sulfate, kozmetik formülasyonlarda kullanılan yardımcı bileşen; ürünün doku, stabilite veya uygulama özelliklerine katkıda bulunur.",neutral,,neutral,,neutral,,neutral,,neutral,,neutral,,neutral,,,,
Sodium Sulfite,sodiumsulfite,0,0,0,0,0,0,0,,,top1000,93,Skincare Ingredient,Cilt Bakım Bileşeni,"sodium sulfite, kozmetik formülasyonlarda kullanılan yardımcı bileşen; ürünün doku, stabilite veya uygulama özelliklerine katkıda bulunur.",neutral,,neutral,,neutral,,neutral,,neutral,,neutral,,neutral,,,,
Sodium Tallowate,sodiumtallowate,0,0,0,0,0,0,0,,,top1000,74,Skincare Ingredient,Cilt Bakım Bileşeni,"sodium tallowate, kozmetik formülasyonlarda kullanılan yardımcı bileşen; ürünün doku, stabilite veya uygulama özelliklerine katkıda bulunur.",neutral,,neutral,,neutral,,neutral,,neutral,,neutral,,neutral,,,,
Sodium Xylenesulfonate,sodiumxylenesulfonate,0,0,0,0,0,0,0,,,top1000,179,Skincare Ingredient,Cilt Bakım Bileşeni,"sodium xylenesulfonate, kozmetik formülasyonlarda kullanılan yardımcı bileşen; ürünün doku, stabilite veya uygulama özelliklerine katkıda bulunur.",neutral,,neutral,,neutral,,neutral,,neutral,,neutral,,neutral,,,,
Sorbic Acid,sorbicacid,0,0,0,0,0,0,0,,,top1000,250,Preservative,Koruyucu (Nazik),"sorbic acid, modern ve daha nazik koruyucu; formülasyonu bakteri ve küf oluşumundan koruyarak ürün güvenliğini sağlar.",neutral,,neutral,,neutral,,neutral,,neutral,,neutral,,neutral,,,,
Sorbitan Caprylate,sorbitancaprylate,1,0,0,0,0,0,0,,,top1000,73,Skincare Ingredient,Emülgatör,"sorbitan caprylate, yağ ve su fazlarını stabil bir şekilde bir arada tutan emülgatör; formülasyonun homojen yapısını korur ve kremsi doku oluşturur.",neutral,,neutral,,neutral,,neutral,,neutral,,neutral,,neutral,,,,
Sorbitan Isostearate,sorbitanisostearate,1,0,0,0,0,0,0,,,top1000,123,Skincare Ingredient,Emülgatör,"sorbitan isostearate, yağ ve su fazlarını stabil bir şekilde bir arada tutan emülgatör; formülasyonun homojen yapısını korur ve kremsi doku oluşturur.",neutral,,neutral,,neutral,,neutral,,neutral,,neutral,,neutral,,,,
Sorbitan Laurate,sorbitanlaurate,1,0,0,0,0,0,0,,,top1000,31,Skincare Ingredient,Emülgatör,"sorbitan laurate, yağ ve su fazlarını stabil bir şekilde bir arada tutan emülgatör; formülasyonun homojen yapısını korur ve kremsi doku oluşturur.",neutral,,neutral,,neutral,,neutral,,neutral,,neutral,,neutral,,,,
Sorbitan Oleate,sorbitanoleate,1,0,0,0,0,0,0,,,top1000,77,Skincare Ingredient,Emülgatör,"sorbitan oleate, yağ ve su fazlarını stabil bir şekilde bir arada tutan emülgatör; formülasyonun homojen yapısını korur ve kremsi doku oluşturur.",neutral,,neutral,,neutral,,neutral,,neutral,,neutral,,neutral,,,,
Sorbitan Olivate,sorbitanolivate,0,0,0,0,0,0,0,,,top1000,78,Skincare Ingredient,Emülgatör,"sorbitan olivate, yağ ve su fazlarını stabil bir şekilde bir arada tutan emülgatör; formülasyonun homojen yapısını korur ve kremsi doku oluşturur.",neutral,,neutral,,neutral,,neutral,,neutral,,neutral,,neutral,,,,
Sorbitan Sesquioleate,sorbitansesquioleate,1,0,0,0,0,0,0,,,manual_v2,0,Skincare Ingredient,Emülgatör,Sorbitol ve oleik asitten elde edilen yağda çözünür emülgatör; su-yağ tipi emülsiyonlarda stabilite sağlar ve formülasyona kremsi doku kazandırır.,neutral,,neutral,,neutral,,neutral,,neutral,,neutral,,neutral,,,,
Sorbitan Stearate,sorbitanstearate,1,0,0,0,0,0,0,,,top1000,92,Skincare Ingredient,Emülgatör,"sorbitan stearate, yağ ve su fazlarını stabil bir şekilde bir arada tutan emülgatör; formülasyonun homojen yapısını korur ve kremsi doku oluşturur.",neutral,,neutral,,neutral,,neutral,,neutral,,neutral,,neutral,,,,
Sorbitan Tristearate,sorbitantristearate,1,0,0,0,0,0,0,,,top1000,39,Skincare Ingredient,Emülgatör,"sorbitan tristearate, yağ ve su fazlarını stabil bir şekilde bir arada tutan emülgatör; formülasyonun homojen yapısını korur ve kremsi doku oluşturur.",neutral,,neutral,,neutral,,neutral,,neutral,,neutral,,neutral,,,,
Sorbitol,sorbitol,1,0,0,0,0,0,0,Dry and dehydrated skin,,manual_v2,1038,Humectant,Nemlendirici,"Meyve şekerinden elde edilen şeker alkolü; glycerin'e benzer mekanizmayla havadan nem çeker ve cildi yumuşak tutar, formülasyona hoş bir doku katar.",neutral,,neutral,,neutral,,neutral,,neutral,,neutral,,neutral,,,,
Soy Acid,soyacid,1,0,0,0,0,0,0,Dry and dehydrated skin,,top1000,30,Skincare Ingredient,Amino Asit / Protein,"soy acid, cildin yapısal proteinlerini ve doğal nem faktörünü destekleyen amino asit veya protein bileşeni; nem tutmaya ve bariyer fonksiyonuna katkıda bulunur.",neutral,,neutral,,neutral,,neutral,,neutral,,neutral,,neutral,,,,
Sphingolipids,sphingolipids,3,0,1,1,3,2,0,Dry and dehydrated skin|Impaired skin barrier|Anyone,,manual_v2,0,Ceramide,Sfingolipid (Bariyer Lipiti),"Cilt bariyerinin temel yapı taşlarından olan lipit grubu; seramidlerin öncü molekülleri olarak bariyer onarımını destekler, transepidermal su kaybını azaltır ve hassas cildi güçlendirir.",beneficial,Cilt bariyerinin temel yapı taşlarından olan lipit grubu; seramidlerin öncü molekülleri olarak bariyer onarımını destekl,neutral,,neutral,,neutral,,beneficial,Cilt bariyerinin temel yapı taşlarından olan lipit grubu; seramidlerin öncü molekülleri olarak bariyer onarımını destekl,beneficial,Cilt bariyerinin temel yapı taşlarından olan lipit grubu; seramidlerin öncü molekülleri olarak bariyer onarımını destekl,neutral,,,,
Squalane,squalane,3,0,1,1,2,2,0,Dry and dehydrated skin|Impaired skin barrier|Anyone,,manual_v2,224,Oil / Lipid,Yağ / Lipit,"Cildin doğal sebumuna yapısal olarak çok benzeyen hafif yağ; gözenek tıkamadan derinlemesine besler, nem bariyerini güçlendirir ve tüm cilt tiplerine uygundur.",beneficial,"Cildin doğal sebumuna yapısal olarak çok benzeyen hafif yağ; gözenek tıkamadan derinlemesine besler, nem bariyerini güçl",neutral,,neutral,,neutral,,beneficial,"Cildin doğal sebumuna yapısal olarak çok benzeyen hafif yağ; gözenek tıkamadan derinlemesine besler, nem bariyerini güçl",beneficial,"Cildin doğal sebumuna yapısal olarak çok benzeyen hafif yağ; gözenek tıkamadan derinlemesine besler, nem bariyerini güçl",neutral,,,,
Squalene,squalene,0,0,0,0,0,0,0,,,top1000,46,Skincare Ingredient,Cilt Bakım Bileşeni,"squalene, kozmetik formülasyonlarda kullanılan yardımcı bileşen; ürünün doku, stabilite veya uygulama özelliklerine katkıda bulunur.",neutral,,neutral,,neutral,,neutral,,neutral,,neutral,,neutral,,,,
Stannous Chloride,stannouschloride,0,0,0,0,0,0,0,,,top1000,34,Skincare Ingredient,Cilt Bakım Bileşeni,"stannous chloride, kozmetik formülasyonlarda kullanılan yardımcı bileşen; ürünün doku, stabilite veya uygulama özelliklerine katkıda bulunur.",neutral,,neutral,,neutral,,neutral,,neutral,,neutral,,neutral,,,,
Stannous Fluoride,stannousfluoride,0,0,0,0,0,0,0,,,top1000,51,Skincare Ingredient,Oral/Diş Bakım Bileşeni,"stannous fluoride, diş macunu ve ağız bakım ürünlerinde kullanılan bileşen.",neutral,,neutral,,neutral,,neutral,,neutral,,neutral,,neutral,,,,
Stearalkonium Bentonite,stearalkoniumbentonite,0,1,0,0,0,0,0,,,top1000,31,Mineral,Mineral,"stearalkonium bentonite, mineral bazlı bileşen; formülasyonun fiziksel özelliklerine katkıda bulunur veya ciltte koruyucu/düzenleyici etki gösterir.",neutral,,neutral,,neutral,,neutral,,neutral,,neutral,,neutral,,,,
Stearalkonium Hectorite,stearalkoniumhectorite,0,0,0,0,0,0,0,,,top1000,75,Skincare Ingredient,Cilt Bakım Bileşeni,"stearalkonium hectorite, kozmetik formülasyonlarda kullanılan yardımcı bileşen; ürünün doku, stabilite veya uygulama özelliklerine katkıda bulunur.",neutral,,neutral,,neutral,,neutral,,neutral,,neutral,,neutral,,,,
Stearamide Amp,stearamideamp,0,0,0,0,0,0,0,,,top1000,58,Skincare Ingredient,Cilt Bakım Bileşeni,"stearamide amp, kozmetik formülasyonlarda kullanılan yardımcı bileşen; ürünün doku, stabilite veya uygulama özelliklerine katkıda bulunur.",neutral,,neutral,,neutral,,neutral,,neutral,,neutral,,neutral,,,,
Stearamidopropyl Dimethylamine,stearamidopropyldimethylamine,0,0,0,0,0,0,0,,,top1000,168,Skincare Ingredient,Cilt Bakım Bileşeni,"stearamidopropyl dimethylamine, kozmetik formülasyonlarda kullanılan yardımcı bileşen; ürünün doku, stabilite veya uygulama özelliklerine katkıda bulunur.",neutral,,neutral,,neutral,,neutral,,neutral,,neutral,,neutral,,,,
Steareth-100,steareth100,0,0,0,0,0,0,0,,,top1000,28,Skincare Ingredient,Emülgatör,"steareth-100, yağ ve su fazlarını stabil bir şekilde bir arada tutan emülgatör; formülasyonun homojen yapısını korur ve kremsi doku oluşturur.",neutral,,neutral,,neutral,,neutral,,neutral,,neutral,,neutral,,,,
Steareth-2,steareth2,0,0,0,0,0,0,0,,,top1000,207,Skincare Ingredient,Emülgatör,"steareth-2, yağ ve su fazlarını stabil bir şekilde bir arada tutan emülgatör; formülasyonun homojen yapısını korur ve kremsi doku oluşturur.",neutral,,neutral,,neutral,,neutral,,neutral,,neutral,,neutral,,,,
Steareth-20,steareth20,0,0,0,0,0,0,0,,,top1000,142,Skincare Ingredient,Emülgatör,"steareth-20, yağ ve su fazlarını stabil bir şekilde bir arada tutan emülgatör; formülasyonun homojen yapısını korur ve kremsi doku oluşturur.",neutral,,neutral,,neutral,,neutral,,neutral,,neutral,,neutral,,,,
Steareth-21,steareth21,0,0,0,0,0,0,0,,,top1000,137,Skincare Ingredient,Emülgatör,"steareth-21, yağ ve su fazlarını stabil bir şekilde bir arada tutan emülgatör; formülasyonun homojen yapısını korur ve kremsi doku oluşturur.",neutral,,neutral,,neutral,,neutral,,neutral,,neutral,,neutral,,,,
Stearic Acid,stearicacid,1,0,0,0,0,0,0,,,top1000,1018,Oil / Lipid,Yağ Asidi,"stearic acid, doğal yağ asidi; cildin lipid bariyerini destekler, yumuşatıcı etki gösterir ve formülasyonun kıvamına katkıda bulunur.",neutral,,neutral,,neutral,,neutral,,neutral,,neutral,,neutral,,,,
Stearyl Alcohol,stearylalcohol,1,0,0,0,0,0,0,,,manual_v2,542,Emollient,Yağlı Alkol (Yumuşatıcı),"Uzun zincirli yağlı alkol; formülasyona zengin ve kremsi kıvam kazandırır, cildi yumuşatır ve nem bariyerini destekler. Kurutucu etkisi yoktur.",neutral,,neutral,,neutral,,neutral,,neutral,,neutral,,neutral,,,,
Stevia Rebaudiana Extract,steviarebaudianaextract,1,0,0,0,0,0,0,,,top1000,54,Botanical Extract,Bitkisel Ekstrakt,"stevia rebaudiana extract, bitkisel kaynaklı aktif ekstrakt; antioksidan, yatıştırıcı veya besleyici özellikler taşıyabilir ve formülasyona doğal etkinlik katar.",neutral,,neutral,,neutral,,neutral,,neutral,,neutral,,neutral,,,,
Styrene/Acrylates Copolymer,styreneacrylatescopolymer,0,0,0,0,0,0,0,,,top1000,392,Skincare Ingredient,Kıvam Artırıcı / Stabilizatör,"styrene/acrylates copolymer, formülasyona kıvam ve stabilite kazandıran polimer; ürünün dokusunu iyileştirir ve bileşenlerin homojen dağılmasını sağlar.",neutral,,neutral,,neutral,,neutral,,neutral,,neutral,,neutral,,,,
Succinic Acid,succinicacid,0,2,1,0,0,0,0,Acne|Texture,,manual_v2,0,Acid,Süksinik Asit,"Kehribardan elde edilen doğal organik asit; antimikrobiyal ve anti-inflamatuar özellikler taşır, akne tedavisinde umut verici sonuçlar gösterir ve cildin pH dengesini düzenler.",neutral,,beneficial,"Kehribardan elde edilen doğal organik asit; antimikrobiyal ve anti-inflamatuar özellikler taşır, akne tedavisinde umut v",neutral,,neutral,,neutral,,neutral,,neutral,,,,
Sucralose,sucralose,0,0,0,0,0,0,0,,,top1000,121,Skincare Ingredient,Cilt Bakım Bileşeni,"sucralose, kozmetik formülasyonlarda kullanılan yardımcı bileşen; ürünün doku, stabilite veya uygulama özelliklerine katkıda bulunur.",neutral,,neutral,,neutral,,neutral,,neutral,,neutral,,neutral,,,,
Sucrose,sucrose,1,0,0,0,0,0,0,,,manual_v2,0,Humectant,Nemlendirici (Şeker),"Doğal sakkaroz şekeri; hafif nemlendirici ve cilt yumuşatıcı olarak çalışır, formülasyona tatlı doku katar ve cildin yüzeyinde koruyucu bir tabaka oluşturur.",neutral,,neutral,,neutral,,neutral,,neutral,,neutral,,neutral,,,,
Sucrose Cocoate,sucrosecocoate,0,0,0,0,0,0,0,,,top1000,45,Skincare Ingredient,Cilt Bakım Bileşeni,"sucrose cocoate, kozmetik formülasyonlarda kullanılan yardımcı bileşen; ürünün doku, stabilite veya uygulama özelliklerine katkıda bulunur.",neutral,,neutral,,neutral,,neutral,,neutral,,neutral,,neutral,,,,
Sucrose Laurate,sucroselaurate,1,0,0,0,0,0,0,Texture,,top1000,29,Emollient,Yumuşatıcı Ester,"sucrose laurate, yağ asidi esteri; cildi yumuşatır, formülasyona hafif ve pürüzsüz bir doku kazandırır.",neutral,,neutral,,neutral,,neutral,,neutral,,neutral,,neutral,,,,
Sucrose Stearate,sucrosestearate,1,0,0,0,0,0,0,,,top1000,49,Skincare Ingredient,Emülgatör,"sucrose stearate, yağ ve su fazlarını stabil bir şekilde bir arada tutan emülgatör; formülasyonun homojen yapısını korur ve kremsi doku oluşturur.",neutral,,neutral,,neutral,,neutral,,neutral,,neutral,,neutral,,,,
Sunflower Seed Oil,sunflowerseedoil,2,0,1,1,1,0,0,Dry and dehydrated skin|Impaired skin barrier,,manual_v2,0,Oil / Lipid,Bitkisel Yağ (Ayçiçeği),"Linoleik asit bakımından zengin ayçiçeği yağı; cilt bariyerini onaran, iltihaplanmayı azaltan ve komedojenik olmayan hafif bitkisel yağ, tüm cilt tiplerine uygundur.",beneficial,"Linoleik asit bakımından zengin ayçiçeği yağı; cilt bariyerini onaran, iltihaplanmayı azaltan ve komedojenik olmayan haf",neutral,,neutral,,neutral,,neutral,,neutral,,neutral,,,,
Synthetic Beeswax,syntheticbeeswax,1,0,0,0,0,0,0,,,top1000,39,Skincare Ingredient,Cilt Bakım Bileşeni,"synthetic beeswax, kozmetik formülasyonlarda kullanılan yardımcı bileşen; ürünün doku, stabilite veya uygulama özelliklerine katkıda bulunur.",neutral,,neutral,,neutral,,neutral,,neutral,,neutral,,neutral,,,,
Synthetic Fluorphlogopite,syntheticfluorphlogopite,0,0,0,0,0,0,0,,,top1000,174,Skincare Ingredient,Cilt Bakım Bileşeni,"synthetic fluorphlogopite, kozmetik formülasyonlarda kullanılan yardımcı bileşen; ürünün doku, stabilite veya uygulama özelliklerine katkıda bulunur.",neutral,,neutral,,neutral,,neutral,,neutral,,neutral,,neutral,,,,
Synthetic Wax,syntheticwax,1,0,0,0,0,0,0,,,top1000,92,Skincare Ingredient,Cilt Bakım Bileşeni,"synthetic wax, kozmetik formülasyonlarda kullanılan yardımcı bileşen; ürünün doku, stabilite veya uygulama özelliklerine katkıda bulunur.",neutral,,neutral,,neutral,,neutral,,neutral,,neutral,,neutral,,,,
Syringa Vulgaris (Lilac) Extract,syringavulgarislilacextract,0,2,1,0,0,0,0,Acne|Enlarged Pores|Oily,,manual_v2,0,Botanical Extract,Bitkisel Ekstrakt (Leylak),"Leylak çiçeğinden elde edilen ekstrakt; antimikrobiyal ve antioksidan özellikler taşır, sebum üretimini dengelemeye yardımcı olur ve akneye eğilimli ciltlerde gözenek arındırıcı etki gösterir.",neutral,,beneficial,"Leylak çiçeğinden elde edilen ekstrakt; antimikrobiyal ve antioksidan özellikler taşır, sebum üretimini dengelemeye yard",neutral,,neutral,,neutral,,neutral,,neutral,,,,
T-Butyl Alcohol,tbutylalcohol,0,0,0,0,0,0,0,,,top1000,28,Skincare Ingredient,Cilt Bakım Bileşeni,"t-butyl alcohol, kozmetik formülasyonlarda kullanılan yardımcı bileşen; ürünün doku, stabilite veya uygulama özelliklerine katkıda bulunur.",neutral,,neutral,,neutral,,neutral,,neutral,,neutral,,neutral,,,,
Talc,talc,0,1,0,0,0,0,0,,,top1000,287,Mineral,Mineral,"talc, mineral bazlı bileşen; formülasyonun fiziksel özelliklerine katkıda bulunur veya ciltte koruyucu/düzenleyici etki gösterir.",neutral,,neutral,,neutral,,neutral,,neutral,,neutral,,neutral,,,,
Tamarindus Indica Seed Gum,tamarindusindicaseedgum,2,0,0,0,1,0,0,Dry and dehydrated skin|Anyone,,manual_v2,0,Skincare Ingredient,Doğal Kıvam Artırıcı / Nemlendirici,Hint demirhindi tohumundan elde edilen doğal polisakkarit; formülasyona jel kıvamı kazandırırken aynı zamanda hyalüronik aside benzer nem tutma özelliği gösterir ve cildi yumuşatır.,beneficial,Hint demirhindi tohumundan elde edilen doğal polisakkarit; formülasyona jel kıvamı kazandırırken aynı zamanda hyalüronik,neutral,,neutral,,neutral,,neutral,,neutral,,neutral,,,,
Tapioca Starch,tapiocastarch,0,0,0,0,0,0,0,,,top1000,134,Skincare Ingredient,Cilt Bakım Bileşeni,"tapioca starch, kozmetik formülasyonlarda kullanılan yardımcı bileşen; ürünün doku, stabilite veya uygulama özelliklerine katkıda bulunur.",neutral,,neutral,,neutral,,neutral,,neutral,,neutral,,neutral,,,,
Tartaric Acid,tartaricacid,0,0,0,0,0,0,0,,,top1000,67,Skincare Ingredient,Cilt Bakım Bileşeni,"tartaric acid, kozmetik formülasyonlarda kullanılan yardımcı bileşen; ürünün doku, stabilite veya uygulama özelliklerine katkıda bulunur.",neutral,,neutral,,neutral,,neutral,,neutral,,neutral,,neutral,,,,
Tasmannia Lanceolata Fruit Extract,tasmannialanceolatafruitextract,0,0,0,0,1,1,0,Redness,,manual_v2,0,Botanical Extract,Bitkisel Ekstrakt (Tazmanya Biberi),"Tazmanya adasına özgü bitkinin meyvesinden elde edilen nadir ekstrakt; güçlü antioksidan ve anti-inflamatuar özellikler taşır, cildi yatıştırır ve hassasiyet eşiğini yükseltir.",neutral,,neutral,,neutral,,neutral,,neutral,,neutral,,neutral,,,,
Taurine,taurine,0,0,0,0,0,0,0,,,top1000,27,Skincare Ingredient,Cilt Bakım Bileşeni,"taurine, kozmetik formülasyonlarda kullanılan yardımcı bileşen; ürünün doku, stabilite veya uygulama özelliklerine katkıda bulunur.",neutral,,neutral,,neutral,,neutral,,neutral,,neutral,,neutral,,,,
Tea Tree Oil,teatreeoil,-1,3,2,0,-1,0,0,Acne|Blackheads,Sensitive|Dry Dehydrated,manual_v2,0,Botanical Extract,Bitkisel Ekstrakt (Çay Ağacı),"Avustralya çay ağacından elde edilen güçlü antiseptik yağ; terpinen-4-ol bileşeniyle akne bakterilerini öldürür, iltihaplanmayı azaltır ancak konsantre halde hassas cildi tahriş edebilir.",caution,"Kurutucu etki yapabilir, nemlendiriciyle birlikte kullanılmalı",beneficial,"Avustralya çay ağacından elde edilen güçlü antiseptik yağ; terpinen-4-ol bileşeniyle akne bakterilerini öldürür, iltihap",beneficial,"Avustralya çay ağacından elde edilen güçlü antiseptik yağ; terpinen-4-ol bileşeniyle akne bakterilerini öldürür, iltihap",neutral,,caution,"Hassas ciltte tahriş ve kızarıklık yapabilir, dikkatli kullanılmalı",neutral,,neutral,,,,
Tea-Dodecylbenzenesulfonate,teadodecylbenzenesulfonate,0,0,0,0,0,0,0,,,top1000,128,Skincare Ingredient,Cilt Bakım Bileşeni,"tea-dodecylbenzenesulfonate, kozmetik formülasyonlarda kullanılan yardımcı bileşen; ürünün doku, stabilite veya uygulama özelliklerine katkıda bulunur.",neutral,,neutral,,neutral,,neutral,,neutral,,neutral,,neutral,,,,
Tea-Sulfate,teasulfate,0,0,0,0,0,0,0,,,top1000,39,Skincare Ingredient,Cilt Bakım Bileşeni,"tea-sulfate, kozmetik formülasyonlarda kullanılan yardımcı bileşen; ürünün doku, stabilite veya uygulama özelliklerine katkıda bulunur.",neutral,,neutral,,neutral,,neutral,,neutral,,neutral,,neutral,,,,
Terephthalidene Dicamphor Sulfonic Acid,terephthalidenedicamphorsulfonicacid,0,0,0,1,0,0,0,UV Protection,,manual_v2,0,Sunscreen Agent,Güneş Koruyucu (Mexoryl SX),"L'Oréal'ın patentli UVA filtresi Mexoryl SX; suda çözünür yapısıyla etkili UVA koruması sağlar, diğer filtrelerle sinerjik çalışarak geniş spektrumlu korumayı güçlendirir.",neutral,,neutral,,neutral,,neutral,,neutral,,neutral,,neutral,,,,
Terephthalylidene Dicamphor Sulfonic Acid,terephthalylidenedicamphorsulfonicacid,0,0,0,0,0,0,0,,,top1000,33,Skincare Ingredient,Cilt Bakım Bileşeni,"terephthalylidene dicamphor sulfonic acid, kozmetik formülasyonlarda kullanılan yardımcı bileşen; ürünün doku, stabilite veya uygulama özelliklerine katkıda bulunur.",neutral,,neutral,,neutral,,neutral,,neutral,,neutral,,neutral,,,,
Terpineol,terpineol,0,0,0,0,0,0,0,,,top1000,63,Skincare Ingredient,Cilt Bakım Bileşeni,"terpineol, kozmetik formülasyonlarda kullanılan yardımcı bileşen; ürünün doku, stabilite veya uygulama özelliklerine katkıda bulunur.",neutral,,neutral,,neutral,,neutral,,neutral,,neutral,,neutral,,,,
Tetramethyl Acetyloctahydronaphthalenes,tetramethylacetyloctahydronaphthalenes,0,0,0,0,0,0,0,,,top1000,85,Skincare Ingredient,Cilt Bakım Bileşeni,"tetramethyl acetyloctahydronaphthalenes, kozmetik formülasyonlarda kullanılan yardımcı bileşen; ürünün doku, stabilite veya uygulama özelliklerine katkıda bulunur.",neutral,,neutral,,neutral,,neutral,,neutral,,neutral,,neutral,,,,
Tetrapotassium Pyrophosphate,tetrapotassiumpyrophosphate,0,0,0,0,0,0,0,,,top1000,95,Mineral,Mineral,"tetrapotassium pyrophosphate, mineral bazlı bileşen; formülasyonun fiziksel özelliklerine katkıda bulunur veya ciltte koruyucu/düzenleyici etki gösterir.",neutral,,neutral,,neutral,,neutral,,neutral,,neutral,,neutral,,,,
Tetraselmis Suecica Extract,tetraselmissuecicaextract,0,0,0,0,0,1,0,Radiance,,manual_v2,0,Botanical Extract,Mikroalg Ekstrakt,"Yeşil mikroalgden elde edilen biyoteknolojik ekstrakt; amino asitler, vitaminler ve mineraller bakımından zengin olup cildin enerji metabolizmasını destekler ve cilt parlaklığını artırır.",neutral,,neutral,,neutral,,neutral,,neutral,,neutral,,neutral,,,,
Tetrasodium Edta,tetrasodiumedta,0,0,0,0,0,0,0,,,top1000,1015,Skincare Ingredient,Şelatör,"tetrasodium edta, metal iyonlarını bağlayarak formülasyonun stabilitesini koruyan şelatlama ajanı; ürünün renk, koku ve etkinlik kaybını önler.",neutral,,neutral,,neutral,,neutral,,neutral,,neutral,,neutral,,,,
Tetrasodium Etidronate,tetrasodiumetidronate,0,0,0,0,0,0,0,,,top1000,185,Skincare Ingredient,Cilt Bakım Bileşeni,"tetrasodium etidronate, kozmetik formülasyonlarda kullanılan yardımcı bileşen; ürünün doku, stabilite veya uygulama özelliklerine katkıda bulunur.",neutral,,neutral,,neutral,,neutral,,neutral,,neutral,,neutral,,,,
Tetrasodium Glutamate Diacetate,tetrasodiumglutamatediacetate,0,0,0,0,0,0,0,,,top1000,401,Skincare Ingredient,Cilt Bakım Bileşeni,"tetrasodium glutamate diacetate, kozmetik formülasyonlarda kullanılan yardımcı bileşen; ürünün doku, stabilite veya uygulama özelliklerine katkıda bulunur.",neutral,,neutral,,neutral,,neutral,,neutral,,neutral,,neutral,,,,
Tetrasodium Iminodisuccinate,tetrasodiumiminodisuccinate,1,0,0,0,0,0,0,Texture,,top1000,33,Emollient,Yumuşatıcı Ester,"tetrasodium iminodisuccinate, yağ asidi esteri; cildi yumuşatır, formülasyona hafif ve pürüzsüz bir doku kazandırır.",neutral,,neutral,,neutral,,neutral,,neutral,,neutral,,neutral,,,,
Tetrasodium Pyrophosphate,tetrasodiumpyrophosphate,0,0,0,0,0,0,0,,,top1000,137,Skincare Ingredient,Cilt Bakım Bileşeni,"tetrasodium pyrophosphate, kozmetik formülasyonlarda kullanılan yardımcı bileşen; ürünün doku, stabilite veya uygulama özelliklerine katkıda bulunur.",neutral,,neutral,,neutral,,neutral,,neutral,,neutral,,neutral,,,,
Theobroma Cacao (Cocoa) Seed Butter,theobromacacaococoaseedbutter,2,0,0,0,1,1,0,,,top1000,82,Skincare Ingredient,Cilt Bakım Bileşeni,"theobroma cacao (cocoa) seed butter, kozmetik formülasyonlarda kullanılan yardımcı bileşen; ürünün doku, stabilite veya uygulama özelliklerine katkıda bulunur.",beneficial,Kuru cilt için faydalı bileşen,neutral,,neutral,,neutral,,neutral,,neutral,,neutral,,,,
Theobroma Cacao Seed Butter,theobromacacaoseedbutter,2,0,0,0,1,1,0,,,top1000,106,Skincare Ingredient,Cilt Bakım Bileşeni,"theobroma cacao seed butter, kozmetik formülasyonlarda kullanılan yardımcı bileşen; ürünün doku, stabilite veya uygulama özelliklerine katkıda bulunur.",beneficial,Kuru cilt için faydalı bileşen,neutral,,neutral,,neutral,,neutral,,neutral,,neutral,,,,
Thermus Thermophillus Ferment,thermusthermophillusferment,0,0,0,1,1,2,0,Fine Lines|Impaired skin barrier,,manual_v2,0,Prebiotic / Probiotic,Probiyotik Ferment (Termofil),"Ekstrem sıcaklıklarda yaşayan bakterinin fermantasyon ürünü; hücreleri ısı ve UV stresine karşı koruyan proteinler içerir, cildin stres direncini artırır.",neutral,,neutral,,neutral,,neutral,,neutral,,beneficial,Ekstrem sıcaklıklarda yaşayan bakterinin fermantasyon ürünü; hücreleri ısı ve UV stresine karşı koruyan proteinler içeri,neutral,,,,
Thioglycerin,thioglycerin,2,0,0,0,0,0,0,Dry and dehydrated skin,,top1000,42,Humectant,Nemlendirici,"thioglycerin, nemlendirici özellikli bileşen; ciltte nem tutarak hidrasyonu artırır ve kuruluğa bağlı gerginlik hissini azaltır.",beneficial,"thioglycerin, nemlendirici özellikli bileşen; ciltte nem tutarak hidrasyonu artırır ve kuruluğa bağlı gerginlik hissini ",neutral,,neutral,,neutral,,neutral,,neutral,,neutral,,,,
Threonine,threonine,1,0,0,0,0,0,0,,,top1000,59,Skincare Ingredient,Cilt Bakım Bileşeni,"threonine, kozmetik formülasyonlarda kullanılan yardımcı bileşen; ürünün doku, stabilite veya uygulama özelliklerine katkıda bulunur.",neutral,,neutral,,neutral,,neutral,,neutral,,neutral,,neutral,,,,
Thymol,thymol,0,0,0,0,0,0,0,,,top1000,69,Skincare Ingredient,Cilt Bakım Bileşeni,"thymol, kozmetik formülasyonlarda kullanılan yardımcı bileşen; ürünün doku, stabilite veya uygulama özelliklerine katkıda bulunur.",neutral,,neutral,,neutral,,neutral,,neutral,,neutral,,neutral,,,,
Tin Oxide,tinoxide,0,0,0,0,0,0,0,,,top1000,160,Skincare Ingredient,Cilt Bakım Bileşeni,"tin oxide, kozmetik formülasyonlarda kullanılan yardımcı bileşen; ürünün doku, stabilite veya uygulama özelliklerine katkıda bulunur.",neutral,,neutral,,neutral,,neutral,,neutral,,neutral,,neutral,,,,
Titanium Dioxide,titaniumdioxide,0,0,0,1,2,0,1,UV Protection|Anyone,,manual_v2,402,Sunscreen Agent,Fiziksel Güneş Filtresi,"Mineral bazlı UVB ağırlıklı güneş filtresi; UV ışınlarını fiziksel bariyerle yansıtır, kimyasal filtrelere göre daha az tahriş riski taşır ve hassas ciltler için tercih edilir.",neutral,,neutral,,neutral,,neutral,,beneficial,"Mineral bazlı UVB ağırlıklı güneş filtresi; UV ışınlarını fiziksel bariyerle yansıtır, kimyasal filtrelere göre daha az ",neutral,,neutral,,,,
Titanium Dioxide (Ci 77891),titaniumdioxideci77891,0,0,0,1,1,0,1,,,top1000,67,Mineral,Mineral,"titanium dioxide (ci 77891), mineral bazlı bileşen; formülasyonun fiziksel özelliklerine katkıda bulunur veya ciltte koruyucu/düzenleyici etki gösterir.",neutral,,neutral,,neutral,,neutral,,neutral,,neutral,,neutral,,,,
Titanium Dioxide (Nano),titaniumdioxidenano,0,0,0,1,1,0,1,,,top1000,56,Mineral,Mineral,"titanium dioxide (nano), mineral bazlı bileşen; formülasyonun fiziksel özelliklerine katkıda bulunur veya ciltte koruyucu/düzenleyici etki gösterir.",neutral,,neutral,,neutral,,neutral,,neutral,,neutral,,neutral,,,,
Tocopherol,tocopherol,2,0,1,1,1,2,0,Dry and dehydrated skin|Fine Lines|Radiance|Impaired skin barrier,,manual_v2,100,Antioxidant,Antioksidan (E Vitamini),"Doğal E vitamini; hücreleri oksidatif stresten koruyan güçlü antioksidan, cildin iyileşme sürecini destekler, nem bariyerini güçlendirir ve formülasyondaki yağların oksidasyonunu önler.",beneficial,"Doğal E vitamini; hücreleri oksidatif stresten koruyan güçlü antioksidan, cildin iyileşme sürecini destekler, nem bariye",neutral,,neutral,,neutral,,neutral,,beneficial,"Doğal E vitamini; hücreleri oksidatif stresten koruyan güçlü antioksidan, cildin iyileşme sürecini destekler, nem bariye",neutral,,,,
Tocopherol (Vitamin E),tocopherolvitamine,0,0,0,0,0,1,0,Radiance,,top1000,42,Antioxidant,Antioksidan,"tocopherol (vitamin e), antioksidan bileşen; serbest radikalleri nötralize ederek hücreleri oksidatif hasardan korur ve formülasyonun stabilitesine katkıda bulunur.",neutral,,neutral,,neutral,,neutral,,neutral,,neutral,,neutral,,,,
Tocopheryl Acetate,tocopherylacetate,2,0,1,1,1,2,0,Dry and dehydrated skin|Fine Lines|Radiance,,manual_v2,1671,Antioxidant,Antioksidan (E Vitamini Asetat),"E vitamininin stabilize edilmiş formu; ciltte enzimler tarafından aktif tocopherole dönüşerek antioksidan koruma sağlar, UV hasarını azaltır ve nem bariyerini destekler.",beneficial,"E vitamininin stabilize edilmiş formu; ciltte enzimler tarafından aktif tocopherole dönüşerek antioksidan koruma sağlar,",neutral,,neutral,,neutral,,neutral,,beneficial,"E vitamininin stabilize edilmiş formu; ciltte enzimler tarafından aktif tocopherole dönüşerek antioksidan koruma sağlar,",neutral,,,,
Tocopheryl Acetate (Vitamin E),tocopherylacetatevitamine,0,0,0,1,0,1,0,,,top1000,40,Skincare Ingredient,Cilt Bakım Bileşeni,"tocopheryl acetate (vitamin e), kozmetik formülasyonlarda kullanılan yardımcı bileşen; ürünün doku, stabilite veya uygulama özelliklerine katkıda bulunur.",neutral,,neutral,,neutral,,neutral,,neutral,,neutral,,neutral,,,,
Tocopheryl Glucoside,tocopherylglucoside,1,0,0,1,1,2,0,Fine Lines|Radiance|Impaired skin barrier,,manual_v2,0,Antioxidant,Antioksidan (E Vitamini Glikozit),"E vitamininin suda çözünür stabil glikozit formu; ciltte enzimler tarafından aktif tocopherole dönüşerek antioksidan koruma sağlar, aynı zamanda kolajeni UV hasarından korur ve aydınlatıcı etki gösterir.",neutral,,neutral,,neutral,,neutral,,neutral,,beneficial,E vitamininin suda çözünür stabil glikozit formu; ciltte enzimler tarafından aktif tocopherole dönüşerek antioksidan kor,neutral,,,,
Toluene-2,toluene2,0,0,0,0,0,0,0,,,top1000,67,Skincare Ingredient,Cilt Bakım Bileşeni,"toluene-2, kozmetik formülasyonlarda kullanılan yardımcı bileşen; ürünün doku, stabilite veya uygulama özelliklerine katkıda bulunur.",neutral,,neutral,,neutral,,neutral,,neutral,,neutral,,neutral,,,,
Tranexamic Acid,tranexamicacid,0,0,0,1,1,2,-1,Pigmentation|Radiance|Redness,Pregnancy,manual_v2,0,Acid,Traneksamik Asit,"Melanin transferini engelleyerek hiperpigmentasyonu azaltan güçlü aydınlatıcı; melazma tedavisinde umut verici sonuçlar gösteren, hassas ciltler dahil geniş toleransa sahip aktif bileşen.",neutral,,neutral,,neutral,,neutral,,neutral,,beneficial,Melanin transferini engelleyerek hiperpigmentasyonu azaltan güçlü aydınlatıcı; melazma tedavisinde umut verici sonuçlar ,caution,"Hamilelikte kullanımı önerilmez, doktorunuza danışın",,,
Trehalose,trehalose,2,0,0,0,0,0,0,Dry and dehydrated skin,,top1000,120,Humectant,Nemlendirici,"trehalose, nemlendirici özellikli bileşen; ciltte nem tutarak hidrasyonu artırır ve kuruluğa bağlı gerginlik hissini azaltır.",beneficial,"trehalose, nemlendirici özellikli bileşen; ciltte nem tutarak hidrasyonu artırır ve kuruluğa bağlı gerginlik hissini aza",neutral,,neutral,,neutral,,neutral,,neutral,,neutral,,,,
Triacontanyl Pvp,triacontanylpvp,0,0,0,0,0,0,0,,,top1000,38,Skincare Ingredient,Cilt Bakım Bileşeni,"triacontanyl pvp, kozmetik formülasyonlarda kullanılan yardımcı bileşen; ürünün doku, stabilite veya uygulama özelliklerine katkıda bulunur.",neutral,,neutral,,neutral,,neutral,,neutral,,neutral,,neutral,,,,
Tribehenin,tribehenin,0,0,0,0,0,0,0,,,top1000,53,Skincare Ingredient,Cilt Bakım Bileşeni,"tribehenin, kozmetik formülasyonlarda kullanılan yardımcı bileşen; ürünün doku, stabilite veya uygulama özelliklerine katkıda bulunur.",neutral,,neutral,,neutral,,neutral,,neutral,,neutral,,neutral,,,,
Triclosan,triclosan,0,0,0,0,-1,0,-1,,Sensitive|Pregnancy,top1000,33,Preservative,Koruyucu,"triclosan, formülasyonu mikrobiyal kontaminasyondan koruyan koruyucu madde; ürünün güvenli raf ömrünü sağlar.",neutral,,neutral,,neutral,,neutral,,caution,"Hassas ciltte tahriş ve kızarıklık yapabilir, dikkatli kullanılmalı",neutral,,caution,"Hamilelikte kullanımı önerilmez, doktorunuza danışın",,,
Tridecane,tridecane,0,0,0,0,0,0,0,,,top1000,43,Skincare Ingredient,Cilt Bakım Bileşeni,"tridecane, kozmetik formülasyonlarda kullanılan yardımcı bileşen; ürünün doku, stabilite veya uygulama özelliklerine katkıda bulunur.",neutral,,neutral,,neutral,,neutral,,neutral,,neutral,,neutral,,,,
Trideceth-10,trideceth10,0,0,0,0,0,0,0,,,top1000,99,Skincare Ingredient,Cilt Bakım Bileşeni,"trideceth-10, kozmetik formülasyonlarda kullanılan yardımcı bileşen; ürünün doku, stabilite veya uygulama özelliklerine katkıda bulunur.",neutral,,neutral,,neutral,,neutral,,neutral,,neutral,,neutral,,,,
Trideceth-12,trideceth12,0,0,0,0,0,0,0,,,top1000,53,Skincare Ingredient,Cilt Bakım Bileşeni,"trideceth-12, kozmetik formülasyonlarda kullanılan yardımcı bileşen; ürünün doku, stabilite veya uygulama özelliklerine katkıda bulunur.",neutral,,neutral,,neutral,,neutral,,neutral,,neutral,,neutral,,,,
Trideceth-2 Carboxamide Mea,trideceth2carboxamidemea,0,0,0,0,0,0,0,,,top1000,46,Skincare Ingredient,Cilt Bakım Bileşeni,"trideceth-2 carboxamide mea, kozmetik formülasyonlarda kullanılan yardımcı bileşen; ürünün doku, stabilite veya uygulama özelliklerine katkıda bulunur.",neutral,,neutral,,neutral,,neutral,,neutral,,neutral,,neutral,,,,
Trideceth-3,trideceth3,0,0,0,0,0,0,0,,,top1000,29,Skincare Ingredient,Cilt Bakım Bileşeni,"trideceth-3, kozmetik formülasyonlarda kullanılan yardımcı bileşen; ürünün doku, stabilite veya uygulama özelliklerine katkıda bulunur.",neutral,,neutral,,neutral,,neutral,,neutral,,neutral,,neutral,,,,
Trideceth-6,trideceth6,0,0,0,0,0,0,0,,,top1000,140,Skincare Ingredient,Cilt Bakım Bileşeni,"trideceth-6, kozmetik formülasyonlarda kullanılan yardımcı bileşen; ürünün doku, stabilite veya uygulama özelliklerine katkıda bulunur.",neutral,,neutral,,neutral,,neutral,,neutral,,neutral,,neutral,,,,
Trideceth-9,trideceth9,0,0,0,0,0,0,0,,,top1000,72,Skincare Ingredient,Cilt Bakım Bileşeni,"trideceth-9, kozmetik formülasyonlarda kullanılan yardımcı bileşen; ürünün doku, stabilite veya uygulama özelliklerine katkıda bulunur.",neutral,,neutral,,neutral,,neutral,,neutral,,neutral,,neutral,,,,
Tridecyl Salicylate,tridecylsalicylate,0,0,0,0,0,0,0,,,manual_v2,0,Emollient,Yumuşatıcı / UV Çözücü,"Salisilik asit esteri; güneş koruyucu filtreleri çözerek formülasyonun cilde düzgün yayılmasını sağlar, aynı zamanda hafif yumuşatıcı etki gösterir.",neutral,,neutral,,neutral,,neutral,,neutral,,neutral,,neutral,,,,
Tridecyl Trimellitate,tridecyltrimellitate,2,0,0,0,0,0,0,Dry and dehydrated skin,,top1000,49,Humectant,Nemlendirici,"tridecyl trimellitate, nemlendirici özellikli bileşen; ciltte nem tutarak hidrasyonu artırır ve kuruluğa bağlı gerginlik hissini azaltır.",beneficial,"tridecyl trimellitate, nemlendirici özellikli bileşen; ciltte nem tutarak hidrasyonu artırır ve kuruluğa bağlı gerginlik",neutral,,neutral,,neutral,,neutral,,neutral,,neutral,,,,
Triethanolamine,triethanolamine,-2,0,0,0,-2,0,0,,,top1000,555,Skincare Ingredient,pH Düzenleyici,"triethanolamine, formülasyonun pH değerini ayarlayarak aktif bileşenlerin optimum etkinliğini ve ürünün cilt uyumluluğunu sağlar.",caution,"Kurutucu etki yapabilir, nemlendiriciyle kullanılmalı",neutral,,neutral,,neutral,,caution,Hassas ciltte tahriş ve kızarıklık yapabilir,neutral,,neutral,,,,
Triethoxycaprylylsilane,triethoxycaprylylsilane,0,0,0,0,0,0,0,,,top1000,70,Skincare Ingredient,Cilt Bakım Bileşeni,"triethoxycaprylylsilane, kozmetik formülasyonlarda kullanılan yardımcı bileşen; ürünün doku, stabilite veya uygulama özelliklerine katkıda bulunur.",neutral,,neutral,,neutral,,neutral,,neutral,,neutral,,neutral,,,,
Triethyl Citrate,triethylcitrate,0,0,0,0,0,0,0,,,top1000,294,Skincare Ingredient,Cilt Bakım Bileşeni,"triethyl citrate, kozmetik formülasyonlarda kullanılan yardımcı bileşen; ürünün doku, stabilite veya uygulama özelliklerine katkıda bulunur.",neutral,,neutral,,neutral,,neutral,,neutral,,neutral,,neutral,,,,
Triethylene Glycol,triethyleneglycol,2,0,0,0,0,0,0,Dry and dehydrated skin,,top1000,73,Humectant,Nemlendirici,"triethylene glycol, nemlendirici özellikli bileşen; ciltte nem tutarak hidrasyonu artırır ve kuruluğa bağlı gerginlik hissini azaltır.",beneficial,"triethylene glycol, nemlendirici özellikli bileşen; ciltte nem tutarak hidrasyonu artırır ve kuruluğa bağlı gerginlik hi",neutral,,neutral,,neutral,,neutral,,neutral,,neutral,,,,
Trihydroxystearin,trihydroxystearin,0,0,0,0,0,0,0,,,manual_v2,0,Skincare Ingredient,Kıvam Artırıcı / Stabilizatör,"Hidrojene hint yağı türevi; formülasyona kıvam verir, süspansiyonların stabilitesini sağlar ve pigmentlerin homojen dağılmasına yardımcı olur.",neutral,,neutral,,neutral,,neutral,,neutral,,neutral,,neutral,,,,
Trimethylsiloxysilicate,trimethylsiloxysilicate,0,1,0,0,0,0,0,,,top1000,83,Mineral,Mineral,"trimethylsiloxysilicate, mineral bazlı bileşen; formülasyonun fiziksel özelliklerine katkıda bulunur veya ciltte koruyucu/düzenleyici etki gösterir.",neutral,,neutral,,neutral,,neutral,,neutral,,neutral,,neutral,,,,
Triolein,triolein,1,0,0,0,0,0,0,,,manual_v2,0,Emollient,Yumuşatıcı (Oleik Asit Trigliserit),"Oleik asidin trigliserit formu; cildi yumuşatan ve besleyen doğal lipit, derinin lipid matriksine uyumlu yapısıyla nem bariyerini destekler.",neutral,,neutral,,neutral,,neutral,,neutral,,neutral,,neutral,,,,
Tripeptide-32,tripeptide32,0,0,0,0,0,3,0,Fine Lines|Wrinkles,,manual_v2,0,Peptide,Peptit (Circadian),Cildin sirkadiyen (biyolojik saat) ritmini düzenleyen sinyal peptidi; hücrelerin gece onarım sürecini optimize ederek yaşlanma belirtilerini geciktirmeye yardımcı olur.,neutral,,neutral,,neutral,,neutral,,neutral,,beneficial,Cildin sirkadiyen (biyolojik saat) ritmini düzenleyen sinyal peptidi; hücrelerin gece onarım sürecini optimize ederek ya,neutral,,,,
Trisiloxane,trisiloxane,1,0,0,0,0,0,0,Texture,,manual_v2,0,Silicone,Silikon (Hafif),"Çok düşük viskoziteli hafif silikon; formülasyona ultra hafif ve hızlı emilen bir doku kazandırır, aktif bileşenlerin cilde yayılmasını kolaylaştırır.",neutral,,neutral,,neutral,,neutral,,neutral,,neutral,,neutral,,,,
Trisodium Edta,trisodiumedta,0,0,0,0,0,0,0,,,top1000,192,Skincare Ingredient,Şelatör,"trisodium edta, metal iyonlarını bağlayarak formülasyonun stabilitesini koruyan şelatlama ajanı; ürünün renk, koku ve etkinlik kaybını önler.",neutral,,neutral,,neutral,,neutral,,neutral,,neutral,,neutral,,,,
Trisodium Ethylenediamine Disuccinate,trisodiumethylenediaminedisuccinate,1,0,0,0,0,0,0,Texture,,top1000,134,Emollient,Yumuşatıcı Ester,"trisodium ethylenediamine disuccinate, yağ asidi esteri; cildi yumuşatır, formülasyona hafif ve pürüzsüz bir doku kazandırır.",neutral,,neutral,,neutral,,neutral,,neutral,,neutral,,neutral,,,,
Trisodium Phosphate,trisodiumphosphate,0,0,0,0,0,0,0,,,top1000,130,Skincare Ingredient,Cilt Bakım Bileşeni,"trisodium phosphate, kozmetik formülasyonlarda kullanılan yardımcı bileşen; ürünün doku, stabilite veya uygulama özelliklerine katkıda bulunur.",neutral,,neutral,,neutral,,neutral,,neutral,,neutral,,neutral,,,,
Triticum Vulgare Germ Oil,triticumvulgaregermoil,0,0,0,0,0,0,0,,,top1000,30,Skincare Ingredient,Cilt Bakım Bileşeni,"triticum vulgare germ oil, kozmetik formülasyonlarda kullanılan yardımcı bileşen; ürünün doku, stabilite veya uygulama özelliklerine katkıda bulunur.",neutral,,neutral,,neutral,,neutral,,neutral,,neutral,,neutral,,,,
Tromethamine,tromethamine,0,0,0,0,0,0,0,,,top1000,43,Skincare Ingredient,pH Düzenleyici,"tromethamine, formülasyonun pH değerini ayarlayarak aktif bileşenlerin optimum etkinliğini ve ürünün cilt uyumluluğunu sağlar.",neutral,,neutral,,neutral,,neutral,,neutral,,neutral,,neutral,,,,
Ubiquinone,ubiquinone,0,0,0,0,0,1,0,Radiance,,top1000,68,Antioxidant,Antioksidan,"ubiquinone, antioksidan bileşen; serbest radikalleri nötralize ederek hücreleri oksidatif hasardan korur ve formülasyonun stabilitesine katkıda bulunur.",neutral,,neutral,,neutral,,neutral,,neutral,,neutral,,neutral,,,,
Undecane,undecane,0,0,0,0,0,0,0,,,top1000,45,Skincare Ingredient,Cilt Bakım Bileşeni,"undecane, kozmetik formülasyonlarda kullanılan yardımcı bileşen; ürünün doku, stabilite veya uygulama özelliklerine katkıda bulunur.",neutral,,neutral,,neutral,,neutral,,neutral,,neutral,,neutral,,,,
Undecylenoyl Glycine,undecylenoylglycine,1,0,0,0,0,0,0,Dry and dehydrated skin,,top1000,30,Skincare Ingredient,Amino Asit / Protein,"undecylenoyl glycine, cildin yapısal proteinlerini ve doğal nem faktörünü destekleyen amino asit veya protein bileşeni; nem tutmaya ve bariyer fonksiyonuna katkıda bulunur.",neutral,,neutral,,neutral,,neutral,,neutral,,neutral,,neutral,,,,
Urea,urea,3,0,1,0,-1,1,0,Dry and dehydrated skin|Texture|Impaired skin barrier,Sensitive,manual_v2,254,Humectant,Nemlendirici / Hafif Peeling,Cildin doğal nem faktörünün (NMF) önemli bir bileşeni; güçlü nemlendirici özelliğinin yanı sıra hafif keratolitik etki göstererek çok kuru ve pürüzlü cildi yumuşatır.,beneficial,Cildin doğal nem faktörünün (NMF) önemli bir bileşeni; güçlü nemlendirici özelliğinin yanı sıra hafif keratolitik etki g,neutral,,neutral,,neutral,,caution,"Hassas ciltte tahriş ve kızarıklık yapabilir, dikkatli kullanılmalı",neutral,,neutral,,,,
Vaccinium Myrtillus Fruit/Leaf Extract,vacciniummyrtillusfruitleafextract,0,0,0,1,0,1,0,Radiance|Texture,,manual_v2,0,Botanical Extract,Bitkisel Ekstrakt (Yaban Mersini),"Yaban mersininden elde edilen antosiyanin ve doğal AHA bakımından zengin ekstrakt; güçlü antioksidan koruma sağlar, hafif peeling etkisi gösterir ve cilt parlaklığını artırır.",neutral,,neutral,,neutral,,neutral,,neutral,,neutral,,neutral,,,,
Valine,valine,1,0,0,0,0,0,0,,,top1000,29,Skincare Ingredient,Cilt Bakım Bileşeni,"valine, kozmetik formülasyonlarda kullanılan yardımcı bileşen; ürünün doku, stabilite veya uygulama özelliklerine katkıda bulunur.",neutral,,neutral,,neutral,,neutral,,neutral,,neutral,,neutral,,,,
Vanilla Planifolia Fruit Extract,vanillaplanifoliafruitextract,1,0,0,0,0,0,0,,,top1000,52,Botanical Extract,Bitkisel Ekstrakt,"vanilla planifolia fruit extract, bitkisel kaynaklı aktif ekstrakt; antioksidan, yatıştırıcı veya besleyici özellikler taşıyabilir ve formülasyona doğal etkinlik katar.",neutral,,neutral,,neutral,,neutral,,neutral,,neutral,,neutral,,,,
Vanillin,vanillin,0,0,0,0,0,0,0,,,top1000,47,Skincare Ingredient,Cilt Bakım Bileşeni,"vanillin, kozmetik formülasyonlarda kullanılan yardımcı bileşen; ürünün doku, stabilite veya uygulama özelliklerine katkıda bulunur.",neutral,,neutral,,neutral,,neutral,,neutral,,neutral,,neutral,,,,
Vinyl Dimethicone/Methicone Silsesquioxane Crosspolymer,vinyldimethiconemethiconesilsesquioxanecrosspolymer,1,0,0,0,0,0,0,Texture,,top1000,35,Silicone,Silikon,"vinyl dimethicone/methicone silsesquioxane crosspolymer, silikon bazlı bileşen; ciltte veya saçta pürüzsüz bir yüzey oluşturarak dokuyu iyileştirir, nem kaybını azaltır ve ürüne ipeksi bir uygulama hissi kazandırır.",neutral,,neutral,,neutral,,neutral,,neutral,,neutral,,neutral,,,,
Vitamin E,vitamine,2,0,1,1,1,2,0,Dry and dehydrated skin|Fine Lines|Radiance,,manual_v2,36,Antioxidant,Antioksidan (E Vitamini),"Güçlü yağda çözünür antioksidan; hücre zarlarını serbest radikal hasarından korur, UV kaynaklı fotoyaşlanmayı yavaşlatır ve C vitaminiyle birlikte sinerjik etki gösterir.",beneficial,"Güçlü yağda çözünür antioksidan; hücre zarlarını serbest radikal hasarından korur, UV kaynaklı fotoyaşlanmayı yavaşlatır",neutral,,neutral,,neutral,,neutral,,beneficial,"Güçlü yağda çözünür antioksidan; hücre zarlarını serbest radikal hasarından korur, UV kaynaklı fotoyaşlanmayı yavaşlatır",neutral,,,,
Vitis Vinifera (Grape) Fruit Extract,vitisviniferagrapefruitextract,0,0,0,1,0,2,0,Fine Lines|Radiance,,manual_v2,0,Botanical Extract,Bitkisel Ekstrakt (Üzüm Meyvesi),"Üzüm meyvesinden elde edilen polifenol ve resveratrol bakımından zengin ekstrakt; güçlü antioksidan koruma sağlar, serbest radikalleri nötralize eder ve cildin yaşlanma sürecini yavaşlatmaya yardımcı olur.",neutral,,neutral,,neutral,,neutral,,neutral,,beneficial,"Üzüm meyvesinden elde edilen polifenol ve resveratrol bakımından zengin ekstrakt; güçlü antioksidan koruma sağlar, serbe",neutral,,,,
Vitis Vinifera (Grape) Fruit Water,vitisviniferagrapefruitwater,0,0,0,0,0,0,0,Radiance,,manual_v2,0,Botanical Extract,Bitkisel Hidrosol (Üzüm),"Üzüm meyvesinin damıtılmasıyla elde edilen aromatik su; hafif antioksidan özellikler taşır, formülasyona ferahlatıcı etki katar ve cildi tonlandırır.",neutral,,neutral,,neutral,,neutral,,neutral,,neutral,,neutral,,,,
Vitis Vinifera (Grape) Juice,vitisviniferagrapejuice,0,0,0,0,0,1,0,Radiance,,manual_v2,0,Botanical Extract,Üzüm Suyu Ekstrakt,"Taze üzüm suyundan elde edilen polifenol ve organik asit bakımından zengin ekstrakt; hafif peeling etkisi gösterebilir, antioksidan koruma sağlar ve cilt parlaklığını artırır.",neutral,,neutral,,neutral,,neutral,,neutral,,neutral,,neutral,,,,
Vitis Vinifera (Grape) Seed Oil,vitisviniferagrapeseedoil,2,-1,0,1,0,1,0,Dry and dehydrated skin,Oily,top1000,60,Oil / Lipid,Bitkisel Yağ,"vitis vinifera (grape) seed oil, esansiyel yağ asitleri ve vitaminler bakımından zengin bitkisel yağ; cildi besler, nem bariyerini güçlendirir ve yumuşatıcı etki sağlar.",beneficial,"vitis vinifera (grape) seed oil, esansiyel yağ asitleri ve vitaminler bakımından zengin bitkisel yağ; cildi besler, nem ",caution,Gözenekleri tıkayabilir veya yağlanmayı artırabilir,neutral,,neutral,,neutral,,neutral,,neutral,,,,
Vitis Vinifera Leaf Extract,vitisviniferaleafextract,0,0,0,1,0,1,0,Radiance,,manual_v2,0,Botanical Extract,Bitkisel Ekstrakt (Asma Yaprağı),"Asma yaprağından elde edilen polifenol bakımından zengin ekstrakt; güçlü antioksidan koruma sağlar, mikro dolaşımı artırır ve bacak yorgunluğu ile ödemi azaltmada geleneksel olarak kullanılır.",neutral,,neutral,,neutral,,neutral,,neutral,,neutral,,neutral,,,,
Vitis Vinifera Seed Oil,vitisviniferaseedoil,2,-1,0,1,0,1,0,Dry and dehydrated skin,Oily,top1000,85,Oil / Lipid,Bitkisel Yağ,"vitis vinifera seed oil, esansiyel yağ asitleri ve vitaminler bakımından zengin bitkisel yağ; cildi besler, nem bariyerini güçlendirir ve yumuşatıcı etki sağlar.",beneficial,"vitis vinifera seed oil, esansiyel yağ asitleri ve vitaminler bakımından zengin bitkisel yağ; cildi besler, nem bariyeri",caution,Gözenekleri tıkayabilir veya yağlanmayı artırabilir,neutral,,neutral,,neutral,,neutral,,neutral,,,,
Vitreoscilla Ferment,vitreoscillaferment,1,0,0,1,2,0,0,Redness|Impaired skin barrier|Anyone,,manual_v2,0,Prebiotic / Probiotic,Probiyotik Ferment,"Vitreoscilla filiformis bakterisinin fermantasyon ürünü; cildin doğal savunma mekanizmasını güçlendirir, mikrobiyom dengesini destekler ve hassas cilt semptomlarını (kızarıklık, kaşıntı) azaltır.",neutral,,neutral,,neutral,,neutral,,beneficial,"Vitreoscilla filiformis bakterisinin fermantasyon ürünü; cildin doğal savunma mekanizmasını güçlendirir, mikrobiyom deng",neutral,,neutral,,,,
Vp/Eicosene Copolymer,vpeicosenecopolymer,0,0,0,0,0,0,0,,,top1000,65,Skincare Ingredient,Kıvam Artırıcı / Stabilizatör,"vp/eicosene copolymer, formülasyona kıvam ve stabilite kazandıran polimer; ürünün dokusunu iyileştirir ve bileşenlerin homojen dağılmasını sağlar.",neutral,,neutral,,neutral,,neutral,,neutral,,neutral,,neutral,,,,
Vp/Hexadecene Copolymer,vphexadecenecopolymer,0,0,0,0,0,0,0,,,top1000,73,Skincare Ingredient,Kıvam Artırıcı / Stabilizatör,"vp/hexadecene copolymer, formülasyona kıvam ve stabilite kazandıran polimer; ürünün dokusunu iyileştirir ve bileşenlerin homojen dağılmasını sağlar.",neutral,,neutral,,neutral,,neutral,,neutral,,neutral,,neutral,,,,
Vp/Va Copolymer,vpvacopolymer,0,0,0,0,0,0,0,,,top1000,63,Skincare Ingredient,Kıvam Artırıcı / Stabilizatör,"vp/va copolymer, formülasyona kıvam ve stabilite kazandıran polimer; ürünün dokusunu iyileştirir ve bileşenlerin homojen dağılmasını sağlar.",neutral,,neutral,,neutral,,neutral,,neutral,,neutral,,neutral,,,,
Water (Aqua),wateraqua,0,0,0,0,0,0,0,,,top1000,378,Skincare Ingredient,Cilt Bakım Bileşeni,"water (aqua), kozmetik formülasyonlarda kullanılan yardımcı bileşen; ürünün doku, stabilite veya uygulama özelliklerine katkıda bulunur.",neutral,,neutral,,neutral,,neutral,,neutral,,neutral,,neutral,,,,
Water/Aqua/Eau,wateraquaeau,0,0,0,0,0,0,0,,,top1000,47,Skincare Ingredient,Cilt Bakım Bileşeni,"water/aqua/eau, kozmetik formülasyonlarda kullanılan yardımcı bileşen; ürünün doku, stabilite veya uygulama özelliklerine katkıda bulunur.",neutral,,neutral,,neutral,,neutral,,neutral,,neutral,,neutral,,,,
Water/Eau,watereau,0,0,0,0,0,0,0,,,top1000,53,Skincare Ingredient,Cilt Bakım Bileşeni,"water/eau, kozmetik formülasyonlarda kullanılan yardımcı bileşen; ürünün doku, stabilite veya uygulama özelliklerine katkıda bulunur.",neutral,,neutral,,neutral,,neutral,,neutral,,neutral,,neutral,,,,
Witch Hazel Extract,witchhazelextract,-1,2,1,0,-1,0,0,Oily|Enlarged Pores,Sensitive|Dry Dehydrated,manual_v2,0,Botanical Extract,Bitkisel Ekstrakt (Cadı Fındığı),"Doğal astrenjan özelliklere sahip bitkisel ekstrakt; gözenekleri sıkılaştırır ve yağlanmayı kontrol eder, ancak içerdiği tanenler hassas ciltte tahriş ve kuruluğa neden olabilir.",caution,"Kurutucu etki yapabilir, nemlendiriciyle birlikte kullanılmalı",beneficial,"Doğal astrenjan özelliklere sahip bitkisel ekstrakt; gözenekleri sıkılaştırır ve yağlanmayı kontrol eder, ancak içerdiği",neutral,,neutral,,caution,"Hassas ciltte tahriş ve kızarıklık yapabilir, dikkatli kullanılmalı",neutral,,neutral,,,,
Xantham Gum,xanthamgum,0,0,0,0,0,0,0,,,top1000,34,Skincare Ingredient,Cilt Bakım Bileşeni,"xantham gum, kozmetik formülasyonlarda kullanılan yardımcı bileşen; ürünün doku, stabilite veya uygulama özelliklerine katkıda bulunur.",neutral,,neutral,,neutral,,neutral,,neutral,,neutral,,neutral,,,,
Xanthan Gum,xanthangum,0,0,0,0,0,0,0,,,manual_v2,2208,Skincare Ingredient,Kıvam Artırıcı,"Doğal fermantasyonla elde edilen polisakkarit; formülasyona jel kıvamı verir, bileşenlerin homojen dağılmasını sağlar ve ürünün dokusunu iyileştirir.",neutral,,neutral,,neutral,,neutral,,neutral,,neutral,,neutral,,,,
Xylitol,xylitol,1,0,0,1,1,0,0,Impaired skin barrier|Anyone,,manual_v2,316,Humectant,Nemlendirici / Prebiyotik,"Doğal şeker alkolü; cildin faydalı mikroorganizmalarını besleyerek mikrobiyom dengesini destekler, hafif nemlendirme sağlar ve cilt bariyerinin bütünlüğüne katkıda bulunur.",neutral,,neutral,,neutral,,neutral,,neutral,,neutral,,neutral,,,,
Xylitylglucoside,xylitylglucoside,1,0,0,0,0,0,0,Anyone,,top1000,50,Surfactant,Yüzey Aktif Madde (Nazik),"xylitylglucoside, nazik temizleyici yüzey aktif madde; cildi fazla kurutmadan etkili temizlik sağlar ve hassas cilt formülasyonlarında tercih edilir.",neutral,,neutral,,neutral,,neutral,,neutral,,neutral,,neutral,,,,
Yeast Extract,yeastextract,1,0,0,1,0,2,0,Fine Lines|Radiance,,manual_v2,0,Prebiotic / Probiotic,Maya Ekstrakt,"Maya hücrelerinden elde edilen biyoaktif ekstrakt; B vitaminleri, amino asitler ve mineraller bakımından zengin olup cildin enerji metabolizmasını destekler ve yenilenme sürecini hızlandırır.",neutral,,neutral,,neutral,,neutral,,neutral,,beneficial,"Maya hücrelerinden elde edilen biyoaktif ekstrakt; B vitaminleri, amino asitler ve mineraller bakımından zengin olup cil",neutral,,,,
Yellow 5,yellow5,0,0,0,0,0,0,0,,,top1000,39,Skincare Ingredient,Cilt Bakım Bileşeni,"yellow 5, kozmetik formülasyonlarda kullanılan yardımcı bileşen; ürünün doku, stabilite veya uygulama özelliklerine katkıda bulunur.",neutral,,neutral,,neutral,,neutral,,neutral,,neutral,,neutral,,,,
Yellow 5 (Ci 19140),yellow5ci19140,0,0,0,0,0,0,0,,,top1000,69,Skincare Ingredient,Renklendirici,"yellow 5 (ci 19140), formülasyona renk veren kozmetik pigment; ürünün görsel çekiciliğini artırır, cilt bakım faydası yoktur.",neutral,,neutral,,neutral,,neutral,,neutral,,neutral,,neutral,,,,
Zea Mays (Corn) Starch,zeamayscornstarch,0,0,0,0,0,0,0,,,top1000,54,Skincare Ingredient,Cilt Bakım Bileşeni,"zea mays (corn) starch, kozmetik formülasyonlarda kullanılan yardımcı bileşen; ürünün doku, stabilite veya uygulama özelliklerine katkıda bulunur.",neutral,,neutral,,neutral,,neutral,,neutral,,neutral,,neutral,,,,
Zea Mays Starch,zeamaysstarch,0,0,0,0,0,0,0,,,top1000,68,Skincare Ingredient,Cilt Bakım Bileşeni,"zea mays starch, kozmetik formülasyonlarda kullanılan yardımcı bileşen; ürünün doku, stabilite veya uygulama özelliklerine katkıda bulunur.",neutral,,neutral,,neutral,,neutral,,neutral,,neutral,,neutral,,,,
Zinc Carbonate,zinccarbonate,1,0,0,0,0,0,0,,,top1000,70,Mineral,Mineral,"zinc carbonate, mineral bazlı bileşen; formülasyonun fiziksel özelliklerine katkıda bulunur veya ciltte koruyucu/düzenleyici etki gösterir.",neutral,,neutral,,neutral,,neutral,,neutral,,neutral,,neutral,,,,
Zinc Chloride,zincchloride,0,0,0,0,0,0,0,,,top1000,96,Mineral,Mineral,"zinc chloride, mineral bazlı bileşen; formülasyonun fiziksel özelliklerine katkıda bulunur veya ciltte koruyucu/düzenleyici etki gösterir.",neutral,,neutral,,neutral,,neutral,,neutral,,neutral,,neutral,,,,
Zinc Citrate,zinccitrate,0,0,0,0,0,0,0,,,top1000,183,Mineral,Mineral,"zinc citrate, mineral bazlı bileşen; formülasyonun fiziksel özelliklerine katkıda bulunur veya ciltte koruyucu/düzenleyici etki gösterir.",neutral,,neutral,,neutral,,neutral,,neutral,,neutral,,neutral,,,,
Zinc Gluconate,zincgluconate,0,0,0,0,0,0,0,,,top1000,102,Mineral,Mineral,"zinc gluconate, mineral bazlı bileşen; formülasyonun fiziksel özelliklerine katkıda bulunur veya ciltte koruyucu/düzenleyici etki gösterir.",neutral,,neutral,,neutral,,neutral,,neutral,,neutral,,neutral,,,,
Zinc Neodecanoate,zincneodecanoate,0,0,0,0,0,0,0,,,top1000,55,Mineral,Mineral,"zinc neodecanoate, mineral bazlı bileşen; formülasyonun fiziksel özelliklerine katkıda bulunur veya ciltte koruyucu/düzenleyici etki gösterir.",neutral,,neutral,,neutral,,neutral,,neutral,,neutral,,neutral,,,,
Zinc Oxide,zincoxide,0,0,0,1,2,0,1,UV Protection|Redness|Anyone,,manual_v2,131,Sunscreen Agent,Fiziksel Güneş Filtresi,"Geniş spektrumlu mineral güneş filtresi; UVA ve UVB ışınlarını fiziksel olarak yansıtarak koruma sağlar, hassas ciltler ve çocuklar için en güvenli güneş koruyucu seçeneklerden biridir.",neutral,,neutral,,neutral,,neutral,,beneficial,"Geniş spektrumlu mineral güneş filtresi; UVA ve UVB ışınlarını fiziksel olarak yansıtarak koruma sağlar, hassas ciltler ",neutral,,neutral,,,,
Zinc Pca,zincpca,-1,2,1,0,-1,0,0,,,top1000,104,Mineral,Mineral,"zinc pca, mineral bazlı bileşen; formülasyonun fiziksel özelliklerine katkıda bulunur veya ciltte koruyucu/düzenleyici etki gösterir.",caution,"Kurutucu etki yapabilir, nemlendiriciyle kullanılmalı",beneficial,Yağlı cilt için faydalı bileşen,neutral,,neutral,,caution,Hassas ciltte tahriş ve kızarıklık yapabilir,neutral,,neutral,,,,
Zinc Pyrithione,zincpyrithione,0,0,0,0,0,0,0,,,top1000,104,Mineral,Mineral,"zinc pyrithione, mineral bazlı bileşen; formülasyonun fiziksel özelliklerine katkıda bulunur veya ciltte koruyucu/düzenleyici etki gösterir.",neutral,,neutral,,neutral,,neutral,,neutral,,neutral,,neutral,,,,
Zinc Ricinoleate,zincricinoleate,1,0,0,0,0,0,0,Texture,,top1000,38,Emollient,Yumuşatıcı Ester,"zinc ricinoleate, yağ asidi esteri; cildi yumuşatır, formülasyona hafif ve pürüzsüz bir doku kazandırır.",neutral,,neutral,,neutral,,neutral,,neutral,,neutral,,neutral,,,,
Zinc Stearate,zincstearate,1,0,0,0,0,0,0,Texture,,top1000,62,Emollient,Yumuşatıcı Ester,"zinc stearate, yağ asidi esteri; cildi yumuşatır, formülasyona hafif ve pürüzsüz bir doku kazandırır.",neutral,,neutral,,neutral,,neutral,,neutral,,neutral,,neutral,,,,
Zinc Sulfate,zincsulfate,0,1,0,0,0,0,0,Acne,,manual_v2,0,Mineral,Mineral (Çinko),"Çinko sülfat; yara iyileşmesini destekleyen, antimikrobiyal ve anti-inflamatuar özellikler taşıyan iz element, akne tedavisinde ve cilt yenilenmesinde yardımcı rol oynar.",neutral,,neutral,,neutral,,neutral,,neutral,,neutral,,neutral,,,,
Zingiber Officinale (Ginger) Root Extract,zingiberofficinalegingerrootextract,1,0,0,0,0,0,0,,,top1000,33,Botanical Extract,Bitkisel Ekstrakt,"zingiber officinale (ginger) root extract, bitkisel kaynaklı aktif ekstrakt; antioksidan, yatıştırıcı veya besleyici özellikler taşıyabilir ve formülasyona doğal etkinlik katar.",neutral,,neutral,,neutral,,neutral,,neutral,,neutral,,neutral,,,,
[+/- May Contain Ci 77891 / Titanium Dioxide,maycontainci77891titaniumdioxide,0,0,0,1,1,0,1,,,top1000,28,Mineral,Mineral,"[+/- may contain ci 77891 / titanium dioxide, mineral bazlı bileşen; formülasyonun fiziksel özelliklerine katkıda bulunur veya ciltte koruyucu/düzenleyici etki gösterir.",neutral,,neutral,,neutral,,neutral,,neutral,,neutral,,neutral,,,,
Água,gua,0,0,0,0,0,0,0,,,top1000,33,Skincare Ingredient,Cilt Bakım Bileşeni,"água, kozmetik formülasyonlarda kullanılan yardımcı bileşen; ürünün doku, stabilite veya uygulama özelliklerine katkıda bulunur.",neutral,,neutral,,neutral,,neutral,,neutral,,neutral,,neutral,,,,
Pentaerythrityl Tetraethylhexanoate,pentaerythrityltetraethylhexanoate,Emoliyan,Emoliyan,Cilt yüzeyinde yumuşatıcı bir tabaka oluşturarak nem kaybını önleyen bir emoliyandır. Cilde pürüzsüz bir doku kazandırır ve ürünün yayılımını kolaylaştırır.,,,ai,1,3.0,beneficial,Cilt bariyerini destekleyerek su kaybını önler ve yoğun nem sağlar.,1.0,neutral,Hafif yapısı sayesinde gözenekleri tıkama riski düşüktür ancak yağlı ciltlerde aşırı parlaklık yapabilir.,2.0,beneficial,Kuru bölgeleri nemlendirirken yağlı bölgelerde ağır bir his bırakmadan yumuşaklık sağlar.,2.0,beneficial,Cilt dokusunu iyileştirir ve sağlıklı bir görünüm kazandırır.,2.0,beneficial,"Tahriş edici özelliği düşük, yatıştırıcı bir bariyer oluşturucu olarak çalışır.",3.0,beneficial,Yaşlanma belirtileriyle birlikte azalan lipid desteğini sağlar ve cildi dolgun gösterir.,3.0,beneficial,Güvenli bir emoliyandır ve hamilelik döneminde cilt bakımında kullanılabilir.,,,
A fA Rathacenes lees Jue,afarathacenesleesjue,Bilinmeyen,Bilinmeyen,Bu maddetin kozmetik üzerindeki etkisi ve işlevi net olarak belirtilmemiştir; dolayısıyla genel bir değerlendirme yapılamaz.,,,ai,1,0.0,neutral,"Bilgi yetersiz, dolayısıyla nötr kabul edilmiştir.",0.0,neutral,"Bilgi yetersiz, dolayısıyla nötr kabul edilmiştir.",0.0,neutral,"Bilgi yetersiz, dolayısıyla nötr kabul edilmiştir.",0.0,neutral,"Bilgi yetersiz, dolayısıyla nötr kabul edilmiştir.",0.0,neutral,"Bilgi yetersiz, dolayısıyla nötr kabul edilmiştir.",0.0,neutral,"Bilgi yetersiz, dolayısıyla nötr kabul edilmiştir.",0.0,neutral,"Bilgi yetersiz, dolayısıyla nötr kabul edilmiştir.",,,
Potassiucn AT: i et ss,potassiucnatietss,Bilinmeyen,Bilinmeyen,Bu maddetin kozmetik üzerindeki etkisi ve işlevi net olarak belirtilmemiştir; dolayısıyla genel bir değerlendirme yapılamaz.,,,ai,1,0.0,neutral,"Bilgi yetersiz, dolayısıyla nötr kabul edilmiştir.",0.0,neutral,"Bilgi yetersiz, dolayısıyla nötr kabul edilmiştir.",0.0,neutral,"Bilgi yetersiz, dolayısıyla nötr kabul edilmiştir.",0.0,neutral,"Bilgi yetersiz, dolayısıyla nötr kabul edilmiştir.",0.0,neutral,"Bilgi yetersiz, dolayısıyla nötr kabul edilmiştir.",0.0,neutral,"Bilgi yetersiz, dolayısıyla nötr kabul edilmiştir.",0.0,neutral,"Bilgi yetersiz, dolayısıyla nötr kabul edilmiştir.",,,
Tabet gti cengl Why ghee Glycerin Martha Gato Tmecgcees 0 Partice ayityt Sesqucapeytate (Srey ted ect foe lingam farming) BOO Norural Cotent Boa Cee Coote cat Tre ix esSoctean ite yedict rr tet re ete (promae,tabetgticenglwhygheeglycerinmarthagatotmecgcees0particeayitytsesqucapeytateboonoruralcotentboaceecootecattreixessocteaniteyedictrrtetreetepromae,Bilinmeyen,Bilinmeyen,Bu maddetin kozmetik üzerindeki etkisi ve işlevi net olarak belirtilmemiştir; dolayısıyla genel bir değerlendirme yapılamaz.,,,ai,1,0.0,neutral,"Bilgi yetersiz, dolayısıyla nötr kabul edilmiştir.",0.0,neutral,"Bilgi yetersiz, dolayısıyla nötr kabul edilmiştir.",0.0,neutral,"Bilgi yetersiz, dolayısıyla nötr kabul edilmiştir.",0.0,neutral,"Bilgi yetersiz, dolayısıyla nötr kabul edilmiştir.",0.0,neutral,"Bilgi yetersiz, dolayısıyla nötr kabul edilmiştir.",0.0,neutral,"Bilgi yetersiz, dolayısıyla nötr kabul edilmiştir.",0.0,neutral,"Bilgi yetersiz, dolayısıyla nötr kabul edilmiştir.",,,
"Ceoeumjarmyypa Urano tar toa Yabostesy Mish Dacete pu lat ho 4! Beryuadun ""ANAL Ub VG 22442 THE Win SeDehpa Par a pa0s24 093300",ceoeumjarmyypauranotartoayabostesymishdacetepulatho4beryuadunanalubvg22442thewinsedehpaparapa0s24093300,Bilinmeyen,Bilinmeyen,Bu maddetin kozmetik üzerindeki etkisi ve işlevi net olarak belirtilmemiştir; dolayısıyla genel bir değerlendirme yapılamaz.,,,ai,1,0.0,neutral,"Bilgi yetersiz, dolayısıyla nötr kabul edilmiştir.",0.0,neutral,"Bilgi yetersiz, dolayısıyla nötr kabul edilmiştir.",0.0,neutral,"Bilgi yetersiz, dolayısıyla nötr kabul edilmiştir.",0.0,neutral,"Bilgi yetersiz, dolayısıyla nötr kabul edilmiştir.",0.0,neutral,"Bilgi yetersiz, dolayısıyla nötr kabul edilmiştir.",0.0,neutral,"Bilgi yetersiz, dolayısıyla nötr kabul edilmiştir.",0.0,neutral,"Bilgi yetersiz, dolayısıyla nötr kabul edilmiştir.",,,
Myrtus Communis Leaf Water,myrtuscommunisleafwater,Bitkisel Hidrosol,Bitkisel Hidrosol,"Murt yapraklarından distilasyon yoluyla elde edilen bir bitki suyudur. Cildi yatıştırma, canlandırma ve hafif antiseptik özellikler sunma kapasitesine sahiptir.",,,ai,1,0.0,neutral,Yatıştırıcıdır ancak tek başına yoğun nemlendirme sağlamaz.,2.0,beneficial,Sebum dengelenmesine yardımcı olur ve gözenek görünümünü destekler.,2.0,beneficial,Yağlı bölgeleri dengelerken cildi ferahlatır.,1.0,beneficial,Cilde tazelik ve canlılık verir.,2.0,beneficial,Doğal yatıştırıcı etkisiyle kızarıklığı azaltmaya yardımcı olabilir.,1.0,neutral,Antioksidan etkisiyle destekleyicidir ancak yaşlanma karşıtı ana içerik değildir.,2.0,beneficial,Doğal bir içerik olduğu için güvenle kullanılabilir.,,,
Xylityl Sesquicaprylate,xylitylsesquicaprylate,Koruyucu / Kondisyoner,Koruyucu / Kondisyoner,"Prebiyotik özellik gösteren, ürünün raf ömrünü uzatan ve cildin mikrobiyom dengesini destekleyen bir içeriktir. Hassas ciltler için nazik bir koruyucu alternatifi olarak kullanılır.",,,ai,1,1.0,beneficial,Cilt bariyerini korumaya yardımcı olur.,2.0,beneficial,Hafif yapısıyla ciltte ağırlık yapmadan koruma sağlar.,2.0,beneficial,Mikrobiyom dengesini sağlayarak cilt bariyerini destekler.,2.0,beneficial,Cilt sağlığını korumak için ideal bir bileşendir.,3.0,beneficial,Geleneksel koruyuculara göre çok daha nazik ve mikrobiyom dostudur.,2.0,beneficial,Zayıflayan cilt bariyerini destekleyici etkisi vardır.,2.0,beneficial,Güvenli bir koruyucu profil sergiler.,,,
Hydrolyzed Corn Starch Octenylsuccinate,hydrolyzedcornstarchoctenylsuccinate,Kıvam Artırıcı / Film Oluşturucu,Kıvam Artırıcı / Film Oluşturucu,"Mısır nişastasından türetilen bu modifiye polimer, ciltte ince bir film tabakası oluşturarak su kaybını azaltır ve yumuşak bir his sağlar. Ayrıca ürünlerin dokusunu iyileştirir ve diğer aktiflerin ciltte kalmasına yardımcı olur.",,,ai,1,2.0,beneficial,Ciltte nem bariyeri oluşturarak su kaybını azaltır ve yumuşaklık sağlar.,0.0,neutral,"Hafif yapısı nedeniyle yağlı ciltte ağırlık yapmaz, ancak doğrudan yağ kontrolü sağlamaz.",1.0,beneficial,Kuru bölgelerde nemlendirici etki gösterirken yağlı bölgelerde ağırlık yapmaz.,1.0,beneficial,Cilt bariyerini destekler ve genel cilt sağlığına katkıda bulunur.,-1.0,caution,"Genellikle toleransa sahip olsa da, bazı hassas ciltlerde tahrişe neden olabilir.",2.0,beneficial,Cilt elastikiyetini destekler ve ince çizgilerin görünümünü azaltmaya yardımcı olur.,2.0,beneficial,"Hamilelikte güvenli kabul edilen bir bileşendir, topikal kullanımda sistemik emilimi düşüktür.",,,
Acetyl Tetrapeptide-15,acetyltetrapeptide15,Peptit / Anti-aging,Peptit / Anti-aging,Ciltte kolajen üretimini uyararak kırışıklıkları azaltmaya yardımcı olan bir peptittir. Ayrıca cilt bariyerini güçlendirir ve nem kaybını önler.,,,ai,1,2.0,beneficial,Cilt bariyerini güçlendirerek nem kaybını azaltır ve kuruluğu giderir.,0.0,neutral,"Yağlı ciltlerde herhangi bir olumsuz etkisi yoktur, ancak doğrudan yağ kontrolü sağlamaz.",1.0,beneficial,Karma ciltlerde hem kuru bölgelere nem sağlar hem de yağlı bölgelerde sorun yaratmaz.,1.0,beneficial,Normal ciltlerde yaşlanma karşıtı fayda sağlar ve cilt sağlığını destekler.,2.0,beneficial,Tahriş edici değildir ve cilt bariyerini onararak hassasiyeti azaltabilir.,3.0,beneficial,Kolajen üretimini artırarak yaşlanma belirtilerini azaltır ve cilt sıkılığını iyileştirir.,2.0,beneficial,"Hamilelikte güvenli kabul edilir, sistemik emilimi düşüktür.",,,
Gossypium Herbaceum Seed Extract,gossypiumherbaceumseedextract,Nemlendirici / Yatıştırıcı,Nemlendirici / Yatıştırıcı,"Pamuk tohumu özütü, cildi nemlendiren ve yatıştıran doğal bir bileşendir. Antioksidan özellikleri sayesinde cildi serbest radikallere karşı korur ve yumuşak bir his bırakır.",,,ai,1,3.0,beneficial,Yoğun nemlendirme sağlar ve cildin nem bariyerini güçlendirir.,0.0,neutral,"Hafif yapısı nedeniyle yağlı ciltlerde ağırlık yapmaz, ancak belirgin bir fayda sağlamaz.",2.0,beneficial,Kuru bölgeleri nemlendirirken yağlı bölgelerde dengeleyici etki gösterir.,2.0,beneficial,"Cildi nemli ve sağlıklı tutar, genel cilt sağlığını destekler.",3.0,beneficial,Yatıştırıcı özellikleri sayesinde hassas ciltlerde tahrişi azaltır.,3.0,beneficial,Antioksidan içeriği ile yaşlanma belirtilerini azaltmaya yardımcı olur.,3.0,beneficial,Doğal ve güvenli bir bileşen olup hamilelikte kullanımı uygundur.,,,
Cocoate,cocoate,Yüzey Aktif Madde,Yüzey Aktif Madde,"Cocoate, hindistan cevizi yağından elde edilen bir yüzey aktif maddedir. Temizleyicilerde köpük oluşturucu ve yağ çözücü olarak kullanılır.",,,ai,1,-1.0,caution,Ciltteki doğal yağları alarak kuruluğu artırabilir.,2.0,beneficial,Fazla yağı temizlemeye yardımcı olur.,0.0,neutral,Karma ciltlerde bölgesel etkileri değişkenlik gösterebilir.,0.0,neutral,Normal ciltlerde genellikle tolere edilir.,-2.0,caution,Hassas ciltlerde tahrişe neden olabilir.,-1.0,caution,Olgun ciltlerde kuruluk riskini artırabilir.,0.0,neutral,"Genellikle güvenli kabul edilir, ancak aşırı kullanımdan kaçınılmalıdır.",,,
Cetearyl Sulfate,cetearylsulfate,Yüzey Aktif Madde,Yüzey Aktif Madde,"Cetearyl Sulfate, sert bir anyonik yüzey aktif maddedir. Köpük oluşturucu ve temizleyici olarak kullanılır, ancak cildi kurutabilir.",,,ai,1,-2.0,caution,Cildi kurutarak nem bariyerine zarar verebilir.,2.0,beneficial,Yağlı ciltlerde etkili temizlik sağlar.,0.0,neutral,Karma ciltlerde bölgesel olarak farklı etkiler gösterebilir.,-1.0,neutral,Normal ciltlerde hafif kurutucu etki yapabilir.,-3.0,caution,Hassas ciltlerde tahriş ve kızarıklığa neden olabilir.,-2.0,caution,Olgun ciltlerde kuruluk ve hassasiyeti artırabilir.,0.0,neutral,"Genellikle güvenli kabul edilir, ancak hassasiyet durumunda dikkatli olunmalıdır.",,,
(aloe a1: Oo,aloea1oo,3.0,2.0,2.0,2.0,3.0,2.0,3.0,,,ai,1,Nemlendirici,Nemlendirici,"Aloe vera yaprağı suyu, cildi nemlendiren, yatıştıran ve antioksidan özellikler sunan bir bileşendir. Cilt bariyerini güçlendirir ve tahrişi azaltır.",beneficial,Yoğun nemlendirme sağlar ve cilt bariyerini onarır.,beneficial,Hafif yapısıyla yağlanma yapmadan nemlendirir ve antioksidan koruma sunar.,beneficial,Dengeleyici etkisiyle karma ciltlerin hem kuru hem yağlı bölgelerine uyum sağlar.,beneficial,Cildi nemlendirir ve sağlıklı görünümünü korur.,beneficial,Yatıştırıcı özelliği sayesinde hassas ciltlerde tahrişi azaltır.,beneficial,Antioksidan içeriğiyle yaşlanma belirtilerine karşı korur ve nemlendirir.,beneficial,"Hamilelikte güvenle kullanılabilir, doğal ve yatıştırıcıdır.",,,
> alent AH #£,alentah,3.0,0.0,2.0,2.0,-1.0,3.0,0.0,,,ai,1,Nemlendirici,Nemlendirici,Cildin nem dengesini korumaya yardımcı olan bir bileşendir. Yumuşatıcı ve nem çekici özellikleri sayesinde cildi pürüzsüzleştirir.,beneficial,Yoğun nemlendirme sağlayarak kuru cildi rahatlatır.,neutral,Hafif yapısı nedeniyle yağlı ciltte sorun yaratmaz.,beneficial,Kuru bölgeleri nemlendirirken yağlı bölgeleri ağırlaştırmaz.,beneficial,Cilt bariyerini destekleyerek sağlıklı görünüm sağlar.,caution,Bazı hassas ciltlerde hafif tahrişe neden olabilir.,beneficial,Yaşlanma belirtilerini azaltmaya yardımcı olur.,neutral,"Genellikle güvenli kabul edilir, ancak doktora danışılmalıdır.",,,
