name,name_normalized,short_description,score_dry,score_oily,score_combination,score_normal,score_sensitive,score_mature,score_pregnancy_safe,good_tags,avoid_tags,source,product_frequency,category,category_tr,description_tr,dry_effect,dry_reason_tr,dry_reason_en,oily_effect,oily_reason_tr,oily_reason_en,combination_effect,combination_reason_tr,combination_reason_en,normal_effect,normal_reason_tr,normal_reason_en,sensitive_effect,sensitive_reason_tr,sensitive_reason_en,mature_effect,mature_reason_tr,mature_reason_en,pregnancy_safe_effect,pregnancy_safe_reason_tr,pregnancy_safe_reason_en
"1, 2-Hexanediol",12hexanediol,Rating: Good. Categories: Preservatives,0.0,0.0,0.0,0.0,0.0,0.0,0.0,,,noxmoon,7,Preservative,Koruyucu,Ürünün raf ömrünü uzatan koruyucu madde,neutral,,,neutral,,,neutral,,,neutral,,,neutral,,,neutral,,,neutral,,
10-Hydroxydecanoic Acid,10hydroxydecanoicacid,Rating: Good. Categories: Emollients,1.0,0.0,0.0,0.0,0.0,0.0,0.0,,,noxmoon,6,Emollient,Yumuşatıcı (Emoliyan),Cildi yumuşatan ve pürüzsüzleştiren bileşen,neutral,,,neutral,,,neutral,,,neutral,,,neutral,,,neutral,,,neutral,,
4-T-butylcyclohexanol,4tbutylcyclohexanol,"Rating: Good. Categories: Emollients, Skin-Soothing",2.0,0.0,0.0,0.0,2.0,0.0,0.0,,,noxmoon,9,Emollient,Yumuşatıcı (Emoliyan),Cildi yumuşatan ve pürüzsüzleştiren bileşen,beneficial,Kuru cilt için faydalı bileşen,Beneficial for dry skin,neutral,,,neutral,,,neutral,,,beneficial,Hassas cilt için faydalı bileşen,Beneficial for sensitive skin,neutral,,,neutral,,
AGE,age,Rating: Poor. Categories: Miscellaneous,0.0,0.0,0.0,0.0,-1.0,0.0,0.0,,,noxmoon,0,Skincare Ingredient,Cilt Bakım Bileşeni,Cilt bakım bileşeni,neutral,,,neutral,,,neutral,,,neutral,,,caution,"Hassas ciltte tahriş riski taşır, dikkatli kullanılmalı","Risk of irritation, use with caution",neutral,,,neutral,,
AHA,aha,Rating: Best. Categories: Exfoliant,0.0,0.0,0.0,0.0,0.0,0.0,0.0,,,noxmoon,0,Skincare Ingredient,Cilt Bakım Bileşeni,Cilt bakım bileşeni,neutral,,,neutral,,,neutral,,,neutral,,,neutral,,,neutral,,,neutral,,
ATP,atp,"Rating: Best. Categories: Skin-Soothing, Skin-Restoring",3.0,0.0,0.0,0.0,3.0,0.0,0.0,,,noxmoon,0,Emollient,Yumuşatıcı (Emoliyan),Cildi yumuşatan ve pürüzsüzleştiren bileşen,beneficial,Kuru cilt için faydalı bileşen,Beneficial for dry skin,neutral,,,neutral,,,neutral,,,beneficial,Hassas cilt için faydalı bileşen,Beneficial for sensitive skin,neutral,,,neutral,,
Acacia farnesiana extract,acaciafarnesianaextract,"Rating: Poor. Categories: Plant Extracts, Fragrance: Synthetic and Fragrant Plant Extracts",0.0,0.0,0.0,0.0,-2.0,0.0,0.0,,,noxmoon,0,Botanical Extract,Bitkisel Ekstrakt,Bitkisel kaynaklı aktif ekstrakt,neutral,,,neutral,,,neutral,,,neutral,,,caution,"Hassas ciltte tahriş riski taşır, dikkatli kullanılmalı","Risk of irritation, use with caution",neutral,,,neutral,,
Acai Extract,acaiextract,"Acai is a plant ingredient which can also be referred to by its botanical name,  euterpe oleracea. It displays potent antioxidant abilities, meaning it is able to protect skin against free radical damage.",0.0,0.0,0.0,0.0,0.0,0.0,1.0,Pregnancy,,original,0,Botanical Extract,Bitkisel Ekstrakt,Bitkisel kaynaklı aktif ekstrakt,neutral,,,neutral,,,neutral,,,neutral,,,neutral,,,neutral,,,neutral,,
Acetyl Glucosamine,acetylglucosamine,"Acetyl Glucosamine is an amino acid sugar. It increases hyaluronic acid production in the skin, repairs sun damage, improves skin tone & hydration, and reduces the appearance of wrinkles.

Amino acids are a class of ingredients. They can also be found on ingredients lists as acetyl tyrosinamide, alanine, arginine, arginine hcl, arginine pca, glycine, histidine, isoleucine, lysine, phenylalanine, proline, serine, taurine, threonine and valine and yeast amino acids.",3.0,0.0,1.0,2.0,3.0,6.0,0.0,Dry and dehydrated skin|Elasticity|Fine Lines|Pigmentation|Redness|Texture|Wrinkles,,original,164,Skincare Ingredient,Cilt Bakım Bileşeni,Cilt bakım bileşeni,beneficial,Kuru cilt için faydalı bileşen,Beneficial for dry skin,neutral,,,neutral,,,beneficial,Genel cilt sağlığını destekler,Supports overall skin health,beneficial,Hassas cilt için faydalı bileşen,Beneficial for sensitive skin,beneficial,Yaşlanma karşıtı faydalı bileşen,Beneficial anti-aging ingredient,neutral,,
Acetyl Tetrapeptide,acetyltetrapeptide,"Acetyl tetrapeptide is a string of peptides used in skincare products to reduce the appearance of wrinkles brought on by repeated facial expressions.

It is in a class of ingredients also found on ingredients lists as acetylarginyltryptophyl diphenylglycine, acetyl tetrapeptide, arginine/lysine polypeptide, azelaoyl bis-dipeptide, copper heptapeptide-14 pantothenate, dipeptide, dipeptide diaminobutyroyl benzylamide diacetate, ferric hexapeptide, heptapeptide-15, palmitate, myristol hexapeptide, myristol pentapeptide, myristoyl nonapeptide, myristoyl pentapeptide, oligopeptide, palmitoyl  tripeptide, palmitoyl decapeptide, palmitoyl heptapeptide, palmitoyl hexapeptide, palmitoyl nonapeptide, palmitoyl oligopeptide, palmitoyl pentapeptide, palmitoyl tetrapeptide, palmitoyl tripeptide, palmitoyl tetrapeptide, pentapeptide, sh-oligopeptide, tetrapeptide and copper palmitoyl heptapeptide. 
 ",0.0,0.0,0.0,0.0,0.0,5.0,1.0,Elasticity|Fine Lines|Pregnancy|Wrinkles,,original,1,Skincare Ingredient,Cilt Bakım Bileşeni,Cilt bakım bileşeni,neutral,,,neutral,,,neutral,,,neutral,,,neutral,,,beneficial,Yaşlanma karşıtı faydalı bileşen,Beneficial anti-aging ingredient,neutral,,
Acetyl Tyrosinamide,acetyltyrosinamide,"Acetyl tyrosinamide is an effective moisturising ingredient that also has been shown to be effective in evening out the skin tone and reducing hyperpigmentation.

Amino acids are a class of ingredients. They can also be found on ingredients lists as acetyl glucosamine, alanine, arginine, arginine hcl, arginine pca, glycine, histidine, isoleucine, lysine, phenylalanine, proline, serine, taurine, threonine and valine and yeast amino acids.",0.0,0.0,0.0,0.0,0.0,5.0,0.0,Elasticity|Fine Lines|Wrinkles,,original,3,Skincare Ingredient,Cilt Bakım Bileşeni,Cilt bakım bileşeni,neutral,,,neutral,,,neutral,,,neutral,,,neutral,,,beneficial,Yaşlanma karşıtı faydalı bileşen,Beneficial anti-aging ingredient,neutral,,
Acetylarginyltryptophyl Diphenylglycine,acetylarginyltryptophyldiphenylglycine,"Acetylarginyltryptophyl Diphenylglycine is a synthetic tetrapeptide used in skincare for its firming abilities. It works by inhibiting the enzyme elastase, which breaks down elastin in the skin (the protein responsible for skin firmness and elasticity). This reduction in elastase allows for higher levels of elastin in the skin, which in turn leads to skin that looks firmer, tighter and restructured.

It is in a class of ingredients also found on ingredients lists as acetyl hexapeptide, acetyl tetrapeptide, arginine/lysine polypeptide, azelaoyl bis-dipeptide, copper heptapeptide-14 pantothenate, dipeptide, dipeptide diaminobutyroyl benzylamide diacetate, ferric hexapeptide, heptapeptide-15, palmitate, myristol hexapeptide, myristol pentapeptide, myristoyl nonapeptide, myristoyl pentapeptide, oligopeptide, palmitoyl  tripeptide, palmitoyl decapeptide, palmitoyl heptapeptide, palmitoyl hexapeptide, palmitoyl nonapeptide, palmitoyl oligopeptide, palmitoyl pentapeptide, palmitoyl tetrapeptide, palmitoyl tripeptide, palmitoyl tetrapeptide, pentapeptide, sh-oligopeptide, tetrapeptide and copper palmitoyl heptapeptide.",0.0,0.0,0.0,0.0,0.0,5.0,1.0,Elasticity|Fine Lines|Pregnancy|Wrinkles,,original,1,Skincare Ingredient,Cilt Bakım Bileşeni,Cilt bakım bileşeni,neutral,,,neutral,,,neutral,,,neutral,,,neutral,,,beneficial,Yaşlanma karşıtı faydalı bileşen,Beneficial anti-aging ingredient,neutral,,
Achillea millefolium,achilleamillefolium,"Rating: Poor. Categories: Skin-Soothing, Plant Extracts",1.0,0.0,0.0,0.0,-1.0,0.0,0.0,,,noxmoon,6,Emollient,Yumuşatıcı (Emoliyan),Cildi yumuşatan ve pürüzsüzleştiren bileşen,neutral,,,neutral,,,neutral,,,neutral,,,caution,"Hassas ciltte tahriş riski taşır, dikkatli kullanılmalı","Risk of irritation, use with caution",neutral,,,neutral,,
Actaea racemosa,actaearacemosa,Rating: Average. Categories: Plant Extracts,0.0,0.0,0.0,0.0,0.0,0.0,0.0,,,noxmoon,0,Botanical Extract,Bitkisel Ekstrakt,Bitkisel kaynaklı aktif ekstrakt,neutral,,,neutral,,,neutral,,,neutral,,,neutral,,,neutral,,,neutral,,
Actinidia chinensis (kiwi fruit) extract,actinidiachinensiskiwifruitextract,"Rating: Best. Categories: Antioxidants, Plant Extracts",0.0,0.0,0.0,1.0,0.0,0.0,0.0,,,noxmoon,13,Antioxidant,Antioksidan,Serbest radikallere karşı koruyucu antioksidan,neutral,,,neutral,,,neutral,,,neutral,,,neutral,,,neutral,,,neutral,,
Adenosine,adenosine,"Adenosine is a well-researched anti-ageing and soothing ingredient. It is produced naturally in the body, but can also be derived from yeast. It works by stimulating the skin's own collagen production process, to reduce the appearance of wrinkles. It also has anti-inflammatory and barrier repair benefits, so is a fantastic multi-functional skincare ingredient.",3.0,2.0,1.0,0.0,5.0,5.0,1.0,Acne|Dry and dehydrated skin|Elasticity|Fine Lines|Impaired skin barrier|Redness|Pregnancy|Wrinkles,,original,249,Skincare Ingredient,Cilt Bakım Bileşeni,Cilt bakım bileşeni,beneficial,Kuru cilt için faydalı bileşen,Beneficial for dry skin,beneficial,Yağlı cilt için faydalı bileşen,Beneficial for oily skin,neutral,,,neutral,,,beneficial,Hassas cilt için faydalı bileşen,Beneficial for sensitive skin,beneficial,Yaşlanma karşıtı faydalı bileşen,Beneficial anti-aging ingredient,neutral,,
Aerocarpus santalinus,aerocarpussantalinus,"Rating: Poor. Categories: Plant Extracts, Fragrance: Synthetic and Fragrant Plant Extracts",0.0,0.0,0.0,0.0,-2.0,0.0,0.0,,,noxmoon,0,Botanical Extract,Bitkisel Ekstrakt,Bitkisel kaynaklı aktif ekstrakt,neutral,,,neutral,,,neutral,,,neutral,,,caution,"Hassas ciltte tahriş riski taşır, dikkatli kullanılmalı","Risk of irritation, use with caution",neutral,,,neutral,,
Aesculus hippocastanum,aesculushippocastanum,"Rating: Good. Categories: Skin-Soothing, Plant Extracts",1.0,0.0,0.0,0.0,2.0,0.0,0.0,,,noxmoon,1,Emollient,Yumuşatıcı (Emoliyan),Cildi yumuşatan ve pürüzsüzleştiren bileşen,neutral,,,neutral,,,neutral,,,neutral,,,beneficial,Hassas cilt için faydalı bileşen,Beneficial for sensitive skin,neutral,,,neutral,,
Agrimonia eupatoria leaf extract,agrimoniaeupatorialeafextract,"Rating: Average. Categories: Antioxidants, Plant Extracts",0.0,0.0,0.0,1.0,0.0,0.0,0.0,,,noxmoon,0,Antioxidant,Antioksidan,Serbest radikallere karşı koruyucu antioksidan,neutral,,,neutral,,,neutral,,,neutral,,,neutral,,,neutral,,,neutral,,
Ahnfeltia Concinna Extract,ahnfeltiaconcinnaextract,"Ahnfeltia concinna extract, or red marine algae extract, is an algae which provides skin soothing and antioxidant properties for the skin. Being a polysaccharide, it is also an excellent thickener when used in formulations a has great humectant properties, able to draw and bind water to the areas it is applied.

It is in the class of Algae Extract which also include, alaria esculenta extract, algae exopolysaccharides, algae extract, algin, alteromonas ferment extract, ascophyllum nodosum extract, asparagopsis armata extract, chlorella protothecoides, chlorella vulgaris extract, dunaliella salina (green algae) extract, hydrolyzed f-fucoidan, laminaria ochroleuca (kelp) extract, macrocystis pyrifera (kelp) extract, and marine extract.",2.0,0.0,0.0,0.0,1.0,4.0,1.0,Dry and dehydrated skin|Fine Lines|Pregnancy|Wrinkles,,original,10,Skincare Ingredient,Cilt Bakım Bileşeni,Cilt bakım bileşeni,beneficial,Kuru cilt için faydalı bileşen,Beneficial for dry skin,neutral,,,neutral,,,neutral,,,neutral,,,beneficial,Yaşlanma karşıtı faydalı bileşen,Beneficial anti-aging ingredient,neutral,,
Ahnfeltiopsis concinna extract,ahnfeltiopsisconcinnaextract,"Rating: Good. Categories: Emollients, Antioxidants, Plant Extracts, Texture Enhancer",1.0,0.0,0.0,1.0,0.0,0.0,0.0,,,noxmoon,2,Emollient,Yumuşatıcı (Emoliyan),Cildi yumuşatan ve pürüzsüzleştiren bileşen,neutral,,,neutral,,,neutral,,,neutral,,,neutral,,,neutral,,,neutral,,
Alanine,alanine,"Amino acids like Alanine are the small building blocks that make up peptides, and proteins.

Alanine is part of a class of Amino Acids. They can also be found on ingredients lists as acetyl glucosamine, acetyl tyrosinamide, arginine, arginine hcl, arginine pca, glycine, histidine, isoleucine, lysine, phenylalanine, proline, serine, taurine, threonine and valine and yeast amino acids.
",3.0,0.0,1.0,1.0,1.0,0.0,1.0,Dry and dehydrated skin|Pregnancy|Texture,,original,90,Skincare Ingredient,Cilt Bakım Bileşeni,Cilt bakım bileşeni,beneficial,Kuru cilt için faydalı bileşen,Beneficial for dry skin,neutral,,,neutral,,,neutral,,,neutral,,,neutral,,,neutral,,
Alaria Esculenta Extract,alariaesculentaextract,"A type of edible brown algae, harvested from waters bordering Europe and Ireland, and 
rich in amino acids, minerals and antioxidants. When used in skin care, it hydrates, 
soothes, and imparts the appearance and feel of firmness in the skin. The combined 
properties of the ingredient results in plump and hydrated skin, and reduced signs 
of ageing.


It is in the class of Algae Extract which also include ahnfeltia concinna extract, algae exopolysaccharides, algae extract, algin, alteromonas ferment extract, ascophyllum nodosum extract, asparagopsis armata extract, chlorella protothecoides, chlorella vulgaris extract, dunaliella salina (green algae) extract, hydrolyzed f-fucoidan, laminaria ochroleuca (kelp) extract, macrocystis pyrifera (kelp) extract, and marine extract.",2.0,0.0,0.0,0.0,1.0,4.0,1.0,Dry and dehydrated skin|Fine Lines|Pregnancy|Wrinkles,,original,9,Antioxidant,Antioksidan,Serbest radikallere karşı koruyucu antioksidan,beneficial,Kuru cilt için faydalı bileşen,Beneficial for dry skin,neutral,,,neutral,,,neutral,,,neutral,,,beneficial,Yaşlanma karşıtı faydalı bileşen,Beneficial anti-aging ingredient,neutral,,
Alaria esculenta,alariaesculenta,"Rating: Good. Categories: Antioxidants, Emollients, Plant Extracts, Texture Enhancer",1.0,0.0,0.0,1.0,0.0,0.0,0.0,,,noxmoon,0,Antioxidant,Antioksidan,Serbest radikallere karşı koruyucu antioksidan,neutral,,,neutral,,,neutral,,,neutral,,,neutral,,,neutral,,,neutral,,
Aleurites moluccana seed oil,aleuritesmoluccanaseedoil,"Rating: Best. Categories: Plant Extracts, Antioxidants",0.0,0.0,0.0,1.0,0.0,0.0,0.0,,,noxmoon,20,Botanical Extract,Bitkisel Ekstrakt,Bitkisel kaynaklı aktif ekstrakt,neutral,,,neutral,,,neutral,,,neutral,,,neutral,,,neutral,,,neutral,,
Algae Exopolysaccharides,algaeexopolysaccharides,"Exopolysaccharides (EPS) are phytochemicals produced by Algae to protect from external stressors: UV radiation, oxidation (from free radicals) and temperature, so these provide skin-protecting benefits in skincare. Being a polysaccharide, this also offers humectant qualities, meaning it can draw water to it, plumping & hydrating the area it is applied to.


It is in the class of Algae Extract which also include ahnfeltia concinna extract, alaria esculenta extract, algae extract, algin, alteromonas ferment extract, ascophyllum nodosum extract, asparagopsis armata extract, chlorella protothecoides, chlorella vulgaris extract, dunaliella salina (green algae) extract, hydrolyzed f-fucoidan, laminaria ochroleuca (kelp) extract, macrocystis pyrifera (kelp) extract, and marine extract.",2.0,0.0,0.0,0.0,1.0,4.0,1.0,Dry and dehydrated skin|Fine Lines|Pregnancy|Wrinkles,,original,25,Skincare Ingredient,Cilt Bakım Bileşeni,Cilt bakım bileşeni,beneficial,Kuru cilt için faydalı bileşen,Beneficial for dry skin,neutral,,,neutral,,,neutral,,,neutral,,,beneficial,Yaşlanma karşıtı faydalı bileşen,Beneficial anti-aging ingredient,neutral,,
Algae Extract,algaeextract,"It is essentially an underwater plant, designed to get its food from sunlight, much like any other plants, although from much more challenging conditions. In all its forms it acts as a powerful antioxidant, protecting from free radical damage, as well as being able to hydrate the skin and deliver naturally-occurring vitamins into the skin.

Algaes are a class of ingredients, many of which can be used in skincare. Variants of algae used in skincare are ahnfeltia concinna extract, alaria esculenta extract, algae exopolysaccharides, algin, alteromonas ferment extract, ascophyllum nodosum extract, asparagopsis armata extract, chlorella protothecoides, chlorella protothecoides oil (oleic acid), chlorella vulgaris extract, dunaliella salina (green algae) extract, hydrolysed algin, hydrolyzed f-fucoidan, laminaria ochroleuca (kelp) extract, laminaria ochroleuca extract. macrocystis pyrifera (kelp) extract, and marine extract",2.0,0.0,0.0,0.0,1.0,4.0,1.0,Dry and dehydrated skin|Fine Lines|Pregnancy|Wrinkles,,original,376,Botanical Extract,Bitkisel Ekstrakt,Bitkisel kaynaklı aktif ekstrakt,beneficial,Kuru cilt için faydalı bileşen,Beneficial for dry skin,neutral,,,neutral,,,neutral,,,neutral,,,beneficial,Yaşlanma karşıtı faydalı bileşen,Beneficial anti-aging ingredient,neutral,,
Algin,algin,"Algin, also known as sodium alginate, is a large sugar molecule/polysaccharide that is used as a gelling agent in cosmetics, and is derived from brown seaweed. It is used in cosmetics for its hydrating and soothing properties, and in formulations as a binding and thickening agent.


It is in the class of Algae Extract which also include ahnfeltia concinna extract, alaria esculenta extract, algae exopolysaccharides, alteromonas ferment extract, ascophyllum nodosum extract, asparagopsis armata extract, chlorella protothecoides, chlorella vulgaris extract, dunaliella salina (green algae) extract, hydrolyzed f-fucoidan, laminaria ochroleuca (kelp) extract, macrocystis pyrifera (kelp) extract, and marine extract.",2.0,0.0,0.0,0.0,1.0,4.0,1.0,Dry and dehydrated skin|Fine Lines|Pregnancy|Wrinkles,,original,82,Skincare Ingredient,Cilt Bakım Bileşeni,Cilt bakım bileşeni,beneficial,Kuru cilt için faydalı bileşen,Beneficial for dry skin,neutral,,,neutral,,,neutral,,,neutral,,,beneficial,Yaşlanma karşıtı faydalı bileşen,Beneficial anti-aging ingredient,neutral,,
Allantoin,allantoin,"Allantoin occurs naturally in the body, but can also be derived from the root of the Comfrey plant or Chamomile, or produced synthetically. It is used in skincare for its ability to promote wound healing and healthy tissue growth, helping in the production of collagen and elastin fibres. Allantoin has also been shown to have soothing and anti-irritant properties, which is thought to be down to its ability to form complexes with irritating agents, thus preventing them from activating inflammatory mechanisms within the skin.",1.0,0.0,0.0,0.0,4.0,2.0,1.0,Fine Lines|Impaired skin barrier|Redness|Pregnancy,,original,611,Botanical Extract,Bitkisel Ekstrakt,Bitkisel kaynaklı aktif ekstrakt,neutral,,,neutral,,,neutral,,,neutral,,,beneficial,Hassas cilt için faydalı bileşen,Beneficial for sensitive skin,beneficial,Yaşlanma karşıtı faydalı bileşen,Beneficial anti-aging ingredient,neutral,,
Aloe Vera,aloevera,"Aloe vera, also appear on ingredients lists as aloe barbadensis (aloe vera) leaf juice, contains around 75 active constituents, including Vitamins A,C & E to provide antioxidant protection, 8 enzymes to inhibit inflammatory processes in the body and 9 different minerals to support the body’s natural functioning. It also includes sugars to provide hydrating humectant properties, fatty acids to provide anti-inflammatory & antiseptic properties, and hormones to promote wound healing.",5.0,0.0,1.0,2.0,3.0,1.0,1.0,Dry and dehydrated skin|Impaired skin barrier|Radiance|Pregnancy|Texture,,original,5,Antioxidant,Antioksidan,Serbest radikallere karşı koruyucu antioksidan,beneficial,Kuru cilt için faydalı bileşen,Beneficial for dry skin,neutral,,,neutral,,,beneficial,Genel cilt sağlığını destekler,Supports overall skin health,beneficial,Hassas cilt için faydalı bileşen,Beneficial for sensitive skin,neutral,,,neutral,,
Aloe barbadensis,aloebarbadensis,"Rating: Good. Categories: Skin-Soothing, Plant Extracts",1.0,0.0,0.0,0.0,2.0,0.0,0.0,,,noxmoon,14,Emollient,Yumuşatıcı (Emoliyan),Cildi yumuşatan ve pürüzsüzleştiren bileşen,neutral,,,neutral,,,neutral,,,neutral,,,beneficial,Hassas cilt için faydalı bileşen,Beneficial for sensitive skin,neutral,,,neutral,,
Alpha-Glucan Oligosaccharide,alphaglucanoligosaccharide,"Alpha-glucan oligosaccharide is in a class of prebiotic ingredients also found on ingredients lists as Fructooligosaccharides, lactobacillus extract filtrate, rhamnose and saccharomyces cerevisiae (yeast) extract. 

Prebiotics are a class of ingredients which can be found on ingredients lists as fructooligosaccharides, lactobacillus extract filtrate, rhamnose and saccharomyces cerevisiae (yeast) extract.",0.0,4.0,2.0,0.0,2.0,0.0,1.0,Acne|Blackheads|Redness|Pregnancy,,original,40,Skincare Ingredient,Cilt Bakım Bileşeni,Cilt bakım bileşeni,neutral,,,beneficial,Yağlı cilt için faydalı bileşen,Beneficial for oily skin,beneficial,Karma cilt için faydalı bileşen,Beneficial for combination skin,neutral,,,beneficial,Hassas cilt için faydalı bileşen,Beneficial for sensitive skin,neutral,,,neutral,,
Alteromonas Ferment Extract,alteromonasfermentextract,"Alteromonas Ferment Extract is a polysaccharide excreted by the gram-negative bacteria, Alteromonas macleodii which grows in deep sea waters. Due to its polysaccharide (carbohydrate) structure, it acts as a humectant, drawing water molecules towards it to plump and hydrate the applied area. Studies have also shown this ingredient to have soothing properties against chemical & mechanical irritants, so is a great active for calming symptoms of sensitive skin.

It is in the class of Algae Extract which also include ahnfeltia concinna extract, alaria esculenta extract, algae exopolysaccharides, algin, alteromonas ferment extract, ascophyllum nodosum extract, asparagopsis armata extract, chlorella protothecoides, chlorella vulgaris extract, dunaliella salina (green algae) extract, hydrolyzed f-fucoidan, laminaria ochroleuca (kelp) extract, macrocystis pyrifera (kelp) extract, and marine extract.",2.0,0.0,0.0,0.0,1.0,4.0,1.0,Dry and dehydrated skin|Fine Lines|Pregnancy|Wrinkles,,original,18,Skincare Ingredient,Cilt Bakım Bileşeni,Cilt bakım bileşeni,beneficial,Kuru cilt için faydalı bileşen,Beneficial for dry skin,neutral,,,neutral,,,neutral,,,neutral,,,beneficial,Yaşlanma karşıtı faydalı bileşen,Beneficial anti-aging ingredient,neutral,,
Althaea rosea,althaearosea,"Rating: Good. Categories: Skin-Soothing, Texture Enhancer, Plant Extracts",1.0,0.0,0.0,0.0,2.0,0.0,0.0,,,noxmoon,0,Emollient,Yumuşatıcı (Emoliyan),Cildi yumuşatan ve pürüzsüzleştiren bileşen,neutral,,,neutral,,,neutral,,,neutral,,,beneficial,Hassas cilt için faydalı bileşen,Beneficial for sensitive skin,neutral,,,neutral,,
Althea officinalis,altheaofficinalis,"Rating: Best. Categories: Skin-Soothing, Plant Extracts",1.0,0.0,0.0,0.0,2.0,0.0,0.0,,,noxmoon,0,Emollient,Yumuşatıcı (Emoliyan),Cildi yumuşatan ve pürüzsüzleştiren bileşen,neutral,,,neutral,,,neutral,,,neutral,,,beneficial,Hassas cilt için faydalı bileşen,Beneficial for sensitive skin,neutral,,,neutral,,
Aluminum hydroxide,aluminumhydroxide,"Rating: Good. Categories: Texture Enhancer, Absorbent",0.0,0.0,0.0,0.0,0.0,0.0,0.0,,,noxmoon,117,Skincare Ingredient,Cilt Bakım Bileşeni,Cilt bakım bileşeni,neutral,,,neutral,,,neutral,,,neutral,,,neutral,,,neutral,,,neutral,,
Amino Acids,aminoacids,"Amino Acids are the small building blocks that make up peptides, and proteins. Each amino acid has a unique structure, and as such plays a specific role within the body. There are around 20 different types considered to be most important for human health. 

Amino acids are a class of ingredients. They can also be found on ingredients lists as acetyl glucosamine, acetyl tyrosinamide, alanine, arginine, arginine hcl, arginine pca, glycine, histidine, isoleucine, lysine, phenylalanine, proline, serine, taurine, threonine and valine and yeast amino acids.
",3.0,0.0,1.0,1.0,1.0,5.0,0.0,Dry and dehydrated skin|Elasticity|Fine Lines|Texture|Wrinkles,,original,0,Skincare Ingredient,Cilt Bakım Bileşeni,Cilt bakım bileşeni,beneficial,Kuru cilt için faydalı bileşen,Beneficial for dry skin,neutral,,,neutral,,,neutral,,,neutral,,,beneficial,Yaşlanma karşıtı faydalı bileşen,Beneficial anti-aging ingredient,neutral,,
Anacyclus pyrethrum,anacycluspyrethrum,Rating: Poor. Categories: Plant Extracts,0.0,0.0,0.0,0.0,-1.0,0.0,0.0,,,noxmoon,0,Botanical Extract,Bitkisel Ekstrakt,Bitkisel kaynaklı aktif ekstrakt,neutral,,,neutral,,,neutral,,,neutral,,,caution,"Hassas ciltte tahriş riski taşır, dikkatli kullanılmalı","Risk of irritation, use with caution",neutral,,,neutral,,
Anacystis nidulans extract,anacystisnidulansextract,"Rating: Good. Categories: Antioxidants, Plant Extracts, Texture Enhancer, Emollients",1.0,0.0,0.0,1.0,0.0,0.0,0.0,,,noxmoon,0,Antioxidant,Antioksidan,Serbest radikallere karşı koruyucu antioksidan,neutral,,,neutral,,,neutral,,,neutral,,,neutral,,,neutral,,,neutral,,
Ananas sativus fruit extract,ananassativusfruitextract,"Rating: Good. Categories: Plant Extracts, Exfoliant",0.0,0.0,0.0,0.0,0.0,0.0,0.0,,,noxmoon,0,Botanical Extract,Bitkisel Ekstrakt,Bitkisel kaynaklı aktif ekstrakt,neutral,,,neutral,,,neutral,,,neutral,,,neutral,,,neutral,,,neutral,,
Anethum graveolens,anethumgraveolens,"Rating: Average. Categories: Plant Extracts, Fragrance: Synthetic and Fragrant Plant Extracts",0.0,0.0,0.0,0.0,-2.0,0.0,0.0,,,noxmoon,0,Botanical Extract,Bitkisel Ekstrakt,Bitkisel kaynaklı aktif ekstrakt,neutral,,,neutral,,,neutral,,,neutral,,,caution,"Hassas ciltte tahriş riski taşır, dikkatli kullanılmalı","Risk of irritation, use with caution",neutral,,,neutral,,
Angelica archangelica root oil,angelicaarchangelicarootoil,"Rating: Poor. Categories: Antioxidants, Plant Extracts, Fragrance: Synthetic and Fragrant Plant Extracts",0.0,0.0,0.0,1.0,-2.0,0.0,0.0,,,noxmoon,10,Antioxidant,Antioksidan,Serbest radikallere karşı koruyucu antioksidan,neutral,,,neutral,,,neutral,,,neutral,,,caution,"Hassas ciltte tahriş riski taşır, dikkatli kullanılmalı","Risk of irritation, use with caution",neutral,,,neutral,,
Angelica polymorpha sinensis root extract,angelicapolymorphasinensisrootextract,"Rating: Poor. Categories: Antioxidants, Plant Extracts",0.0,0.0,0.0,1.0,-1.0,0.0,0.0,,,noxmoon,3,Antioxidant,Antioksidan,Serbest radikallere karşı koruyucu antioksidan,neutral,,,neutral,,,neutral,,,neutral,,,caution,"Hassas ciltte tahriş riski taşır, dikkatli kullanılmalı","Risk of irritation, use with caution",neutral,,,neutral,,
Anthemis nobilis flower extract,anthemisnobilisflowerextract,"Rating: Best. Categories: Skin-Soothing, Antioxidants",1.0,0.0,0.0,1.0,2.0,0.0,0.0,,,noxmoon,43,Emollient,Yumuşatıcı (Emoliyan),Cildi yumuşatan ve pürüzsüzleştiren bileşen,neutral,,,neutral,,,neutral,,,neutral,,,beneficial,Hassas cilt için faydalı bileşen,Beneficial for sensitive skin,neutral,,,neutral,,
Anti-Ageing Peptides,antiageingpeptides,"Many peptides function as anti-ageing ingredients in skincare, due to their ability to fit specific receptors in the body to trigger anti-ageing responses. This includes mechanisms like collagen production, cell regeneration or even blocking muscle contractions to smooth expression lines.

Peptides are a class of ingredients also found on ingredients lists as acetyl hexapeptide, acetyl tetrapeptide, acetylarginyltryptophyl diphenylglycine, arginine/lysine polypeptide, azelaoyl bis-dipeptide, copper heptapeptide-14 pantothenate, dipeptide, dipeptide diaminobutyroyl benzylamide diacetate, ferric hexapeptide, heptapeptide-15, palmitate, myristol hexapeptide, myristol pentapeptide, myristoyl nonapeptide, myristoyl pentapeptide, oligopeptide, palmitoyl  tripeptide, palmitoyl decapeptide, palmitoyl heptapeptide, palmitoyl hexapeptide, palmitoyl nonapeptide, palmitoyl oligopeptide, palmitoyl pentapeptide, palmitoyl tetrapeptide, palmitoyl tripeptide, palmitoyl tetrapeptide, pentapeptide, sh-oligopeptide, tetrapeptide and copper palmitoyl heptapeptide. 
 ",0.0,0.0,0.0,0.0,0.0,5.0,0.0,Elasticity|Fine Lines|Wrinkles,,original,0,Skincare Ingredient,Cilt Bakım Bileşeni,Cilt bakım bileşeni,neutral,,,neutral,,,neutral,,,neutral,,,neutral,,,beneficial,Yaşlanma karşıtı faydalı bileşen,Beneficial anti-aging ingredient,neutral,,
Apple Extract,appleextract,"Apple extract, also known as pyrus malus extract, is used in cosmetics for its antioxidant abilities, as it is very high in polyphenols. This means it is able to help protect the skin from free radical damage, one of the largest external factors which contributes to ageing of the skin (after UV light).",0.0,0.0,0.0,0.0,0.0,0.0,1.0,Pregnancy,,original,1,Skincare Ingredient,Cilt Bakım Bileşeni,Cilt bakım bileşeni,neutral,,,neutral,,,neutral,,,neutral,,,neutral,,,neutral,,,neutral,,
Apple Polyphenols,applepolyphenols,"Apple (like most plants), contains polyphenols, which are compounds with strong antioxidant properties, meaning they are able to protect skin from free radical damage.",0.0,0.0,0.0,0.0,0.0,0.0,1.0,Pregnancy,,original,0,Botanical Extract,Bitkisel Ekstrakt,Bitkisel kaynaklı aktif ekstrakt,neutral,,,neutral,,,neutral,,,neutral,,,neutral,,,neutral,,,neutral,,
Apple Stem Cells,applestemcells,"Apple stem cells, also known as malus domestica fruit cell culture extract, occur naturally within plants to help regenerate cells after stress or injury, and studies show this can encourage similar regenerating mechanisms in human skin. Apple stem cells have been shown to increase synthesis of collagen & elastin to achieve visible anti-ageing results in the skin.",0.0,0.0,0.0,0.0,0.0,5.0,1.0,Elasticity|Fine Lines|Pregnancy|Wrinkles,,original,0,Botanical Extract,Bitkisel Ekstrakt,Bitkisel kaynaklı aktif ekstrakt,neutral,,,neutral,,,neutral,,,neutral,,,neutral,,,beneficial,Yaşlanma karşıtı faydalı bileşen,Beneficial anti-aging ingredient,neutral,,
Aquagenium,aquagenium,"A Bioderma exclusive ingredient, which is a blend of niacinamide and apple extract, which works to stimulate the expression of aquaporins (proteins which are responsible for water transfer between cells). Aquagenium works to stimulate the movement of water in order to deliver deep hydration to the skin.",3.0,0.0,1.0,1.0,1.0,0.0,1.0,Dry and dehydrated skin|Pregnancy|Texture,,original,0,Skincare Ingredient,Cilt Bakım Bileşeni,Cilt bakım bileşeni,beneficial,Kuru cilt için faydalı bileşen,Beneficial for dry skin,neutral,,,neutral,,,neutral,,,neutral,,,neutral,,,neutral,,
Arachis hypogaea extract,arachishypogaeaextract,"Rating: Best. Categories: Skin-Soothing, Emollients, Plant Extracts",2.0,0.0,0.0,0.0,2.0,0.0,0.0,,,noxmoon,0,Emollient,Yumuşatıcı (Emoliyan),Cildi yumuşatan ve pürüzsüzleştiren bileşen,beneficial,Kuru cilt için faydalı bileşen,Beneficial for dry skin,neutral,,,neutral,,,neutral,,,beneficial,Hassas cilt için faydalı bileşen,Beneficial for sensitive skin,neutral,,,neutral,,
Arbutin,arbutin,"Arbutin, also known as alpha arbutin, can be derived from the bearberry plant, or made synthetically, and is used in skincare to lighten dark spots. It works by breaking down in the body into hydroquinone, which can inhibit tyrosinase, an enzyme responsible for producing melanin. It is one of the most well-researched actives for lightening pigmentation, with better skin tolerability vs. prescription hydroquinone.",1.0,0.0,0.0,2.0,0.0,2.0,-1.0,Pigmentation|Radiance|Pregnancy,Pregnancy,original,23,Botanical Extract,Bitkisel Ekstrakt,Bitkisel kaynaklı aktif ekstrakt,neutral,,,neutral,,,neutral,,,beneficial,Genel cilt sağlığını destekler,Supports overall skin health,neutral,,,beneficial,Yaşlanma karşıtı faydalı bileşen,Beneficial anti-aging ingredient,caution,"Hamilelikte kullanımı önerilmez, doktorunuza danışın","Not recommended during pregnancy, consult your doctor"
Arctium lappa,arctiumlappa,"Rating: Best. Categories: Skin-Soothing, Plant Extracts, Antioxidants",1.0,0.0,0.0,1.0,2.0,0.0,0.0,,,noxmoon,0,Emollient,Yumuşatıcı (Emoliyan),Cildi yumuşatan ve pürüzsüzleştiren bileşen,neutral,,,neutral,,,neutral,,,neutral,,,beneficial,Hassas cilt için faydalı bileşen,Beneficial for sensitive skin,neutral,,,neutral,,
Arctium majus,arctiummajus,"Rating: Best. Categories: Plant Extracts, Antioxidants, Skin-Soothing",1.0,0.0,0.0,1.0,2.0,0.0,0.0,,,noxmoon,0,Botanical Extract,Bitkisel Ekstrakt,Bitkisel kaynaklı aktif ekstrakt,neutral,,,neutral,,,neutral,,,neutral,,,beneficial,Hassas cilt için faydalı bileşen,Beneficial for sensitive skin,neutral,,,neutral,,
Arctostaphylos uva ursi leaf,arctostaphylosuvaursileaf,"Rating: Best. Categories: Antioxidants, Plant Extracts",0.0,0.0,0.0,1.0,0.0,0.0,0.0,,,noxmoon,0,Antioxidant,Antioksidan,Serbest radikallere karşı koruyucu antioksidan,neutral,,,neutral,,,neutral,,,neutral,,,neutral,,,neutral,,,neutral,,
Argan Oil,arganoil,"Argan oil is derived from the nut of the Argan tree which grows in Morocco, it is naturally high in Vitamin E and fatty acids, which work to nourish the skin, protect the natural lipid barrier and provide antioxidant protection against free radicals.",4.0,-2.0,0.0,2.0,1.0,1.0,1.0,Dry and dehydrated skin|Radiance|Pregnancy|Texture,Oily,original,0,Oil / Lipid,Yağ / Lipit,Cildi besleyen yağ/lipit bileşeni,beneficial,Kuru cilt için faydalı bileşen,Beneficial for dry skin,caution,Gözenekleri tıkayabilir veya yağlanmayı artırabilir,May clog pores or increase oiliness,neutral,,,beneficial,Genel cilt sağlığını destekler,Supports overall skin health,neutral,,,neutral,,,neutral,,
Argania spinosa,arganiaspinosa,"Rating: Best. Categories: Antioxidants, Plant Extracts",0.0,0.0,0.0,1.0,0.0,0.0,0.0,,,noxmoon,0,Antioxidant,Antioksidan,Serbest radikallere karşı koruyucu antioksidan,neutral,,,neutral,,,neutral,,,neutral,,,neutral,,,neutral,,,neutral,,
Argania spinosa kernel oil,arganiaspinosakerneloil,"Rating: Best. Categories: Emollients, Antioxidants, Plant Extracts",1.0,0.0,0.0,1.0,0.0,0.0,0.0,,,noxmoon,44,Emollient,Yumuşatıcı (Emoliyan),Cildi yumuşatan ve pürüzsüzleştiren bileşen,neutral,,,neutral,,,neutral,,,neutral,,,neutral,,,neutral,,,neutral,,
Arginine,arginine,"Arginine is an amino acid that can be found in food sources such as almonds and chocolate. Arginine is an essential amino acid that the body cannot produce on its own. It is often referred to as the ‘master amino acid’ and has a number of benefits to skin health.

Amino acids are a class of ingredients. They can also be found on ingredients lists as acetyl glucosamine, acetyl tyrosinamide, alanine,  arginine hcl, arginine pca, glycine, histidine, isoleucine, lysine, phenylalanine, proline, serine, taurine, threonine and valine and yeast amino acids.",3.0,0.0,1.0,1.0,1.0,2.0,1.0,Dry and dehydrated skin|Fine Lines|Pregnancy|Texture,,original,293,Skincare Ingredient,Cilt Bakım Bileşeni,Cilt bakım bileşeni,beneficial,Kuru cilt için faydalı bileşen,Beneficial for dry skin,neutral,,,neutral,,,neutral,,,neutral,,,beneficial,Yaşlanma karşıtı faydalı bileşen,Beneficial anti-aging ingredient,neutral,,
Arginine HCL,argininehcl,"Arginine is an amino acid that can be found in food sources such as almonds and chocolate. Arginine is an essential amino acid that the body cannot produce on its own. It is often referred to as the ‘master amino acid’ and has a number of benefits to skin health.

Amino acids are a class of ingredients. They can also be found on ingredients lists as acetyl glucosamine, acetyl tyrosinamide, alanine,  arginine hcl, arginine pca, glycine, histidine, isoleucine, lysine, phenylalanine, proline, serine, taurine, threonine and valine and yeast amino acids.",3.0,0.0,1.0,1.0,1.0,0.0,1.0,Dry and dehydrated skin|Pregnancy|Texture,,original,11,Skincare Ingredient,Cilt Bakım Bileşeni,Cilt bakım bileşeni,beneficial,Kuru cilt için faydalı bileşen,Beneficial for dry skin,neutral,,,neutral,,,neutral,,,neutral,,,neutral,,,neutral,,
Arginine PCA,argininepca,"Arginine is an amino acid that can be found in food sources such as almonds and chocolate. Arginine is an essential amino acid that the body cannot produce on its own. It is often referred to as the ‘master amino acid’ and has a number of benefits to skin health.

Amino acids are a class of ingredients. They can also be found on ingredients lists as acetyl glucosamine, acetyl tyrosinamide, alanine,  arginine hcl, arginine pca, glycine, histidine, isoleucine, lysine, phenylalanine, proline, serine, taurine, threonine and valine and yeast amino acids.",3.0,0.0,1.0,1.0,1.0,0.0,1.0,Dry and dehydrated skin|Pregnancy|Texture,,original,8,Skincare Ingredient,Cilt Bakım Bileşeni,Cilt bakım bileşeni,beneficial,Kuru cilt için faydalı bileşen,Beneficial for dry skin,neutral,,,neutral,,,neutral,,,neutral,,,neutral,,,neutral,,
Arginine/Lysine Polypeptide,argininelysinepolypeptide,"Arginine/lysine polypeptide is a skin care ingredient that slows down aging processes in the skin and boosts regeneration.

It is in a class of ingredients also found on ingredients lists as acetyl hexapeptide, acetyl tetrapeptide, acetylarginyltryptophyl diphenylglycine, azelaoyl bis-dipeptide, copper heptapeptide-14 pantothenate, dipeptide, dipeptide diaminobutyroyl benzylamide diacetate, ferric hexapeptide, heptapeptide-15, palmitate, myristol hexapeptide, myristol pentapeptide, myristoyl nonapeptide, myristoyl pentapeptide, oligopeptide, palmitoyl  tripeptide, palmitoyl decapeptide, palmitoyl heptapeptide, palmitoyl hexapeptide, palmitoyl nonapeptide, palmitoyl oligopeptide, palmitoyl pentapeptide, palmitoyl tetrapeptide, palmitoyl tripeptide, palmitoyl tetrapeptide, pentapeptide, sh-oligopeptide, tetrapeptide and copper palmitoyl heptapeptide.",0.0,0.0,0.0,0.0,0.0,5.0,1.0,Elasticity|Fine Lines|Pregnancy|Wrinkles,,original,10,Skincare Ingredient,Cilt Bakım Bileşeni,Cilt bakım bileşeni,neutral,,,neutral,,,neutral,,,neutral,,,neutral,,,beneficial,Yaşlanma karşıtı faydalı bileşen,Beneficial anti-aging ingredient,neutral,,
Argireline,argireline,Rating: Good. Categories: Skin-Restoring,2.0,0.0,0.0,0.0,1.0,0.0,0.0,,,noxmoon,0,Emollient,Yumuşatıcı (Emoliyan),Cildi yumuşatan ve pürüzsüzleştiren bileşen,beneficial,Kuru cilt için faydalı bileşen,Beneficial for dry skin,neutral,,,neutral,,,neutral,,,neutral,,,neutral,,,neutral,,
Artemisia absinthium extract,artemisiaabsinthiumextract,Rating: Average. Categories: Plant Extracts,0.0,0.0,0.0,0.0,0.0,0.0,0.0,,,noxmoon,5,Botanical Extract,Bitkisel Ekstrakt,Bitkisel kaynaklı aktif ekstrakt,neutral,,,neutral,,,neutral,,,neutral,,,neutral,,,neutral,,,neutral,,
Artemisia vulgaris,artemisiavulgaris,Rating: Average. Categories: Plant Extracts,0.0,0.0,0.0,0.0,0.0,0.0,0.0,,,noxmoon,0,Botanical Extract,Bitkisel Ekstrakt,Bitkisel kaynaklı aktif ekstrakt,neutral,,,neutral,,,neutral,,,neutral,,,neutral,,,neutral,,,neutral,,
Ascophyllum Nodosum Extract,ascophyllumnodosumextract,"Ascophyllum nodosum extract is a type of cold water brown seaweed that has antioxidant properties and serves as a texture enhancer in cosmetics. It is found along the shorelines in cold areas of the world, such as Northern Canada and Iceland.

It is in the class of Algae Extract which also include ahnfeltia concinna extract, alaria esculenta extract, algae exopolysaccharides, algin, alteromonas ferment extract, alteromonas ferment extract, asparagopsis armata extract, chlorella protothecoides, chlorella vulgaris extract, dunaliella salina (green algae) extract, hydrolyzed f-fucoidan, laminaria ochroleuca (kelp) extract, macrocystis pyrifera (kelp) extract, marine extract, padina pavonica thallus extract, parachlorella beijerinckii exopolysaccharides, plankton extract, porphyridium cruentum extract, pseudoalteromonas exopolysaccharides, tripleurospermum maritimum extract, vibrio alginolyticus ferment filtrate, chlorella protothecoides oil",2.0,0.0,0.0,0.0,1.0,4.0,1.0,Dry and dehydrated skin|Fine Lines|Pregnancy|Wrinkles,,original,42,Skincare Ingredient,Cilt Bakım Bileşeni,Cilt bakım bileşeni,beneficial,Kuru cilt için faydalı bileşen,Beneficial for dry skin,neutral,,,neutral,,,neutral,,,neutral,,,beneficial,Yaşlanma karşıtı faydalı bileşen,Beneficial anti-aging ingredient,neutral,,
Ascophyllum nodosum,ascophyllumnodosum,"Rating: Good. Categories: Antioxidants, Emollients, Plant Extracts, Texture Enhancer",1.0,0.0,0.0,1.0,0.0,0.0,0.0,,,noxmoon,1,Antioxidant,Antioksidan,Serbest radikallere karşı koruyucu antioksidan,neutral,,,neutral,,,neutral,,,neutral,,,neutral,,,neutral,,,neutral,,
Ascorbic Acid,ascorbicacid,"Part of the Vitamin C family of ingredients, L-ascorbic acid is Vitamin C in its purest form, and the active form required by the body to result in the many skin skin benefits of Vitamin C. The issue with L-ascorbic acid is in the delivery, as it is very unstable in water, and needs a pH 4 or below for it to penetrate the skin. That being said, when it can be stabilised in a formula and is able to penetrate the skin, it provides the highest potency of any form of Vitamin C currently available.

Vitamin C can also be found on ingredients lists as ascorbyl glucoside, ascorbyl palmitate, ethyl ascorbic acid, l-ascorbic acid, magnesium ascorbyl phosphate, sodium ascorbyl phosphate and tetrahexyldecyl ascorbate.",-2.0,0.0,0.0,2.0,-4.0,7.0,1.0,Elasticity|Fine Lines|Pigmentation|Radiance|Pregnancy|Wrinkles,Sensitive|Dry Dehydrated|Impaired skin barrier,original,317,Vitamin C,C Vitamini,Aydınlatıcı ve antioksidan C vitamini türevi,caution,"Kurutucu etki yapabilir, nemlendiriciyle kullanılmalı",May have drying effects,neutral,,,neutral,,,beneficial,Genel cilt sağlığını destekler,Supports overall skin health,caution,"Hassas ciltte tahriş riski taşır, dikkatli kullanılmalı","Risk of irritation, use with caution",beneficial,Yaşlanma karşıtı faydalı bileşen,Beneficial anti-aging ingredient,neutral,,
Ascorbyl Glucoside,ascorbylglucoside,"Part of the Vitamin C family of ingredients, Ascorbyl Glucoside is a water-soluble derivative of Vitamin C. This derivative was created to provide improved stability and skin penetration vs. ascorbic acid alone. It is still unclear how well ascorbyl glucoside is converted into ascorbic acid (the active form of Vitamin C) within the body, but some of it will be lost during this conversion, making this less potent, and therefore requiring higher levels in the formulation in order to achieve great results.

Vitamin C can also be found on ingredients lists as ascorbic acid, ascorbyl palmitate, ethyl ascorbic acid, l-ascorbic acid, magnesium ascorbyl phosphate, sodium ascorbyl phosphate and tetrahexyldecyl ascorbate.",0.0,0.0,0.0,2.0,-2.0,7.0,0.0,Elasticity|Fine Lines|Pigmentation|Radiance|Wrinkles,Impaired skin barrier,original,237,Skincare Ingredient,Cilt Bakım Bileşeni,Cilt bakım bileşeni,neutral,,,neutral,,,neutral,,,beneficial,Genel cilt sağlığını destekler,Supports overall skin health,caution,"Hassas ciltte tahriş riski taşır, dikkatli kullanılmalı","Risk of irritation, use with caution",beneficial,Yaşlanma karşıtı faydalı bileşen,Beneficial anti-aging ingredient,neutral,,
Ascorbyl Palmitate,ascorbylpalmitate,"Part of the Vitamin C family of ingredients, Ascorbyl palmitate is an oil-soluble Vitamin C ester, produced by the reaction of ascorbic acid and palmitic acid. This oil-soluble form works to improve stability against oxidation (something L-ascorbic acid is notorious for), as well as improve skin affinity to allow the ingredient to penetrate further.

Vitamin C can also be found on ingredients lists as ascorbic acid, ascorbyl glucoside, ethyl ascorbic acid, l-ascorbic acid, magnesium ascorbyl phosphate, sodium ascorbyl phosphate and tetrahexyldecyl ascorbate.",-1.0,0.0,0.0,0.0,-2.0,2.0,0.0,Fine Lines,Impaired skin barrier,original,382,Skincare Ingredient,Cilt Bakım Bileşeni,Cilt bakım bileşeni,caution,"Kurutucu etki yapabilir, nemlendiriciyle kullanılmalı",May have drying effects,neutral,,,neutral,,,neutral,,,caution,"Hassas ciltte tahriş riski taşır, dikkatli kullanılmalı","Risk of irritation, use with caution",beneficial,Yaşlanma karşıtı faydalı bileşen,Beneficial anti-aging ingredient,neutral,,
Asparagopsis Armata Extract,asparagopsisarmataextract,"asparagopsis armata extract is an extract of the red algae plant. It has antioxidant properties that protect, soothe, and hydrate the skin.

It is in the class of Algae Extract which also include ahnfeltia concinna extract, alaria esculenta extract, algae exopolysaccharides, algin, alteromonas ferment extract, alteromonas ferment extract, ascophyllum nodosum extract, chlorella protothecoides, chlorella vulgaris extract, dunaliella salina (green algae) extract, hydrolyzed f-fucoidan, laminaria ochroleuca (kelp) extract, macrocystis pyrifera (kelp) extract, and marine extract.",2.0,0.0,0.0,0.0,1.0,4.0,1.0,Dry and dehydrated skin|Fine Lines|Pregnancy|Wrinkles,,original,37,Botanical Extract,Bitkisel Ekstrakt,Bitkisel kaynaklı aktif ekstrakt,beneficial,Kuru cilt için faydalı bileşen,Beneficial for dry skin,neutral,,,neutral,,,neutral,,,neutral,,,beneficial,Yaşlanma karşıtı faydalı bileşen,Beneficial anti-aging ingredient,neutral,,
Astragalus membranaceus,astragalusmembranaceus,"Rating: Best. Categories: Antioxidants, Plant Extracts",0.0,0.0,0.0,1.0,0.0,0.0,0.0,,,noxmoon,0,Antioxidant,Antioksidan,Serbest radikallere karşı koruyucu antioksidan,neutral,,,neutral,,,neutral,,,neutral,,,neutral,,,neutral,,,neutral,,
Astragalus sinicus,astragalussinicus,"Rating: Good. Categories: Antioxidants, Plant Extracts",0.0,0.0,0.0,1.0,0.0,0.0,0.0,,,noxmoon,0,Antioxidant,Antioksidan,Serbest radikallere karşı koruyucu antioksidan,neutral,,,neutral,,,neutral,,,neutral,,,neutral,,,neutral,,,neutral,,
Astrocaryum murumuru seed butter,astrocaryummurumuruseedbutter,"Rating: Good. Categories: Emollients, Plant Extracts",1.0,0.0,0.0,0.0,0.0,0.0,0.0,,,noxmoon,44,Emollient,Yumuşatıcı (Emoliyan),Cildi yumuşatan ve pürüzsüzleştiren bileşen,neutral,,,neutral,,,neutral,,,neutral,,,neutral,,,neutral,,,neutral,,
Atractyloydes lancea root extract,atractyloydeslancearootextract,Rating: Average. Categories: Plant Extracts,0.0,0.0,0.0,0.0,0.0,0.0,0.0,,,noxmoon,0,Botanical Extract,Bitkisel Ekstrakt,Bitkisel kaynaklı aktif ekstrakt,neutral,,,neutral,,,neutral,,,neutral,,,neutral,,,neutral,,,neutral,,
Avena sativa,avenasativa,"Rating: Best. Categories: Skin-Soothing, Plant Extracts",1.0,0.0,0.0,0.0,2.0,0.0,0.0,,,noxmoon,0,Emollient,Yumuşatıcı (Emoliyan),Cildi yumuşatan ve pürüzsüzleştiren bileşen,neutral,,,neutral,,,neutral,,,neutral,,,beneficial,Hassas cilt için faydalı bileşen,Beneficial for sensitive skin,neutral,,,neutral,,
Avene Thermal Water,avenethermalwater,"Avene thermal spring water is sourced from a natural spring in France. It spends 50 years travelling to this spring through mountainous rock, and contains the minerals calcium, magnesium and silica, which are particularly good for sensitive skin due to their soothing properties.",5.0,0.0,1.0,2.0,5.0,1.0,1.0,Dry and dehydrated skin|Impaired skin barrier|Redness|Radiance|Pregnancy|Texture,,original,0,Skincare Ingredient,Cilt Bakım Bileşeni,Cilt bakım bileşeni,beneficial,Kuru cilt için faydalı bileşen,Beneficial for dry skin,neutral,,,neutral,,,beneficial,Genel cilt sağlığını destekler,Supports overall skin health,beneficial,Hassas cilt için faydalı bileşen,Beneficial for sensitive skin,neutral,,,neutral,,
Avocado Ferment,avocadoferment,"Avocado ferment is used for its nourishing, moisturizing, and skin-conditioning properties, offering benefits for the skin.",4.0,0.0,1.0,2.0,1.0,1.0,1.0,Dry and dehydrated skin|Radiance|Pregnancy|Texture,,original,0,Skincare Ingredient,Cilt Bakım Bileşeni,Cilt bakım bileşeni,beneficial,Kuru cilt için faydalı bileşen,Beneficial for dry skin,neutral,,,neutral,,,beneficial,Genel cilt sağlığını destekler,Supports overall skin health,neutral,,,neutral,,,neutral,,
Avocado Oil,avocadooil,"Avocado oil is rich source of fatty acids, it helps to protect excess water loss through the skin’s surface, to keep it moisturised, soft and smooth. This oil also has antioxidant properties so helps to protect skin against free radical damage.",4.0,-2.0,0.0,2.0,1.0,1.0,1.0,Dry and dehydrated skin|Radiance|Pregnancy|Texture,Oily,original,21,Oil / Lipid,Yağ / Lipit,Cildi besleyen yağ/lipit bileşeni,beneficial,Kuru cilt için faydalı bileşen,Beneficial for dry skin,caution,Gözenekleri tıkayabilir veya yağlanmayı artırabilir,May clog pores or increase oiliness,neutral,,,beneficial,Genel cilt sağlığını destekler,Supports overall skin health,neutral,,,neutral,,,neutral,,
Azadirachta indica,azadirachtaindica,"Rating: Poor. Categories: Plant Extracts, Antioxidants",0.0,0.0,0.0,1.0,-1.0,0.0,0.0,,,noxmoon,0,Botanical Extract,Bitkisel Ekstrakt,Bitkisel kaynaklı aktif ekstrakt,neutral,,,neutral,,,neutral,,,neutral,,,caution,"Hassas ciltte tahriş riski taşır, dikkatli kullanılmalı","Risk of irritation, use with caution",neutral,,,neutral,,
Azelaic Acid,azelaicacid,"Azelaic acid is found naturally in grains such as barley, wheat and rye, but can also be produced commercially in the lab. It has several benefits in skincare including as an anti-inflammatory, with evidence showing great results in treating rosacea symptoms (swelling & redness) via this mechanism.

Azelaic also has an anti-blemish activity - firstly, it is an antibacterial which works to kill acne-causing bacteria, P.Acnes. Secondly, it prevents pores becoming blocked by the skin’s natural shedding process, which makes it harder for this bacteria to populate inside the pore to cause a blemish (it needs an oxygen-free environment to thrive).

Studies have also shown azelaic acid to inhibit melanogenesis (production of melanin), so also has benefits in treating hyperpigmentation and post-inflammatory acne scarring. It has good skin tolerability, so can be used to treat more sensitive skin types in concentrations of around 10%.

It is a family of ingredients, the other ingredient including Potassium Azeloyl Diglycinate.",2.0,6.0,5.0,3.0,2.0,2.0,1.0,Acne|Blackheads|Enlarged Pores|Pigmentation|Post Blemish Marks|Redness|Radiance|Pregnancy|Texture,,original,18,Skincare Ingredient,Cilt Bakım Bileşeni,Cilt bakım bileşeni,beneficial,Kuru cilt için faydalı bileşen,Beneficial for dry skin,beneficial,Yağlı cilt için faydalı bileşen,Beneficial for oily skin,beneficial,Karma cilt için faydalı bileşen,Beneficial for combination skin,beneficial,Genel cilt sağlığını destekler,Supports overall skin health,beneficial,Hassas cilt için faydalı bileşen,Beneficial for sensitive skin,beneficial,Yaşlanma karşıtı faydalı bileşen,Beneficial anti-aging ingredient,neutral,,
Azelaoyl Bis-Dipeptide,azelaoylbisdipeptide,"A synthetic peptide built around naturally-derived azelaic acid. This peptide offers brightening, antioxidant, and protective benefits.

It is in a class of ingredients also found on ingredients lists as acetyl hexapeptide, acetyl tetrapeptide, acetylarginyltryptophyl diphenylglycine, arginine/lysine polypeptide, copper heptapeptide-14 pantothenate, dipeptide, dipeptide diaminobutyroyl benzylamide diacetate, ferric hexapeptide, heptapeptide-15, palmitate, myristol hexapeptide, myristol pentapeptide, myristoyl nonapeptide, myristoyl pentapeptide, oligopeptide, palmitoyl  tripeptide, palmitoyl decapeptide, palmitoyl heptapeptide, palmitoyl hexapeptide, palmitoyl nonapeptide, palmitoyl oligopeptide, palmitoyl pentapeptide, palmitoyl tetrapeptide, palmitoyl tripeptide, palmitoyl tetrapeptide, pentapeptide, sh-oligopeptide, tetrapeptide and copper palmitoyl heptapeptide.",0.0,0.0,0.0,0.0,0.0,5.0,1.0,Elasticity|Fine Lines|Pregnancy|Wrinkles,,original,0,Skincare Ingredient,Cilt Bakım Bileşeni,Cilt bakım bileşeni,neutral,,,neutral,,,neutral,,,neutral,,,neutral,,,beneficial,Yaşlanma karşıtı faydalı bileşen,Beneficial anti-aging ingredient,neutral,,
Azelex,azelex,Rating: Best. Categories: Uncategorized,0.0,0.0,0.0,0.0,0.0,0.0,0.0,,,noxmoon,0,Skincare Ingredient,Cilt Bakım Bileşeni,Cilt bakım bileşeni,neutral,,,neutral,,,neutral,,,neutral,,,neutral,,,neutral,,,neutral,,
BHA (beta hydroxy acid),bhabetahydroxyacid,"Rating: Best. Categories: Skin-Soothing, Exfoliant, Anti-Acne",1.0,0.0,0.0,0.0,2.0,0.0,0.0,,,noxmoon,0,Emollient,Yumuşatıcı (Emoliyan),Cildi yumuşatan ve pürüzsüzleştiren bileşen,neutral,,,neutral,,,neutral,,,neutral,,,beneficial,Hassas cilt için faydalı bileşen,Beneficial for sensitive skin,neutral,,,neutral,,
BHT,bht,Rating: Average. Categories: Antioxidants,0.0,0.0,0.0,1.0,0.0,0.0,0.0,,,noxmoon,702,Antioxidant,Antioksidan,Serbest radikallere karşı koruyucu antioksidan,neutral,,,neutral,,,neutral,,,neutral,,,neutral,,,neutral,,,neutral,,
Bakuchiol,bakuchiol,"Bakuchiol has been dubbed as ‘nature’s retinol’ due to its ability to achieve some of the same skin benefits (without the side effects). Studies have shown this plant active, when used twice daily, to result in visible improvements in wrinkle depth, skin smoothness, elasticity & uneven skin tone.",0.0,0.0,0.0,0.0,0.0,5.0,1.0,Elasticity|Fine Lines|Pregnancy|Wrinkles,,original,16,Botanical Extract,Bitkisel Ekstrakt,Bitkisel kaynaklı aktif ekstrakt,neutral,,,neutral,,,neutral,,,neutral,,,neutral,,,beneficial,Yaşlanma karşıtı faydalı bileşen,Beneficial anti-aging ingredient,neutral,,
Bambusa vulgaris (bamboo) leaf/stem extract,bambusavulgarisbambooleafstemextract,Rating: Best. Categories: Uncategorized,0.0,0.0,0.0,0.0,0.0,0.0,0.0,,,noxmoon,6,Skincare Ingredient,Cilt Bakım Bileşeni,Cilt bakım bileşeni,neutral,,,neutral,,,neutral,,,neutral,,,neutral,,,neutral,,,neutral,,
Bellis perennis,bellisperennis,Rating: Poor. Categories: Plant Extracts,0.0,0.0,0.0,0.0,-1.0,0.0,0.0,,,noxmoon,0,Botanical Extract,Bitkisel Ekstrakt,Bitkisel kaynaklı aktif ekstrakt,neutral,,,neutral,,,neutral,,,neutral,,,caution,"Hassas ciltte tahriş riski taşır, dikkatli kullanılmalı","Risk of irritation, use with caution",neutral,,,neutral,,
Berberis aristata,berberisaristata,"Rating: Best. Categories: Plant Extracts, Antioxidants",0.0,0.0,0.0,1.0,0.0,0.0,0.0,,,noxmoon,0,Botanical Extract,Bitkisel Ekstrakt,Bitkisel kaynaklı aktif ekstrakt,neutral,,,neutral,,,neutral,,,neutral,,,neutral,,,neutral,,,neutral,,
Bertholletia excelsa extract,bertholletiaexcelsaextract,"Rating: Good. Categories: Antioxidants, Plant Extracts",0.0,0.0,0.0,1.0,0.0,0.0,0.0,,,noxmoon,3,Antioxidant,Antioksidan,Serbest radikallere karşı koruyucu antioksidan,neutral,,,neutral,,,neutral,,,neutral,,,neutral,,,neutral,,,neutral,,
Beta Glucan,betaglucan,"Beta Glucans are polysaccharides found naturally in oats, fungi, seaweed and yeast. It is best known for its skin-soothing properties, showing excellent effects at reducing redness and other symptoms of sensitive skin. They do this via barrier-supporting properties, as they form a film on the skin’s surface to offer protection against daily environmental stressors, which can aggravate sensitive skin. They also stimulate macrophage function in the body (immune cells which fight invading bacteria), so offer added benefit to those with already compromised skin barriers more susceptible to bacterial infection, for example eczema-prone or drier skin types. Their polysaccharide nature makes them an effective humectant, meaning they can draw water molecules towards them to plump and hydrate the area.",5.0,0.0,1.0,2.0,5.0,1.0,0.0,Dry and dehydrated skin|Impaired skin barrier|Redness|Radiance|Texture,,original,68,Emollient,Yumuşatıcı (Emoliyan),Cildi yumuşatan ve pürüzsüzleştiren bileşen,beneficial,Kuru cilt için faydalı bileşen,Beneficial for dry skin,neutral,,,neutral,,,beneficial,Genel cilt sağlığını destekler,Supports overall skin health,beneficial,Hassas cilt için faydalı bileşen,Beneficial for sensitive skin,neutral,,,neutral,,
Beta vulgaris root extract,betavulgarisrootextract,"Rating: Good. Categories: Antioxidants, Coloring Agents/Pigments, Plant Extracts",0.0,0.0,0.0,1.0,0.0,0.0,0.0,,,noxmoon,0,Antioxidant,Antioksidan,Serbest radikallere karşı koruyucu antioksidan,neutral,,,neutral,,,neutral,,,neutral,,,neutral,,,neutral,,,neutral,,
Betula alba,betulaalba,"Rating: Good. Categories: Antioxidants, Plant Extracts",0.0,0.0,0.0,1.0,0.0,0.0,0.0,,,noxmoon,0,Antioxidant,Antioksidan,Serbest radikallere karşı koruyucu antioksidan,neutral,,,neutral,,,neutral,,,neutral,,,neutral,,,neutral,,,neutral,,
Bifida Ferment Lysate,bifidafermentlysate,"Bifida Ferment Lysate is probiotic ingredient produced derived from the yeast produced during the fermentation of the bacterial strain, Bifida. It has been shown to have positive effects on the skin microbiome (the ecosystem of bacteria on the surface), supporting the growth of beneficial bacteria, and suppressing the growth of harmful bacteria.

Bifida ferment lysate sits in a class of probiotic ingredients which can be found on ingredients lists as lactobacillus ferment, and lactococcus ferment lysate.",0.0,4.0,2.0,0.0,2.0,0.0,1.0,Acne|Blackheads|Redness|Pregnancy,,original,38,Skincare Ingredient,Cilt Bakım Bileşeni,Cilt bakım bileşeni,neutral,,,beneficial,Yağlı cilt için faydalı bileşen,Beneficial for oily skin,beneficial,Karma cilt için faydalı bileşen,Beneficial for combination skin,neutral,,,beneficial,Hassas cilt için faydalı bileşen,Beneficial for sensitive skin,neutral,,,neutral,,
Bilberry Extract,bilberryextract,"Bilberry extract is derived from the fruit of the bilberry plant, a close relative of the blueberry. It is used in skincare for its antioxidant properties and potential benefits for improving the appearance of the skin. It is rich in beneficial compounds, including antioxidants, vitamins, and polyphenols.",0.0,0.0,0.0,0.0,2.0,0.0,1.0,Redness|Pregnancy,,original,2,Antioxidant,Antioksidan,Serbest radikallere karşı koruyucu antioksidan,neutral,,,neutral,,,neutral,,,neutral,,,beneficial,Hassas cilt için faydalı bileşen,Beneficial for sensitive skin,neutral,,,neutral,,
Bio-Active Glucosides,bioactiveglucosides,"Derived from plants, with the ability to soothe the skin by sending signals to the relevant cells to regulate any inflammatory response. They also work to even out skin tone and blotchiness.",0.0,0.0,0.0,0.0,2.0,0.0,1.0,Redness|Pregnancy,,original,0,Botanical Extract,Bitkisel Ekstrakt,Bitkisel kaynaklı aktif ekstrakt,neutral,,,neutral,,,neutral,,,neutral,,,beneficial,Hassas cilt için faydalı bileşen,Beneficial for sensitive skin,neutral,,,neutral,,
Bis-Ethylhexyloxyphenol Methoxyphenyl Triazine,bisethylhexyloxyphenolmethoxyphenyltriazine,"Bis-Ethylhexyloxyphenol Methoxyphenyl Triazine is a broad-spectrum synthetic (or chemical) UV filter, protecting across the whole UVA and UVB wavelength range (280-400 nm).

Others in the class of synthetic filters include butyl methoxydibenzoylmethane, ethylhexyl salicylate, ethylhexyl triazone, homosalate, octinoxate, octisalate, octocrylene and triazine diethyl butamidotriazone.",1.0,1.0,1.0,1.0,-1.0,0.0,-2.0,UV Protection,Pregnancy|Sensitive,original,15,Skincare Ingredient,Cilt Bakım Bileşeni,Cilt bakım bileşeni,neutral,,,neutral,,,neutral,,,neutral,,,caution,"Hassas ciltte tahriş riski taşır, dikkatli kullanılmalı","Risk of irritation, use with caution",neutral,,,caution,"Hamilelikte kullanımı önerilmez, doktorunuza danışın","Not recommended during pregnancy, consult your doctor"
Bisabolol,bisabolol,"Bisabolol is a naturally-occurring active found in the chamomile plant, although it can also be created synthetically. Its key properties are as an anti-inflammatory and soothing agent, with some studies also showing it to have a brightening effect on the skin. Bisabolol is a rich source of panthenol (vitamin B5), which acts as a humectant, meaning it draws water molecules towards it to plump and hydrate the area. Studies have also shown that bisabolol can enhance the penetration of other actives into the skin, so is great when used in combination with other actives designed to work at the basal layer of the epidermis, or in fact the dermis.",5.0,0.0,1.0,2.0,5.0,1.0,1.0,Dry and dehydrated skin|Impaired skin barrier|Redness|Radiance|Pregnancy|Texture,,original,423,Botanical Extract,Bitkisel Ekstrakt,Bitkisel kaynaklı aktif ekstrakt,beneficial,Kuru cilt için faydalı bileşen,Beneficial for dry skin,neutral,,,neutral,,,beneficial,Genel cilt sağlığını destekler,Supports overall skin health,beneficial,Hassas cilt için faydalı bileşen,Beneficial for sensitive skin,neutral,,,neutral,,
Blue Lotus Extract,bluelotusextract,"Blue lotus is typically used in skincare for its moisturising properties. As with most plant extracts, it also demonstrates antioxidant abilities, so is able to help protect skin against free radical damage.",0.0,0.0,0.0,0.0,0.0,0.0,1.0,Pregnancy,,original,0,Botanical Extract,Bitkisel Ekstrakt,Bitkisel kaynaklı aktif ekstrakt,neutral,,,neutral,,,neutral,,,neutral,,,neutral,,,neutral,,,neutral,,
Blue Mallow Extract,bluemallowextract,"Blue mallow extract, also known as Malva sylvestris extract or common mallow extract, is derived from the flowers and leaves of the blue mallow plant. It is used in skincare for its soothing, hydrating, and anti-inflammatory properties.",0.0,0.0,0.0,0.0,0.0,0.0,1.0,Pregnancy,,original,0,Botanical Extract,Bitkisel Ekstrakt,Bitkisel kaynaklı aktif ekstrakt,neutral,,,neutral,,,neutral,,,neutral,,,neutral,,,neutral,,,neutral,,
Blueberry Extract,blueberryextract,"Blueberry extract is used in skincare for its powerful antioxidant and skin conditioning properties. It is also a rich source of Vitamin C, and studies have shown them to protect against UV damage in the skin on exposure to the sun (alongside a broad spectrum SPF of course).",0.0,0.0,0.0,0.0,0.0,0.0,1.0,Pregnancy,,original,0,Skincare Ingredient,Cilt Bakım Bileşeni,Cilt bakım bileşeni,neutral,,,neutral,,,neutral,,,neutral,,,neutral,,,neutral,,,neutral,,
Boerhavia diffusa root extract,boerhaviadiffusarootextract,"Rating: Best. Categories: Skin-Soothing, Plant Extracts, Antioxidants",1.0,0.0,0.0,1.0,2.0,0.0,0.0,,,noxmoon,22,Emollient,Yumuşatıcı (Emoliyan),Cildi yumuşatan ve pürüzsüzleştiren bileşen,neutral,,,neutral,,,neutral,,,neutral,,,beneficial,Hassas cilt için faydalı bileşen,Beneficial for sensitive skin,neutral,,,neutral,,
Borago officinalis extract,boragoofficinalisextract,"Rating: Best. Categories: Skin-Soothing, Antioxidants, Emollients, Plant Extracts",2.0,0.0,0.0,1.0,2.0,0.0,0.0,,,noxmoon,4,Emollient,Yumuşatıcı (Emoliyan),Cildi yumuşatan ve pürüzsüzleştiren bileşen,beneficial,Kuru cilt için faydalı bileşen,Beneficial for dry skin,neutral,,,neutral,,,neutral,,,beneficial,Hassas cilt için faydalı bileşen,Beneficial for sensitive skin,neutral,,,neutral,,
Borago officinalis seed oil,boragoofficinalisseedoil,"Rating: Best. Categories: Skin-Soothing, Plant Extracts, Emollients, Antioxidants",2.0,0.0,0.0,1.0,2.0,0.0,0.0,,,noxmoon,76,Emollient,Yumuşatıcı (Emoliyan),Cildi yumuşatan ve pürüzsüzleştiren bileşen,beneficial,Kuru cilt için faydalı bileşen,Beneficial for dry skin,neutral,,,neutral,,,neutral,,,beneficial,Hassas cilt için faydalı bileşen,Beneficial for sensitive skin,neutral,,,neutral,,
Boswellia carterii,boswelliacarterii,"Rating: Poor. Categories: Plant Extracts, Fragrance: Synthetic and Fragrant Plant Extracts",0.0,0.0,0.0,0.0,-2.0,0.0,0.0,,,noxmoon,0,Botanical Extract,Bitkisel Ekstrakt,Bitkisel kaynaklı aktif ekstrakt,neutral,,,neutral,,,neutral,,,neutral,,,caution,"Hassas ciltte tahriş riski taşır, dikkatli kullanılmalı","Risk of irritation, use with caution",neutral,,,neutral,,
Boswellia serrata extract,boswelliaserrataextract,"Rating: Average. Categories: Skin-Soothing, Fragrance: Synthetic and Fragrant Plant Extracts, Plant Extracts",1.0,0.0,0.0,0.0,0.0,0.0,0.0,,,noxmoon,32,Emollient,Yumuşatıcı (Emoliyan),Cildi yumuşatan ve pürüzsüzleştiren bileşen,neutral,,,neutral,,,neutral,,,neutral,,,neutral,,,neutral,,,neutral,,
Brassica campestris,brassicacampestris,"Rating: Best. Categories: Antioxidants, Emollients",1.0,0.0,0.0,1.0,0.0,0.0,0.0,,,noxmoon,0,Antioxidant,Antioksidan,Serbest radikallere karşı koruyucu antioksidan,neutral,,,neutral,,,neutral,,,neutral,,,neutral,,,neutral,,,neutral,,
Brazil nut extract,brazilnutextract,"Rating: Good. Categories: Antioxidants, Plant Extracts",0.0,0.0,0.0,1.0,0.0,0.0,0.0,,,noxmoon,0,Antioxidant,Antioksidan,Serbest radikallere karşı koruyucu antioksidan,neutral,,,neutral,,,neutral,,,neutral,,,neutral,,,neutral,,,neutral,,
Buddleja davidii extract,buddlejadavidiiextract,"Rating: Best. Categories: Antioxidants, Plant Extracts",0.0,0.0,0.0,1.0,0.0,0.0,0.0,,,noxmoon,22,Antioxidant,Antioksidan,Serbest radikallere karşı koruyucu antioksidan,neutral,,,neutral,,,neutral,,,neutral,,,neutral,,,neutral,,,neutral,,
Bupleurum falcatum extract,bupleurumfalcatumextract,Rating: Average. Categories: Plant Extracts,0.0,0.0,0.0,0.0,0.0,0.0,0.0,,,noxmoon,0,Botanical Extract,Bitkisel Ekstrakt,Bitkisel kaynaklı aktif ekstrakt,neutral,,,neutral,,,neutral,,,neutral,,,neutral,,,neutral,,,neutral,,
Butyl Methoxydibenzoylmethane,butylmethoxydibenzoylmethane,"Butyl Methoxydibenzoylmethane / Avobenzone is a synthetic sunscreen filter used in skin care to protect against damage from UVA light.

Other ingredients in the class of synthetic filters include bis-ethylhexyloxyphenol methoxyphenyl triazine, ethylhexyl salicylate, ethylhexyl triazone, homosalate, octinoxate, octisalate, octocrylene and triazine diethyl butamidotriazone.",1.0,1.0,1.0,1.0,-1.0,0.0,-2.0,UV Protection,Pregnancy|Sensitive,original,64,Sunscreen Agent,Güneş Koruyucu,UV ışınlarından koruyan güneş filtresi,neutral,,,neutral,,,neutral,,,neutral,,,caution,"Hassas ciltte tahriş riski taşır, dikkatli kullanılmalı","Risk of irritation, use with caution",neutral,,,caution,"Hamilelikte kullanımı önerilmez, doktorunuza danışın","Not recommended during pregnancy, consult your doctor"
Butyrospermum fruit,butyrospermumfruit,"Rating: Best. Categories: Plant Extracts, Emollients",1.0,0.0,0.0,0.0,0.0,0.0,0.0,,,noxmoon,0,Botanical Extract,Bitkisel Ekstrakt,Bitkisel kaynaklı aktif ekstrakt,neutral,,,neutral,,,neutral,,,neutral,,,neutral,,,neutral,,,neutral,,
Butyrospermum parkii,butyrospermumparkii,"Rating: Best. Categories: Plant Extracts, Emollients, Skin-Replenishing",3.0,0.0,0.0,0.0,1.0,0.0,0.0,,,noxmoon,10,Botanical Extract,Bitkisel Ekstrakt,Bitkisel kaynaklı aktif ekstrakt,beneficial,Kuru cilt için faydalı bileşen,Beneficial for dry skin,neutral,,,neutral,,,neutral,,,neutral,,,neutral,,,neutral,,
Butyrosperum parkii (shea) butter extract,butyrosperumparkiisheabutterextract,"Rating: Best. Categories: Emollients, Antioxidants, Plant Extracts",1.0,0.0,0.0,1.0,0.0,0.0,0.0,,,noxmoon,0,Emollient,Yumuşatıcı (Emoliyan),Cildi yumuşatan ve pürüzsüzleştiren bileşen,neutral,,,neutral,,,neutral,,,neutral,,,neutral,,,neutral,,,neutral,,
Buxus chinensis,buxuschinensis,"Rating: Best. Categories: Plant Extracts, Skin-Replenishing, Emollients",3.0,0.0,0.0,0.0,1.0,0.0,0.0,,,noxmoon,0,Botanical Extract,Bitkisel Ekstrakt,Bitkisel kaynaklı aktif ekstrakt,beneficial,Kuru cilt için faydalı bileşen,Beneficial for dry skin,neutral,,,neutral,,,neutral,,,neutral,,,neutral,,,neutral,,
C10-30 cholesterol/lanosterol esters,c1030cholesterollanosterolesters,Rating: Best. Categories: Emollients,1.0,0.0,0.0,0.0,0.0,0.0,0.0,,,noxmoon,19,Emollient,Yumuşatıcı (Emoliyan),Cildi yumuşatan ve pürüzsüzleştiren bileşen,neutral,,,neutral,,,neutral,,,neutral,,,neutral,,,neutral,,,neutral,,
C11-15 pareth-7,c1115pareth7,"Rating: Good. Categories: Cleansing Agents, Emulsifiers",0.0,1.0,0.0,0.0,0.0,0.0,0.0,,,noxmoon,4,Surfactant,Yüzey Aktif Madde,Temizleme işlevi gören yüzey aktif madde,neutral,,,neutral,,,neutral,,,neutral,,,neutral,,,neutral,,,neutral,,
C12-15 alkyl benzoate,c1215alkylbenzoate,"Rating: Good. Categories: Texture Enhancer, Emollients",1.0,0.0,0.0,0.0,0.0,0.0,0.0,,,noxmoon,463,Skincare Ingredient,Cilt Bakım Bileşeni,Cilt bakım bileşeni,neutral,,,neutral,,,neutral,,,neutral,,,neutral,,,neutral,,,neutral,,
C12-16 pareth-9,c1216pareth9,"Rating: Good. Categories: Cleansing Agents, Emulsifiers",0.0,1.0,0.0,0.0,0.0,0.0,0.0,,,noxmoon,1,Surfactant,Yüzey Aktif Madde,Temizleme işlevi gören yüzey aktif madde,neutral,,,neutral,,,neutral,,,neutral,,,neutral,,,neutral,,,neutral,,
C12-18 acid triglyceride,c1218acidtriglyceride,"Rating: Good. Categories: Texture Enhancer, Emollients",1.0,0.0,0.0,0.0,0.0,0.0,0.0,,,noxmoon,0,Skincare Ingredient,Cilt Bakım Bileşeni,Cilt bakım bileşeni,neutral,,,neutral,,,neutral,,,neutral,,,neutral,,,neutral,,,neutral,,
C13-14 isoparaffin,c1314isoparaffin,Rating: Good. Categories: Texture Enhancer,0.0,0.0,0.0,0.0,0.0,0.0,0.0,,,noxmoon,390,Skincare Ingredient,Cilt Bakım Bileşeni,Cilt bakım bileşeni,neutral,,,neutral,,,neutral,,,neutral,,,neutral,,,neutral,,,neutral,,
C18-36 acid triglyceride,c1836acidtriglyceride,"Rating: Good. Categories: Texture Enhancer, Emollients",1.0,0.0,0.0,0.0,0.0,0.0,0.0,,,noxmoon,4,Skincare Ingredient,Cilt Bakım Bileşeni,Cilt bakım bileşeni,neutral,,,neutral,,,neutral,,,neutral,,,neutral,,,neutral,,,neutral,,
C20-40 pareth-40,c2040pareth40,Rating: Good. Categories: Cleansing Agents,0.0,1.0,0.0,0.0,0.0,0.0,0.0,,,noxmoon,0,Surfactant,Yüzey Aktif Madde,Temizleme işlevi gören yüzey aktif madde,neutral,,,neutral,,,neutral,,,neutral,,,neutral,,,neutral,,,neutral,,
Cabbage Leaf Extract,cabbageleafextract,"Cabbage Leaf Extract is a natural extract rich in flavonoids and anthocyanins. Flavonoids are plant polyphenols which offer antioxidant protection against reactive free radicals. Anthocyanins are substances produced by the plant in nature to protect against environmental stressors: UV radiation, oxidation & temperature. Studies have also shown that Cabbage Leaf extract provides anti-inflammatory benefits when applied topically to the skin.",0.0,0.0,0.0,0.0,0.0,0.0,1.0,Pregnancy,,original,0,Botanical Extract,Bitkisel Ekstrakt,Bitkisel kaynaklı aktif ekstrakt,neutral,,,neutral,,,neutral,,,neutral,,,neutral,,,neutral,,,neutral,,
Caffeic Acid,caffeicacid,"Caffeic acid is a powerful naturally-occurring antioxidant found in most plants. It is able to protect the skin by neutralising damage-causing free radicals. Studies have also shown this ingredient to also have an anti-inflammatory effect within the skin, which can have a beneficial effect on acne, redness and preventing premature ageing.",0.0,0.0,0.0,0.0,2.0,0.0,1.0,Redness|Pregnancy,,original,0,Botanical Extract,Bitkisel Ekstrakt,Bitkisel kaynaklı aktif ekstrakt,neutral,,,neutral,,,neutral,,,neutral,,,beneficial,Hassas cilt için faydalı bileşen,Beneficial for sensitive skin,neutral,,,neutral,,
Caffeine,caffeine,"Caffeine, derived from the coffee plant, is used in skincare as an antioxidant and a vasoconstricting agent. Its antioxidant properties help to protect against free radicals, neutralising them before they can cause damage to the skin cells. Its vasoconstricting abilities make it good for draining water retention from around the eye area, to reduce puff, and for reducing skin redness by constricting the capillaries whose dilation visually increases skin redness by passing blood closer to the skin’s surface.",0.0,0.0,0.0,0.0,2.0,2.0,1.0,Dark Circles|Redness|Pregnancy|Eye Bags,,original,576,Botanical Extract,Bitkisel Ekstrakt,Bitkisel kaynaklı aktif ekstrakt,neutral,,,neutral,,,neutral,,,neutral,,,beneficial,Hassas cilt için faydalı bileşen,Beneficial for sensitive skin,beneficial,Yaşlanma karşıtı faydalı bileşen,Beneficial anti-aging ingredient,neutral,,
Calendula officinalis flower extract,calendulaofficinalisflowerextract,"Rating: Good. Categories: Antioxidants, Plant Extracts",0.0,0.0,0.0,1.0,0.0,0.0,0.0,,,noxmoon,147,Antioxidant,Antioksidan,Serbest radikallere karşı koruyucu antioksidan,neutral,,,neutral,,,neutral,,,neutral,,,neutral,,,neutral,,,neutral,,
Calluna vulgaris flower extract,callunavulgarisflowerextract,"Rating: Best. Categories: Skin-Soothing, Plant Extracts",1.0,0.0,0.0,0.0,2.0,0.0,0.0,,,noxmoon,2,Emollient,Yumuşatıcı (Emoliyan),Cildi yumuşatan ve pürüzsüzleştiren bileşen,neutral,,,neutral,,,neutral,,,neutral,,,beneficial,Hassas cilt için faydalı bileşen,Beneficial for sensitive skin,neutral,,,neutral,,
Calophyllum inophyllum seed oil,calophylluminophyllumseedoil,Rating: Good. Categories: Plant Extracts,0.0,0.0,0.0,0.0,0.0,0.0,0.0,,,noxmoon,12,Botanical Extract,Bitkisel Ekstrakt,Bitkisel kaynaklı aktif ekstrakt,neutral,,,neutral,,,neutral,,,neutral,,,neutral,,,neutral,,,neutral,,
Camellia japonica,camelliajaponica,"Rating: Best. Categories: Antioxidants, Plant Extracts",0.0,0.0,0.0,1.0,0.0,0.0,0.0,,,noxmoon,0,Antioxidant,Antioksidan,Serbest radikallere karşı koruyucu antioksidan,neutral,,,neutral,,,neutral,,,neutral,,,neutral,,,neutral,,,neutral,,
Camellia oleifera,camelliaoleifera,"Rating: Best. Categories: Antioxidants, Plant Extracts",0.0,0.0,0.0,1.0,0.0,0.0,0.0,,,noxmoon,0,Antioxidant,Antioksidan,Serbest radikallere karşı koruyucu antioksidan,neutral,,,neutral,,,neutral,,,neutral,,,neutral,,,neutral,,,neutral,,
Camellia sinensis,camelliasinensis,"Rating: Best. Categories: Antioxidants, Plant Extracts",0.0,0.0,0.0,1.0,0.0,0.0,0.0,,,noxmoon,9,Antioxidant,Antioksidan,Serbest radikallere karşı koruyucu antioksidan,neutral,,,neutral,,,neutral,,,neutral,,,neutral,,,neutral,,,neutral,,
Cananga odorata,canangaodorata,"Rating: Poor. Categories: Plant Extracts, Fragrance: Synthetic and Fragrant Plant Extracts",0.0,0.0,0.0,0.0,-2.0,0.0,0.0,,,noxmoon,1,Botanical Extract,Bitkisel Ekstrakt,Bitkisel kaynaklı aktif ekstrakt,neutral,,,neutral,,,neutral,,,neutral,,,caution,"Hassas ciltte tahriş riski taşır, dikkatli kullanılmalı","Risk of irritation, use with caution",neutral,,,neutral,,
Cannabis sativa L. oil,cannabissativaloil,"Rating: Good. Categories: Plant Extracts, Emollients",1.0,0.0,0.0,0.0,0.0,0.0,0.0,,,noxmoon,0,Botanical Extract,Bitkisel Ekstrakt,Bitkisel kaynaklı aktif ekstrakt,neutral,,,neutral,,,neutral,,,neutral,,,neutral,,,neutral,,,neutral,,
Caprooyl Phytosphingosine,caprooylphytosphingosine,"Caprooyl Phytosphingosine is a mixture of fatty acids Caproic acid and Phytosphingosine. It acts as a precursor for ceramide synthesis, meaning it encourages the skin to produce ceramides naturally.

The function of ceramides is to hold the skin cells together by creating a barrier against water-loss from the inside-out, and external aggressors from the outside-in. They make up almost 50% of our skins composition, but they can be depleted by UV, free radicals & pollution, and their production also naturally slows with age. This leads to an impaired skin barrier, which results in dry, rough skin with more visible wrinkling and redness. Encouraging the skin’s natural production of ceramides leads to an improved skin barrier, resulting in smoother, more hydrated, younger-looking skin.

Caprooyl phytosphingosine is in the class of essential lipids, it can be found on ingredient lists as caprooyl sphingosine, cholesterol, glycolipids, glycoproteins, glycosphingolipids, lecithin, linoleic acid, linolenic acid, phospholipids and phytosphingosine.",5.0,0.0,1.0,2.0,3.0,1.0,1.0,Dry and dehydrated skin|Impaired skin barrier|Radiance|Pregnancy|Texture,,original,10,Oil / Lipid,Yağ / Lipit,Cildi besleyen yağ/lipit bileşeni,beneficial,Kuru cilt için faydalı bileşen,Beneficial for dry skin,neutral,,,neutral,,,beneficial,Genel cilt sağlığını destekler,Supports overall skin health,beneficial,Hassas cilt için faydalı bileşen,Beneficial for sensitive skin,neutral,,,neutral,,
Caprooyl Sphingosine,caprooylsphingosine,"Caprooyl Sphingosine is a mixture of fatty acids Caproic acid and Sphingosine. It acts as a precursor for ceramide synthesis, meaning it encourages the skin to produce ceramides naturally.

The function of ceramides is to hold the skin cells together by creating a barrier against water-loss from the inside-out, and external aggressors from the outside-in. They make up almost 50% of our skins composition, but they can be depleted by UV, free radicals & pollution, and their production also naturally slows with age. This leads to an impaired skin barrier, which results in dry, rough skin with more visible wrinkling and redness. Encouraging the skin’s natural production of ceramides leads to an improved skin barrier, resulting in smoother, more hydrated, younger-looking skin.

Caprooyl sphingosine is in the class of essential lipids, it can be found on ingredient lists as caprooyl phytosphingosine, cholesterol, glycolipids, glycoproteins, glycosphingolipids, lecithin, linoleic acid, linolenic acid, phospholipids and phytosphingosine.",5.0,0.0,1.0,2.0,3.0,1.0,1.0,Dry and dehydrated skin|Impaired skin barrier|Radiance|Pregnancy|Texture,,original,9,Oil / Lipid,Yağ / Lipit,Cildi besleyen yağ/lipit bileşeni,beneficial,Kuru cilt için faydalı bileşen,Beneficial for dry skin,neutral,,,neutral,,,beneficial,Genel cilt sağlığını destekler,Supports overall skin health,beneficial,Hassas cilt için faydalı bileşen,Beneficial for sensitive skin,neutral,,,neutral,,
Carnosine,carnosine,Carnosine is a peptide used in skincare as an antioxidant and a soothing agent. Research also shows this also has an effect against glycation (a process which accelerates ageing).,0.0,0.0,0.0,0.0,2.0,0.0,1.0,Redness|Pregnancy,,original,41,Skincare Ingredient,Cilt Bakım Bileşeni,Cilt bakım bileşeni,neutral,,,neutral,,,neutral,,,neutral,,,beneficial,Hassas cilt için faydalı bileşen,Beneficial for sensitive skin,neutral,,,neutral,,
Carthamus tinctorius oil,carthamustinctoriusoil,"Rating: Best. Categories: Plant Extracts, Emollients",1.0,0.0,0.0,0.0,0.0,0.0,0.0,,,noxmoon,0,Botanical Extract,Bitkisel Ekstrakt,Bitkisel kaynaklı aktif ekstrakt,neutral,,,neutral,,,neutral,,,neutral,,,neutral,,,neutral,,,neutral,,
Carya illinoensis oil,caryaillinoensisoil,"Rating: Good. Categories: Plant Extracts, Emollients",1.0,0.0,0.0,0.0,0.0,0.0,0.0,,,noxmoon,0,Botanical Extract,Bitkisel Ekstrakt,Bitkisel kaynaklı aktif ekstrakt,neutral,,,neutral,,,neutral,,,neutral,,,neutral,,,neutral,,,neutral,,
Castanea sativa seed extract,castaneasativaseedextract,Rating: Good. Categories: Plant Extracts,0.0,0.0,0.0,0.0,0.0,0.0,0.0,,,noxmoon,0,Botanical Extract,Bitkisel Ekstrakt,Bitkisel kaynaklı aktif ekstrakt,neutral,,,neutral,,,neutral,,,neutral,,,neutral,,,neutral,,,neutral,,
Caulerpa taxifolia extract,caulerpataxifoliaextract,"Rating: Good. Categories: Antioxidants, Texture Enhancer, Emollients, Plant Extracts",1.0,0.0,0.0,1.0,0.0,0.0,0.0,,,noxmoon,0,Antioxidant,Antioksidan,Serbest radikallere karşı koruyucu antioksidan,neutral,,,neutral,,,neutral,,,neutral,,,neutral,,,neutral,,,neutral,,
Cedrus atlantica bark extract,cedrusatlanticabarkextract,Rating: Poor. Categories: Fragrance: Synthetic and Fragrant Plant Extracts,0.0,0.0,0.0,0.0,-2.0,0.0,0.0,,,noxmoon,18,Fragrance,Parfüm / Koku,Ürüne koku veren parfüm bileşeni,neutral,,,neutral,,,neutral,,,neutral,,,caution,"Hassas ciltte tahriş riski taşır, dikkatli kullanılmalı","Risk of irritation, use with caution",neutral,,,neutral,,
Cellulose gum,cellulosegum,"Rating: Good. Categories: Plant Extracts, Texture Enhancer",0.0,0.0,0.0,0.0,0.0,0.0,0.0,,,noxmoon,110,Botanical Extract,Bitkisel Ekstrakt,Bitkisel kaynaklı aktif ekstrakt,neutral,,,neutral,,,neutral,,,neutral,,,neutral,,,neutral,,,neutral,,
Centaurea cyanus,centaureacyanus,"Rating: Best. Categories: Skin-Soothing, Plant Extracts",1.0,0.0,0.0,0.0,2.0,0.0,0.0,,,noxmoon,2,Emollient,Yumuşatıcı (Emoliyan),Cildi yumuşatan ve pürüzsüzleştiren bileşen,neutral,,,neutral,,,neutral,,,neutral,,,beneficial,Hassas cilt için faydalı bileşen,Beneficial for sensitive skin,neutral,,,neutral,,
Centella Asiatica,centellaasiatica,"Centella asiatica promotes wound healing and skin repair, helping to accelerate the recovery process. It exhibits anti-inflammatory effects, reducing redness, irritation, and inflammation and provides soothing and calming benefits, making it beneficial for sensitive or compromised skin.",4.0,1.0,2.0,2.0,4.0,2.0,1.0,Anyone|Dry and dehydrated skin|Fine Lines|Redness|Pregnancy|Texture,,original,1,Skincare Ingredient,Cilt Bakım Bileşeni,Cilt bakım bileşeni,beneficial,Kuru cilt için faydalı bileşen,Beneficial for dry skin,neutral,,,beneficial,Karma cilt için faydalı bileşen,Beneficial for combination skin,beneficial,Genel cilt sağlığını destekler,Supports overall skin health,beneficial,Hassas cilt için faydalı bileşen,Beneficial for sensitive skin,beneficial,Yaşlanma karşıtı faydalı bileşen,Beneficial anti-aging ingredient,neutral,,
Cera alba,ceraalba,Rating: Good. Categories: Texture Enhancer,0.0,0.0,0.0,0.0,0.0,0.0,0.0,,,noxmoon,13,Skincare Ingredient,Cilt Bakım Bileşeni,Cilt bakım bileşeni,neutral,,,neutral,,,neutral,,,neutral,,,neutral,,,neutral,,,neutral,,
Ceramides,ceramides,"Ceramides are a class of ingredients, which includes ceramide ap, ceramide 3, ceramide eop, ceramide eos, ceramide ng, ceramide np, ceramide ns and ceramide 6-ll. 

Their function is to hold the skin cells together by creating a barrier against water-loss from the inside-out, and external aggressors from the outside-in. They make up almost 50% of our skins composition, but they can be depleted by UV, free radicals & pollution, and their production also naturally slows with age. Applying ceramides topically can increase the levels of ceramides in the epidermis, and therefore supports the natural healthy functioning of the skin.",5.0,0.0,1.0,2.0,5.0,1.0,0.0,Dry and dehydrated skin|Impaired skin barrier|Redness|Radiance|Texture,,original,7,Ceramide,Seramid,Cilt bariyerini güçlendiren bileşen,beneficial,Kuru cilt için faydalı bileşen,Beneficial for dry skin,neutral,,,neutral,,,beneficial,Genel cilt sağlığını destekler,Supports overall skin health,beneficial,Hassas cilt için faydalı bileşen,Beneficial for sensitive skin,neutral,,,neutral,,
Chamomile Extract,chamomileextract,"Chamomile, also known as chamomilla recutita (matricaria) flower extract, contains high levels of naturally-occurring compounds called terpenoids, the most famous being bisabolol. Bisabolol is known for its soothing properties, so including Chamomile extract in skincare can also provide this benefit.",1.0,0.0,0.0,0.0,4.0,0.0,0.0,Impaired skin barrier|Redness,,original,11,Skincare Ingredient,Cilt Bakım Bileşeni,Cilt bakım bileşeni,neutral,,,neutral,,,neutral,,,neutral,,,beneficial,Hassas cilt için faydalı bileşen,Beneficial for sensitive skin,neutral,,,neutral,,
Chamomilla recutita flower extract,chamomillarecutitaflowerextract,"Rating: Best. Categories: Antioxidants, Plant Extracts",0.0,0.0,0.0,1.0,0.0,0.0,0.0,,,noxmoon,6,Antioxidant,Antioksidan,Serbest radikallere karşı koruyucu antioksidan,neutral,,,neutral,,,neutral,,,neutral,,,neutral,,,neutral,,,neutral,,
Chemical UV Filters,chemicaluvfilters,"Chemical UV filters are a family of ingredients also known as bis-ethylhexyloxyphenol methoxyphenyl triazine, butyl methoxydibenzoylmethane, ethylhexyl salicylate, ethylhexyl triazone, homosalate, octinoxate, octisalate, octocrylene and triazine diethyl butamidotriazone.

They work by absorbing UVB light in the outer layers of the epidermis, then converting it into heat (to neutralise the energy which otherwise can lead to cell damage), and scattering it away from the body.",1.0,1.0,1.0,1.0,1.0,0.0,-2.0,Anyone,Pregnancy,original,0,Skincare Ingredient,Cilt Bakım Bileşeni,Cilt bakım bileşeni,neutral,,,neutral,,,neutral,,,neutral,,,neutral,,,neutral,,,caution,"Hamilelikte kullanımı önerilmez, doktorunuza danışın","Not recommended during pregnancy, consult your doctor"
China clay,chinaclay,Rating: Good. Categories: Absorbent,0.0,0.0,0.0,0.0,0.0,0.0,0.0,,,noxmoon,0,Mineral,Mineral,Mineral bazlı cilt bakım bileşeni,neutral,,,neutral,,,neutral,,,neutral,,,neutral,,,neutral,,,neutral,,
Chlorella Protothecoides,chlorellaprotothecoides,"Chlorella protothecoides is a type of algae. Like other algae-based ingredients it has the potential to act as a thickening agent, water-binding agent, and antioxidant in skin care formulations.

It is in the class of Algae Extract which also include ahnfeltia concinna extract, alaria esculenta extract, algae exopolysaccharides, algin, alteromonas ferment extract, alteromonas ferment extract, ascophyllum nodosum extract, asparagopsis armata extract, chlorella vulgaris extract, dunaliella salina (green algae) extract, hydrolyzed f-fucoidan, laminaria ochroleuca (kelp) extract, macrocystis pyrifera (kelp) extract, and marine extract.",2.0,0.0,0.0,0.0,1.0,4.0,1.0,Dry and dehydrated skin|Fine Lines|Pregnancy|Wrinkles,,original,0,Skincare Ingredient,Cilt Bakım Bileşeni,Cilt bakım bileşeni,beneficial,Kuru cilt için faydalı bileşen,Beneficial for dry skin,neutral,,,neutral,,,neutral,,,neutral,,,beneficial,Yaşlanma karşıtı faydalı bileşen,Beneficial anti-aging ingredient,neutral,,
Chlorella Protothecoides Oil,chlorellaprotothecoidesoil,"Chlorella vulgaris is a green eukaryotic microalgae that was first discovered in 1890. In skin care products, Chlorella vulgaris extract has been shown to stimulate collagen synthesis. Since collagen and elastin are responsible for the strength and elasticity of skin, preventing the degradation of these proteins is important for maintaining a youthful complexion.

It is in the class of Algae Extract which also include ahnfeltia concinna extract, alaria esculenta extract, algae exopolysaccharides, algin, alteromonas ferment extract, ascophyllum nodosum extract, asparagopsis armata extract, chlorella protothecoides, vibrio alginolyticus ferment filtrate, dunaliella salina (green algae) extract, hydrolyzed f-fucoidan, laminaria ochroleuca (kelp) extract, macrocystis pyrifera (kelp) extract, marine extract, parachlorella beijerinckii exopolysaccharides, padina pavonica thallus extract, plankton extract, porphyridium cruentum extract, pseudoalteromonas exopolysaccharides, chondrus crispus, tripleurospermum maritimum extract and vibrio alginolyticus ferment filtrate.",2.0,0.0,0.0,0.0,1.0,4.0,1.0,Dry and dehydrated skin|Fine Lines|Pregnancy|Wrinkles,,original,6,Skincare Ingredient,Cilt Bakım Bileşeni,Cilt bakım bileşeni,beneficial,Kuru cilt için faydalı bileşen,Beneficial for dry skin,neutral,,,neutral,,,neutral,,,neutral,,,beneficial,Yaşlanma karşıtı faydalı bileşen,Beneficial anti-aging ingredient,neutral,,
Chlorella Vulgaris Extract,chlorellavulgarisextract,"In skin care products, algae extract has several functions, including as a thickening agent, water-binding agent, and antioxidant. Chlorella vulgaris extract has been shown to stimulate collagen synthesis. 

It is in the class of Algae Extract which also include ahnfeltia concinna extract, alaria esculenta extract, algae exopolysaccharides, algin, alteromonas ferment extract, alteromonas ferment extract, ascophyllum nodosum extract, asparagopsis armata extract, chlorella protothecoides, dunaliella salina (green algae) extract, hydrolyzed f-fucoidan, laminaria ochroleuca (kelp) extract, macrocystis pyrifera (kelp) extract, and marine extract.",2.0,0.0,0.0,0.0,1.0,4.0,1.0,Dry and dehydrated skin|Fine Lines|Pregnancy|Wrinkles,,original,90,Skincare Ingredient,Cilt Bakım Bileşeni,Cilt bakım bileşeni,beneficial,Kuru cilt için faydalı bileşen,Beneficial for dry skin,neutral,,,neutral,,,neutral,,,neutral,,,beneficial,Yaşlanma karşıtı faydalı bileşen,Beneficial anti-aging ingredient,neutral,,
Chlorophyll,chlorophyll,"Chlorophyll, also known as chlorophyllin-copper complex, is a plant substance which is naturally high in vitamins and contains a high concentration of antioxidants, which helps protect the skin.",0.0,0.0,0.0,0.0,0.0,0.0,1.0,Pregnancy,,original,2,Antioxidant,Antioksidan,Serbest radikallere karşı koruyucu antioksidan,neutral,,,neutral,,,neutral,,,neutral,,,neutral,,,neutral,,,neutral,,
Cholesterol,cholesterol,"Cholesterol is a fatty acid which occurs naturally in the skin’s lipid barrier. Applying cholesterol topically supports the skin barrier, reducing trans-epidermal water loss (TEWL), and maintaining healthy skin functioning. Strengthening this lipid barrier also leads to improved skin hydration, which in turn leads to smoother, plumper, younger-looking skin.

cholesterol is in the class of essential lipids, it can be found on ingredient lists as caprooyl phytosphingosine, caprooyl sphingosine, glycolipids, glycoproteins, glycosphingolipids, lecithin, linoleic acid, linolenic acid, phospholipids and phytosphingosine.",4.0,0.0,1.0,1.0,3.0,0.0,1.0,Dry and dehydrated skin|Impaired skin barrier|Pregnancy|Texture,,original,274,Oil / Lipid,Yağ / Lipit,Cildi besleyen yağ/lipit bileşeni,beneficial,Kuru cilt için faydalı bileşen,Beneficial for dry skin,neutral,,,neutral,,,neutral,,,beneficial,Hassas cilt için faydalı bileşen,Beneficial for sensitive skin,neutral,,,neutral,,
Chondrus Crispus,chondruscrispus,"Algae is an incredibly interesting natural ingredient source. There are many types of algae (kelp, laminaria, microalgae) but in general in all its forms, it acts as a powerful antioxidant, protecting from free radical damage, as well as being able to hydrate the skin and deliver naturally-occurring vitamins into the skin.

It is in the class of Algae Extract which also include ahnfeltia concinna extract, alaria esculenta extract, algae exopolysaccharides, algin, alteromonas ferment extract, ascophyllum nodosum extract, asparagopsis armata extract, chlorella protothecoides, vibrio alginolyticus ferment filtrate, dunaliella salina (green algae) extract, hydrolyzed f-fucoidan, laminaria ochroleuca (kelp) extract, macrocystis pyrifera (kelp) extract, marine extract, parachlorella beijerinckii exopolysaccharides, padina pavonica thallus extract, plankton extract, porphyridium cruentum extract, pseudoalteromonas exopolysaccharides, tripleurospermum maritimum extract, chlorella protothecoides oil and chlorella protothecoides oil.",2.0,0.0,0.0,0.0,1.0,4.0,1.0,Dry and dehydrated skin|Fine Lines|Pregnancy|Wrinkles,,original,3,Antioxidant,Antioksidan,Serbest radikallere karşı koruyucu antioksidan,beneficial,Kuru cilt için faydalı bileşen,Beneficial for dry skin,neutral,,,neutral,,,neutral,,,neutral,,,beneficial,Yaşlanma karşıtı faydalı bileşen,Beneficial anti-aging ingredient,neutral,,
Chrysanthemum parthenium extract,chrysanthemumpartheniumextract,Rating: Average. Categories: Plant Extracts,0.0,0.0,0.0,0.0,0.0,0.0,0.0,,,noxmoon,2,Botanical Extract,Bitkisel Ekstrakt,Bitkisel kaynaklı aktif ekstrakt,neutral,,,neutral,,,neutral,,,neutral,,,neutral,,,neutral,,,neutral,,
Cichorium intybus,cichoriumintybus,"Rating: Good. Categories: Antioxidants, Plant Extracts",0.0,0.0,0.0,1.0,0.0,0.0,0.0,,,noxmoon,0,Antioxidant,Antioksidan,Serbest radikallere karşı koruyucu antioksidan,neutral,,,neutral,,,neutral,,,neutral,,,neutral,,,neutral,,,neutral,,
Cimicifuga racemosa root extract,cimicifugaracemosarootextract,Rating: Average. Categories: Plant Extracts,0.0,0.0,0.0,0.0,0.0,0.0,0.0,,,noxmoon,14,Botanical Extract,Bitkisel Ekstrakt,Bitkisel kaynaklı aktif ekstrakt,neutral,,,neutral,,,neutral,,,neutral,,,neutral,,,neutral,,,neutral,,
Cinnamomum,cinnamomum,"Rating: Poor. Categories: Antioxidants, Plant Extracts, Fragrance: Synthetic and Fragrant Plant Extracts",0.0,0.0,0.0,1.0,-2.0,0.0,0.0,,,noxmoon,0,Antioxidant,Antioksidan,Serbest radikallere karşı koruyucu antioksidan,neutral,,,neutral,,,neutral,,,neutral,,,caution,"Hassas ciltte tahriş riski taşır, dikkatli kullanılmalı","Risk of irritation, use with caution",neutral,,,neutral,,
Cinnamomum camphora,cinnamomumcamphora,Rating: Poor. Categories: Plant Extracts,0.0,0.0,0.0,0.0,-1.0,0.0,0.0,,,noxmoon,0,Botanical Extract,Bitkisel Ekstrakt,Bitkisel kaynaklı aktif ekstrakt,neutral,,,neutral,,,neutral,,,neutral,,,caution,"Hassas ciltte tahriş riski taşır, dikkatli kullanılmalı","Risk of irritation, use with caution",neutral,,,neutral,,
Cinnamon Bark,cinnamonbark,"Cinnamon bark, also known as cinnamomum zeylanicum bark extract, acts as a natural antibacterial to help prevent the growth of acne-causing bacteria. It is also thought to regulate sebum production to prevent pores from becoming blocked. As it is a plant extract, it is naturally high in antioxidants which offer the skin protection against free radical damage.",0.0,2.0,1.0,0.0,0.0,0.0,1.0,Acne|Pregnancy,,original,0,Antioxidant,Antioksidan,Serbest radikallere karşı koruyucu antioksidan,neutral,,,beneficial,Yağlı cilt için faydalı bileşen,Beneficial for oily skin,neutral,,,neutral,,,neutral,,,neutral,,,neutral,,
Citric Acid,citricacid,"Citric acid (in dilution) is often used in tiny quantities to adjust the pH of a formula to be more acidic. In higher doses, it acts as an Alpha Hydroxy Acid (AHA), encouraging the skin’s natural exfoliation process to brighten, smooth and refine overall skin texture.",2.0,4.0,3.0,2.0,0.0,1.0,1.0,Acne|Blackheads|Radiance|Pregnancy|Texture,,original,1279,Skincare Ingredient,Cilt Bakım Bileşeni,Cilt bakım bileşeni,beneficial,Kuru cilt için faydalı bileşen,Beneficial for dry skin,beneficial,Yağlı cilt için faydalı bileşen,Beneficial for oily skin,beneficial,Karma cilt için faydalı bileşen,Beneficial for combination skin,beneficial,Genel cilt sağlığını destekler,Supports overall skin health,neutral,,,neutral,,,neutral,,
Citrullus colocynthis,citrulluscolocynthis,Rating: Poor. Categories: Plant Extracts,0.0,0.0,0.0,0.0,-1.0,0.0,0.0,,,noxmoon,0,Botanical Extract,Bitkisel Ekstrakt,Bitkisel kaynaklı aktif ekstrakt,neutral,,,neutral,,,neutral,,,neutral,,,caution,"Hassas ciltte tahriş riski taşır, dikkatli kullanılmalı","Risk of irritation, use with caution",neutral,,,neutral,,
Citrus amara,citrusamara,"Rating: Poor. Categories: Plant Extracts, Fragrance: Synthetic and Fragrant Plant Extracts",0.0,0.0,0.0,0.0,-2.0,0.0,0.0,,,noxmoon,0,Botanical Extract,Bitkisel Ekstrakt,Bitkisel kaynaklı aktif ekstrakt,neutral,,,neutral,,,neutral,,,neutral,,,caution,"Hassas ciltte tahriş riski taşır, dikkatli kullanılmalı","Risk of irritation, use with caution",neutral,,,neutral,,
Citrus aurantifolia,citrusaurantifolia,"Rating: Poor. Categories: Plant Extracts, Fragrance: Synthetic and Fragrant Plant Extracts",0.0,0.0,0.0,0.0,-2.0,0.0,0.0,,,noxmoon,0,Botanical Extract,Bitkisel Ekstrakt,Bitkisel kaynaklı aktif ekstrakt,neutral,,,neutral,,,neutral,,,neutral,,,caution,"Hassas ciltte tahriş riski taşır, dikkatli kullanılmalı","Risk of irritation, use with caution",neutral,,,neutral,,
Citrus aurantium,citrusaurantium,"Rating: Poor. Categories: Plant Extracts, Fragrance: Synthetic and Fragrant Plant Extracts",0.0,0.0,0.0,0.0,-2.0,0.0,0.0,,,noxmoon,1,Botanical Extract,Bitkisel Ekstrakt,Bitkisel kaynaklı aktif ekstrakt,neutral,,,neutral,,,neutral,,,neutral,,,caution,"Hassas ciltte tahriş riski taşır, dikkatli kullanılmalı","Risk of irritation, use with caution",neutral,,,neutral,,
Citrus aurantium extract,citrusaurantiumextract,"Rating: Poor. Categories: Plant Extracts, Fragrance: Synthetic and Fragrant Plant Extracts",0.0,0.0,0.0,0.0,-2.0,0.0,0.0,,,noxmoon,0,Botanical Extract,Bitkisel Ekstrakt,Bitkisel kaynaklı aktif ekstrakt,neutral,,,neutral,,,neutral,,,neutral,,,caution,"Hassas ciltte tahriş riski taşır, dikkatli kullanılmalı","Risk of irritation, use with caution",neutral,,,neutral,,
Citrus medica limonium,citrusmedicalimonium,"Rating: Poor. Categories: Plant Extracts, Fragrance: Synthetic and Fragrant Plant Extracts",0.0,0.0,0.0,0.0,-2.0,0.0,0.0,,,noxmoon,0,Botanical Extract,Bitkisel Ekstrakt,Bitkisel kaynaklı aktif ekstrakt,neutral,,,neutral,,,neutral,,,neutral,,,caution,"Hassas ciltte tahriş riski taşır, dikkatli kullanılmalı","Risk of irritation, use with caution",neutral,,,neutral,,
Citrus unshiu,citrusunshiu,"Rating: Average. Categories: Antioxidants, Plant Extracts",0.0,0.0,0.0,1.0,0.0,0.0,0.0,,,noxmoon,2,Antioxidant,Antioksidan,Serbest radikallere karşı koruyucu antioksidan,neutral,,,neutral,,,neutral,,,neutral,,,neutral,,,neutral,,,neutral,,
Citrus unshiu peel extract,citrusunshiupeelextract,"Rating: Average. Categories: Antioxidants, Plant Extracts",0.0,0.0,0.0,1.0,0.0,0.0,0.0,,,noxmoon,27,Antioxidant,Antioksidan,Serbest radikallere karşı koruyucu antioksidan,neutral,,,neutral,,,neutral,,,neutral,,,neutral,,,neutral,,,neutral,,
Cocus nucifera,cocusnucifera,"Rating: Best. Categories: Plant Extracts, Emollients",1.0,0.0,0.0,0.0,0.0,0.0,0.0,,,noxmoon,0,Botanical Extract,Bitkisel Ekstrakt,Bitkisel kaynaklı aktif ekstrakt,neutral,,,neutral,,,neutral,,,neutral,,,neutral,,,neutral,,,neutral,,
Codium tomentosum extract,codiumtomentosumextract,"Rating: Good. Categories: Antioxidants, Plant Extracts, Texture Enhancer, Emollients",1.0,0.0,0.0,1.0,0.0,0.0,0.0,,,noxmoon,11,Antioxidant,Antioksidan,Serbest radikallere karşı koruyucu antioksidan,neutral,,,neutral,,,neutral,,,neutral,,,neutral,,,neutral,,,neutral,,
Coffea arabica (coffee) fruit extract,coffeaarabicacoffeefruitextract,"Rating: Best. Categories: Antioxidants, Plant Extracts",0.0,0.0,0.0,1.0,0.0,0.0,0.0,,,noxmoon,0,Antioxidant,Antioksidan,Serbest radikallere karşı koruyucu antioksidan,neutral,,,neutral,,,neutral,,,neutral,,,neutral,,,neutral,,,neutral,,
Coffea arabica (coffee) seed oil,coffeaarabicacoffeeseedoil,"Rating: Best. Categories: Antioxidants, Plant Extracts",0.0,0.0,0.0,1.0,0.0,0.0,0.0,,,noxmoon,8,Antioxidant,Antioksidan,Serbest radikallere karşı koruyucu antioksidan,neutral,,,neutral,,,neutral,,,neutral,,,neutral,,,neutral,,,neutral,,
Coffea arabica seed extract,coffeaarabicaseedextract,"Rating: Best. Categories: Antioxidants, Plant Extracts",0.0,0.0,0.0,1.0,0.0,0.0,0.0,,,noxmoon,0,Antioxidant,Antioksidan,Serbest radikallere karşı koruyucu antioksidan,neutral,,,neutral,,,neutral,,,neutral,,,neutral,,,neutral,,,neutral,,
Coffee Seed Extract,coffeeseedextract,"Also known as coffea arabica (coffee) seed extract, this natural extract, derived from coffee beans, is high in antioxidants so first and foremost, offers protection against free radical damage. Studies have also shown this to have restorative properties, resulting in a healthier, smoother skin feel, as well as potentially improving the skin’s ability to retain moisture.",0.0,0.0,0.0,0.0,2.0,0.0,1.0,Redness|Pregnancy,,original,6,Antioxidant,Antioksidan,Serbest radikallere karşı koruyucu antioksidan,neutral,,,neutral,,,neutral,,,neutral,,,beneficial,Hassas cilt için faydalı bileşen,Beneficial for sensitive skin,neutral,,,neutral,,
Cola acuminata seed extract,colaacuminataseedextract,Rating: Average. Categories: Plant Extracts,0.0,0.0,0.0,0.0,0.0,0.0,0.0,,,noxmoon,2,Botanical Extract,Bitkisel Ekstrakt,Bitkisel kaynaklı aktif ekstrakt,neutral,,,neutral,,,neutral,,,neutral,,,neutral,,,neutral,,,neutral,,
Coleus barbatus,coleusbarbatus,Rating: Poor. Categories: Plant Extracts,0.0,0.0,0.0,0.0,-1.0,0.0,0.0,,,noxmoon,0,Botanical Extract,Bitkisel Ekstrakt,Bitkisel kaynaklı aktif ekstrakt,neutral,,,neutral,,,neutral,,,neutral,,,caution,"Hassas ciltte tahriş riski taşır, dikkatli kullanılmalı","Risk of irritation, use with caution",neutral,,,neutral,,
Commiphora myrrha extract,commiphoramyrrhaextract,"Rating: Poor. Categories: Plant Extracts, Fragrance: Synthetic and Fragrant Plant Extracts",0.0,0.0,0.0,0.0,-2.0,0.0,0.0,,,noxmoon,2,Botanical Extract,Bitkisel Ekstrakt,Bitkisel kaynaklı aktif ekstrakt,neutral,,,neutral,,,neutral,,,neutral,,,caution,"Hassas ciltte tahriş riski taşır, dikkatli kullanılmalı","Risk of irritation, use with caution",neutral,,,neutral,,
Copaifera officinalis,copaiferaofficinalis,Rating: Poor. Categories: Plant Extracts,0.0,0.0,0.0,0.0,-1.0,0.0,0.0,,,noxmoon,0,Botanical Extract,Bitkisel Ekstrakt,Bitkisel kaynaklı aktif ekstrakt,neutral,,,neutral,,,neutral,,,neutral,,,caution,"Hassas ciltte tahriş riski taşır, dikkatli kullanılmalı","Risk of irritation, use with caution",neutral,,,neutral,,
Copernicia cerifera wax,coperniciaceriferawax,"Rating: Good. Categories: Plant Extracts, Texture Enhancer, Absorbent",0.0,0.0,0.0,0.0,0.0,0.0,0.0,,,noxmoon,0,Botanical Extract,Bitkisel Ekstrakt,Bitkisel kaynaklı aktif ekstrakt,neutral,,,neutral,,,neutral,,,neutral,,,neutral,,,neutral,,,neutral,,
Copper Heptapeptide-14 Pantothenate,copperheptapeptide14pantothenate,"It encapsulates copper peptides and reduces wrinkles. It helps gene expression of collagen & elastin and increases elasticity.

It is in a class of ingredients also found on ingredients lists as acetyl hexapeptide, acetyl tetrapeptide, acetylarginyltryptophyl diphenylglycine, arginine/lysine polypeptide, azelaoyl bis-dipeptide, dipeptide, dipeptide diaminobutyroyl benzylamide diacetate, ferric hexapeptide, heptapeptide-15, palmitate, myristol hexapeptide, myristol pentapeptide, myristoyl nonapeptide, myristoyl pentapeptide, oligopeptide, palmitoyl  tripeptide, palmitoyl decapeptide, palmitoyl heptapeptide, palmitoyl hexapeptide, palmitoyl nonapeptide, palmitoyl oligopeptide, palmitoyl pentapeptide, palmitoyl tetrapeptide, palmitoyl tripeptide, palmitoyl tetrapeptide, pentapeptide, sh-oligopeptide, tetrapeptide and copper palmitoyl heptapeptide. ",0.0,0.0,0.0,0.0,0.0,5.0,1.0,Elasticity|Fine Lines|Pregnancy|Wrinkles,,original,1,Skincare Ingredient,Cilt Bakım Bileşeni,Cilt bakım bileşeni,neutral,,,neutral,,,neutral,,,neutral,,,neutral,,,beneficial,Yaşlanma karşıtı faydalı bileşen,Beneficial anti-aging ingredient,neutral,,
Copper Palmitoyl Heptapeptide,copperpalmitoylheptapeptide,"Many peptides function as anti-ageing ingredients in skincare, due to their ability to fit specific receptors in the body to trigger anti-ageing responses. This includes mechanisms like collagen production, cell regeneration or even blocking muscle contractions to smooth expression lines. Peptides are made up of amino acids, and are unique in shape, with a huge variety available to target specific responses in the body.",0.0,0.0,0.0,0.0,0.0,5.0,1.0,Elasticity|Fine Lines|Pregnancy|Wrinkles,,original,0,Skincare Ingredient,Cilt Bakım Bileşeni,Cilt bakım bileşeni,neutral,,,neutral,,,neutral,,,neutral,,,neutral,,,beneficial,Yaşlanma karşıtı faydalı bileşen,Beneficial anti-aging ingredient,neutral,,
Copper Peptide,copperpeptide,"Copper peptides are a family of ingredients also known as copper tripeptide growth factor, tripeptide and copper peptide. They are used in skincare as an anti-ageing ingredient. As with most peptides, it works by activating a receptor in the skin to perform a certain function, e.g. produce more collagen. Studies have shown copper peptide to have a positive impact on skin density, firmness and depth of fine lines and wrinkles.",0.0,0.0,0.0,0.0,0.0,5.0,1.0,Elasticity|Fine Lines|Pregnancy|Wrinkles,,original,1,Skincare Ingredient,Cilt Bakım Bileşeni,Cilt bakım bileşeni,neutral,,,neutral,,,neutral,,,neutral,,,neutral,,,beneficial,Yaşlanma karşıtı faydalı bileşen,Beneficial anti-aging ingredient,neutral,,
Corallina officinalis extract,corallinaofficinalisextract,"Rating: Good. Categories: Antioxidants, Plant Extracts, Emollients, Texture Enhancer",1.0,0.0,0.0,1.0,0.0,0.0,0.0,,,noxmoon,39,Antioxidant,Antioksidan,Serbest radikallere karşı koruyucu antioksidan,neutral,,,neutral,,,neutral,,,neutral,,,neutral,,,neutral,,,neutral,,
Cornus extract,cornusextract,"Rating: Good. Categories: Skin-Soothing, Antioxidants, Plant Extracts",1.0,0.0,0.0,1.0,2.0,0.0,0.0,,,noxmoon,0,Emollient,Yumuşatıcı (Emoliyan),Cildi yumuşatan ve pürüzsüzleştiren bileşen,neutral,,,neutral,,,neutral,,,neutral,,,beneficial,Hassas cilt için faydalı bileşen,Beneficial for sensitive skin,neutral,,,neutral,,
Corylus americana,corylusamericana,"Rating: Good. Categories: Plant Extracts, Emollients",1.0,0.0,0.0,0.0,0.0,0.0,0.0,,,noxmoon,0,Botanical Extract,Bitkisel Ekstrakt,Bitkisel kaynaklı aktif ekstrakt,neutral,,,neutral,,,neutral,,,neutral,,,neutral,,,neutral,,,neutral,,
Corylus avellana,corylusavellana,"Rating: Good. Categories: Plant Extracts, Emollients",1.0,0.0,0.0,0.0,0.0,0.0,0.0,,,noxmoon,0,Botanical Extract,Bitkisel Ekstrakt,Bitkisel kaynaklı aktif ekstrakt,neutral,,,neutral,,,neutral,,,neutral,,,neutral,,,neutral,,,neutral,,
Crataegus monogina extract,crataegusmonoginaextract,Rating: Average. Categories: Plant Extracts,0.0,0.0,0.0,0.0,0.0,0.0,0.0,,,noxmoon,1,Botanical Extract,Bitkisel Ekstrakt,Bitkisel kaynaklı aktif ekstrakt,neutral,,,neutral,,,neutral,,,neutral,,,neutral,,,neutral,,,neutral,,
Cucumber Extract,cucumberextract,"Cucumber extract, also known as cucumis sativus (cucumber) fruit extract, cucumis sativus or cucumber fruit extract, provides natural antioxidant protection against free radicals. It is comprised of 95% water, plus small concentrations of ascorbic acid (vitamin c), caffeic acid (an antioxidant), fatty acids and silica (mineral required for healthy skin, hair & nails).",0.0,0.0,0.0,0.0,0.0,0.0,1.0,Pregnancy,,original,17,Oil / Lipid,Yağ / Lipit,Cildi besleyen yağ/lipit bileşeni,neutral,,,neutral,,,neutral,,,neutral,,,neutral,,,neutral,,,neutral,,
Cucumis melo (melon) fruit extract,cucumismelomelonfruitextract,"Rating: Best. Categories: Antioxidants, Plant Extracts",0.0,0.0,0.0,1.0,0.0,0.0,0.0,,,noxmoon,22,Antioxidant,Antioksidan,Serbest radikallere karşı koruyucu antioksidan,neutral,,,neutral,,,neutral,,,neutral,,,neutral,,,neutral,,,neutral,,
Cucumis sativus extract,cucumissativusextract,"Rating: Good. Categories: Antioxidants, Plant Extracts",0.0,0.0,0.0,1.0,0.0,0.0,0.0,,,noxmoon,0,Antioxidant,Antioksidan,Serbest radikallere karşı koruyucu antioksidan,neutral,,,neutral,,,neutral,,,neutral,,,neutral,,,neutral,,,neutral,,
Cucurbita pepo seed extract,cucurbitapeposeedextract,"Rating: Best. Categories: Antioxidants, Plant Extracts",0.0,0.0,0.0,1.0,0.0,0.0,0.0,,,noxmoon,0,Antioxidant,Antioksidan,Serbest radikallere karşı koruyucu antioksidan,neutral,,,neutral,,,neutral,,,neutral,,,neutral,,,neutral,,,neutral,,
Cucurbitea peponis,cucurbiteapeponis,"Rating: Best. Categories: Antioxidants, Fragrance: Synthetic and Fragrant Plant Extracts, Plant Extracts, Vitamins, Skin-Restoring",2.0,0.0,0.0,1.0,-1.0,0.0,0.0,,,noxmoon,0,Antioxidant,Antioksidan,Serbest radikallere karşı koruyucu antioksidan,beneficial,Kuru cilt için faydalı bileşen,Beneficial for dry skin,neutral,,,neutral,,,neutral,,,caution,"Hassas ciltte tahriş riski taşır, dikkatli kullanılmalı","Risk of irritation, use with caution",neutral,,,neutral,,
Curcuma longa root,curcumalongaroot,"Rating: Best. Categories: Antioxidants, Plant Extracts",0.0,0.0,0.0,1.0,0.0,0.0,0.0,,,noxmoon,0,Antioxidant,Antioksidan,Serbest radikallere karşı koruyucu antioksidan,neutral,,,neutral,,,neutral,,,neutral,,,neutral,,,neutral,,,neutral,,
Cyamopsis tetragonoloba,cyamopsistetragonoloba,"Rating: Good. Categories: Plant Extracts, Texture Enhancer",0.0,0.0,0.0,0.0,0.0,0.0,0.0,,,noxmoon,0,Botanical Extract,Bitkisel Ekstrakt,Bitkisel kaynaklı aktif ekstrakt,neutral,,,neutral,,,neutral,,,neutral,,,neutral,,,neutral,,,neutral,,
Cymbopogon citrates,cymbopogoncitrates,Rating: Poor. Categories: Plant Extracts,0.0,0.0,0.0,0.0,-1.0,0.0,0.0,,,noxmoon,0,Botanical Extract,Bitkisel Ekstrakt,Bitkisel kaynaklı aktif ekstrakt,neutral,,,neutral,,,neutral,,,neutral,,,caution,"Hassas ciltte tahriş riski taşır, dikkatli kullanılmalı","Risk of irritation, use with caution",neutral,,,neutral,,
Cymbopogon martini,cymbopogonmartini,"Rating: Poor. Categories: Antioxidants, Plant Extracts",0.0,0.0,0.0,1.0,-1.0,0.0,0.0,,,noxmoon,0,Antioxidant,Antioksidan,Serbest radikallere karşı koruyucu antioksidan,neutral,,,neutral,,,neutral,,,neutral,,,caution,"Hassas ciltte tahriş riski taşır, dikkatli kullanılmalı","Risk of irritation, use with caution",neutral,,,neutral,,
D&C,dc,Rating: Good. Categories: Coloring Agents/Pigments,0.0,0.0,0.0,0.0,0.0,0.0,0.0,,,noxmoon,0,Skincare Ingredient,Cilt Bakım Bileşeni,Cilt bakım bileşeni,neutral,,,neutral,,,neutral,,,neutral,,,neutral,,,neutral,,,neutral,,
D&C colors,dccolors,Rating: Good. Categories: Coloring Agents/Pigments,0.0,0.0,0.0,0.0,0.0,0.0,0.0,,,noxmoon,0,Skincare Ingredient,Cilt Bakım Bileşeni,Cilt bakım bileşeni,neutral,,,neutral,,,neutral,,,neutral,,,neutral,,,neutral,,,neutral,,
DEA oleth-10 phosphate,deaoleth10phosphate,Rating: Good. Categories: Texture Enhancer,0.0,0.0,0.0,0.0,0.0,0.0,0.0,,,noxmoon,1,Skincare Ingredient,Cilt Bakım Bileşeni,Cilt bakım bileşeni,neutral,,,neutral,,,neutral,,,neutral,,,neutral,,,neutral,,,neutral,,
DHA,dha,Rating: Good. Categories: Uncategorized,0.0,0.0,0.0,0.0,0.0,0.0,0.0,,,noxmoon,0,Skincare Ingredient,Cilt Bakım Bileşeni,Cilt bakım bileşeni,neutral,,,neutral,,,neutral,,,neutral,,,neutral,,,neutral,,,neutral,,
DMAE,dmae,Rating: Average. Categories: Skin-Restoring,2.0,0.0,0.0,0.0,1.0,0.0,0.0,,,noxmoon,2,Emollient,Yumuşatıcı (Emoliyan),Cildi yumuşatan ve pürüzsüzleştiren bileşen,beneficial,Kuru cilt için faydalı bileşen,Beneficial for dry skin,neutral,,,neutral,,,neutral,,,neutral,,,neutral,,,neutral,,
DMDM hydantoin,dmdmhydantoin,Rating: Average. Categories: Preservatives,0.0,0.0,0.0,0.0,0.0,0.0,0.0,,,noxmoon,141,Preservative,Koruyucu,Ürünün raf ömrünü uzatan koruyucu madde,neutral,,,neutral,,,neutral,,,neutral,,,neutral,,,neutral,,,neutral,,
Daucus carota,daucuscarota,"Rating: Poor. Categories: Antioxidants, Plant Extracts",0.0,0.0,0.0,1.0,-1.0,0.0,0.0,,,noxmoon,0,Antioxidant,Antioksidan,Serbest radikallere karşı koruyucu antioksidan,neutral,,,neutral,,,neutral,,,neutral,,,caution,"Hassas ciltte tahriş riski taşır, dikkatli kullanılmalı","Risk of irritation, use with caution",neutral,,,neutral,,
Dioic Acid,dioicacid,"Dioic acid is a naturally-occurring acid found in plant and animal fats/oils. It is used in skincare for its ability to regulate sebum production in the skin, as well as its antibacterial action against acne-causing C. Acnes bacteria. It has also been shown to visibly reduce hyperpigmentation, with results being comparable to that of hydroquinone (the gold standard prescription for treating hyperpigmentation).",0.0,2.0,1.0,1.0,0.0,3.0,1.0,Acne|Pigmentation|Pregnancy|Wrinkles,,original,0,Botanical Extract,Bitkisel Ekstrakt,Bitkisel kaynaklı aktif ekstrakt,neutral,,,beneficial,Yağlı cilt için faydalı bileşen,Beneficial for oily skin,neutral,,,neutral,,,neutral,,,beneficial,Yaşlanma karşıtı faydalı bileşen,Beneficial anti-aging ingredient,neutral,,
Dioscorea villosa extract,dioscoreavillosaextract,Rating: Average. Categories: Plant Extracts,0.0,0.0,0.0,0.0,0.0,0.0,0.0,,,noxmoon,0,Botanical Extract,Bitkisel Ekstrakt,Bitkisel kaynaklı aktif ekstrakt,neutral,,,neutral,,,neutral,,,neutral,,,neutral,,,neutral,,,neutral,,
Dipeptide,dipeptide,"Dipeptide is an anti-ageing peptide, which facilitates the skin’s healing process and makes the skin firmer.

It is in a class of ingredients also found on ingredients lists as acetyl hexapeptide, acetyl tetrapeptide, acetylarginyltryptophyl diphenylglycine, arginine/lysine polypeptide, azelaoyl bis-dipeptide, copper heptapeptide-14 pantothenate, dipeptide diaminobutyroyl benzylamide diacetate, ferric hexapeptide, heptapeptide-15, palmitate, myristol hexapeptide, myristol pentapeptide, myristoyl nonapeptide, myristoyl pentapeptide, oligopeptide, palmitoyl  tripeptide, palmitoyl decapeptide, palmitoyl heptapeptide, palmitoyl hexapeptide, palmitoyl nonapeptide, palmitoyl oligopeptide, palmitoyl pentapeptide, palmitoyl tetrapeptide, palmitoyl tripeptide, palmitoyl tetrapeptide, pentapeptide, sh-oligopeptide, tetrapeptide and copper palmitoyl heptapeptide.  ",0.0,0.0,0.0,0.0,0.0,5.0,1.0,Elasticity|Fine Lines|Pregnancy|Wrinkles,,original,0,Skincare Ingredient,Cilt Bakım Bileşeni,Cilt bakım bileşeni,neutral,,,neutral,,,neutral,,,neutral,,,neutral,,,beneficial,Yaşlanma karşıtı faydalı bileşen,Beneficial anti-aging ingredient,neutral,,
Dipeptide Diaminobutyroyl Benzylamide Diacetate,dipeptidediaminobutyroylbenzylamidediacetate,"Dipeptide diaminobutyroyl benzylamide diacetate is an anti-ageing peptide, seen as an ingredient that makes skincare 'botox in a bottle'.

It is in a class of ingredients also found on ingredients lists as acetyl hexapeptide, acetyl tetrapeptide, acetylarginyltryptophyl diphenylglycine, arginine/lysine polypeptide, azelaoyl bis-dipeptide, copper heptapeptide-14 pantothenate, dipeptide diaminobutyroyl benzylamide diacetate, ferric hexapeptide, heptapeptide-15, palmitate, myristol hexapeptide, myristol pentapeptide, myristoyl nonapeptide, myristoyl pentapeptide, oligopeptide, palmitoyl  tripeptide, palmitoyl decapeptide, palmitoyl heptapeptide, palmitoyl hexapeptide, palmitoyl nonapeptide, palmitoyl oligopeptide, palmitoyl pentapeptide, palmitoyl tetrapeptide, palmitoyl tripeptide, palmitoyl tetrapeptide, pentapeptide, sh-oligopeptide, tetrapeptide and copper palmitoyl heptapeptide.",0.0,0.0,0.0,0.0,0.0,5.0,1.0,Elasticity|Fine Lines|Pregnancy|Wrinkles,,original,15,Skincare Ingredient,Cilt Bakım Bileşeni,Cilt bakım bileşeni,neutral,,,neutral,,,neutral,,,neutral,,,neutral,,,beneficial,Yaşlanma karşıtı faydalı bileşen,Beneficial anti-aging ingredient,neutral,,
Dromiceius oil,dromiceiusoil,Rating: Good. Categories: Emollients,1.0,0.0,0.0,0.0,0.0,0.0,0.0,,,noxmoon,2,Emollient,Yumuşatıcı (Emoliyan),Cildi yumuşatan ve pürüzsüzleştiren bileşen,neutral,,,neutral,,,neutral,,,neutral,,,neutral,,,neutral,,,neutral,,
Dunaliella Salina (Green Algae) Extract,dunaliellasalinagreenalgaeextract,"A natural source of Vitamin B12,  it’s also a rich source of beta-carotene, and conveys potent antioxidant benefits that can benefit skin.

It is in the class of Algae Extract which also include ahnfeltia concinna extract, alaria esculenta extract, algae exopolysaccharides, algin, alteromonas ferment extract, alteromonas ferment extract, ascophyllum nodosum extract, asparagopsis armata extract, chlorella protothecoides, chlorella vulgaris extract, hydrolyzed f-fucoidan, laminaria ochroleuca (kelp) extract, macrocystis pyrifera (kelp) extract, and marine extract.",2.0,0.0,0.0,0.0,1.0,4.0,1.0,Dry and dehydrated skin|Fine Lines|Pregnancy|Wrinkles,,original,0,Skincare Ingredient,Cilt Bakım Bileşeni,Cilt bakım bileşeni,beneficial,Kuru cilt için faydalı bileşen,Beneficial for dry skin,neutral,,,neutral,,,neutral,,,neutral,,,beneficial,Yaşlanma karşıtı faydalı bileşen,Beneficial anti-aging ingredient,neutral,,
Dunaliella salina extract,dunaliellasalinaextract,"Rating: Best. Categories: Plant Extracts, Antioxidants",0.0,0.0,0.0,1.0,0.0,0.0,0.0,,,noxmoon,24,Botanical Extract,Bitkisel Ekstrakt,Bitkisel kaynaklı aktif ekstrakt,neutral,,,neutral,,,neutral,,,neutral,,,neutral,,,neutral,,,neutral,,
Durvillaea antarctica extract,durvillaeaantarcticaextract,"Rating: Good. Categories: Antioxidants, Plant Extracts, Emollients",1.0,0.0,0.0,1.0,0.0,0.0,0.0,,,noxmoon,0,Antioxidant,Antioksidan,Serbest radikallere karşı koruyucu antioksidan,neutral,,,neutral,,,neutral,,,neutral,,,neutral,,,neutral,,,neutral,,
EDTA,edta,Rating: Good. Categories: Miscellaneous,0.0,0.0,0.0,0.0,0.0,0.0,0.0,,,noxmoon,47,Skincare Ingredient,Cilt Bakım Bileşeni,Cilt bakım bileşeni,neutral,,,neutral,,,neutral,,,neutral,,,neutral,,,neutral,,,neutral,,
EGCG,egcg,"EGCG is an active polyphenol, present in green tea, this compound provides powerful antioxidant protection to the skin, as well as some studies showing an ability to visibly reduce dark circles.",0.0,0.0,0.0,0.0,0.0,1.0,1.0,Dark Circles|Pregnancy,,original,0,Skincare Ingredient,Cilt Bakım Bileşeni,Cilt bakım bileşeni,neutral,,,neutral,,,neutral,,,neutral,,,neutral,,,neutral,,,neutral,,
Echium plantagineum seed oil,echiumplantagineumseedoil,Rating: Best. Categories: Emollients,1.0,0.0,0.0,0.0,0.0,0.0,0.0,,,noxmoon,13,Emollient,Yumuşatıcı (Emoliyan),Cildi yumuşatan ve pürüzsüzleştiren bileşen,neutral,,,neutral,,,neutral,,,neutral,,,neutral,,,neutral,,,neutral,,
Eclipta prostrata extract,ecliptaprostrataextract,"Rating: Best. Categories: Antioxidants, Plant Extracts",0.0,0.0,0.0,1.0,0.0,0.0,0.0,,,noxmoon,11,Antioxidant,Antioksidan,Serbest radikallere karşı koruyucu antioksidan,neutral,,,neutral,,,neutral,,,neutral,,,neutral,,,neutral,,,neutral,,
Ectoin,ectoin,"Ectoin is an emollient used in skincare to help maintain moisture balance in the skin. New research shows it may also be able to protect against certain environmental aggressors, such as pollutants and UV. This is believed to be down to its antioxidant properties, as well as the ability to protect skin from dehydration from the surrounding environment.",3.0,0.0,0.0,0.0,3.0,0.0,1.0,Dry and dehydrated skin|Impaired skin barrier|Pregnancy,,original,62,Skincare Ingredient,Cilt Bakım Bileşeni,Cilt bakım bileşeni,beneficial,Kuru cilt için faydalı bileşen,Beneficial for dry skin,neutral,,,neutral,,,neutral,,,beneficial,Hassas cilt için faydalı bileşen,Beneficial for sensitive skin,neutral,,,neutral,,
Elaeis guineensis,elaeisguineensis,"Rating: Best. Categories: Antioxidants, Emollients, Plant Extracts",1.0,0.0,0.0,1.0,0.0,0.0,0.0,,,noxmoon,0,Antioxidant,Antioksidan,Serbest radikallere karşı koruyucu antioksidan,neutral,,,neutral,,,neutral,,,neutral,,,neutral,,,neutral,,,neutral,,
Endothelyol,endothelyol,"Endothelyol is used in skincare to target redness and rosacea. It provides a soothing effect by regulating inflammatory processes in the skin, as well as reducing visible redness via encouraging microcirculation (blood flow in the capillaries). It has been proven to reduce rosacea symptoms after 28 days daily use.",0.0,0.0,0.0,0.0,2.0,0.0,1.0,Redness|Pregnancy,,original,0,Skincare Ingredient,Cilt Bakım Bileşeni,Cilt bakım bileşeni,neutral,,,neutral,,,neutral,,,neutral,,,beneficial,Hassas cilt için faydalı bileşen,Beneficial for sensitive skin,neutral,,,neutral,,
English ivy extract,englishivyextract,"Rating: Poor. Categories: Plant Extracts, Sensitizing",-1.0,0.0,0.0,0.0,-2.0,0.0,0.0,,Sensitizing,noxmoon,0,Botanical Extract,Bitkisel Ekstrakt,Bitkisel kaynaklı aktif ekstrakt,caution,"Kurutucu etki yapabilir, nemlendiriciyle kullanılmalı",May have drying effects,neutral,,,neutral,,,neutral,,,caution,"Hassas ciltte tahriş riski taşır, dikkatli kullanılmalı","Risk of irritation, use with caution",neutral,,,neutral,,
Enteromorpha compressa extract,enteromorphacompressaextract,"Rating: Good. Categories: Antioxidants, Thickeners/Emulsifiers, Plant Extracts",0.0,0.0,0.0,1.0,0.0,0.0,0.0,,,noxmoon,15,Antioxidant,Antioksidan,Serbest radikallere karşı koruyucu antioksidan,neutral,,,neutral,,,neutral,,,neutral,,,neutral,,,neutral,,,neutral,,
Epilobium angustifolium extract,epilobiumangustifoliumextract,Rating: Best. Categories: Skin-Soothing,1.0,0.0,0.0,0.0,2.0,0.0,0.0,,,noxmoon,9,Emollient,Yumuşatıcı (Emoliyan),Cildi yumuşatan ve pürüzsüzleştiren bileşen,neutral,,,neutral,,,neutral,,,neutral,,,beneficial,Hassas cilt için faydalı bileşen,Beneficial for sensitive skin,neutral,,,neutral,,
Equisetum arvense,equisetumarvense,"Rating: Poor. Categories: Antioxidants, Plant Extracts, Sensitizing",-1.0,0.0,0.0,1.0,-2.0,0.0,0.0,,Sensitizing,noxmoon,1,Antioxidant,Antioksidan,Serbest radikallere karşı koruyucu antioksidan,caution,"Kurutucu etki yapabilir, nemlendiriciyle kullanılmalı",May have drying effects,neutral,,,neutral,,,neutral,,,caution,"Hassas ciltte tahriş riski taşır, dikkatli kullanılmalı","Risk of irritation, use with caution",neutral,,,neutral,,
Eriobotrya japonica,eriobotryajaponica,"Rating: Best. Categories: Antioxidants, Plant Extracts",0.0,0.0,0.0,1.0,0.0,0.0,0.0,,,noxmoon,0,Antioxidant,Antioksidan,Serbest radikallere karşı koruyucu antioksidan,neutral,,,neutral,,,neutral,,,neutral,,,neutral,,,neutral,,,neutral,,
Essential Lipids,essentiallipids,"The outer layer of the skin, the stratum corneum, has a multilamellar structure (essentially a fine membrane), made up of lipids (fats), to form a non-permeable barrier. This keeps water inside the skin, and acts as the first defense against external aggressors. Using lipids in skincare helps to support the natural skin barrier, preventing water-loss to keep skin hydrated and balanced.

Essential lipids are a class of ingredients also known as caprooyl phytosphingosine, caprooyl sphingosine, cholesterol, glycolipids, glycoproteins, glycosphingolipids, lecithin, linoleic acid, linolenic acid, phospholipids and phytosphingosine.",5.0,0.0,1.0,2.0,5.0,1.0,0.0,Dry and dehydrated skin|Impaired skin barrier|Redness|Radiance|Texture,,original,0,Skincare Ingredient,Cilt Bakım Bileşeni,Cilt bakım bileşeni,beneficial,Kuru cilt için faydalı bileşen,Beneficial for dry skin,neutral,,,neutral,,,beneficial,Genel cilt sağlığını destekler,Supports overall skin health,beneficial,Hassas cilt için faydalı bileşen,Beneficial for sensitive skin,neutral,,,neutral,,
Ester-C,esterc,Rating: Best. Categories: Vitamins,0.0,0.0,0.0,0.0,0.0,0.0,0.0,,,noxmoon,0,Antioxidant,Antioksidan,Serbest radikallere karşı koruyucu antioksidan,neutral,,,neutral,,,neutral,,,neutral,,,neutral,,,neutral,,,neutral,,
Ethyl Ascorbic Acid,ethylascorbicacid,"Part of the Vitamin C family of ingredients, L-ascorbic acid is designed to improve its stability and skin penetration abilities, to achieve optimum skin benefits. Once absorbed into the skin, the ethyl group is removed, and l-ascorbic acid is returned to its active form, where it can best support the skin to achieve visible brightening & anti-ageing results.

Vitamin C can also be found on ingredients lists as ascorbic acid, ascorbyl glucoside, ascorbyl palmitate, l-ascorbic acid, magnesium ascorbyl phosphate, sodium ascorbyl phosphate and tetrahexyldecyl ascorbate.",0.0,0.0,0.0,1.0,-2.0,6.0,0.0,Elasticity|Fine Lines|Radiance|Wrinkles,Impaired skin barrier,original,0,Vitamin C,C Vitamini,Aydınlatıcı ve antioksidan C vitamini türevi,neutral,,,neutral,,,neutral,,,neutral,,,caution,"Hassas ciltte tahriş riski taşır, dikkatli kullanılmalı","Risk of irritation, use with caution",beneficial,Yaşlanma karşıtı faydalı bileşen,Beneficial anti-aging ingredient,neutral,,
Ethylhexyl Salicylate,ethylhexylsalicylate,"Ethylhexyl Salicylate is a synthetic UV filter used in sun care products to protect against UVB radiation to offer SPF protection to the skin. 

Other ingredients in the class of synthetic UV filters include bis-ethylhexyloxyphenol methoxyphenyl triazine, butyl methoxydibenzoylmethane, ethylhexyl triazone, homosalate, octinoxate, octisalate, octocrylene and triazine diethyl butamidotriazone.",1.0,1.0,1.0,1.0,-1.0,0.0,-2.0,UV Protection,Pregnancy|Sensitive,original,25,Skincare Ingredient,Cilt Bakım Bileşeni,Cilt bakım bileşeni,neutral,,,neutral,,,neutral,,,neutral,,,caution,"Hassas ciltte tahriş riski taşır, dikkatli kullanılmalı","Risk of irritation, use with caution",neutral,,,caution,"Hamilelikte kullanımı önerilmez, doktorunuza danışın","Not recommended during pregnancy, consult your doctor"
Ethylhexyl Triazone,ethylhexyltriazone,"Ethylhexyl Triazone is a synthetic UV filter offering protection against the full UVB wavelength spectrum 280-320 nm. 

Other ingredients in the class of synthetic UV filters include bis-ethylhexyloxyphenol methoxyphenyl triazine, butyl methoxydibenzoylmethane, ethylhexyl salicylate,, homosalate, octinoxate, octisalate, octocrylene and triazine diethyl butamidotriazone.",1.0,1.0,1.0,1.0,-1.0,0.0,-2.0,UV Protection,Pregnancy|Sensitive,original,0,Skincare Ingredient,Cilt Bakım Bileşeni,Cilt bakım bileşeni,neutral,,,neutral,,,neutral,,,neutral,,,caution,"Hassas ciltte tahriş riski taşır, dikkatli kullanılmalı","Risk of irritation, use with caution",neutral,,,caution,"Hamilelikte kullanımı önerilmez, doktorunuza danışın","Not recommended during pregnancy, consult your doctor"
Eugenia aromatica,eugeniaaromatica,"Rating: Poor. Categories: Plant Extracts, Sensitizing",-1.0,0.0,0.0,0.0,-2.0,0.0,0.0,,Sensitizing,noxmoon,0,Botanical Extract,Bitkisel Ekstrakt,Bitkisel kaynaklı aktif ekstrakt,caution,"Kurutucu etki yapabilir, nemlendiriciyle kullanılmalı",May have drying effects,neutral,,,neutral,,,neutral,,,caution,"Hassas ciltte tahriş riski taşır, dikkatli kullanılmalı","Risk of irritation, use with caution",neutral,,,neutral,,
Eugenia caryophyllus,eugeniacaryophyllus,"Rating: Poor. Categories: Plant Extracts, Sensitizing",-1.0,0.0,0.0,0.0,-2.0,0.0,0.0,,Sensitizing,noxmoon,0,Botanical Extract,Bitkisel Ekstrakt,Bitkisel kaynaklı aktif ekstrakt,caution,"Kurutucu etki yapabilir, nemlendiriciyle kullanılmalı",May have drying effects,neutral,,,neutral,,,neutral,,,caution,"Hassas ciltte tahriş riski taşır, dikkatli kullanılmalı","Risk of irritation, use with caution",neutral,,,neutral,,
Euphorbia cerifera wax,euphorbiaceriferawax,"Rating: Good. Categories: Plant Extracts, Emollients, Texture Enhancer, Thickeners/Emulsifiers",1.0,0.0,0.0,0.0,0.0,0.0,0.0,,,noxmoon,0,Botanical Extract,Bitkisel Ekstrakt,Bitkisel kaynaklı aktif ekstrakt,neutral,,,neutral,,,neutral,,,neutral,,,neutral,,,neutral,,,neutral,,
Euphrasia officinalis,euphrasiaofficinalis,"Rating: Average. Categories: Plant Extracts, Sensitizing",-1.0,0.0,0.0,0.0,-2.0,0.0,0.0,,Sensitizing,noxmoon,0,Botanical Extract,Bitkisel Ekstrakt,Bitkisel kaynaklı aktif ekstrakt,caution,"Kurutucu etki yapabilir, nemlendiriciyle kullanılmalı",May have drying effects,neutral,,,neutral,,,neutral,,,caution,"Hassas ciltte tahriş riski taşır, dikkatli kullanılmalı","Risk of irritation, use with caution",neutral,,,neutral,,
Euterpe oleracea fruit extract,euterpeoleraceafruitextract,"Rating: Best. Categories: Antioxidants, Plant Extracts",0.0,0.0,0.0,1.0,0.0,0.0,0.0,,,noxmoon,16,Antioxidant,Antioksidan,Serbest radikallere karşı koruyucu antioksidan,neutral,,,neutral,,,neutral,,,neutral,,,neutral,,,neutral,,,neutral,,
Evening Primrose Oil,eveningprimroseoil,"Evening primrose oil is derived from the seeds of the Oenothera biennis plant. It is naturally rich in omega-6, which provides anti-inflammatory benefits, as well as supports the skin's natural lipid barrier. Evening primrose oil also acts as an antioxidant to offer protection against free radical damage.",3.0,0.0,0.0,0.0,3.0,0.0,1.0,Dry and dehydrated skin|Impaired skin barrier|Pregnancy,,original,27,Botanical Extract,Bitkisel Ekstrakt,Bitkisel kaynaklı aktif ekstrakt,beneficial,Kuru cilt için faydalı bileşen,Beneficial for dry skin,neutral,,,neutral,,,neutral,,,beneficial,Hassas cilt için faydalı bileşen,Beneficial for sensitive skin,neutral,,,neutral,,
Evodia rutaecarpa extract,evodiarutaecarpaextract,"Rating: Good. Categories: Skin-Soothing, Plant Extracts",1.0,0.0,0.0,0.0,2.0,0.0,0.0,,,noxmoon,0,Emollient,Yumuşatıcı (Emoliyan),Cildi yumuşatan ve pürüzsüzleştiren bileşen,neutral,,,neutral,,,neutral,,,neutral,,,beneficial,Hassas cilt için faydalı bileşen,Beneficial for sensitive skin,neutral,,,neutral,,
Ext. D&C,extdc,Rating: Good. Categories: Coloring Agents/Pigments,0.0,0.0,0.0,0.0,0.0,0.0,0.0,,,noxmoon,0,Skincare Ingredient,Cilt Bakım Bileşeni,Cilt bakım bileşeni,neutral,,,neutral,,,neutral,,,neutral,,,neutral,,,neutral,,,neutral,,
FD&C,fdc,Rating: Good. Categories: Coloring Agents/Pigments,0.0,0.0,0.0,0.0,0.0,0.0,0.0,,,noxmoon,1,Skincare Ingredient,Cilt Bakım Bileşeni,Cilt bakım bileşeni,neutral,,,neutral,,,neutral,,,neutral,,,neutral,,,neutral,,,neutral,,
FD&C colors,fdccolors,Rating: Good. Categories: Coloring Agents/Pigments,0.0,0.0,0.0,0.0,0.0,0.0,0.0,,,noxmoon,0,Skincare Ingredient,Cilt Bakım Bileşeni,Cilt bakım bileşeni,neutral,,,neutral,,,neutral,,,neutral,,,neutral,,,neutral,,,neutral,,
Fernblock,fernblock,"Known as FernBlock, this is a patented active from Heliocare, developed alongside Harvard medical school. It is derived from a tropical fern native to South America, and works by protecting against UVB-induced sunburn, as well as protecting against UVA and Infrared wavelengths. The active is also able to support cell renewal and protect from cumulative damage caused by sun exposure (such as ageing and DNA damage). It is an antioxidant, protecting against free radicals, and has been shown to boost production of collagen, elastin and hyaluronic acid in the skin.",0.0,0.0,0.0,0.0,0.0,0.0,1.0,Pregnancy,,original,0,Skincare Ingredient,Cilt Bakım Bileşeni,Cilt bakım bileşeni,neutral,,,neutral,,,neutral,,,neutral,,,neutral,,,neutral,,,neutral,,
Ferric Hexapeptide,ferrichexapeptide,"Ferric hexapeptide is an anti-ageing peptide and is used in skincare to treat fine lines and wrinkles. 

It is in a class of ingredients also found on ingredients lists as acetylarginyltryptophyl diphenylglycine, acetyl tetrapeptide, arginine/lysine polypeptide, azelaoyl bis-dipeptide, copper heptapeptide-14 pantothenate, dipeptide, dipeptide diaminobutyroyl benzylamide diacetate, heptapeptide-15, palmitate, myristol hexapeptide, myristol pentapeptide, myristoyl nonapeptide, myristoyl pentapeptide, oligopeptide, palmitoyl  tripeptide, palmitoyl decapeptide, palmitoyl heptapeptide, palmitoyl hexapeptide, palmitoyl nonapeptide, palmitoyl oligopeptide, palmitoyl pentapeptide, palmitoyl tetrapeptide, palmitoyl tripeptide, palmitoyl tetrapeptide, pentapeptide, sh-oligopeptide, tetrapeptide and copper palmitoyl heptapeptide. ",0.0,0.0,0.0,0.0,0.0,5.0,1.0,Elasticity|Fine Lines|Pregnancy|Wrinkles,,original,0,Skincare Ingredient,Cilt Bakım Bileşeni,Cilt bakım bileşeni,neutral,,,neutral,,,neutral,,,neutral,,,neutral,,,beneficial,Yaşlanma karşıtı faydalı bileşen,Beneficial anti-aging ingredient,neutral,,
Ferula galbaniflua,ferulagalbaniflua,"Rating: Poor. Categories: Plant Extracts, Sensitizing, Fragrance: Synthetic and Fragrant Plant Extracts",-1.0,0.0,0.0,0.0,-4.0,0.0,0.0,,Sensitizing,noxmoon,0,Botanical Extract,Bitkisel Ekstrakt,Bitkisel kaynaklı aktif ekstrakt,caution,"Kurutucu etki yapabilir, nemlendiriciyle kullanılmalı",May have drying effects,neutral,,,neutral,,,neutral,,,caution,"Hassas ciltte tahriş riski taşır, dikkatli kullanılmalı","Risk of irritation, use with caution",neutral,,,neutral,,
Ferulic Acid,ferulicacid,"Ferulic acid is a naturally occurring acid found in plants, such as bran. It is used in skincare for its antioxidant properties, meaning it can neutralise free radicals before they can cause any cellular damage. It has also been shown to stabilise Vitamins C and E when used in combination, resulting in a boost in their efficacy vs being used without the addition of Ferulic acid.",0.0,0.0,0.0,0.0,0.0,0.0,1.0,Pregnancy,,original,29,Botanical Extract,Bitkisel Ekstrakt,Bitkisel kaynaklı aktif ekstrakt,neutral,,,neutral,,,neutral,,,neutral,,,neutral,,,neutral,,,neutral,,
Feverfew Extract,feverfewextract,"Feverfew has been used in ancient medicine for centuries to treat everything from headaches, constipation, vertigo, worms, spasms & arthritis. One of the oil-soluble flavonoids, Tanetin, has been shown to modulate inflammatory responses in the body, whilst other flavonoids provide antioxidant protection.",0.0,0.0,0.0,0.0,2.0,0.0,1.0,Redness|Pregnancy,,original,0,Skincare Ingredient,Cilt Bakım Bileşeni,Cilt bakım bileşeni,neutral,,,neutral,,,neutral,,,neutral,,,beneficial,Hassas cilt için faydalı bileşen,Beneficial for sensitive skin,neutral,,,neutral,,
Ficus carica fruit extract,ficuscaricafruitextract,"Rating: Poor. Categories: Plant Extracts, Sensitizing",-1.0,0.0,0.0,0.0,-2.0,0.0,0.0,,Sensitizing,noxmoon,0,Botanical Extract,Bitkisel Ekstrakt,Bitkisel kaynaklı aktif ekstrakt,caution,"Kurutucu etki yapabilir, nemlendiriciyle kullanılmalı",May have drying effects,neutral,,,neutral,,,neutral,,,caution,"Hassas ciltte tahriş riski taşır, dikkatli kullanılmalı","Risk of irritation, use with caution",neutral,,,neutral,,
Filipendula glaberrima,filipendulaglaberrima,"Rating: Best. Categories: Antioxidants, Plant Extracts",0.0,0.0,0.0,1.0,0.0,0.0,0.0,,,noxmoon,0,Antioxidant,Antioksidan,Serbest radikallere karşı koruyucu antioksidan,neutral,,,neutral,,,neutral,,,neutral,,,neutral,,,neutral,,,neutral,,
Filipendula rubra,filipendularubra,"Rating: Best. Categories: Skin-Soothing, Plant Extracts",1.0,0.0,0.0,0.0,2.0,0.0,0.0,,,noxmoon,0,Emollient,Yumuşatıcı (Emoliyan),Cildi yumuşatan ve pürüzsüzleştiren bileşen,neutral,,,neutral,,,neutral,,,neutral,,,beneficial,Hassas cilt için faydalı bileşen,Beneficial for sensitive skin,neutral,,,neutral,,
Foeniculum vulgare extract,foeniculumvulgareextract,"Rating: Poor. Categories: Antioxidants, Sensitizing, Fragrance: Synthetic and Fragrant Plant Extracts",-1.0,0.0,0.0,1.0,-4.0,0.0,0.0,,Sensitizing,noxmoon,0,Antioxidant,Antioksidan,Serbest radikallere karşı koruyucu antioksidan,caution,"Kurutucu etki yapabilir, nemlendiriciyle kullanılmalı",May have drying effects,neutral,,,neutral,,,neutral,,,caution,"Hassas ciltte tahriş riski taşır, dikkatli kullanılmalı","Risk of irritation, use with caution",neutral,,,neutral,,
Fomes Ofﬁcinalis (Mushroom) Extract,fomesofcinalismushroomextract,Fomes ofﬁcinalis is in a class of ingredients also known as mushroom extract and polyporus umbellatus (mushroom) extract,1.0,3.0,1.0,1.0,0.0,1.0,0.0,Enlarged Pores|Oily|Radiance,,original,0,Skincare Ingredient,Cilt Bakım Bileşeni,Cilt bakım bileşeni,neutral,,,beneficial,Yağlı cilt için faydalı bileşen,Beneficial for oily skin,neutral,,,neutral,,,neutral,,,neutral,,,neutral,,
Fructooligosaccharides,fructooligosaccharides,"Fructooligosaccharides are in a class of prebiotic ingredients also found on ingredients lists as alpha-glucan oligosaccharide, fructooligosaccharides, lactobacillus extract filtrate, rhamnose and saccharomyces cerevisiae (yeast) extract.

Prebiotics are a class of ingredients which can be found on ingredients lists as alpha-glucan oligosaccharide, lactobacillus extract filtrate, rhamnose and saccharomyces cerevisiae (yeast) extract. ",0.0,4.0,2.0,0.0,2.0,0.0,1.0,Acne|Blackheads|Redness|Pregnancy,,original,58,Skincare Ingredient,Cilt Bakım Bileşeni,Cilt bakım bileşeni,neutral,,,beneficial,Yağlı cilt için faydalı bileşen,Beneficial for oily skin,beneficial,Karma cilt için faydalı bileşen,Beneficial for combination skin,neutral,,,beneficial,Hassas cilt için faydalı bileşen,Beneficial for sensitive skin,neutral,,,neutral,,
Fu ling,fuling,"Rating: Best. Categories: Skin-Soothing, Antioxidants, Plant Extracts",1.0,0.0,0.0,1.0,2.0,0.0,0.0,,,noxmoon,0,Emollient,Yumuşatıcı (Emoliyan),Cildi yumuşatan ve pürüzsüzleştiren bileşen,neutral,,,neutral,,,neutral,,,neutral,,,beneficial,Hassas cilt için faydalı bileşen,Beneficial for sensitive skin,neutral,,,neutral,,
Fucus vesiculosus extract,fucusvesiculosusextract,"Rating: Best. Categories: Antioxidants, Plant Extracts",0.0,0.0,0.0,1.0,0.0,0.0,0.0,,,noxmoon,20,Antioxidant,Antioksidan,Serbest radikallere karşı koruyucu antioksidan,neutral,,,neutral,,,neutral,,,neutral,,,neutral,,,neutral,,,neutral,,
GLA,gla,"Rating: Best. Categories: Antioxidants, Emollients, Skin-Restoring",3.0,0.0,0.0,1.0,1.0,0.0,0.0,,,noxmoon,0,Antioxidant,Antioksidan,Serbest radikallere karşı koruyucu antioksidan,beneficial,Kuru cilt için faydalı bileşen,Beneficial for dry skin,neutral,,,neutral,,,neutral,,,neutral,,,neutral,,,neutral,,
Ganoderma lucidum extract,ganodermalucidumextract,"Rating: Average. Categories: Antioxidants, Plant Extracts",0.0,0.0,0.0,1.0,0.0,0.0,0.0,,,noxmoon,0,Antioxidant,Antioksidan,Serbest radikallere karşı koruyucu antioksidan,neutral,,,neutral,,,neutral,,,neutral,,,neutral,,,neutral,,,neutral,,
Gardenia florida extract,gardeniafloridaextract,"Rating: Poor. Categories: Antioxidants, Sensitizing, Plant Extracts, Fragrance: Synthetic and Fragrant Plant Extracts",-1.0,0.0,0.0,1.0,-4.0,0.0,0.0,,Sensitizing,noxmoon,0,Antioxidant,Antioksidan,Serbest radikallere karşı koruyucu antioksidan,caution,"Kurutucu etki yapabilir, nemlendiriciyle kullanılmalı",May have drying effects,neutral,,,neutral,,,neutral,,,caution,"Hassas ciltte tahriş riski taşır, dikkatli kullanılmalı","Risk of irritation, use with caution",neutral,,,neutral,,
Gellidiela acerosa extract,gellidielaacerosaextract,"Rating: Good. Categories: Antioxidants, Emollients, Plant Extracts",1.0,0.0,0.0,1.0,0.0,0.0,0.0,,,noxmoon,6,Antioxidant,Antioksidan,Serbest radikallere karşı koruyucu antioksidan,neutral,,,neutral,,,neutral,,,neutral,,,neutral,,,neutral,,,neutral,,
Gentiana lutea (Gentian) root extract,gentianaluteagentianrootextract,"Rating: Best. Categories: Skin-Soothing, Antioxidants, Plant Extracts",1.0,0.0,0.0,1.0,2.0,0.0,0.0,,,noxmoon,31,Emollient,Yumuşatıcı (Emoliyan),Cildi yumuşatan ve pürüzsüzleştiren bileşen,neutral,,,neutral,,,neutral,,,neutral,,,beneficial,Hassas cilt için faydalı bileşen,Beneficial for sensitive skin,neutral,,,neutral,,
Geranium pretense,geraniumpretense,"Rating: Poor. Categories: Antioxidants, Plant Extracts, Sensitizing",-1.0,0.0,0.0,1.0,-2.0,0.0,0.0,,Sensitizing,noxmoon,0,Antioxidant,Antioksidan,Serbest radikallere karşı koruyucu antioksidan,caution,"Kurutucu etki yapabilir, nemlendiriciyle kullanılmalı",May have drying effects,neutral,,,neutral,,,neutral,,,caution,"Hassas ciltte tahriş riski taşır, dikkatli kullanılmalı","Risk of irritation, use with caution",neutral,,,neutral,,
Germaben II,germabenii,Rating: Good. Categories: Preservatives,0.0,0.0,0.0,0.0,0.0,0.0,0.0,,,noxmoon,0,Preservative,Koruyucu,Ürünün raf ömrünü uzatan koruyucu madde,neutral,,,neutral,,,neutral,,,neutral,,,neutral,,,neutral,,,neutral,,
Ginkgo Biloba,ginkgobiloba,"Ginkgo Biloba is a tree native to Asia, one of the oldest plant species on the planet, and rich in flavonoids and terpenoids. These provide powerful antioxidant protection, reducing potential damage caused by reactive free radicals. Studies have also shown Ginkgo Biloba to provide skin-smoothing and hydrating properties.",0.0,0.0,0.0,0.0,2.0,0.0,1.0,Redness|Pregnancy,,original,1,Botanical Extract,Bitkisel Ekstrakt,Bitkisel kaynaklı aktif ekstrakt,neutral,,,neutral,,,neutral,,,neutral,,,beneficial,Hassas cilt için faydalı bileşen,Beneficial for sensitive skin,neutral,,,neutral,,
Ginkgo biloba leaf extract,ginkgobilobaleafextract,"Rating: Best. Categories: Skin-Soothing, Antioxidants, Plant Extracts",1.0,0.0,0.0,1.0,2.0,0.0,0.0,,,noxmoon,86,Emollient,Yumuşatıcı (Emoliyan),Cildi yumuşatan ve pürüzsüzleştiren bileşen,neutral,,,neutral,,,neutral,,,neutral,,,beneficial,Hassas cilt için faydalı bileşen,Beneficial for sensitive skin,neutral,,,neutral,,
Gluconolactone,gluconolactone,"Gluconolactone is a poly hydroxy acid (PHA). PHAs work by gently dissolving the keratin that binds our outermost layer of skin cells, encouraging the natural exfoliation process of the skin, leading to smoother, clearer skin. This process also encourages new skin cell generation in the basal layer of the epidermis, a process which naturally slows with age, so with repeated use this can have an overall anti-ageing effect on the skin. Gluconolactone has also been shown to inhibit the enzyme elastase, which breaks down elastin in the skin (an essential protein produced by the fibroblasts), leading to sagging of the skin.

PHAs are much larger in molecular weight vs AHAs so they cannot penetrate the skin as fast or as far, which therefore makes more gentle & suitable for more sensitive skin types, including those with rosacea-prone skin. Gluconolactone is also especially good for drier skin types as it also has natural humectant qualities, meaning it draws water towards it, hydrating the skin from within. 

Gluconolactone is in a class of polyhydroxy acid ingredients also known by lactobionic acid, and maltobionic acid.",4.0,6.0,5.0,3.0,1.0,4.0,1.0,Acne|Blackheads|Dry and dehydrated skin|Enlarged Pores|Fine Lines|Pigmentation|Post Blemish Marks|Radiance|Pregnancy|Texture,,original,129,Skincare Ingredient,Cilt Bakım Bileşeni,Cilt bakım bileşeni,beneficial,Kuru cilt için faydalı bileşen,Beneficial for dry skin,beneficial,Yağlı cilt için faydalı bileşen,Beneficial for oily skin,beneficial,Karma cilt için faydalı bileşen,Beneficial for combination skin,beneficial,Genel cilt sağlığını destekler,Supports overall skin health,neutral,,,beneficial,Yaşlanma karşıtı faydalı bileşen,Beneficial anti-aging ingredient,neutral,,
Glyceryl Glucoside,glycerylglucoside,"Glyceryl Glucoside is used in skincare for its hydrating abilities. It works by stimulating the production of Aquaporin 3, a natural substance found in the epidermis to regulate the movement of water between cells. An increased level of Aquaporin 3 in the skin results in improved hydration throughout the surface, and deeper layers, of the skin.",5.0,0.0,1.0,2.0,3.0,1.0,1.0,Dry and dehydrated skin|Impaired skin barrier|Radiance|Pregnancy|Texture,,original,5,Skincare Ingredient,Cilt Bakım Bileşeni,Cilt bakım bileşeni,beneficial,Kuru cilt için faydalı bileşen,Beneficial for dry skin,neutral,,,neutral,,,beneficial,Genel cilt sağlığını destekler,Supports overall skin health,beneficial,Hassas cilt için faydalı bileşen,Beneficial for sensitive skin,neutral,,,neutral,,
Glycine,glycine,"Glycine is an amino acid that is found in glycerine and collagen, which are ingredients in many skincare products.  Glycine can improve the visible signs of aging, moisture retention, collagen production and regeneration.

Amino acids are a class of ingredients. They can also be found on ingredients lists as acetyl glucosamine,acetyl tyrosinamide, alanine, arginine hcl, arginine pca, histidine, isoleucine, lysine, phenylalanine, proline, serine, taurine, threonine and valine and yeast amino acids.",3.0,0.0,1.0,1.0,1.0,5.0,1.0,Dry and dehydrated skin|Elasticity|Fine Lines|Pregnancy|Texture|Wrinkles,,original,137,Skincare Ingredient,Cilt Bakım Bileşeni,Cilt bakım bileşeni,beneficial,Kuru cilt için faydalı bileşen,Beneficial for dry skin,neutral,,,neutral,,,neutral,,,neutral,,,beneficial,Yaşlanma karşıtı faydalı bileşen,Beneficial anti-aging ingredient,neutral,,
Glycine soja oil,glycinesojaoil,"Rating: Best. Categories: Plant Extracts, Emollients, Antioxidants",1.0,0.0,0.0,1.0,0.0,0.0,0.0,,,noxmoon,11,Botanical Extract,Bitkisel Ekstrakt,Bitkisel kaynaklı aktif ekstrakt,neutral,,,neutral,,,neutral,,,neutral,,,neutral,,,neutral,,,neutral,,
Glycine soja seed extract,glycinesojaseedextract,"Rating: Best. Categories: Plant Extracts, Emollients",1.0,0.0,0.0,0.0,0.0,0.0,0.0,,,noxmoon,0,Botanical Extract,Bitkisel Ekstrakt,Bitkisel kaynaklı aktif ekstrakt,neutral,,,neutral,,,neutral,,,neutral,,,neutral,,,neutral,,,neutral,,
Glycine soja sterols,glycinesojasterols,"Rating: Best. Categories: Plant Extracts, Emollients",1.0,0.0,0.0,0.0,0.0,0.0,0.0,,,noxmoon,5,Botanical Extract,Bitkisel Ekstrakt,Bitkisel kaynaklı aktif ekstrakt,neutral,,,neutral,,,neutral,,,neutral,,,neutral,,,neutral,,,neutral,,
Glycolic Acid,glycolicacid,"Glycolic acid is an alpha hydroxy acid (AHA), derived from sugar cane. AHAs work by dissolving the keratin binding the outermost layer of skin cells, speeding up the skin’s natural exfoliation process. This leads to smoother, brighter, clearer skin, whilst reducing skin discolouration & fine lines/wrinkles with continued use.

Glycolic acid has the smallest molecular weight of all the AHAs, meaning it can penetrate the skin quickest, producing the fastest results, but also most likely to cause skin sensitivity, so it is best for those with fairly tolerant skin types.",1.0,6.0,5.0,3.0,-4.0,4.0,1.0,Acne|Blackheads|Enlarged Pores|Fine Lines|Pigmentation|Post Blemish Marks|Radiance|Pregnancy|Texture,Sensitive|Impaired skin barrier,original,444,Exfoliant (AHA),Peeling Asidi (AHA),Ölü deri hücrelerini temizleyen alfa hidroksi asit,neutral,,,beneficial,Yağlı cilt için faydalı bileşen,Beneficial for oily skin,beneficial,Karma cilt için faydalı bileşen,Beneficial for combination skin,beneficial,Genel cilt sağlığını destekler,Supports overall skin health,caution,"Hassas ciltte tahriş riski taşır, dikkatli kullanılmalı","Risk of irritation, use with caution",beneficial,Yaşlanma karşıtı faydalı bileşen,Beneficial anti-aging ingredient,neutral,,
Glycolipids,glycolipids,"Glycolipids are made up of a sugar monomer (monosaccharide) and a lipid. This is the umbrella term encompassing ceramides, sphingoids & sterols.

Glycolipids is in the class of essential lipids, it can be found on ingredient lists as caprooyl phytosphingosine, caprooyl sphingosine, cholesterol, glycoproteins, glycosphingolipids, lecithin, linoleic acid, linolenic acid, phospholipids and phytosphingosine.",3.0,0.0,0.0,0.0,3.0,0.0,0.0,Dry and dehydrated skin|Impaired skin barrier,,original,40,Skincare Ingredient,Cilt Bakım Bileşeni,Cilt bakım bileşeni,beneficial,Kuru cilt için faydalı bileşen,Beneficial for dry skin,neutral,,,neutral,,,neutral,,,beneficial,Hassas cilt için faydalı bileşen,Beneficial for sensitive skin,neutral,,,neutral,,
Glycoproteins,glycoproteins,"Glycoproteins is in the class of essential lipids, they can be found on ingredient lists as caprooyl phytosphingosine, caprooyl sphingosine, cholesterol, glycolipids, glycosphingolipids, lecithin, linoleic acid, linolenic acid, phospholipids and phytosphingosine.",5.0,0.0,1.0,2.0,3.0,1.0,1.0,Dry and dehydrated skin|Impaired skin barrier|Radiance|Pregnancy|Texture,,original,65,Skincare Ingredient,Cilt Bakım Bileşeni,Cilt bakım bileşeni,beneficial,Kuru cilt için faydalı bileşen,Beneficial for dry skin,neutral,,,neutral,,,beneficial,Genel cilt sağlığını destekler,Supports overall skin health,beneficial,Hassas cilt için faydalı bileşen,Beneficial for sensitive skin,neutral,,,neutral,,
Glycosphingolipids,glycosphingolipids,"Glycosphingolipids are naturally occurring in the skin and are involved in the skin’s natural ceramide-production process. 

It in the class of essential lipids, and can be found on ingredient lists as caprooyl phytosphingosine, caprooyl sphingosine, cholesterol, glycolipids, glycoproteins, lecithin, linoleic acid, linolenic acid, phospholipids and phytosphingosine.",5.0,0.0,1.0,2.0,3.0,1.0,1.0,Dry and dehydrated skin|Impaired skin barrier|Radiance|Pregnancy|Texture,,original,34,Skincare Ingredient,Cilt Bakım Bileşeni,Cilt bakım bileşeni,beneficial,Kuru cilt için faydalı bileşen,Beneficial for dry skin,neutral,,,neutral,,,beneficial,Genel cilt sağlığını destekler,Supports overall skin health,beneficial,Hassas cilt için faydalı bileşen,Beneficial for sensitive skin,neutral,,,neutral,,
Glycyrrhiza glabra,glycyrrhizaglabra,"Rating: Best. Categories: Skin-Soothing, Plant Extracts",1.0,0.0,0.0,0.0,2.0,0.0,0.0,,,noxmoon,11,Emollient,Yumuşatıcı (Emoliyan),Cildi yumuşatan ve pürüzsüzleştiren bileşen,neutral,,,neutral,,,neutral,,,neutral,,,beneficial,Hassas cilt için faydalı bileşen,Beneficial for sensitive skin,neutral,,,neutral,,
Glycyrrhiza uralensis root extract,glycyrrhizauralensisrootextract,"Rating: Best. Categories: Skin-Soothing, Plant Extracts",1.0,0.0,0.0,0.0,2.0,0.0,0.0,,,noxmoon,0,Emollient,Yumuşatıcı (Emoliyan),Cildi yumuşatan ve pürüzsüzleştiren bileşen,neutral,,,neutral,,,neutral,,,neutral,,,beneficial,Hassas cilt için faydalı bileşen,Beneficial for sensitive skin,neutral,,,neutral,,
Golden-Eye Grass Complex,goldeneyegrasscomplex,"An antioxidant and anti-inflammatory plant extract which has been shown to balance the pH of the skin, keeping the natural lipid barrier functioning at its best and therefore providing protection against environmental stressors.",0.0,0.0,0.0,0.0,2.0,0.0,1.0,Redness|Pregnancy,,original,0,Botanical Extract,Bitkisel Ekstrakt,Bitkisel kaynaklı aktif ekstrakt,neutral,,,neutral,,,neutral,,,neutral,,,beneficial,Hassas cilt için faydalı bileşen,Beneficial for sensitive skin,neutral,,,neutral,,
Gossypium herbacuem seed oil,gossypiumherbacuemseedoil,Rating: Good. Categories: Plant Extracts,0.0,0.0,0.0,0.0,0.0,0.0,0.0,,,noxmoon,0,Botanical Extract,Bitkisel Ekstrakt,Bitkisel kaynaklı aktif ekstrakt,neutral,,,neutral,,,neutral,,,neutral,,,neutral,,,neutral,,,neutral,,
Green Tea,greentea,"Green Tea is a natural plant extract, rich in polyphenols, also known as catechins. Green Tea is particularly high in the catechin Epigallocatechin-3-gallate (EGCG), which is a powerful antioxidant, meaning it can neutralise free radicals to prevent them causing damage within the skin.",1.0,0.0,0.0,1.0,2.0,1.0,1.0,Redness|Radiance|Pregnancy,,original,2,Botanical Extract,Bitkisel Ekstrakt,Bitkisel kaynaklı aktif ekstrakt,neutral,,,neutral,,,neutral,,,neutral,,,beneficial,Hassas cilt için faydalı bileşen,Beneficial for sensitive skin,neutral,,,neutral,,
Guarana Extract,guaranaextract,"Guarana extract is derived from the seeds of the guarana plant (Paullinia cupana), which is native to the Amazon rainforest. It is used in skincare for its potential energizing, antioxidant, and skin-conditioning properties.",0.0,0.0,0.0,0.0,0.0,0.0,1.0,Pregnancy,,original,0,Botanical Extract,Bitkisel Ekstrakt,Bitkisel kaynaklı aktif ekstrakt,neutral,,,neutral,,,neutral,,,neutral,,,neutral,,,neutral,,,neutral,,
Haematococcus pluvialis extract,haematococcuspluvialisextract,"Rating: Best. Categories: Antioxidants, Plant Extracts",0.0,0.0,0.0,1.0,0.0,0.0,0.0,,,noxmoon,6,Antioxidant,Antioksidan,Serbest radikallere karşı koruyucu antioksidan,neutral,,,neutral,,,neutral,,,neutral,,,neutral,,,neutral,,,neutral,,
Hamamelis virginiana,hamamelisvirginiana,"Rating: Poor. Categories: Antioxidants, Sensitizing, Plant Extracts",-1.0,0.0,0.0,1.0,-2.0,0.0,0.0,,Sensitizing,noxmoon,3,Antioxidant,Antioksidan,Serbest radikallere karşı koruyucu antioksidan,caution,"Kurutucu etki yapabilir, nemlendiriciyle kullanılmalı",May have drying effects,neutral,,,neutral,,,neutral,,,caution,"Hassas ciltte tahriş riski taşır, dikkatli kullanılmalı","Risk of irritation, use with caution",neutral,,,neutral,,
Haslea ostrearia extract,hasleaostreariaextract,"Rating: Good. Categories: Antioxidants, Emollients, Texture Enhancer, Thickeners/Emulsifiers, Plant Extracts",1.0,0.0,0.0,1.0,0.0,0.0,0.0,,,noxmoon,0,Antioxidant,Antioksidan,Serbest radikallere karşı koruyucu antioksidan,neutral,,,neutral,,,neutral,,,neutral,,,neutral,,,neutral,,,neutral,,
Hedera helix,hederahelix,"Rating: Poor. Categories: Plant Extracts, Sensitizing",-1.0,0.0,0.0,0.0,-2.0,0.0,0.0,,Sensitizing,noxmoon,1,Botanical Extract,Bitkisel Ekstrakt,Bitkisel kaynaklı aktif ekstrakt,caution,"Kurutucu etki yapabilir, nemlendiriciyle kullanılmalı",May have drying effects,neutral,,,neutral,,,neutral,,,caution,"Hassas ciltte tahriş riski taşır, dikkatli kullanılmalı","Risk of irritation, use with caution",neutral,,,neutral,,
Helianthus annuus seed oil,helianthusannuusseedoil,"Rating: Best. Categories: Plant Extracts, Emollients",1.0,0.0,0.0,0.0,0.0,0.0,0.0,,,noxmoon,18,Botanical Extract,Bitkisel Ekstrakt,Bitkisel kaynaklı aktif ekstrakt,neutral,,,neutral,,,neutral,,,neutral,,,neutral,,,neutral,,,neutral,,
Helianthus oil,helianthusoil,"Rating: Best. Categories: Plant Extracts, Emollients",1.0,0.0,0.0,0.0,0.0,0.0,0.0,,,noxmoon,0,Botanical Extract,Bitkisel Ekstrakt,Bitkisel kaynaklı aktif ekstrakt,neutral,,,neutral,,,neutral,,,neutral,,,neutral,,,neutral,,,neutral,,
Heptapeptide-15 Palmitate,heptapeptide15palmitate,"Many peptides function as anti-ageing ingredients in skincare, due to their ability to fit specific receptors in the body to trigger anti-ageing responses. This includes mechanisms like collagen production, cell regeneration or even blocking muscle contractions to smooth expression lines. Peptides are made up of amino acids, and are unique in shape, with a huge variety available to target specific responses in the body.

Heptapeptide-15 palmitate is in a class of ingredients also found on ingredients lists as acetyl hexapeptide, acetyl tetrapeptide, acetylarginyltryptophyl diphenylglycine, arginine/lysine polypeptide, azelaoyl bis-dipeptide, copper heptapeptide-14 pantothenate, dipeptide, dipeptide diaminobutyroyl benzylamide diacetate, ferric hexapeptide, heptapeptide-15, palmitate, myristol hexapeptide, myristol pentapeptide, myristoyl nonapeptide, myristoyl pentapeptide, oligopeptide, palmitoyl  tripeptide, palmitoyl decapeptide, palmitoyl heptapeptide, palmitoyl hexapeptide, palmitoyl nonapeptide, palmitoyl oligopeptide, palmitoyl pentapeptide, palmitoyl tetrapeptide, palmitoyl tripeptide, palmitoyl tetrapeptide, pentapeptide, sh-oligopeptide, tetrapeptide and copper palmitoyl heptapeptide. 
 ",0.0,0.0,0.0,0.0,0.0,5.0,1.0,Elasticity|Fine Lines|Pregnancy|Wrinkles,,original,2,Skincare Ingredient,Cilt Bakım Bileşeni,Cilt bakım bileşeni,neutral,,,neutral,,,neutral,,,neutral,,,neutral,,,beneficial,Yaşlanma karşıtı faydalı bileşen,Beneficial anti-aging ingredient,neutral,,
Hibiscus Fruit Extract,hibiscusfruitextract,Hibiscus fruit extract is derived from the flowers of the Hibiscus sabdariffa plant. It is used in skincare for its antioxidant and skin-nourishing properties.,0.0,0.0,0.0,0.0,0.0,0.0,1.0,Pregnancy,,original,0,Botanical Extract,Bitkisel Ekstrakt,Bitkisel kaynaklı aktif ekstrakt,neutral,,,neutral,,,neutral,,,neutral,,,neutral,,,neutral,,,neutral,,
Himanthalia elongate extract,himanthaliaelongateextract,"Rating: Good. Categories: Antioxidants, Plant Extracts, Thickeners/Emulsifiers, Emollients",1.0,0.0,0.0,1.0,0.0,0.0,0.0,,,noxmoon,0,Antioxidant,Antioksidan,Serbest radikallere karşı koruyucu antioksidan,neutral,,,neutral,,,neutral,,,neutral,,,neutral,,,neutral,,,neutral,,
Hippophae rhamnoides,hippophaerhamnoides,"Rating: Good. Categories: Antioxidants, Plant Extracts",0.0,0.0,0.0,1.0,0.0,0.0,0.0,,,noxmoon,1,Antioxidant,Antioksidan,Serbest radikallere karşı koruyucu antioksidan,neutral,,,neutral,,,neutral,,,neutral,,,neutral,,,neutral,,,neutral,,
Histidine,histidine,"Histidine is a semi-essential amino acid which the body does not produce. When synthetically produced is known for being more hydrating to the skin.

Amino acids are a class of ingredients. They can also be found on ingredients lists as acetyl glucosamine,acetyl tyrosinamide, alanine, arginine hcl, arginine pca, histidine, isoleucine, lysine, phenylalanine, proline, serine, taurine, threonine and valine and yeast amino acids.",4.0,0.0,1.0,1.0,5.0,0.0,1.0,Dry and dehydrated skin|Impaired skin barrier|Redness|Pregnancy|Texture,,original,21,Skincare Ingredient,Cilt Bakım Bileşeni,Cilt bakım bileşeni,beneficial,Kuru cilt için faydalı bileşen,Beneficial for dry skin,neutral,,,neutral,,,neutral,,,beneficial,Hassas cilt için faydalı bileşen,Beneficial for sensitive skin,neutral,,,neutral,,
Homosalate,homosalate,"Homosalate is a synthetic UV filter used in sun care products to provide UVB protection against the wavelengths 295-315 nm.

Other ingredients in the class of synthetic UV filters include bis-ethylhexyloxyphenol methoxyphenyl triazine, butyl methoxydibenzoylmethane, ethylhexyl salicylate, ethylhexyl triazone, octinoxate, octisalate, octocrylene and triazine diethyl butamidotriazone.",1.0,1.0,1.0,1.0,-1.0,0.0,-2.0,UV Protection,Pregnancy|Sensitive,original,10,Skincare Ingredient,Cilt Bakım Bileşeni,Cilt bakım bileşeni,neutral,,,neutral,,,neutral,,,neutral,,,caution,"Hassas ciltte tahriş riski taşır, dikkatli kullanılmalı","Risk of irritation, use with caution",neutral,,,caution,"Hamilelikte kullanımı önerilmez, doktorunuza danışın","Not recommended during pregnancy, consult your doctor"
Hordeum vulgare extract,hordeumvulgareextract,"Rating: Average. Categories: Antioxidants, Plant Extracts",0.0,0.0,0.0,1.0,0.0,0.0,0.0,,,noxmoon,13,Antioxidant,Antioksidan,Serbest radikallere karşı koruyucu antioksidan,neutral,,,neutral,,,neutral,,,neutral,,,neutral,,,neutral,,,neutral,,
Horse Chestnut,horsechestnut,"Horse Chestnut has powerful antioxidant properties, is able to soothe irritated skin, and has also been shown in some studies to have benefits in strengthening the blood vessels to reduce visible redness.",0.0,0.0,0.0,0.0,2.0,0.0,1.0,Redness|Pregnancy,,original,0,Skincare Ingredient,Cilt Bakım Bileşeni,Cilt bakım bileşeni,neutral,,,neutral,,,neutral,,,neutral,,,beneficial,Hassas cilt için faydalı bileşen,Beneficial for sensitive skin,neutral,,,neutral,,
Hortonia floribunda leaf extract,hortoniafloribundaleafextract,Rating: Average. Categories: Plant Extracts,0.0,0.0,0.0,0.0,0.0,0.0,0.0,,,noxmoon,0,Botanical Extract,Bitkisel Ekstrakt,Bitkisel kaynaklı aktif ekstrakt,neutral,,,neutral,,,neutral,,,neutral,,,neutral,,,neutral,,,neutral,,
Huang qi,huangqi,"Rating: Good. Categories: Antioxidants, Plant Extracts",0.0,0.0,0.0,1.0,0.0,0.0,0.0,,,noxmoon,0,Antioxidant,Antioksidan,Serbest radikallere karşı koruyucu antioksidan,neutral,,,neutral,,,neutral,,,neutral,,,neutral,,,neutral,,,neutral,,
Humectants,humectants,"Humectants are a hydrophilic (water-loving) family of ingredients. They can also be known as disodium acetyl glucosamine phosphate or saccharide isomerate and are able to attract water towards them via charges between the molecules. They are therefore brilliant hydrators, and are able to plump out fine lines and wrinkles via surface hydration to provide an anti-ageing effect.",5.0,0.0,1.0,2.0,3.0,3.0,1.0,Dry and dehydrated skin|Fine Lines|Impaired skin barrier|Radiance|Pregnancy|Texture,,original,0,Skincare Ingredient,Cilt Bakım Bileşeni,Cilt bakım bileşeni,beneficial,Kuru cilt için faydalı bileşen,Beneficial for dry skin,neutral,,,neutral,,,beneficial,Genel cilt sağlığını destekler,Supports overall skin health,beneficial,Hassas cilt için faydalı bileşen,Beneficial for sensitive skin,beneficial,Yaşlanma karşıtı faydalı bileşen,Beneficial anti-aging ingredient,neutral,,
Humulus lupulus extract,humuluslupulusextract,"Rating: Average. Categories: Plant Extracts, Antioxidants",0.0,0.0,0.0,1.0,0.0,0.0,0.0,,,noxmoon,0,Botanical Extract,Bitkisel Ekstrakt,Bitkisel kaynaklı aktif ekstrakt,neutral,,,neutral,,,neutral,,,neutral,,,neutral,,,neutral,,,neutral,,
Hydnocarpus anthelmintica,hydnocarpusanthelmintica,"Rating: Poor. Categories: Plant Extracts, Sensitizing",-1.0,0.0,0.0,0.0,-2.0,0.0,0.0,,Sensitizing,noxmoon,0,Botanical Extract,Bitkisel Ekstrakt,Bitkisel kaynaklı aktif ekstrakt,caution,"Kurutucu etki yapabilir, nemlendiriciyle kullanılmalı",May have drying effects,neutral,,,neutral,,,neutral,,,caution,"Hassas ciltte tahriş riski taşır, dikkatli kullanılmalı","Risk of irritation, use with caution",neutral,,,neutral,,
Hydrastis canadenis,hydrastiscanadenis,"Rating: Poor. Categories: Plant Extracts, Sensitizing",-1.0,0.0,0.0,0.0,-2.0,0.0,0.0,,Sensitizing,noxmoon,0,Botanical Extract,Bitkisel Ekstrakt,Bitkisel kaynaklı aktif ekstrakt,caution,"Kurutucu etki yapabilir, nemlendiriciyle kullanılmalı",May have drying effects,neutral,,,neutral,,,neutral,,,caution,"Hassas ciltte tahriş riski taşır, dikkatli kullanılmalı","Risk of irritation, use with caution",neutral,,,neutral,,
Hydrolyzed F-Fucoidan,hydrolyzedffucoidan,"Hydrolyzed f-fucoidan is derived from various species of algae and is comprised of sulfated esters of fucose.

It is in the class of Algae Extract which also include ahnfeltia concinna extract, alaria esculenta extract, algae exopolysaccharides, algin, alteromonas ferment extract, alteromonas ferment extract, ascophyllum nodosum extract, asparagopsis armata extract, chlorella protothecoides, chlorella vulgaris extract, dunaliella salina (green algae) extract, laminaria ochroleuca (kelp) extract, macrocystis pyrifera (kelp) extract and marine extract.",2.0,0.0,0.0,0.0,1.0,4.0,1.0,Dry and dehydrated skin|Fine Lines|Pregnancy|Wrinkles,,original,0,Skincare Ingredient,Cilt Bakım Bileşeni,Cilt bakım bileşeni,beneficial,Kuru cilt için faydalı bileşen,Beneficial for dry skin,neutral,,,neutral,,,neutral,,,neutral,,,beneficial,Yaşlanma karşıtı faydalı bileşen,Beneficial anti-aging ingredient,neutral,,
Hydrolyzed Pumpkin Seedcake,hydrolyzedpumpkinseedcake,"Hydrolyzed pumpkin seedcake is a protein derived from pumpkin seeds. It is a very good source of Vitamin E and key fatty acids, which protects the skin from excess water loss, as well as to support healthy skin functioning.",4.0,0.0,1.0,1.0,5.0,3.0,1.0,Dry and dehydrated skin|Elasticity|Fine Lines|Impaired skin barrier|Redness|Pregnancy|Texture,,original,0,Oil / Lipid,Yağ / Lipit,Cildi besleyen yağ/lipit bileşeni,beneficial,Kuru cilt için faydalı bileşen,Beneficial for dry skin,neutral,,,neutral,,,neutral,,,beneficial,Hassas cilt için faydalı bileşen,Beneficial for sensitive skin,beneficial,Yaşlanma karşıtı faydalı bileşen,Beneficial anti-aging ingredient,neutral,,
Hydroxypinacolone Retinoate,hydroxypinacoloneretinoate,"Hydroxypinacolone Retinoate (HPR) is a part of the vitamin A family of ingredients, and is classed as an ester of retinoic acid. This means it is able to bind directly with the retinoic acid receptors in our body, without the need for conversion first (a process all retinol derivatives undergo, which typically reduces their potency). 

Hydroxypinacolone retinoate is part of a family of ingredients also found on ingredients lists as retinol, retinaldehyde, Retinoic acid (aka tretinoin), encapsulated retinaldehyde, retinyl palmitate, retinyl propionate or retinyl retinoate (8x more powerful than retinol).",1.0,5.0,4.0,3.0,-4.0,7.0,-2.0,Acne|Blackheads|Elasticity|Enlarged Pores|Fine Lines|Pigmentation|Radiance|Texture|Wrinkles,Pregnancy|Sensitive|Impaired skin barrier,original,17,Retinoid,Retinoid,Hücre yenilenmesini hızlandıran A vitamini türevi,neutral,,,beneficial,Yağlı cilt için faydalı bileşen,Beneficial for oily skin,beneficial,Karma cilt için faydalı bileşen,Beneficial for combination skin,beneficial,Genel cilt sağlığını destekler,Supports overall skin health,caution,"Hassas ciltte tahriş riski taşır, dikkatli kullanılmalı","Risk of irritation, use with caution",beneficial,Yaşlanma karşıtı faydalı bileşen,Beneficial anti-aging ingredient,caution,"Hamilelikte kullanımı önerilmez, doktorunuza danışın","Not recommended during pregnancy, consult your doctor"
Hypericum extract,hypericumextract,"Rating: Good. Categories: Antioxidants, Sensitizing, Plant Extracts",-1.0,0.0,0.0,1.0,-2.0,0.0,0.0,,Sensitizing,noxmoon,0,Antioxidant,Antioksidan,Serbest radikallere karşı koruyucu antioksidan,caution,"Kurutucu etki yapabilir, nemlendiriciyle kullanılmalı",May have drying effects,neutral,,,neutral,,,neutral,,,caution,"Hassas ciltte tahriş riski taşır, dikkatli kullanılmalı","Risk of irritation, use with caution",neutral,,,neutral,,
Ilex paraguariensis,ilexparaguariensis,"Rating: Best. Categories: Skin-Soothing, Antioxidants",1.0,0.0,0.0,1.0,2.0,0.0,0.0,,,noxmoon,2,Emollient,Yumuşatıcı (Emoliyan),Cildi yumuşatan ve pürüzsüzleştiren bileşen,neutral,,,neutral,,,neutral,,,neutral,,,beneficial,Hassas cilt için faydalı bileşen,Beneficial for sensitive skin,neutral,,,neutral,,
Illicium vernum,illiciumvernum,"Rating: Poor. Categories: Antioxidants, Sensitizing, Fragrance: Synthetic and Fragrant Plant Extracts",-1.0,0.0,0.0,1.0,-4.0,0.0,0.0,,Sensitizing,noxmoon,0,Antioxidant,Antioksidan,Serbest radikallere karşı koruyucu antioksidan,caution,"Kurutucu etki yapabilir, nemlendiriciyle kullanılmalı",May have drying effects,neutral,,,neutral,,,neutral,,,caution,"Hassas ciltte tahriş riski taşır, dikkatli kullanılmalı","Risk of irritation, use with caution",neutral,,,neutral,,
Indian Gooseberry,indiangooseberry,"Indian gooseberry (also known as amla) has one of the highest concentrations of any fruit, of antioxidants such as gallic acid and  quercetin. Studies have also shown this fruit to have great results in reducing signs of sensitivity and redness.",0.0,0.0,0.0,0.0,2.0,0.0,1.0,Redness|Pregnancy,,original,0,Antioxidant,Antioksidan,Serbest radikallere karşı koruyucu antioksidan,neutral,,,neutral,,,neutral,,,neutral,,,beneficial,Hassas cilt için faydalı bileşen,Beneficial for sensitive skin,neutral,,,neutral,,
Inula helenium,inulahelenium,"Rating: Poor. Categories: Plant Extracts, Sensitizing",-1.0,0.0,0.0,0.0,-2.0,0.0,0.0,,Sensitizing,noxmoon,0,Botanical Extract,Bitkisel Ekstrakt,Bitkisel kaynaklı aktif ekstrakt,caution,"Kurutucu etki yapabilir, nemlendiriciyle kullanılmalı",May have drying effects,neutral,,,neutral,,,neutral,,,caution,"Hassas ciltte tahriş riski taşır, dikkatli kullanılmalı","Risk of irritation, use with caution",neutral,,,neutral,,
Iris florentina extract,irisflorentinaextract,"Rating: Poor. Categories: Plant Extracts, Fragrance: Synthetic and Fragrant Plant Extracts, Sensitizing",-1.0,0.0,0.0,0.0,-4.0,0.0,0.0,,Sensitizing,noxmoon,0,Botanical Extract,Bitkisel Ekstrakt,Bitkisel kaynaklı aktif ekstrakt,caution,"Kurutucu etki yapabilir, nemlendiriciyle kullanılmalı",May have drying effects,neutral,,,neutral,,,neutral,,,caution,"Hassas ciltte tahriş riski taşır, dikkatli kullanılmalı","Risk of irritation, use with caution",neutral,,,neutral,,
Irish moss extract,irishmossextract,"Rating: Good. Categories: Antioxidants, Thickeners/Emulsifiers, Plant Extracts, Emollients, Texture Enhancer",1.0,0.0,0.0,1.0,0.0,0.0,0.0,,,noxmoon,0,Antioxidant,Antioksidan,Serbest radikallere karşı koruyucu antioksidan,neutral,,,neutral,,,neutral,,,neutral,,,neutral,,,neutral,,,neutral,,
Isoleucine,isoleucine,"A branch-chained, essential amino acid that can be found in things like almond, cashew or soy protein.  In skincare, it is used in moisturising products and is found to be good for skin barrier defence. 

Amino acids are a class of ingredients. They can also be found on ingredients lists as acetyl glucosamine,acetyl tyrosinamide, alanine, arginine hcl, histidine, arginine pca, leucine, lysine, phenylalanine, proline, serine, taurine, threonine and valine and yeast amino acids.",3.0,0.0,1.0,1.0,1.0,0.0,1.0,Dry and dehydrated skin|Pregnancy|Texture,,original,17,Skincare Ingredient,Cilt Bakım Bileşeni,Cilt bakım bileşeni,beneficial,Kuru cilt için faydalı bileşen,Beneficial for dry skin,neutral,,,neutral,,,neutral,,,neutral,,,neutral,,,neutral,,
Japan wax,japanwax,"Rating: Good. Categories: Thickeners/Emulsifiers, Emollients, Texture Enhancer",1.0,0.0,0.0,0.0,0.0,0.0,0.0,,,noxmoon,0,Skincare Ingredient,Cilt Bakım Bileşeni,Cilt bakım bileşeni,neutral,,,neutral,,,neutral,,,neutral,,,neutral,,,neutral,,,neutral,,
Jasminium grandiflorum,jasminiumgrandiflorum,"Rating: Poor. Categories: Plant Extracts, Sensitizing, Fragrance: Synthetic and Fragrant Plant Extracts",-1.0,0.0,0.0,0.0,-4.0,0.0,0.0,,Sensitizing,noxmoon,0,Botanical Extract,Bitkisel Ekstrakt,Bitkisel kaynaklı aktif ekstrakt,caution,"Kurutucu etki yapabilir, nemlendiriciyle kullanılmalı",May have drying effects,neutral,,,neutral,,,neutral,,,caution,"Hassas ciltte tahriş riski taşır, dikkatli kullanılmalı","Risk of irritation, use with caution",neutral,,,neutral,,
Jeju Green Tea Water,jejugreenteawater,"Jeju green tea water works to hydrate the skin, whilst offering antioxidant protection through the high concentration of polyphenols present in the green tea.",3.0,0.0,1.0,1.0,3.0,0.0,1.0,Dry and dehydrated skin|Redness|Pregnancy|Texture,,original,0,Skincare Ingredient,Cilt Bakım Bileşeni,Cilt bakım bileşeni,beneficial,Kuru cilt için faydalı bileşen,Beneficial for dry skin,neutral,,,neutral,,,neutral,,,beneficial,Hassas cilt için faydalı bileşen,Beneficial for sensitive skin,neutral,,,neutral,,
Jojoba Beads,jojobabeads,"Jojoba beads are spherical exfoliating particles made from jojoba oil, a natural liquid wax obtained from the seeds of the jojoba plant (Simmondsia chinensis). These beads are used in skincare for their gentle exfoliating and skin-smoothing properties.",2.0,0.0,1.0,2.0,0.0,1.0,1.0,Radiance|Pregnancy|Texture,,original,0,Botanical Extract,Bitkisel Ekstrakt,Bitkisel kaynaklı aktif ekstrakt,beneficial,Kuru cilt için faydalı bileşen,Beneficial for dry skin,neutral,,,neutral,,,beneficial,Genel cilt sağlığını destekler,Supports overall skin health,neutral,,,neutral,,,neutral,,
Jojoba Oil,jojobaoil,"Jojoba oil, also known as hydrogenated jojoba oil or simmondsia chinensis (jojoba) seed oil, is a natural oil from the jojoba plant. It is structurally similar to our skin's natural sebum (oil), so absorbs very well into the skin and doesn't clog the pores. It is fantastic for nourishing the skin and is naturally high in fatty acids, antioxidants and vitamins to optimise skin barrier health.",5.0,0.0,1.0,2.0,3.0,1.0,1.0,Dry and dehydrated skin|Impaired skin barrier|Radiance|Pregnancy|Texture,,original,10,Antioxidant,Antioksidan,Serbest radikallere karşı koruyucu antioksidan,beneficial,Kuru cilt için faydalı bileşen,Beneficial for dry skin,neutral,,,neutral,,,beneficial,Genel cilt sağlığını destekler,Supports overall skin health,beneficial,Hassas cilt için faydalı bileşen,Beneficial for sensitive skin,neutral,,,neutral,,
Ju hua,juhua,"Rating: Good. Categories: Skin-Soothing, Plant Extracts",1.0,0.0,0.0,0.0,2.0,0.0,0.0,,,noxmoon,0,Emollient,Yumuşatıcı (Emoliyan),Cildi yumuşatan ve pürüzsüzleştiren bileşen,neutral,,,neutral,,,neutral,,,neutral,,,beneficial,Hassas cilt için faydalı bileşen,Beneficial for sensitive skin,neutral,,,neutral,,
Juniperus communis,juniperuscommunis,"Rating: Poor. Categories: Skin-Soothing, Sensitizing, Plant Extracts",0.0,0.0,0.0,0.0,-1.0,0.0,0.0,,Sensitizing,noxmoon,0,Emollient,Yumuşatıcı (Emoliyan),Cildi yumuşatan ve pürüzsüzleştiren bileşen,neutral,,,neutral,,,neutral,,,neutral,,,caution,"Hassas ciltte tahriş riski taşır, dikkatli kullanılmalı","Risk of irritation, use with caution",neutral,,,neutral,,
Kathon CG,kathoncg,"Rating: Poor. Categories: Preservatives, Sensitizing",-1.0,0.0,0.0,0.0,-2.0,0.0,0.0,,Sensitizing,noxmoon,0,Preservative,Koruyucu,Ürünün raf ömrünü uzatan koruyucu madde,caution,"Kurutucu etki yapabilir, nemlendiriciyle kullanılmalı",May have drying effects,neutral,,,neutral,,,neutral,,,caution,"Hassas ciltte tahriş riski taşır, dikkatli kullanılmalı","Risk of irritation, use with caution",neutral,,,neutral,,
Kigelia africana extract,kigeliaafricanaextract,"Rating: Average. Categories: Skin-Soothing, Antioxidants, Plant Extracts",1.0,0.0,0.0,1.0,2.0,0.0,0.0,,,noxmoon,0,Emollient,Yumuşatıcı (Emoliyan),Cildi yumuşatan ve pürüzsüzleştiren bileşen,neutral,,,neutral,,,neutral,,,neutral,,,beneficial,Hassas cilt için faydalı bileşen,Beneficial for sensitive skin,neutral,,,neutral,,
Kojic Acid,kojicacid,"Kojic acid is produced naturally in a number of plant species, such as mushrooms, and is also a by-product of the fermentation process of soy and rice wine. It is used in cosmetics for its ability to target hyperpigmentation, and works by inhibiting the enzyme tyrosinase, which is involved in producing the pigment in our skin, known as melanin. A reduction in the activity of this enzyme helps to minimise the overproduction of melanin, and help reduce areas of hyperpigmentation.",1.0,1.0,1.0,2.0,0.0,2.0,1.0,Pigmentation|Post Blemish Marks|Radiance|Pregnancy,,original,14,Botanical Extract,Bitkisel Ekstrakt,Bitkisel kaynaklı aktif ekstrakt,neutral,,,neutral,,,neutral,,,beneficial,Genel cilt sağlığını destekler,Supports overall skin health,neutral,,,beneficial,Yaşlanma karşıtı faydalı bileşen,Beneficial anti-aging ingredient,neutral,,
Kola Seed Extract,kolaseedextract,"Kola seed extract is derived from the seeds of the kola nut tree, and is used in skincare for its potential skin-toning, and antioxidant properties.",0.0,0.0,0.0,0.0,0.0,0.0,1.0,Pregnancy,,original,0,Skincare Ingredient,Cilt Bakım Bileşeni,Cilt bakım bileşeni,neutral,,,neutral,,,neutral,,,neutral,,,neutral,,,neutral,,,neutral,,
L-Ascorbic Acid,lascorbicacid,"Part of the Vitamin C family of ingredients, L-ascorbic acid is Vitamin C in its purest form, and the active form required by the body to result in the many skin skin benefits of Vitamin C. The issue with L-ascorbic acid is in the delivery, as it is very unstable in water, and needs a pH 4 or below for it to penetrate the skin. That being said, when it can be stabilised in a formula and is able to penetrate the skin, it provides the highest potency of any form of Vitamin C currently available.

Vitamin C can also be found on ingredients lists as ascorbic acid, ascorbyl glucoside, ascorbyl palmitate, ethyl ascorbic acid, magnesium ascorbyl phosphate, sodium ascorbyl phosphate and tetrahexyldecyl ascorbate.",-2.0,0.0,0.0,2.0,-4.0,7.0,1.0,Elasticity|Fine Lines|Pigmentation|Radiance|Pregnancy|Wrinkles,Sensitive|Dry Dehydrated|Impaired skin barrier,original,11,Vitamin C,C Vitamini,Aydınlatıcı ve antioksidan C vitamini türevi,caution,"Kurutucu etki yapabilir, nemlendiriciyle kullanılmalı",May have drying effects,neutral,,,neutral,,,beneficial,Genel cilt sağlığını destekler,Supports overall skin health,caution,"Hassas ciltte tahriş riski taşır, dikkatli kullanılmalı","Risk of irritation, use with caution",beneficial,Yaşlanma karşıtı faydalı bileşen,Beneficial anti-aging ingredient,neutral,,
L-Carnitine,lcarnitine,"Carnitine is a naturally occurring amino acid derivative found in the body. In skincare, L-Carnitine is used for its potential skin-soothing, antioxidant, and revitalizing properties.",0.0,5.0,3.0,0.0,0.0,0.0,1.0,Acne|Blackheads|Enlarged Pores|Pregnancy,,original,1,Emollient,Yumuşatıcı (Emoliyan),Cildi yumuşatan ve pürüzsüzleştiren bileşen,neutral,,,beneficial,Yağlı cilt için faydalı bileşen,Beneficial for oily skin,beneficial,Karma cilt için faydalı bileşen,Beneficial for combination skin,neutral,,,neutral,,,neutral,,,neutral,,
L-cysteine,lcysteine,Rating: Good. Categories: Antioxidants,0.0,0.0,0.0,1.0,0.0,0.0,0.0,,,noxmoon,0,Antioxidant,Antioksidan,Serbest radikallere karşı koruyucu antioksidan,neutral,,,neutral,,,neutral,,,neutral,,,neutral,,,neutral,,,neutral,,
Lactic Acid,lacticacid,"Lactic acid is an alpha hydroxy acid (AHA), which occurs naturally in the body, as well as being found in dairy products, but is typically derived synthetically for cosmetics today. AHAs work by dissolving the keratin binding the outermost layer of skin cells, speeding up the skin’s natural exfoliation process. This leads to smoother, brighter, clearer skin, whilst reducing skin discolouration & fine lines/wrinkles with continued use. 

it is a family of ingredients also seen on ingredients lists as potassium lactate. ",3.0,5.0,4.0,3.0,-3.0,4.0,1.0,Acne|Blackheads|Dry and dehydrated skin|Enlarged Pores|Fine Lines|Pigmentation|Radiance|Pregnancy|Texture,Sensitive|Impaired skin barrier,original,357,Exfoliant (AHA),Peeling Asidi (AHA),Ölü deri hücrelerini temizleyen alfa hidroksi asit,beneficial,Kuru cilt için faydalı bileşen,Beneficial for dry skin,beneficial,Yağlı cilt için faydalı bileşen,Beneficial for oily skin,beneficial,Karma cilt için faydalı bileşen,Beneficial for combination skin,beneficial,Genel cilt sağlığını destekler,Supports overall skin health,caution,"Hassas ciltte tahriş riski taşır, dikkatli kullanılmalı","Risk of irritation, use with caution",beneficial,Yaşlanma karşıtı faydalı bileşen,Beneficial anti-aging ingredient,neutral,,
Lactobacillus Extract Filtrate,lactobacillusextractfiltrate,"Lactobacillus Extract Filtrate is a cell-free extract (CFE) of the lactobacillus microorganism. This means it is no longer a living bacteria (probiotic), but an extract of a once-living bacteria, which functions as a prebiotic. This active has been shown via clinical studies from the manufacturer, Evonik, to encourage the growth of beneficial skin bacteria, as well as support the natural skin barrier function, helping to protect against skin roughness and dryness.

Lactobacillus extract filtrate is in a class of prebiotic ingredients and can be found on ingredients lists as alpha-glucan oligosaccharide, fructooligosaccharides, rhamnose and saccharomyces cerevisiae (yeast) extract. ",0.0,4.0,2.0,0.0,2.0,0.0,1.0,Acne|Blackheads|Redness|Pregnancy,,original,0,Skincare Ingredient,Cilt Bakım Bileşeni,Cilt bakım bileşeni,neutral,,,beneficial,Yağlı cilt için faydalı bileşen,Beneficial for oily skin,beneficial,Karma cilt için faydalı bileşen,Beneficial for combination skin,neutral,,,beneficial,Hassas cilt için faydalı bileşen,Beneficial for sensitive skin,neutral,,,neutral,,
Lactobacillus Ferment,lactobacillusferment,"Lactobacillus ferment is a probiotic, with a number of skin benefits. It was first shown by Estee Lauder to protect against environmental aggressors by supporting DNA repair within the cell. It was later shown to have powerful anti-inflammatory and antimicrobial effects, with research indicating it being particularly beneficial for those with acne or rosacea. The manufacturer of the ingredient, Barnet, has confirmed the mechanism of this is by suppressing the growth of harmful bacteria associated with these conditions, and encouraging the diversity of growth of beneficial skin microbiota.

Lactobacillus ferment sits in a class of probiotic ingredients which can be found on ingredients lists as bifida ferment lysate and lactococcus ferment lysate. ",0.0,4.0,2.0,0.0,2.0,0.0,1.0,Acne|Blackheads|Redness|Pregnancy,,original,40,Skincare Ingredient,Cilt Bakım Bileşeni,Cilt bakım bileşeni,neutral,,,beneficial,Yağlı cilt için faydalı bileşen,Beneficial for oily skin,beneficial,Karma cilt için faydalı bileşen,Beneficial for combination skin,neutral,,,beneficial,Hassas cilt için faydalı bileşen,Beneficial for sensitive skin,neutral,,,neutral,,
Lactobionic Acid,lactobionicacid,"Lactobionic acid is a non-irritating poly hydroxy acid (PHA) derived from natural sugars. PHAs provide a gentle exfoliation of the skin, encouraging dead cells to be shed from the surface, and new cells to be produced in the basal layer of the epidermis. This process leads to smoother, less congested & more radiant skin, whilst reducing discolouration & fine lines to provide visible anti-ageing results.

Lactobionic acid is also an antioxidant, protecting skin from harmful effects of free radicals within the body, as well as inhibiting specific enzymes which lead to degradation of our skin proteins, so this mechanism keeps skin more youthful. Lactobionic acid also has humectant qualities, meaning it is able to draw water molecules to it, plumping & hydrating the area which it is applied. It was patented in 2000 by Neostrata, as one of their ‘Bionic acids’.

Lactobionic acid is in a class of polyhydroxy acid ingredients also known by gluconolactone and maltobionic acid.",4.0,6.0,5.0,3.0,1.0,4.0,0.0,Acne|Blackheads|Dry and dehydrated skin|Enlarged Pores|Fine Lines|Pigmentation|Post Blemish Marks|Radiance|Texture,,original,33,Skincare Ingredient,Cilt Bakım Bileşeni,Cilt bakım bileşeni,beneficial,Kuru cilt için faydalı bileşen,Beneficial for dry skin,beneficial,Yağlı cilt için faydalı bileşen,Beneficial for oily skin,beneficial,Karma cilt için faydalı bileşen,Beneficial for combination skin,beneficial,Genel cilt sağlığını destekler,Supports overall skin health,neutral,,,beneficial,Yaşlanma karşıtı faydalı bileşen,Beneficial anti-aging ingredient,neutral,,
Lactococcus Ferment Lysate,lactococcusfermentlysate,"Lactococcus Ferment Lysate is a post-biotic ingredient derived from Gram-positive bacteria, Lactococcus lactis. It is used in skincare for its ability to increase the speed of epidermal growth, leading to a thicker stratum corneum (outermost layer of the skin), and in turn better barrier function. This is seen as healthier-looking, more hydrated and supple skin.

Lactococcus ferment lysate sits in a class of probiotic ingredients which can be found on ingredients lists as bifida ferment lysate and lactobacillus ferment.",0.0,4.0,2.0,0.0,2.0,0.0,1.0,Acne|Blackheads|Redness|Pregnancy,,original,2,Skincare Ingredient,Cilt Bakım Bileşeni,Cilt bakım bileşeni,neutral,,,beneficial,Yağlı cilt için faydalı bileşen,Beneficial for oily skin,beneficial,Karma cilt için faydalı bileşen,Beneficial for combination skin,neutral,,,beneficial,Hassas cilt için faydalı bileşen,Beneficial for sensitive skin,neutral,,,neutral,,
Lagerstroemia indica extract,lagerstroemiaindicaextract,Rating: Average. Categories: Plant Extracts,0.0,0.0,0.0,0.0,0.0,0.0,0.0,,,noxmoon,2,Botanical Extract,Bitkisel Ekstrakt,Bitkisel kaynaklı aktif ekstrakt,neutral,,,neutral,,,neutral,,,neutral,,,neutral,,,neutral,,,neutral,,
Laminaria Ochroleuca (Kelp) Extract,laminariaochroleucakelpextract,"A type of kelp that helps soothe skin and offers hydration-enhancing properties, it can also play a role in reinforcing skin’s barrier and warding off environmental stressors. Researchers note that this ingredient is particularly useful for those prone to sensitive skin. 

It is in the class of Algae Extract which also include ahnfeltia concinna extract, alaria esculenta extract, algae exopolysaccharides, algin, alteromonas ferment extract, alteromonas ferment extract, ascophyllum nodosum extract, asparagopsis armata extract, chlorella protothecoides, chlorella vulgaris extract, dunaliella salina (green algae) extract, hydrolyzed f-fucoidan, macrocystis pyrifera (kelp) extract, and marine extract.",2.0,0.0,0.0,0.0,1.0,4.0,1.0,Dry and dehydrated skin|Fine Lines|Pregnancy|Wrinkles,,original,0,Skincare Ingredient,Cilt Bakım Bileşeni,Cilt bakım bileşeni,beneficial,Kuru cilt için faydalı bileşen,Beneficial for dry skin,neutral,,,neutral,,,neutral,,,neutral,,,beneficial,Yaşlanma karşıtı faydalı bileşen,Beneficial anti-aging ingredient,neutral,,
Laminaria digitata,laminariadigitata,"Rating: Good. Categories: Antioxidants, Thickeners/Emulsifiers, Plant Extracts, Texture Enhancer",0.0,0.0,0.0,1.0,0.0,0.0,0.0,,,noxmoon,0,Antioxidant,Antioksidan,Serbest radikallere karşı koruyucu antioksidan,neutral,,,neutral,,,neutral,,,neutral,,,neutral,,,neutral,,,neutral,,
Laminaria longicruris,laminarialongicruris,"Rating: Good. Categories: Antioxidants, Texture Enhancer, Plant Extracts, Thickeners/Emulsifiers, Emollients",1.0,0.0,0.0,1.0,0.0,0.0,0.0,,,noxmoon,0,Antioxidant,Antioksidan,Serbest radikallere karşı koruyucu antioksidan,neutral,,,neutral,,,neutral,,,neutral,,,neutral,,,neutral,,,neutral,,
Laminaria ochroleuca extract,laminariaochroleucaextract,"Rating: Good. Categories: Skin-Soothing, Plant Extracts",1.0,0.0,0.0,0.0,2.0,0.0,0.0,,,noxmoon,71,Emollient,Yumuşatıcı (Emoliyan),Cildi yumuşatan ve pürüzsüzleştiren bileşen,neutral,,,neutral,,,neutral,,,neutral,,,beneficial,Hassas cilt için faydalı bileşen,Beneficial for sensitive skin,neutral,,,neutral,,
Laminaria sacharrina,laminariasacharrina,"Rating: Good. Categories: Antioxidants, Emollients, Plant Extracts, Thickeners/Emulsifiers",1.0,0.0,0.0,1.0,0.0,0.0,0.0,,,noxmoon,0,Antioxidant,Antioksidan,Serbest radikallere karşı koruyucu antioksidan,neutral,,,neutral,,,neutral,,,neutral,,,neutral,,,neutral,,,neutral,,
Lamium album flower extract,lamiumalbumflowerextract,"Rating: Best. Categories: Skin-Soothing, Antioxidants, Plant Extracts",1.0,0.0,0.0,1.0,2.0,0.0,0.0,,,noxmoon,8,Emollient,Yumuşatıcı (Emoliyan),Cildi yumuşatan ve pürüzsüzleştiren bileşen,neutral,,,neutral,,,neutral,,,neutral,,,beneficial,Hassas cilt için faydalı bileşen,Beneficial for sensitive skin,neutral,,,neutral,,
Larrea divaricata extract,larreadivaricataextract,"Rating: Good. Categories: Antioxidants, Plant Extracts",0.0,0.0,0.0,1.0,0.0,0.0,0.0,,,noxmoon,3,Antioxidant,Antioksidan,Serbest radikallere karşı koruyucu antioksidan,neutral,,,neutral,,,neutral,,,neutral,,,neutral,,,neutral,,,neutral,,
Larrea tridentata,larreatridentata,"Rating: Good. Categories: Antioxidants, Plant Extracts",0.0,0.0,0.0,1.0,0.0,0.0,0.0,,,noxmoon,0,Antioxidant,Antioksidan,Serbest radikallere karşı koruyucu antioksidan,neutral,,,neutral,,,neutral,,,neutral,,,neutral,,,neutral,,,neutral,,
Laurus nobilis,laurusnobilis,"Rating: Poor. Categories: Antioxidants, Fragrance: Synthetic and Fragrant Plant Extracts, Plant Extracts",0.0,0.0,0.0,1.0,-2.0,0.0,0.0,,,noxmoon,0,Antioxidant,Antioksidan,Serbest radikallere karşı koruyucu antioksidan,neutral,,,neutral,,,neutral,,,neutral,,,caution,"Hassas ciltte tahriş riski taşır, dikkatli kullanılmalı","Risk of irritation, use with caution",neutral,,,neutral,,
Lavandula angustifolia,lavandulaangustifolia,"Rating: Poor. Categories: Plant Extracts, Sensitizing, Fragrance: Synthetic and Fragrant Plant Extracts",-1.0,0.0,0.0,0.0,-4.0,0.0,0.0,,Sensitizing,noxmoon,10,Botanical Extract,Bitkisel Ekstrakt,Bitkisel kaynaklı aktif ekstrakt,caution,"Kurutucu etki yapabilir, nemlendiriciyle kullanılmalı",May have drying effects,neutral,,,neutral,,,neutral,,,caution,"Hassas ciltte tahriş riski taşır, dikkatli kullanılmalı","Risk of irritation, use with caution",neutral,,,neutral,,
Lavandula officinalis,lavandulaofficinalis,"Rating: Poor. Categories: Plant Extracts, Fragrance: Synthetic and Fragrant Plant Extracts, Sensitizing",-1.0,0.0,0.0,0.0,-4.0,0.0,0.0,,Sensitizing,noxmoon,0,Botanical Extract,Bitkisel Ekstrakt,Bitkisel kaynaklı aktif ekstrakt,caution,"Kurutucu etki yapabilir, nemlendiriciyle kullanılmalı",May have drying effects,neutral,,,neutral,,,neutral,,,caution,"Hassas ciltte tahriş riski taşır, dikkatli kullanılmalı","Risk of irritation, use with caution",neutral,,,neutral,,
Lecithin,lecithin,"Lecithin can be classed as a phospholipid, which occurs naturally in eggs, soybean, sunflower oil and corn. It contains a high concentration of fatty acids, which support the skin’s natural barrier by creating a lipid film to prevent transepidermal water loss (TEWL). Lecithin also has lipophilic & hydrophilic properties, meaning it can function as an emulsifier and skin penetration-enhancer, helping to deliver actives deeper into the skin.

Lecithin is in the class of essential lipids, and can be found on ingredient lists as caprooyl phytosphingosine, caprooyl sphingosine, cholesterol, glycolipids, glycoproteins, glycosphingolipids, linoleic acid, linolenic acid, phospholipids and phytosphingosine.",5.0,0.0,1.0,2.0,3.0,1.0,1.0,Dry and dehydrated skin|Impaired skin barrier|Radiance|Pregnancy|Texture,,original,578,Oil / Lipid,Yağ / Lipit,Cildi besleyen yağ/lipit bileşeni,beneficial,Kuru cilt için faydalı bileşen,Beneficial for dry skin,neutral,,,neutral,,,beneficial,Genel cilt sağlığını destekler,Supports overall skin health,beneficial,Hassas cilt için faydalı bileşen,Beneficial for sensitive skin,neutral,,,neutral,,
Lentinus edodes extract,lentinusedodesextract,"Rating: Average. Categories: Plant Extracts, Sensitizing, Antioxidants",-1.0,0.0,0.0,1.0,-2.0,0.0,0.0,,Sensitizing,noxmoon,14,Botanical Extract,Bitkisel Ekstrakt,Bitkisel kaynaklı aktif ekstrakt,caution,"Kurutucu etki yapabilir, nemlendiriciyle kullanılmalı",May have drying effects,neutral,,,neutral,,,neutral,,,caution,"Hassas ciltte tahriş riski taşır, dikkatli kullanılmalı","Risk of irritation, use with caution",neutral,,,neutral,,
Leontopodium alpinum extract,leontopodiumalpinumextract,"Rating: Best. Categories: Skin-Soothing, Antioxidants, Plant Extracts",1.0,0.0,0.0,1.0,2.0,0.0,0.0,,,noxmoon,3,Emollient,Yumuşatıcı (Emoliyan),Cildi yumuşatan ve pürüzsüzleştiren bileşen,neutral,,,neutral,,,neutral,,,neutral,,,beneficial,Hassas cilt için faydalı bileşen,Beneficial for sensitive skin,neutral,,,neutral,,
Leptospermum scoparium oil,leptospermumscopariumoil,"Rating: Good. Categories: Plant Extracts, Antioxidants",0.0,0.0,0.0,1.0,0.0,0.0,0.0,,,noxmoon,5,Botanical Extract,Bitkisel Ekstrakt,Bitkisel kaynaklı aktif ekstrakt,neutral,,,neutral,,,neutral,,,neutral,,,neutral,,,neutral,,,neutral,,
Leucine,leucine,"Leucine is an amino acid that has anti-aging properties. It is used in anti-aging skin care products and is thought to help regenerate aging skin and reduce fine lines and sagging skin. It is said to create firmer, more supple skin and increase elasticity by repairing aging skin tissue. 

Amino acids are a class of ingredients. They can also be found on ingredients lists as acetyl glucosamine,acetyl tyrosinamide, alanine, arginine hcl, arginine pca, histidine, isoleucine, lysine, phenylalanine, proline, serine, taurine, threonine and valine and yeast amino acids.",4.0,0.0,1.0,1.0,3.0,5.0,1.0,Dry and dehydrated skin|Elasticity|Fine Lines|Impaired skin barrier|Pregnancy|Texture|Wrinkles,,original,18,Skincare Ingredient,Cilt Bakım Bileşeni,Cilt bakım bileşeni,beneficial,Kuru cilt için faydalı bileşen,Beneficial for dry skin,neutral,,,neutral,,,neutral,,,beneficial,Hassas cilt için faydalı bileşen,Beneficial for sensitive skin,beneficial,Yaşlanma karşıtı faydalı bileşen,Beneficial anti-aging ingredient,neutral,,
Levisticum officinale root extract,levisticumofficinalerootextract,"Rating: Poor. Categories: Plant Extracts, Sensitizing, Fragrance: Synthetic and Fragrant Plant Extracts",-1.0,0.0,0.0,0.0,-4.0,0.0,0.0,,Sensitizing,noxmoon,0,Botanical Extract,Bitkisel Ekstrakt,Bitkisel kaynaklı aktif ekstrakt,caution,"Kurutucu etki yapabilir, nemlendiriciyle kullanılmalı",May have drying effects,neutral,,,neutral,,,neutral,,,caution,"Hassas ciltte tahriş riski taşır, dikkatli kullanılmalı","Risk of irritation, use with caution",neutral,,,neutral,,
Licochalcone A,licochalconea,"Licochalcone A is a naturally occurring compound found in the root extract of the licorice plant (Glycyrrhiza glabra). It is used in skincare for its potential anti-inflammatory, antioxidant, and skin-soothing properties.",0.0,0.0,0.0,0.0,0.0,0.0,1.0,Pregnancy,,original,0,Botanical Extract,Bitkisel Ekstrakt,Bitkisel kaynaklı aktif ekstrakt,neutral,,,neutral,,,neutral,,,neutral,,,neutral,,,neutral,,,neutral,,
Licorice Extract,licoriceextract,"It has been shown to prevent and reverse UV-induced skin damage, to provide visible skin-lightening properties to the skin. Its second active component, glycyrrhetinic acid is used in skincare for its anti-inflammatory benefits. It works by inhibiting the production of inflammatory substances, such as cortisone, within the body, with some research showing results to be comparable to prescription hydrocortisone cream.

Licorice is a family of ingredients and can also be known as ammonium glycyrrhizate, dipotassium glycyrrhizate (licorice), glycyrrhetinic acid, glycyrrhiza glabra (licorice) root extract, glycyrrhiza glabra root extract or glycyrrhiza inflata root extract.",1.0,1.0,1.0,2.0,2.0,2.0,1.0,Pigmentation|Post Blemish Marks|Redness|Radiance|Pregnancy,,original,6,Skincare Ingredient,Cilt Bakım Bileşeni,Cilt bakım bileşeni,neutral,,,neutral,,,neutral,,,beneficial,Genel cilt sağlığını destekler,Supports overall skin health,beneficial,Hassas cilt için faydalı bileşen,Beneficial for sensitive skin,beneficial,Yaşlanma karşıtı faydalı bileşen,Beneficial anti-aging ingredient,neutral,,
Lilium candidum bulb extract,liliumcandidumbulbextract,Rating: Average. Categories: Plant Extracts,0.0,0.0,0.0,0.0,0.0,0.0,0.0,,,noxmoon,17,Botanical Extract,Bitkisel Ekstrakt,Bitkisel kaynaklı aktif ekstrakt,neutral,,,neutral,,,neutral,,,neutral,,,neutral,,,neutral,,,neutral,,
Lily Extract,lilyextract,"Lily extract is derived from various species of lilies, particularly Lilium candidum (also known as Madonna lily) or Lilium longiflorum. In skincare, lily extract is used for its potential skin-soothing, moisturizing, and brightening properties.",0.0,0.0,0.0,0.0,0.0,0.0,1.0,Pregnancy,,original,0,Emollient,Yumuşatıcı (Emoliyan),Cildi yumuşatan ve pürüzsüzleştiren bileşen,neutral,,,neutral,,,neutral,,,neutral,,,neutral,,,neutral,,,neutral,,
Limnanthes alba,limnanthesalba,"Rating: Good. Categories: Plant Extracts, Skin-Softening",0.0,0.0,0.0,0.0,0.0,0.0,0.0,,,noxmoon,0,Botanical Extract,Bitkisel Ekstrakt,Bitkisel kaynaklı aktif ekstrakt,neutral,,,neutral,,,neutral,,,neutral,,,neutral,,,neutral,,,neutral,,
Limnanthes alba seed oil,limnanthesalbaseedoil,Rating: Good. Categories: Plant Extracts,0.0,0.0,0.0,0.0,0.0,0.0,0.0,,,noxmoon,1,Botanical Extract,Bitkisel Ekstrakt,Bitkisel kaynaklı aktif ekstrakt,neutral,,,neutral,,,neutral,,,neutral,,,neutral,,,neutral,,,neutral,,
Linoleic Acid,linoleicacid,"Linoleic Acid is an Omega 6 essential fatty acid (EFA), found in many plant oils: corn, safflower & sunflower. Linoleic acid forms the fatty acid based of Ceramides EOH, EOS and EOP, which are essential for the normal functioning of the skin barrier. Applying linoleic acid topically helps to support ceramide functioning within the skin, leading to improved skin hydration and smoothness.

Research also shows that sebum in acne-prone skin can be lacking in Omega 6 (with too much Omega 3), so there is evidence to suggest applying this topically can help to balance the sebum composition and in turn reduce acne lesions. 

Linoleic Acid is in the class of essential lipids, and can be found on ingredient lists as caprooyl phytosphingosine, caprooyl sphingosine, cholesterol, glycolipids, glycoproteins, glycosphingolipids, Lecithin, linolenic acid, phospholipids and phytosphingosine.",5.0,0.0,1.0,2.0,3.0,1.0,1.0,Dry and dehydrated skin|Impaired skin barrier|Radiance|Pregnancy|Texture,,original,240,Botanical Extract,Bitkisel Ekstrakt,Bitkisel kaynaklı aktif ekstrakt,beneficial,Kuru cilt için faydalı bileşen,Beneficial for dry skin,neutral,,,neutral,,,beneficial,Genel cilt sağlığını destekler,Supports overall skin health,beneficial,Hassas cilt için faydalı bileşen,Beneficial for sensitive skin,neutral,,,neutral,,
Linolenic Acid,linolenicacid,"Alpha Linolenic Acid (ALA) is a plant-based Omega 3 fatty acid, found in plant oils such as flaxseed and soy. ALA provides anti-inflammatory effects by inhibiting the production of inflammatory mediators in the body. ALA also supports healthy skin barrier functioning, by inhibiting levels of trans-epidermal water loss (TEWL), and therefore maintaining adequate levels of hydration in the epidermis, resulting in smooth, soft & moisturised skin.

Linolenic acid is in the class of essential lipids, and can be found on ingredient lists as caprooyl phytosphingosine, caprooyl sphingosine, cholesterol, glycolipids, glycoproteins, glycosphingolipids, Lecithin, linoleic acid, phospholipids and phytosphingosine.",5.0,0.0,1.0,2.0,3.0,1.0,1.0,Dry and dehydrated skin|Impaired skin barrier|Radiance|Pregnancy|Texture,,original,77,Botanical Extract,Bitkisel Ekstrakt,Bitkisel kaynaklı aktif ekstrakt,beneficial,Kuru cilt için faydalı bileşen,Beneficial for dry skin,neutral,,,neutral,,,beneficial,Genel cilt sağlığını destekler,Supports overall skin health,beneficial,Hassas cilt için faydalı bileşen,Beneficial for sensitive skin,neutral,,,neutral,,
Linum usitatissimum extract,linumusitatissimumextract,Rating: Best. Categories: Plant Extracts,0.0,0.0,0.0,0.0,0.0,0.0,0.0,,,noxmoon,0,Botanical Extract,Bitkisel Ekstrakt,Bitkisel kaynaklı aktif ekstrakt,neutral,,,neutral,,,neutral,,,neutral,,,neutral,,,neutral,,,neutral,,
Lithospermum erythrorhizon,lithospermumerythrorhizon,"Rating: Best. Categories: Skin-Soothing, Antioxidants, Plant Extracts",1.0,0.0,0.0,1.0,2.0,0.0,0.0,,,noxmoon,0,Emollient,Yumuşatıcı (Emoliyan),Cildi yumuşatan ve pürüzsüzleştiren bileşen,neutral,,,neutral,,,neutral,,,neutral,,,beneficial,Hassas cilt için faydalı bileşen,Beneficial for sensitive skin,neutral,,,neutral,,
Litsea cubeba,litseacubeba,"Rating: Poor. Categories: Plant Extracts, Fragrance: Synthetic and Fragrant Plant Extracts, Sensitizing",-1.0,0.0,0.0,0.0,-4.0,0.0,0.0,,Sensitizing,noxmoon,0,Botanical Extract,Bitkisel Ekstrakt,Bitkisel kaynaklı aktif ekstrakt,caution,"Kurutucu etki yapabilir, nemlendiriciyle kullanılmalı",May have drying effects,neutral,,,neutral,,,neutral,,,caution,"Hassas ciltte tahriş riski taşır, dikkatli kullanılmalı","Risk of irritation, use with caution",neutral,,,neutral,,
Lonicera caprifolium flower extract,loniceracaprifoliumflowerextract,"Rating: Best. Categories: Skin-Soothing, Plant Extracts",1.0,0.0,0.0,0.0,2.0,0.0,0.0,,,noxmoon,4,Emollient,Yumuşatıcı (Emoliyan),Cildi yumuşatan ve pürüzsüzleştiren bileşen,neutral,,,neutral,,,neutral,,,neutral,,,beneficial,Hassas cilt için faydalı bileşen,Beneficial for sensitive skin,neutral,,,neutral,,
Lonicera japonica,lonicerajaponica,"Rating: Best. Categories: Skin-Soothing, Plant Extracts",1.0,0.0,0.0,0.0,2.0,0.0,0.0,,,noxmoon,0,Emollient,Yumuşatıcı (Emoliyan),Cildi yumuşatan ve pürüzsüzleştiren bileşen,neutral,,,neutral,,,neutral,,,neutral,,,beneficial,Hassas cilt için faydalı bileşen,Beneficial for sensitive skin,neutral,,,neutral,,
Lonicera japonica flower extract,lonicerajaponicaflowerextract,"Rating: Best. Categories: Skin-Soothing, Plant Extracts",1.0,0.0,0.0,0.0,2.0,0.0,0.0,,,noxmoon,4,Emollient,Yumuşatıcı (Emoliyan),Cildi yumuşatan ve pürüzsüzleştiren bileşen,neutral,,,neutral,,,neutral,,,neutral,,,beneficial,Hassas cilt için faydalı bileşen,Beneficial for sensitive skin,neutral,,,neutral,,
Luffa Cylindrica Extract,luffacylindricaextract,"Luffa Cylindrica Extract, also known as sponge gourd or loofah, is derived from the fruit of the Luffa cylindrica plant. In skincare, this extract is used for its potential exfoliating, cleansing, and skin-smoothing properties.",0.0,0.0,0.0,0.0,0.0,0.0,1.0,Pregnancy,,original,0,Botanical Extract,Bitkisel Ekstrakt,Bitkisel kaynaklı aktif ekstrakt,neutral,,,neutral,,,neutral,,,neutral,,,neutral,,,neutral,,,neutral,,
Lupinus albus extract,lupinusalbusextract,"Rating: Good. Categories: Antioxidants, Emollients, Plant Extracts",1.0,0.0,0.0,1.0,0.0,0.0,0.0,,,noxmoon,2,Antioxidant,Antioksidan,Serbest radikallere karşı koruyucu antioksidan,neutral,,,neutral,,,neutral,,,neutral,,,neutral,,,neutral,,,neutral,,
Lycium barbarum fruit extract,lyciumbarbarumfruitextract,"Rating: Good. Categories: Antioxidants, Skin-Softening",0.0,0.0,0.0,1.0,0.0,0.0,0.0,,,noxmoon,16,Antioxidant,Antioksidan,Serbest radikallere karşı koruyucu antioksidan,neutral,,,neutral,,,neutral,,,neutral,,,neutral,,,neutral,,,neutral,,
Lysine,lysine,"Lysine is an amino acid that helps build collagen in the skin and will therefore help treat fine lines, wrinkles and sagging skin. 

Amino acids are a class of ingredients. They can also be found on ingredients lists as acetyl glucosamine,acetyl tyrosinamide, alanine, arginine hcl, arginine pca, histidine, isoleucine, leucine, phenylalanine, proline, serine, taurine, threonine and valine and yeast amino acids.",3.0,0.0,1.0,1.0,3.0,5.0,1.0,Dry and dehydrated skin|Elasticity|Fine Lines|Redness|Pregnancy|Texture|Wrinkles,,original,65,Skincare Ingredient,Cilt Bakım Bileşeni,Cilt bakım bileşeni,beneficial,Kuru cilt için faydalı bileşen,Beneficial for dry skin,neutral,,,neutral,,,neutral,,,beneficial,Hassas cilt için faydalı bileşen,Beneficial for sensitive skin,beneficial,Yaşlanma karşıtı faydalı bileşen,Beneficial anti-aging ingredient,neutral,,
MEA,mea,Rating: Average. Categories: Thickeners/Emulsifiers,0.0,0.0,0.0,0.0,0.0,0.0,0.0,,,noxmoon,1,Skincare Ingredient,Cilt Bakım Bileşeni,Cilt bakım bileşeni,neutral,,,neutral,,,neutral,,,neutral,,,neutral,,,neutral,,,neutral,,
Macrocystis Pyrifera (Kelp) Extract,macrocystispyriferakelpextract,"Macrocystis pyrifera extract is a type of seaweed rich in multiple beneficial ingredients. Its primary value in skin care comes from its antioxidant properties.

It is in the class of Algae Extract which also include ahnfeltia concinna extract, alaria esculenta extract, algae exopolysaccharides, algin, alteromonas ferment extract, alteromonas ferment extract, ascophyllum nodosum extract, asparagopsis armata extract, chlorella protothecoides, chlorella vulgaris extract, dunaliella salina (green algae) extract, hydrolyzed f-fucoidan, laminaria ochroleuca (kelp) extract, and marine extract.",2.0,0.0,0.0,0.0,1.0,4.0,1.0,Dry and dehydrated skin|Fine Lines|Pregnancy|Wrinkles,,original,8,Skincare Ingredient,Cilt Bakım Bileşeni,Cilt bakım bileşeni,beneficial,Kuru cilt için faydalı bileşen,Beneficial for dry skin,neutral,,,neutral,,,neutral,,,neutral,,,beneficial,Yaşlanma karşıtı faydalı bileşen,Beneficial anti-aging ingredient,neutral,,
Magnesium Ascorbyl Phosphate,magnesiumascorbylphosphate,"Part of the Vitamin C family of ingredients, Magnesium ascorbyl phosphate is a water-soluble, medium-strength, derivative of Vitamin C. It is designed to have improved stability vs. pure Vitamin C, with a strong conversion to ascorbic acid (the active form of Vitamin C) within the body. It has extremely low sensitisation profile vs other forms which can cause stinging and dryness/irritation.

Vitamin C can also be found on ingredients lists as ascorbic acid, ascorbyl glucoside, ascorbyl palmitate, ethyl ascorbic acid, l-ascorbic acid, sodium ascorbyl phosphate and tetrahexyldecyl ascorbate.",0.0,0.0,0.0,1.0,-2.0,5.0,0.0,Fine Lines|Radiance|Wrinkles,Impaired skin barrier,original,179,Skincare Ingredient,Cilt Bakım Bileşeni,Cilt bakım bileşeni,neutral,,,neutral,,,neutral,,,neutral,,,caution,"Hassas ciltte tahriş riski taşır, dikkatli kullanılmalı","Risk of irritation, use with caution",beneficial,Yaşlanma karşıtı faydalı bileşen,Beneficial anti-aging ingredient,neutral,,
Magnesium Sulfate,magnesiumsulfate,"Magnesium Sulfate is an inorganic salt, also referred to as Epsom salt. It is used in skincare as an anti-inflammatory ingredient, specifically helping in reducing inflammation associated with acne.",0.0,0.0,0.0,0.0,2.0,0.0,1.0,Redness|Pregnancy,,original,93,Skincare Ingredient,Cilt Bakım Bileşeni,Cilt bakım bileşeni,neutral,,,neutral,,,neutral,,,neutral,,,beneficial,Hassas cilt için faydalı bileşen,Beneficial for sensitive skin,neutral,,,neutral,,
Mahonia aquifolium root extract,mahoniaaquifoliumrootextract,"Rating: Good. Categories: Antioxidants, Plant Extracts",0.0,0.0,0.0,1.0,0.0,0.0,0.0,,,noxmoon,2,Antioxidant,Antioksidan,Serbest radikallere karşı koruyucu antioksidan,neutral,,,neutral,,,neutral,,,neutral,,,neutral,,,neutral,,,neutral,,
Malva sylvestris extract,malvasylvestrisextract,"Rating: Good. Categories: Skin-Soothing, Antioxidants, Plant Extracts",1.0,0.0,0.0,1.0,2.0,0.0,0.0,,,noxmoon,1,Emollient,Yumuşatıcı (Emoliyan),Cildi yumuşatan ve pürüzsüzleştiren bileşen,neutral,,,neutral,,,neutral,,,neutral,,,beneficial,Hassas cilt için faydalı bileşen,Beneficial for sensitive skin,neutral,,,neutral,,
Mandelic Acid,mandelicacid,"Mandelic acid is an alpha hydroxy acid (AHA), derived from bitter almonds. AHAs work by dissolving the keratin binding the outermost layer of skin cells, speeding up the skin’s natural exfoliation process. This leads to smoother, brighter, clearer skin, whilst reducing skin discolouration & fine lines/wrinkles with continued use.

Mandelic acid has a larger molecular weight vs. other acids in the AHA category. It is twice the molecular weight of glycolic acid for example (the smallest AHA on the market), so it tends to be better tolerated than smaller AHAs, which penetrate the skin much faster. Research also shows that mandelic acid is particularly effective at improving some forms of pigmentation, compared with other AHAs.",1.0,6.0,5.0,3.0,-4.0,4.0,0.0,Acne|Blackheads|Enlarged Pores|Fine Lines|Pigmentation|Post Blemish Marks|Radiance|Texture,Sensitive|Impaired skin barrier,original,34,Exfoliant (AHA),Peeling Asidi (AHA),Ölü deri hücrelerini temizleyen alfa hidroksi asit,neutral,,,beneficial,Yağlı cilt için faydalı bileşen,Beneficial for oily skin,beneficial,Karma cilt için faydalı bileşen,Beneficial for combination skin,beneficial,Genel cilt sağlığını destekler,Supports overall skin health,caution,"Hassas ciltte tahriş riski taşır, dikkatli kullanılmalı","Risk of irritation, use with caution",beneficial,Yaşlanma karşıtı faydalı bileşen,Beneficial anti-aging ingredient,neutral,,
Mangifera indica (mango) seed butter,mangiferaindicamangoseedbutter,"Rating: Best. Categories: Plant Extracts, Skin-Replenishing, Emollients",3.0,0.0,0.0,0.0,1.0,0.0,0.0,,,noxmoon,67,Botanical Extract,Bitkisel Ekstrakt,Bitkisel kaynaklı aktif ekstrakt,beneficial,Kuru cilt için faydalı bileşen,Beneficial for dry skin,neutral,,,neutral,,,neutral,,,neutral,,,neutral,,,neutral,,
Mangifera indica root,mangiferaindicaroot,"Rating: Good. Categories: Antioxidants, Plant Extracts",0.0,0.0,0.0,1.0,0.0,0.0,0.0,,,noxmoon,0,Antioxidant,Antioksidan,Serbest radikallere karşı koruyucu antioksidan,neutral,,,neutral,,,neutral,,,neutral,,,neutral,,,neutral,,,neutral,,
Mango Seed Butter,mangoseedbutter,"Mango seed butter, also known as mango kernel butter or mango butter, is a rich and creamy emollient derived from the seeds of the mango fruit (Mangifera indica). In skincare, it is used for its excellent moisturizing, nourishing, and skin-conditioning properties.",2.0,0.0,0.0,0.0,1.0,0.0,1.0,Dry and dehydrated skin|Pregnancy,,original,7,Skincare Ingredient,Cilt Bakım Bileşeni,Cilt bakım bileşeni,beneficial,Kuru cilt için faydalı bileşen,Beneficial for dry skin,neutral,,,neutral,,,neutral,,,neutral,,,neutral,,,neutral,,
Marine Extract,marineextract,"Rich in essential ions like Zinc and Copper, marine extracts natural ingredients perfectly enhance skincare formulations. Almost every marine extract is an excellent source of antioxidants, protecting the skin from harmful external factors like UV-induced damage or oxidative stress. 

It is in the class of Algae Extract which also include ahnfeltia concinna extract, alaria esculenta extract, algae exopolysaccharides, algin, alteromonas ferment extract, alteromonas ferment extract, ascophyllum nodosum extract, asparagopsis armata extract, chlorella protothecoides, chlorella vulgaris extract, dunaliella salina (green algae) extract, hydrolyzed f-fucoidan, laminaria ochroleuca (kelp) extract, and macrocystis pyrifera (kelp) extract.",2.0,0.0,0.0,0.0,1.0,4.0,1.0,Dry and dehydrated skin|Fine Lines|Pregnancy|Wrinkles,,original,0,Antioxidant,Antioksidan,Serbest radikallere karşı koruyucu antioksidan,beneficial,Kuru cilt için faydalı bileşen,Beneficial for dry skin,neutral,,,neutral,,,neutral,,,neutral,,,beneficial,Yaşlanma karşıtı faydalı bileşen,Beneficial anti-aging ingredient,neutral,,
Marshmallow Root,marshmallowroot,"Marshmallow root is extracted from the Althea plant, native to Northern Africa, Europe and Western Asia, and is rich in polysaccharides and flavonoids. The polysaccharides provide natural humectant benefits, meaning this attracts water-molecules to plump and hydrate the area. The flavonoids provide antioxidant protection from free radicals, as well as anti-inflammatory benefits, by modulating inflammatory responses within the body.",0.0,0.0,0.0,0.0,2.0,0.0,1.0,Redness|Pregnancy,,original,0,Botanical Extract,Bitkisel Ekstrakt,Bitkisel kaynaklı aktif ekstrakt,neutral,,,neutral,,,neutral,,,neutral,,,beneficial,Hassas cilt için faydalı bileşen,Beneficial for sensitive skin,neutral,,,neutral,,
Mastocarpus stellatus,mastocarpusstellatus,"Rating: Good. Categories: Antioxidants, Texture Enhancer, Plant Extracts, Emollients",1.0,0.0,0.0,1.0,0.0,0.0,0.0,,,noxmoon,0,Antioxidant,Antioksidan,Serbest radikallere karşı koruyucu antioksidan,neutral,,,neutral,,,neutral,,,neutral,,,neutral,,,neutral,,,neutral,,
Meadowfoam Seed Oil,meadowfoamseedoil,"Meadowfoam seed oil is a luxurious and lightweight oil derived from the seeds of the meadowfoam plant (Limnanthes alba). In skincare, it is used for its excellent moisturizing, nourishing, and skin-protecting properties.",4.0,0.0,1.0,2.0,1.0,1.0,1.0,Dry and dehydrated skin|Radiance|Pregnancy|Texture,,original,13,Botanical Extract,Bitkisel Ekstrakt,Bitkisel kaynaklı aktif ekstrakt,beneficial,Kuru cilt için faydalı bileşen,Beneficial for dry skin,neutral,,,neutral,,,beneficial,Genel cilt sağlığını destekler,Supports overall skin health,neutral,,,neutral,,,neutral,,
Medicago sativa,medicagosativa,"Rating: Best. Categories: Antioxidants, Plant Extracts",0.0,0.0,0.0,1.0,0.0,0.0,0.0,,,noxmoon,0,Antioxidant,Antioksidan,Serbest radikallere karşı koruyucu antioksidan,neutral,,,neutral,,,neutral,,,neutral,,,neutral,,,neutral,,,neutral,,
Melaleuca alternifolia,melaleucaalternifolia,"Rating: Good. Categories: Plant Extracts, Antioxidants",0.0,0.0,0.0,1.0,0.0,0.0,0.0,,,noxmoon,0,Botanical Extract,Bitkisel Ekstrakt,Bitkisel kaynaklı aktif ekstrakt,neutral,,,neutral,,,neutral,,,neutral,,,neutral,,,neutral,,,neutral,,
Melaleuca cajeputi oil,melaleucacajeputioil,"Rating: Poor. Categories: Plant Extracts, Sensitizing",-1.0,0.0,0.0,0.0,-2.0,0.0,0.0,,Sensitizing,noxmoon,0,Botanical Extract,Bitkisel Ekstrakt,Bitkisel kaynaklı aktif ekstrakt,caution,"Kurutucu etki yapabilir, nemlendiriciyle kullanılmalı",May have drying effects,neutral,,,neutral,,,neutral,,,caution,"Hassas ciltte tahriş riski taşır, dikkatli kullanılmalı","Risk of irritation, use with caution",neutral,,,neutral,,
Melia azadirachta extract,meliaazadirachtaextract,"Rating: Best. Categories: Antioxidants, Plant Extracts",0.0,0.0,0.0,1.0,0.0,0.0,0.0,,,noxmoon,1,Antioxidant,Antioksidan,Serbest radikallere karşı koruyucu antioksidan,neutral,,,neutral,,,neutral,,,neutral,,,neutral,,,neutral,,,neutral,,
Melia azadirachta leaf extract,meliaazadirachtaleafextract,"Rating: Best. Categories: Plant Extracts, Antioxidants",0.0,0.0,0.0,1.0,0.0,0.0,0.0,,,noxmoon,10,Botanical Extract,Bitkisel Ekstrakt,Bitkisel kaynaklı aktif ekstrakt,neutral,,,neutral,,,neutral,,,neutral,,,neutral,,,neutral,,,neutral,,
Melia azadirachta oil,meliaazadirachtaoil,Rating: Poor. Categories: Sensitizing,-1.0,0.0,0.0,0.0,-2.0,0.0,0.0,,Sensitizing,noxmoon,0,Skincare Ingredient,Cilt Bakım Bileşeni,Cilt bakım bileşeni,caution,"Kurutucu etki yapabilir, nemlendiriciyle kullanılmalı",May have drying effects,neutral,,,neutral,,,neutral,,,caution,"Hassas ciltte tahriş riski taşır, dikkatli kullanılmalı","Risk of irritation, use with caution",neutral,,,neutral,,
Melissa officinalis,melissaofficinalis,"Rating: Poor. Categories: Plant Extracts, Sensitizing, Fragrance: Synthetic and Fragrant Plant Extracts",-1.0,0.0,0.0,0.0,-4.0,0.0,0.0,,Sensitizing,noxmoon,0,Botanical Extract,Bitkisel Ekstrakt,Bitkisel kaynaklı aktif ekstrakt,caution,"Kurutucu etki yapabilir, nemlendiriciyle kullanılmalı",May have drying effects,neutral,,,neutral,,,neutral,,,caution,"Hassas ciltte tahriş riski taşır, dikkatli kullanılmalı","Risk of irritation, use with caution",neutral,,,neutral,,
Mentha arvensis,menthaarvensis,"Rating: Poor. Categories: Plant Extracts, Sensitizing",-1.0,0.0,0.0,0.0,-2.0,0.0,0.0,,Sensitizing,noxmoon,1,Botanical Extract,Bitkisel Ekstrakt,Bitkisel kaynaklı aktif ekstrakt,caution,"Kurutucu etki yapabilir, nemlendiriciyle kullanılmalı",May have drying effects,neutral,,,neutral,,,neutral,,,caution,"Hassas ciltte tahriş riski taşır, dikkatli kullanılmalı","Risk of irritation, use with caution",neutral,,,neutral,,
Mentha piperita,menthapiperita,"Rating: Poor. Categories: Plant Extracts, Fragrance: Synthetic and Fragrant Plant Extracts, Sensitizing",-1.0,0.0,0.0,0.0,-4.0,0.0,0.0,,Sensitizing,noxmoon,10,Botanical Extract,Bitkisel Ekstrakt,Bitkisel kaynaklı aktif ekstrakt,caution,"Kurutucu etki yapabilir, nemlendiriciyle kullanılmalı",May have drying effects,neutral,,,neutral,,,neutral,,,caution,"Hassas ciltte tahriş riski taşır, dikkatli kullanılmalı","Risk of irritation, use with caution",neutral,,,neutral,,
Mentha spicata,menthaspicata,"Rating: Poor. Categories: Plant Extracts, Sensitizing, Fragrance: Synthetic and Fragrant Plant Extracts",-1.0,0.0,0.0,0.0,-4.0,0.0,0.0,,Sensitizing,noxmoon,0,Botanical Extract,Bitkisel Ekstrakt,Bitkisel kaynaklı aktif ekstrakt,caution,"Kurutucu etki yapabilir, nemlendiriciyle kullanılmalı",May have drying effects,neutral,,,neutral,,,neutral,,,caution,"Hassas ciltte tahriş riski taşır, dikkatli kullanılmalı","Risk of irritation, use with caution",neutral,,,neutral,,
Mentha viridis,menthaviridis,"Rating: Poor. Categories: Plant Extracts, Fragrance: Synthetic and Fragrant Plant Extracts, Sensitizing",-1.0,0.0,0.0,0.0,-4.0,0.0,0.0,,Sensitizing,noxmoon,1,Botanical Extract,Bitkisel Ekstrakt,Bitkisel kaynaklı aktif ekstrakt,caution,"Kurutucu etki yapabilir, nemlendiriciyle kullanılmalı",May have drying effects,neutral,,,neutral,,,neutral,,,caution,"Hassas ciltte tahriş riski taşır, dikkatli kullanılmalı","Risk of irritation, use with caution",neutral,,,neutral,,
Mexoryl SX,mexorylsx,Rating: Best. Categories: Uncategorized,0.0,0.0,0.0,0.0,0.0,0.0,0.0,,,noxmoon,0,Skincare Ingredient,Cilt Bakım Bileşeni,Cilt bakım bileşeni,neutral,,,neutral,,,neutral,,,neutral,,,neutral,,,neutral,,,neutral,,
Microcystis aeruginosa,microcystisaeruginosa,"Rating: Good. Categories: Antioxidants, Texture Enhancer, Plant Extracts, Emollients",1.0,0.0,0.0,1.0,0.0,0.0,0.0,,,noxmoon,0,Antioxidant,Antioksidan,Serbest radikallere karşı koruyucu antioksidan,neutral,,,neutral,,,neutral,,,neutral,,,neutral,,,neutral,,,neutral,,
Milk Thistle Extract,milkthistleextract,"Milk thistle extract is derived from the seeds of the milk thistle plant (Silybum marianum). In skincare, it is used for its potential antioxidant, anti-inflammatory, and skin-protecting properties.",1.0,0.0,0.0,0.0,4.0,0.0,1.0,Impaired skin barrier|Redness|Pregnancy,,original,2,Botanical Extract,Bitkisel Ekstrakt,Bitkisel kaynaklı aktif ekstrakt,neutral,,,neutral,,,neutral,,,neutral,,,beneficial,Hassas cilt için faydalı bileşen,Beneficial for sensitive skin,neutral,,,neutral,,
Mineral UV Filters,mineraluvfilters,"Mineral UV filters are naturally-occurring mineral powders, used in sun protection products to absorb UV light. They work predominantly by absorbing UV rays, like their synthetic/chemical counterparts, with only about 5% of UV rays reflected. There are currently two mineral UV filters on the market: zinc oxide and titanium dioxide.",1.0,1.0,1.0,1.0,1.0,0.0,0.0,Anyone,May leave a white cast on darker skin,original,0,Skincare Ingredient,Cilt Bakım Bileşeni,Cilt bakım bileşeni,neutral,,,neutral,,,neutral,,,neutral,,,neutral,,,neutral,,,neutral,,
Morinda citrifolia,morindacitrifolia,"Rating: Good. Categories: Skin-Soothing, Antioxidants, Plant Extracts",1.0,0.0,0.0,1.0,2.0,0.0,0.0,,,noxmoon,1,Emollient,Yumuşatıcı (Emoliyan),Cildi yumuşatan ve pürüzsüzleştiren bileşen,neutral,,,neutral,,,neutral,,,neutral,,,beneficial,Hassas cilt için faydalı bileşen,Beneficial for sensitive skin,neutral,,,neutral,,
Moringa Seed Extract,moringaseedextract,"Moringa seed extract is derived from the seeds of the Moringa oleifera tree, also known as the ""Miracle Tree"" or ""Tree of Life."" In skincare, it is used for its potential nourishing, antioxidant, and skin-protecting properties.",5.0,0.0,1.0,2.0,5.0,1.0,1.0,Dry and dehydrated skin|Impaired skin barrier|Redness|Radiance|Pregnancy|Texture,,original,0,Skincare Ingredient,Cilt Bakım Bileşeni,Cilt bakım bileşeni,beneficial,Kuru cilt için faydalı bileşen,Beneficial for dry skin,neutral,,,neutral,,,beneficial,Genel cilt sağlığını destekler,Supports overall skin health,beneficial,Hassas cilt için faydalı bileşen,Beneficial for sensitive skin,neutral,,,neutral,,
Moringa oleifera seed oil,moringaoleiferaseedoil,"Rating: Best. Categories: Emollients, Antioxidants, Plant Extracts",1.0,0.0,0.0,1.0,0.0,0.0,0.0,,,noxmoon,7,Emollient,Yumuşatıcı (Emoliyan),Cildi yumuşatan ve pürüzsüzleştiren bileşen,neutral,,,neutral,,,neutral,,,neutral,,,neutral,,,neutral,,,neutral,,
Morus alba root extract,morusalbarootextract,"Rating: Good. Categories: Antioxidants, Plant Extracts",0.0,0.0,0.0,1.0,0.0,0.0,0.0,,,noxmoon,16,Antioxidant,Antioksidan,Serbest radikallere karşı koruyucu antioksidan,neutral,,,neutral,,,neutral,,,neutral,,,neutral,,,neutral,,,neutral,,
Morus bombycis root extract,morusbombycisrootextract,Rating: Good. Categories: Plant Extracts,0.0,0.0,0.0,0.0,0.0,0.0,0.0,,,noxmoon,13,Botanical Extract,Bitkisel Ekstrakt,Bitkisel kaynaklı aktif ekstrakt,neutral,,,neutral,,,neutral,,,neutral,,,neutral,,,neutral,,,neutral,,
Morus nigra root extract,morusnigrarootextract,Rating: Good. Categories: Plant Extracts,0.0,0.0,0.0,0.0,0.0,0.0,0.0,,,noxmoon,3,Botanical Extract,Bitkisel Ekstrakt,Bitkisel kaynaklı aktif ekstrakt,neutral,,,neutral,,,neutral,,,neutral,,,neutral,,,neutral,,,neutral,,
Mucor miehei extract,mucormieheiextract,Rating: Average. Categories: Miscellaneous,0.0,0.0,0.0,0.0,0.0,0.0,0.0,,,noxmoon,6,Skincare Ingredient,Cilt Bakım Bileşeni,Cilt bakım bileşeni,neutral,,,neutral,,,neutral,,,neutral,,,neutral,,,neutral,,,neutral,,
Mushroom Extract,mushroomextract,"Mushroom extracts are derived from various types of mushrooms, such as shiitake, reishi, and chaga. In skincare, they are used for their potential anti-inflammatory, antioxidant, and skin-soothing properties. Studies have shown that compounds from specific mushroom types can inhibit tyrosinase activity (an enzyme involved in melanin synthesis), which in turn visibly minimises areas of hyperpigmentation.

Mushroom extract is a class of ingredients also known by fomes ofﬁcinalis (mushroom) extract, fomes officinalis (mushroom) extract and polyporus umbellatus (mushroom) extract.",0.0,0.0,0.0,1.0,0.0,1.0,1.0,Pigmentation|Pregnancy,,original,3,Emollient,Yumuşatıcı (Emoliyan),Cildi yumuşatan ve pürüzsüzleştiren bileşen,neutral,,,neutral,,,neutral,,,neutral,,,neutral,,,neutral,,,neutral,,
Myristol Hexapeptide,myristolhexapeptide,"A synthetic, fatty acid-linked peptide known to improve the skin's resilience, visibly calm, and help the skin look and feel smoother and softer. Myristoyl hexapeptide-16 is categorized as a protein-stimulating peptide, which means it can help skin's surface look better and become more resistant to moisture loss.

It is in a class of ingredients also found on ingredients lists as acetyl hexapeptide, acetyl tetrapeptide, acetylarginyltryptophyl diphenylglycine, arginine/lysine polypeptide, azelaoyl bis-dipeptide, myristol hexapeptide, dipeptide, dipeptide diaminobutyroyl benzylamide diacetate, ferric hexapeptide,  palmitate, myristol hexapeptide, myristol pentapeptide, myristoyl nonapeptide, myristoyl pentapeptide, oligopeptide, palmitoyl  tripeptide, palmitoyl decapeptide, palmitoyl heptapeptide, palmitoyl hexapeptide, palmitoyl nonapeptide, palmitoyl oligopeptide, palmitoyl pentapeptide, palmitoyl tetrapeptide, palmitoyl tripeptide, palmitoyl tetrapeptide, pentapeptide, sh-oligopeptide, tetrapeptide and copper palmitoyl heptapeptide.",0.0,0.0,0.0,0.0,0.0,5.0,1.0,Elasticity|Fine Lines|Pregnancy|Wrinkles,,original,0,Oil / Lipid,Yağ / Lipit,Cildi besleyen yağ/lipit bileşeni,neutral,,,neutral,,,neutral,,,neutral,,,neutral,,,beneficial,Yaşlanma karşıtı faydalı bileşen,Beneficial anti-aging ingredient,neutral,,
Myristol Pentapeptide,myristolpentapeptide,"Myristoyl pentapeptide is an anti-aging peptide that promotes cell regeneration and is used in skincare to treat fine lines and wrinkles. 

It is in a class of ingredients also found on ingredients lists as acetylarginyltryptophyl diphenylglycine, acetyl tetrapeptide, arginine/lysine polypeptide, azelaoyl bis-dipeptide, copper heptapeptide-14 pantothenate, dipeptide, dipeptide diaminobutyroyl benzylamide diacetate, ferric hexapeptide, heptapeptide-15, palmitate, myristol hexapeptide, myristoyl nonapeptide, myristoyl pentapeptide, oligopeptide, palmitoyl  tripeptide, palmitoyl decapeptide, palmitoyl heptapeptide, palmitoyl hexapeptide, palmitoyl nonapeptide, palmitoyl oligopeptide, palmitoyl pentapeptide, palmitoyl tetrapeptide, palmitoyl tripeptide, palmitoyl tetrapeptide, pentapeptide, sh-oligopeptide, tetrapeptide and copper palmitoyl heptapeptide. ",0.0,0.0,0.0,0.0,0.0,5.0,1.0,Elasticity|Fine Lines|Pregnancy|Wrinkles,,original,0,Skincare Ingredient,Cilt Bakım Bileşeni,Cilt bakım bileşeni,neutral,,,neutral,,,neutral,,,neutral,,,neutral,,,beneficial,Yaşlanma karşıtı faydalı bileşen,Beneficial anti-aging ingredient,neutral,,
Myristoyl Nonapeptide,myristoylnonapeptide,"Myristoyl Nonapeptide-3 is a anti-aging peptide that increases cell turnover and collagen synthesis without causing negative side effects.

It is in a class of ingredients also found on ingredients lists as acetylarginyltryptophyl diphenylglycine, acetyl tetrapeptide, arginine/lysine polypeptide, azelaoyl bis-dipeptide, copper heptapeptide-14 pantothenate, dipeptide, dipeptide diaminobutyroyl benzylamide diacetate, ferric hexapeptide, heptapeptide-15, palmitate, myristol hexapeptide, myristol pentapeptide, myristoyl pentapeptide, oligopeptide, palmitoyl  tripeptide, palmitoyl decapeptide, palmitoyl heptapeptide, palmitoyl hexapeptide, palmitoyl nonapeptide, palmitoyl oligopeptide, palmitoyl pentapeptide, palmitoyl tetrapeptide, palmitoyl tripeptide, palmitoyl tetrapeptide, pentapeptide, sh-oligopeptide, tetrapeptide and copper palmitoyl heptapeptide. 
 ",0.0,0.0,0.0,0.0,0.0,5.0,1.0,Elasticity|Fine Lines|Pregnancy|Wrinkles,,original,0,Skincare Ingredient,Cilt Bakım Bileşeni,Cilt bakım bileşeni,neutral,,,neutral,,,neutral,,,neutral,,,neutral,,,beneficial,Yaşlanma karşıtı faydalı bileşen,Beneficial anti-aging ingredient,neutral,,
Myrtus communis extract,myrtuscommunisextract,"Rating: Poor. Categories: Plant Extracts, Fragrance: Synthetic and Fragrant Plant Extracts, Sensitizing",-1.0,0.0,0.0,0.0,-4.0,0.0,0.0,,Sensitizing,noxmoon,6,Botanical Extract,Bitkisel Ekstrakt,Bitkisel kaynaklı aktif ekstrakt,caution,"Kurutucu etki yapabilir, nemlendiriciyle kullanılmalı",May have drying effects,neutral,,,neutral,,,neutral,,,caution,"Hassas ciltte tahriş riski taşır, dikkatli kullanılmalı","Risk of irritation, use with caution",neutral,,,neutral,,
N-acetyl-L tyrosine,nacetylltyrosine,"Rating: Average. Categories: Antioxidants, Skin-Replenishing",2.0,0.0,0.0,1.0,1.0,0.0,0.0,,,noxmoon,0,Antioxidant,Antioksidan,Serbest radikallere karşı koruyucu antioksidan,beneficial,Kuru cilt için faydalı bileşen,Beneficial for dry skin,neutral,,,neutral,,,neutral,,,neutral,,,neutral,,,neutral,,
N6-furfuryladenine,n6furfuryladenine,"Rating: Average. Categories: Plant Extracts, Skin-Restoring",2.0,0.0,0.0,0.0,1.0,0.0,0.0,,,noxmoon,0,Botanical Extract,Bitkisel Ekstrakt,Bitkisel kaynaklı aktif ekstrakt,beneficial,Kuru cilt için faydalı bileşen,Beneficial for dry skin,neutral,,,neutral,,,neutral,,,neutral,,,neutral,,,neutral,,
NaPCA,napca,Rating: Good. Categories: Skin-Replenishing,2.0,0.0,0.0,0.0,1.0,0.0,0.0,,,noxmoon,4,Ceramide,Seramid,Cilt bariyerini güçlendiren bileşen,beneficial,Kuru cilt için faydalı bileşen,Beneficial for dry skin,neutral,,,neutral,,,neutral,,,neutral,,,neutral,,,neutral,,
Narcissus poeticus wax,narcissuspoeticuswax,"Rating: Poor. Categories: Plant Extracts, Sensitizing, Fragrance: Synthetic and Fragrant Plant Extracts",-1.0,0.0,0.0,0.0,-4.0,0.0,0.0,,Sensitizing,noxmoon,0,Botanical Extract,Bitkisel Ekstrakt,Bitkisel kaynaklı aktif ekstrakt,caution,"Kurutucu etki yapabilir, nemlendiriciyle kullanılmalı",May have drying effects,neutral,,,neutral,,,neutral,,,caution,"Hassas ciltte tahriş riski taşır, dikkatli kullanılmalı","Risk of irritation, use with caution",neutral,,,neutral,,
Nardostachys jatamansi,nardostachysjatamansi,"Rating: Good. Categories: Plant Extracts, Antioxidants",0.0,0.0,0.0,1.0,0.0,0.0,0.0,,,noxmoon,0,Botanical Extract,Bitkisel Ekstrakt,Bitkisel kaynaklı aktif ekstrakt,neutral,,,neutral,,,neutral,,,neutral,,,neutral,,,neutral,,,neutral,,
Naringenin Chalcone,naringeninchalcone,"Naringenin chalcone is a flavonoid compound derived from citrus fruits, particularly grapefruits. In skincare, it is used for its potential antioxidant, anti-inflammatory, and skin-brightening properties.",1.0,0.0,0.0,0.0,4.0,0.0,1.0,Impaired skin barrier|Redness|Pregnancy,,original,0,Skincare Ingredient,Cilt Bakım Bileşeni,Cilt bakım bileşeni,neutral,,,neutral,,,neutral,,,neutral,,,beneficial,Hassas cilt için faydalı bileşen,Beneficial for sensitive skin,neutral,,,neutral,,
Nasturtium officinale extract,nasturtiumofficinaleextract,"Rating: Average. Categories: Antioxidants, Plant Extracts",0.0,0.0,0.0,1.0,0.0,0.0,0.0,,,noxmoon,19,Antioxidant,Antioksidan,Serbest radikallere karşı koruyucu antioksidan,neutral,,,neutral,,,neutral,,,neutral,,,neutral,,,neutral,,,neutral,,
Natural Moisturising Factors,naturalmoisturisingfactors,"They are a substance produced by the body, made up of minerals, lactate, urea, amino acids & humectants, which coats the surface skin cells to keep them moisturised. NMF increases the skin’s ability to retain moisture, which results in more hydrated, plump, smoother skin.

Natural moisturising factor (NMF) are a class of ingredients that can also be known by sodium lactate, sodium pca and trehalose. ",5.0,0.0,1.0,2.0,5.0,1.0,0.0,Dry and dehydrated skin|Impaired skin barrier|Redness|Radiance|Texture,,original,0,Skincare Ingredient,Cilt Bakım Bileşeni,Cilt bakım bileşeni,beneficial,Kuru cilt için faydalı bileşen,Beneficial for dry skin,neutral,,,neutral,,,beneficial,Genel cilt sağlığını destekler,Supports overall skin health,beneficial,Hassas cilt için faydalı bileşen,Beneficial for sensitive skin,neutral,,,neutral,,
Neoglucosamine,neoglucosamine,"A patented non-amino acid sugar which gently exfoliates the skin, reduces fine lines and wrinkles and evens out skin tone. It is also a building block of our skin’s natural hyaluronic acid so helps to plump and firm the skin.",0.0,4.0,3.0,2.0,-2.0,7.0,1.0,Blackheads|Elasticity|Enlarged Pores|Fine Lines|Pigmentation|Post Blemish Marks|Radiance|Pregnancy|Wrinkles,Impaired skin barrier,original,0,Skincare Ingredient,Cilt Bakım Bileşeni,Cilt bakım bileşeni,neutral,,,beneficial,Yağlı cilt için faydalı bileşen,Beneficial for oily skin,beneficial,Karma cilt için faydalı bileşen,Beneficial for combination skin,beneficial,Genel cilt sağlığını destekler,Supports overall skin health,caution,"Hassas ciltte tahriş riski taşır, dikkatli kullanılmalı","Risk of irritation, use with caution",beneficial,Yaşlanma karşıtı faydalı bileşen,Beneficial anti-aging ingredient,neutral,,
Neurophroline,neurophroline,"An incredibly innovative ingredient, Neurophroline is derived from the Wild Indigo plant and has multiple skin benefits. It has been shown to breakdown cortisol, a stress hormone which has many negative effects on the skin. It also triggers the release of a calming neuropeptide to reduce stress in the skin. Through these mechanisms, it has been shown to achieve a visible improvement in skin tone in as little as 2 weeks.",4.0,2.0,2.0,2.0,3.0,1.0,0.0,Acne|Dry and dehydrated skin|Redness|Radiance|Texture,,original,0,Botanical Extract,Bitkisel Ekstrakt,Bitkisel kaynaklı aktif ekstrakt,beneficial,Kuru cilt için faydalı bileşen,Beneficial for dry skin,beneficial,Yağlı cilt için faydalı bileşen,Beneficial for oily skin,beneficial,Karma cilt için faydalı bileşen,Beneficial for combination skin,beneficial,Genel cilt sağlığını destekler,Supports overall skin health,beneficial,Hassas cilt için faydalı bileşen,Beneficial for sensitive skin,neutral,,,neutral,,
Nymphaea tetragona,nymphaeatetragona,"Rating: Best. Categories: Antioxidants, Plant Extracts",0.0,0.0,0.0,1.0,0.0,0.0,0.0,,,noxmoon,0,Antioxidant,Antioksidan,Serbest radikallere karşı koruyucu antioksidan,neutral,,,neutral,,,neutral,,,neutral,,,neutral,,,neutral,,,neutral,,
Oat Extract,oatextract,"Oat extract is known to have soothing, anti-inflammatory effects in the skin, and is a popular active for treating symptoms of dry skin. It also has antioxidant properties so is able to protect the skin against free radicals caused by pollution and UV.

It can also be known as avena sativa (oat) kernel extract, avena sativa (oat) kernel flour, avena sativa (oat) kernel oil, colloidal oatmeal and hydrolyzed oat protein.",4.0,0.0,1.0,1.0,5.0,0.0,1.0,Dry and dehydrated skin|Impaired skin barrier|Redness|Pregnancy|Texture,,original,1,Skincare Ingredient,Cilt Bakım Bileşeni,Cilt bakım bileşeni,beneficial,Kuru cilt için faydalı bileşen,Beneficial for dry skin,neutral,,,neutral,,,neutral,,,beneficial,Hassas cilt için faydalı bileşen,Beneficial for sensitive skin,neutral,,,neutral,,
Octinoxate,octinoxate,"Octinoxate/Ethylhexyl Methoxycinnamate is a synthetic UV filter used in sun care products to provide protection against UVB light.

Other ingredients in the class of synthetic UV filters include bis-ethylhexyloxyphenol methoxyphenyl triazine, butyl methoxydibenzoylmethane, ethylhexyl salicylate, ethylhexyl triazone, homosalate, octisalate, octocrylene and triazine diethyl butamidotriazone.",1.0,1.0,1.0,1.0,-1.0,0.0,-2.0,UV Protection,Pregnancy|Sensitive,original,5,Skincare Ingredient,Cilt Bakım Bileşeni,Cilt bakım bileşeni,neutral,,,neutral,,,neutral,,,neutral,,,caution,"Hassas ciltte tahriş riski taşır, dikkatli kullanılmalı","Risk of irritation, use with caution",neutral,,,caution,"Hamilelikte kullanımı önerilmez, doktorunuza danışın","Not recommended during pregnancy, consult your doctor"
Octisalate,octisalate,"Octisalate/Octyl Salicylate is a synthetic UV filter used in sun care products to provide protection against UVB wavelengths of 290-320 nm, with a peak absorbance at 306 nm. 

Other ingredients in the class of synthetic UV filters include bis-ethylhexyloxyphenol methoxyphenyl triazine, butyl methoxydibenzoylmethane, ethylhexyl salicylate, ethylhexyl triazone, homosalate, octinoxate, octocrylene and triazine diethyl butamidotriazone.",1.0,1.0,1.0,1.0,-1.0,0.0,-2.0,UV Protection,Pregnancy|Sensitive,original,6,Skincare Ingredient,Cilt Bakım Bileşeni,Cilt bakım bileşeni,neutral,,,neutral,,,neutral,,,neutral,,,caution,"Hassas ciltte tahriş riski taşır, dikkatli kullanılmalı","Risk of irritation, use with caution",neutral,,,caution,"Hamilelikte kullanımı önerilmez, doktorunuza danışın","Not recommended during pregnancy, consult your doctor"
Octocrylene,octocrylene,"Octocrylene is a synthetic UV filter used in sun care products to provide protection against UVB rays with wavelengths between 290-320 nm.

Other ingredients in the class of synthetic UV filters include bis-ethylhexyloxyphenol methoxyphenyl triazine, butyl methoxydibenzoylmethane, ethylhexyl salicylate, ethylhexyl triazone, homosalate, octinoxate, octisalate and triazine diethyl butamidotriazone.",1.0,1.0,1.0,1.0,-1.0,0.0,-2.0,UV Protection,Pregnancy|Sensitive,original,34,Skincare Ingredient,Cilt Bakım Bileşeni,Cilt bakım bileşeni,neutral,,,neutral,,,neutral,,,neutral,,,caution,"Hassas ciltte tahriş riski taşır, dikkatli kullanılmalı","Risk of irritation, use with caution",neutral,,,caution,"Hamilelikte kullanımı önerilmez, doktorunuza danışın","Not recommended during pregnancy, consult your doctor"
Oenothera biennis oil,oenotherabiennisoil,"Rating: Best. Categories: Skin-Soothing, Emollients, Plant Extracts",2.0,0.0,0.0,0.0,2.0,0.0,0.0,,,noxmoon,2,Emollient,Yumuşatıcı (Emoliyan),Cildi yumuşatan ve pürüzsüzleştiren bileşen,beneficial,Kuru cilt için faydalı bileşen,Beneficial for dry skin,neutral,,,neutral,,,neutral,,,beneficial,Hassas cilt için faydalı bileşen,Beneficial for sensitive skin,neutral,,,neutral,,
Olea europaea fruit oil,oleaeuropaeafruitoil,"Rating: Good. Categories: Antioxidants, Emollients, Plant Extracts, Skin-Replenishing",3.0,0.0,0.0,1.0,1.0,0.0,0.0,,,noxmoon,1,Antioxidant,Antioksidan,Serbest radikallere karşı koruyucu antioksidan,beneficial,Kuru cilt için faydalı bileşen,Beneficial for dry skin,neutral,,,neutral,,,neutral,,,neutral,,,neutral,,,neutral,,
Olea europaea oil unsaponifiables,oleaeuropaeaoilunsaponifiables,"Rating: Best. Categories: Antioxidants, Plant Extracts, Skin-Replenishing, Emollients",3.0,0.0,0.0,1.0,1.0,0.0,0.0,,,noxmoon,0,Antioxidant,Antioksidan,Serbest radikallere karşı koruyucu antioksidan,beneficial,Kuru cilt için faydalı bileşen,Beneficial for dry skin,neutral,,,neutral,,,neutral,,,neutral,,,neutral,,,neutral,,
Oligopeptide,oligopeptide,"Oligopeptides are short chains of amino acids that can mimic the natural DNA structure and interfere with the ageing process.

It is in a class of ingredients also found on ingredients lists as acetylarginyltryptophyl diphenylglycine, acetyl tetrapeptide, arginine/lysine polypeptide, azelaoyl bis-dipeptide, copper heptapeptide-14 pantothenate, dipeptide, dipeptide diaminobutyroyl benzylamide diacetate, ferric hexapeptide, heptapeptide-15, palmitate, myristol hexapeptide, myristol pentapeptide, myristoyl nonapeptide, myristoyl pentapeptide, palmitoyl  tripeptide, palmitoyl decapeptide, palmitoyl heptapeptide, palmitoyl hexapeptide, palmitoyl nonapeptide, palmitoyl oligopeptide, palmitoyl pentapeptide, palmitoyl tetrapeptide, palmitoyl tripeptide, palmitoyl tetrapeptide, pentapeptide, sh-oligopeptide, tetrapeptide and copper palmitoyl heptapeptide. 
 ",0.0,0.0,0.0,0.0,0.0,5.0,1.0,Elasticity|Fine Lines|Pregnancy|Wrinkles,,original,2,Skincare Ingredient,Cilt Bakım Bileşeni,Cilt bakım bileşeni,neutral,,,neutral,,,neutral,,,neutral,,,neutral,,,beneficial,Yaşlanma karşıtı faydalı bileşen,Beneficial anti-aging ingredient,neutral,,
Optunia ficus-indica stem extract,optuniaficusindicastemextract,"Rating: Best. Categories: Antioxidants, Plant Extracts",0.0,0.0,0.0,1.0,0.0,0.0,0.0,,,noxmoon,0,Antioxidant,Antioksidan,Serbest radikallere karşı koruyucu antioksidan,neutral,,,neutral,,,neutral,,,neutral,,,neutral,,,neutral,,,neutral,,
Orbignya martiana,orbignyamartiana,"Rating: Good. Categories: Plant Extracts, Emollients",1.0,0.0,0.0,0.0,0.0,0.0,0.0,,,noxmoon,0,Botanical Extract,Bitkisel Ekstrakt,Bitkisel kaynaklı aktif ekstrakt,neutral,,,neutral,,,neutral,,,neutral,,,neutral,,,neutral,,,neutral,,
Orbignya oleifera,orbignyaoleifera,"Rating: Good. Categories: Plant Extracts, Emollients",1.0,0.0,0.0,0.0,0.0,0.0,0.0,,,noxmoon,0,Botanical Extract,Bitkisel Ekstrakt,Bitkisel kaynaklı aktif ekstrakt,neutral,,,neutral,,,neutral,,,neutral,,,neutral,,,neutral,,,neutral,,
Origanum majorana,origanummajorana,"Rating: Poor. Categories: Plant Extracts, Sensitizing, Fragrance: Synthetic and Fragrant Plant Extracts",-1.0,0.0,0.0,0.0,-4.0,0.0,0.0,,Sensitizing,noxmoon,0,Botanical Extract,Bitkisel Ekstrakt,Bitkisel kaynaklı aktif ekstrakt,caution,"Kurutucu etki yapabilir, nemlendiriciyle kullanılmalı",May have drying effects,neutral,,,neutral,,,neutral,,,caution,"Hassas ciltte tahriş riski taşır, dikkatli kullanılmalı","Risk of irritation, use with caution",neutral,,,neutral,,
Origanum vulgare flower extract,origanumvulgareflowerextract,"Rating: Poor. Categories: Plant Extracts, Sensitizing",-1.0,0.0,0.0,0.0,-2.0,0.0,0.0,,Sensitizing,noxmoon,0,Botanical Extract,Bitkisel Ekstrakt,Bitkisel kaynaklı aktif ekstrakt,caution,"Kurutucu etki yapabilir, nemlendiriciyle kullanılmalı",May have drying effects,neutral,,,neutral,,,neutral,,,caution,"Hassas ciltte tahriş riski taşır, dikkatli kullanılmalı","Risk of irritation, use with caution",neutral,,,neutral,,
Oryza sativa cera,oryzasativacera,Rating: Best. Categories: Skin-Softening,0.0,0.0,0.0,0.0,0.0,0.0,0.0,,,noxmoon,0,Skincare Ingredient,Cilt Bakım Bileşeni,Cilt bakım bileşeni,neutral,,,neutral,,,neutral,,,neutral,,,neutral,,,neutral,,,neutral,,
Oryza sativa oil,oryzasativaoil,"Rating: Good. Categories: Plant Extracts, Emollients",1.0,0.0,0.0,0.0,0.0,0.0,0.0,,,noxmoon,0,Botanical Extract,Bitkisel Ekstrakt,Bitkisel kaynaklı aktif ekstrakt,neutral,,,neutral,,,neutral,,,neutral,,,neutral,,,neutral,,,neutral,,
P. elisabethae,pelisabethae,"Rating: Good. Categories: Skin-Soothing, Antioxidants",1.0,0.0,0.0,1.0,2.0,0.0,0.0,,,noxmoon,0,Emollient,Yumuşatıcı (Emoliyan),Cildi yumuşatan ve pürüzsüzleştiren bileşen,neutral,,,neutral,,,neutral,,,neutral,,,beneficial,Hassas cilt için faydalı bileşen,Beneficial for sensitive skin,neutral,,,neutral,,
PABA,paba,Rating: Poor. Categories: Sunscreen Actives,0.0,0.0,0.0,0.0,-1.0,0.0,0.0,,,noxmoon,0,Skincare Ingredient,Cilt Bakım Bileşeni,Cilt bakım bileşeni,neutral,,,neutral,,,neutral,,,neutral,,,caution,"Hassas ciltte tahriş riski taşır, dikkatli kullanılmalı","Risk of irritation, use with caution",neutral,,,neutral,,
PCA,pca,Rating: Good. Categories: Hydration,0.0,0.0,0.0,0.0,0.0,0.0,0.0,,,noxmoon,23,Skincare Ingredient,Cilt Bakım Bileşeni,Cilt bakım bileşeni,neutral,,,neutral,,,neutral,,,neutral,,,neutral,,,neutral,,,neutral,,
PEG 90M,peg90m,"Rating: Good. Categories: Cleansing Agents, Emollients",1.0,1.0,0.0,0.0,0.0,0.0,0.0,,,noxmoon,6,Surfactant,Yüzey Aktif Madde,Temizleme işlevi gören yüzey aktif madde,neutral,,,neutral,,,neutral,,,neutral,,,neutral,,,neutral,,,neutral,,
PEG compound,pegcompound,"Rating: Good. Categories: Cleansing Agents, Emollients",1.0,1.0,0.0,0.0,0.0,0.0,0.0,,,noxmoon,0,Surfactant,Yüzey Aktif Madde,Temizleme işlevi gören yüzey aktif madde,neutral,,,neutral,,,neutral,,,neutral,,,neutral,,,neutral,,,neutral,,
PEG-10 dimethicone,peg10dimethicone,"Rating: Good. Categories: Silicones, Emollients, Cleansing Agents",2.0,1.0,0.0,1.0,0.0,0.0,0.0,,,noxmoon,91,Silicone,Silikon,Cildi pürüzsüzleştiren silikon bazlı bileşen,beneficial,Kuru cilt için faydalı bileşen,Beneficial for dry skin,neutral,,,neutral,,,neutral,,,neutral,,,neutral,,,neutral,,
PEG-10 dimethicone/vinyl dimethicone crosspolymer,peg10dimethiconevinyldimethiconecrosspolymer,"Rating: Good. Categories: Silicones, Cleansing Agents, Emollients",2.0,1.0,0.0,1.0,0.0,0.0,0.0,,,noxmoon,1,Silicone,Silikon,Cildi pürüzsüzleştiren silikon bazlı bileşen,beneficial,Kuru cilt için faydalı bileşen,Beneficial for dry skin,neutral,,,neutral,,,neutral,,,neutral,,,neutral,,,neutral,,
PEG-10 phytosterol,peg10phytosterol,"Rating: Good. Categories: Cleansing Agents, Emulsifiers",0.0,1.0,0.0,0.0,0.0,0.0,0.0,,,noxmoon,6,Surfactant,Yüzey Aktif Madde,Temizleme işlevi gören yüzey aktif madde,neutral,,,neutral,,,neutral,,,neutral,,,neutral,,,neutral,,,neutral,,
PEG-10 rapeseed sterol,peg10rapeseedsterol,"Rating: Good. Categories: Cleansing Agents, Emollients",1.0,1.0,0.0,0.0,0.0,0.0,0.0,,,noxmoon,34,Surfactant,Yüzey Aktif Madde,Temizleme işlevi gören yüzey aktif madde,neutral,,,neutral,,,neutral,,,neutral,,,neutral,,,neutral,,,neutral,,
PEG-100 stearate,peg100stearate,"Rating: Good. Categories: Emollients, Cleansing Agents",1.0,1.0,0.0,0.0,0.0,0.0,0.0,,,noxmoon,932,Emollient,Yumuşatıcı (Emoliyan),Cildi yumuşatan ve pürüzsüzleştiren bileşen,neutral,,,neutral,,,neutral,,,neutral,,,neutral,,,neutral,,,neutral,,
PEG-12 dimethicone,peg12dimethicone,"Rating: Good. Categories: Silicones, Cleansing Agents, Emollients",2.0,1.0,0.0,1.0,0.0,0.0,0.0,,,noxmoon,72,Silicone,Silikon,Cildi pürüzsüzleştiren silikon bazlı bileşen,beneficial,Kuru cilt için faydalı bileşen,Beneficial for dry skin,neutral,,,neutral,,,neutral,,,neutral,,,neutral,,,neutral,,
PEG-12 glyceryl dimyristate,peg12glyceryldimyristate,"Rating: Good. Categories: Hydration, Skin-Replenishing",2.0,0.0,0.0,0.0,1.0,0.0,0.0,,,noxmoon,10,Skincare Ingredient,Cilt Bakım Bileşeni,Cilt bakım bileşeni,beneficial,Kuru cilt için faydalı bileşen,Beneficial for dry skin,neutral,,,neutral,,,neutral,,,neutral,,,neutral,,,neutral,,
PEG-120 methyl glucose dioleate,peg120methylglucosedioleate,Rating: Good. Categories: Cleansing Agents,0.0,1.0,0.0,0.0,0.0,0.0,0.0,,,noxmoon,52,Surfactant,Yüzey Aktif Madde,Temizleme işlevi gören yüzey aktif madde,neutral,,,neutral,,,neutral,,,neutral,,,neutral,,,neutral,,,neutral,,
PEG-14,peg14,Rating: Good. Categories: Uncategorized,0.0,0.0,0.0,0.0,0.0,0.0,0.0,,,noxmoon,1,Skincare Ingredient,Cilt Bakım Bileşeni,Cilt bakım bileşeni,neutral,,,neutral,,,neutral,,,neutral,,,neutral,,,neutral,,,neutral,,
PEG-150 distearate,peg150distearate,Rating: Good. Categories: Texture Enhancer,0.0,0.0,0.0,0.0,0.0,0.0,0.0,,,noxmoon,34,Skincare Ingredient,Cilt Bakım Bileşeni,Cilt bakım bileşeni,neutral,,,neutral,,,neutral,,,neutral,,,neutral,,,neutral,,,neutral,,
PEG-20 methyl glucose sesquistearate,peg20methylglucosesesquistearate,"Rating: Good. Categories: Cleansing Agents, Emollients",1.0,1.0,0.0,0.0,0.0,0.0,0.0,,,noxmoon,37,Surfactant,Yüzey Aktif Madde,Temizleme işlevi gören yüzey aktif madde,neutral,,,neutral,,,neutral,,,neutral,,,neutral,,,neutral,,,neutral,,
PEG-32,peg32,Rating: Good. Categories: Texture Enhancer,0.0,0.0,0.0,0.0,0.0,0.0,0.0,,,noxmoon,82,Skincare Ingredient,Cilt Bakım Bileşeni,Cilt bakım bileşeni,neutral,,,neutral,,,neutral,,,neutral,,,neutral,,,neutral,,,neutral,,
PEG-33,peg33,Rating: Good. Categories: Uncategorized,0.0,0.0,0.0,0.0,0.0,0.0,0.0,,,noxmoon,1,Skincare Ingredient,Cilt Bakım Bileşeni,Cilt bakım bileşeni,neutral,,,neutral,,,neutral,,,neutral,,,neutral,,,neutral,,,neutral,,
PEG-40 hydrogenated castor oil,peg40hydrogenatedcastoroil,"Rating: Good. Categories: Plant Extracts, Emollients, Texture Enhancer",1.0,0.0,0.0,0.0,0.0,0.0,0.0,,,noxmoon,213,Botanical Extract,Bitkisel Ekstrakt,Bitkisel kaynaklı aktif ekstrakt,neutral,,,neutral,,,neutral,,,neutral,,,neutral,,,neutral,,,neutral,,
PEG-40 stearate,peg40stearate,Rating: Good. Categories: Cleansing Agents,0.0,1.0,0.0,0.0,0.0,0.0,0.0,,,noxmoon,139,Surfactant,Yüzey Aktif Madde,Temizleme işlevi gören yüzey aktif madde,neutral,,,neutral,,,neutral,,,neutral,,,neutral,,,neutral,,,neutral,,
PEG-60 almond glycerides,peg60almondglycerides,Rating: Good. Categories: Emollients,1.0,0.0,0.0,0.0,0.0,0.0,0.0,,,noxmoon,34,Emollient,Yumuşatıcı (Emoliyan),Cildi yumuşatan ve pürüzsüzleştiren bileşen,neutral,,,neutral,,,neutral,,,neutral,,,neutral,,,neutral,,,neutral,,
PEG-60 hydrogenated castor oil,peg60hydrogenatedcastoroil,"Rating: Good. Categories: Plant Extracts, Emollients, Cleansing Agents",1.0,1.0,0.0,0.0,0.0,0.0,0.0,,,noxmoon,83,Botanical Extract,Bitkisel Ekstrakt,Bitkisel kaynaklı aktif ekstrakt,neutral,,,neutral,,,neutral,,,neutral,,,neutral,,,neutral,,,neutral,,
PEG-7 glyceryl cocoate,peg7glycerylcocoate,"Rating: Good. Categories: Cleansing Agents, Emollients",1.0,1.0,0.0,0.0,0.0,0.0,0.0,,,noxmoon,84,Surfactant,Yüzey Aktif Madde,Temizleme işlevi gören yüzey aktif madde,neutral,,,neutral,,,neutral,,,neutral,,,neutral,,,neutral,,,neutral,,
PEG-75 shea butter glycerides,peg75sheabutterglycerides,Rating: Good. Categories: Skin-Replenishing,2.0,0.0,0.0,0.0,1.0,0.0,0.0,,,noxmoon,16,Ceramide,Seramid,Cilt bariyerini güçlendiren bileşen,beneficial,Kuru cilt için faydalı bileşen,Beneficial for dry skin,neutral,,,neutral,,,neutral,,,neutral,,,neutral,,,neutral,,
PEG-8,peg8,"Rating: Good. Categories: Cleansing Agents, Emollients",1.0,1.0,0.0,0.0,0.0,0.0,0.0,,,noxmoon,326,Surfactant,Yüzey Aktif Madde,Temizleme işlevi gören yüzey aktif madde,neutral,,,neutral,,,neutral,,,neutral,,,neutral,,,neutral,,,neutral,,
PEG-8 dimethicone,peg8dimethicone,Rating: Good. Categories: Uncategorized,0.0,0.0,0.0,0.0,0.0,0.0,0.0,,,noxmoon,37,Silicone,Silikon,Cildi pürüzsüzleştiren silikon bazlı bileşen,neutral,,,neutral,,,neutral,,,neutral,,,neutral,,,neutral,,,neutral,,
PEG-80 sorbitan laurate,peg80sorbitanlaurate,Rating: Good. Categories: Cleansing Agents,0.0,1.0,0.0,0.0,0.0,0.0,0.0,,,noxmoon,21,Surfactant,Yüzey Aktif Madde,Temizleme işlevi gören yüzey aktif madde,neutral,,,neutral,,,neutral,,,neutral,,,neutral,,,neutral,,,neutral,,
PEG/PPG-17/6 copolymer,pegppg176copolymer,"Rating: Good. Categories: Cleansing Agents, Emollients",1.0,1.0,0.0,0.0,0.0,0.0,0.0,,,noxmoon,13,Surfactant,Yüzey Aktif Madde,Temizleme işlevi gören yüzey aktif madde,neutral,,,neutral,,,neutral,,,neutral,,,neutral,,,neutral,,,neutral,,
PEG/PPG-18/18 dimethicone,pegppg1818dimethicone,"Rating: Good. Categories: Silicones, Emollients, Cleansing Agents",2.0,1.0,0.0,1.0,0.0,0.0,0.0,,,noxmoon,98,Silicone,Silikon,Cildi pürüzsüzleştiren silikon bazlı bileşen,beneficial,Kuru cilt için faydalı bileşen,Beneficial for dry skin,neutral,,,neutral,,,neutral,,,neutral,,,neutral,,,neutral,,
PEG/PPG-18/4 copolymer,pegppg184copolymer,Rating: Good. Categories: Uncategorized,0.0,0.0,0.0,0.0,0.0,0.0,0.0,,,noxmoon,0,Skincare Ingredient,Cilt Bakım Bileşeni,Cilt bakım bileşeni,neutral,,,neutral,,,neutral,,,neutral,,,neutral,,,neutral,,,neutral,,
PEG/PPG-20/15 dimethicone,pegppg2015dimethicone,"Rating: Good. Categories: Silicones, Cleansing Agents, Emollients",2.0,1.0,0.0,1.0,0.0,0.0,0.0,,,noxmoon,8,Silicone,Silikon,Cildi pürüzsüzleştiren silikon bazlı bileşen,beneficial,Kuru cilt için faydalı bileşen,Beneficial for dry skin,neutral,,,neutral,,,neutral,,,neutral,,,neutral,,,neutral,,
PHA,pha,Rating: Best. Categories: Exfoliant,0.0,0.0,0.0,0.0,0.0,0.0,0.0,,,noxmoon,0,Skincare Ingredient,Cilt Bakım Bileşeni,Cilt bakım bileşeni,neutral,,,neutral,,,neutral,,,neutral,,,neutral,,,neutral,,,neutral,,
PPG-12 buteth-16,ppg12buteth16,"Rating: Good. Categories: Texture Enhancer, Cleansing Agents",0.0,1.0,0.0,0.0,0.0,0.0,0.0,,,noxmoon,2,Skincare Ingredient,Cilt Bakım Bileşeni,Cilt bakım bileşeni,neutral,,,neutral,,,neutral,,,neutral,,,neutral,,,neutral,,,neutral,,
PPG-12/SMDI copolymer,ppg12smdicopolymer,Rating: Good. Categories: Texture Enhancer,0.0,0.0,0.0,0.0,0.0,0.0,0.0,,,noxmoon,32,Skincare Ingredient,Cilt Bakım Bileşeni,Cilt bakım bileşeni,neutral,,,neutral,,,neutral,,,neutral,,,neutral,,,neutral,,,neutral,,
PPG-14 butyl ether,ppg14butylether,Rating: Good. Categories: Uncategorized,0.0,0.0,0.0,0.0,0.0,0.0,0.0,,,noxmoon,5,Skincare Ingredient,Cilt Bakım Bileşeni,Cilt bakım bileşeni,neutral,,,neutral,,,neutral,,,neutral,,,neutral,,,neutral,,,neutral,,
PPG-2 myristyl ether propionate,ppg2myristyletherpropionate,Rating: Good. Categories: Texture Enhancer,0.0,0.0,0.0,0.0,0.0,0.0,0.0,,,noxmoon,21,Skincare Ingredient,Cilt Bakım Bileşeni,Cilt bakım bileşeni,neutral,,,neutral,,,neutral,,,neutral,,,neutral,,,neutral,,,neutral,,
PPG-2-deceth-30,ppg2deceth30,Rating: Good. Categories: Uncategorized,0.0,0.0,0.0,0.0,0.0,0.0,0.0,,,noxmoon,0,Skincare Ingredient,Cilt Bakım Bileşeni,Cilt bakım bileşeni,neutral,,,neutral,,,neutral,,,neutral,,,neutral,,,neutral,,,neutral,,
PPG-20 methyl glucose ether,ppg20methylglucoseether,Rating: Good. Categories: Uncategorized,0.0,0.0,0.0,0.0,0.0,0.0,0.0,,,noxmoon,9,Skincare Ingredient,Cilt Bakım Bileşeni,Cilt bakım bileşeni,neutral,,,neutral,,,neutral,,,neutral,,,neutral,,,neutral,,,neutral,,
PPG-26-Buteth-26,ppg26buteth26,"Rating: Good. Categories: Emulsifiers, Cleansing Agents",0.0,1.0,0.0,0.0,0.0,0.0,0.0,,,noxmoon,77,Skincare Ingredient,Cilt Bakım Bileşeni,Cilt bakım bileşeni,neutral,,,neutral,,,neutral,,,neutral,,,neutral,,,neutral,,,neutral,,
PPG-3 benzyl ether myristate,ppg3benzylethermyristate,Rating: Good. Categories: Emollients,1.0,0.0,0.0,0.0,0.0,0.0,0.0,,,noxmoon,13,Emollient,Yumuşatıcı (Emoliyan),Cildi yumuşatan ve pürüzsüzleştiren bileşen,neutral,,,neutral,,,neutral,,,neutral,,,neutral,,,neutral,,,neutral,,
PVM/MA decadiene crosspolymer,pvmmadecadienecrosspolymer,Rating: Good. Categories: Texture Enhancer,0.0,0.0,0.0,0.0,0.0,0.0,0.0,,,noxmoon,18,Skincare Ingredient,Cilt Bakım Bileşeni,Cilt bakım bileşeni,neutral,,,neutral,,,neutral,,,neutral,,,neutral,,,neutral,,,neutral,,
PVP,pvp,Rating: Good. Categories: Texture Enhancer,0.0,0.0,0.0,0.0,0.0,0.0,0.0,,,noxmoon,59,Skincare Ingredient,Cilt Bakım Bileşeni,Cilt bakım bileşeni,neutral,,,neutral,,,neutral,,,neutral,,,neutral,,,neutral,,,neutral,,
PVP copolymer,pvpcopolymer,Rating: Good. Categories: Texture Enhancer,0.0,0.0,0.0,0.0,0.0,0.0,0.0,,,noxmoon,0,Skincare Ingredient,Cilt Bakım Bileşeni,Cilt bakım bileşeni,neutral,,,neutral,,,neutral,,,neutral,,,neutral,,,neutral,,,neutral,,
PVP/dimethylaminoethylmethacrylate,pvpdimethylaminoethylmethacrylate,Rating: Good. Categories: Texture Enhancer,0.0,0.0,0.0,0.0,0.0,0.0,0.0,,,noxmoon,0,Skincare Ingredient,Cilt Bakım Bileşeni,Cilt bakım bileşeni,neutral,,,neutral,,,neutral,,,neutral,,,neutral,,,neutral,,,neutral,,
Padina Pavonica Thallus Extract,padinapavonicathallusextract,"Padina pavonica, also known as peacocks tail, is a brown algae native to the Mediterranean coast. It is rich in polysaccharides, which provide humectant properties, meaning they can draw water molecules to them to plump & hydrate the surrounding area. It is also shown to have anti-pollution effects, protecting skin against free radical and heavy metal exposure.

It is in the class of Algae Extract which also include ahnfeltia concinna extract, alaria esculenta extract, algae exopolysaccharides, algin, alteromonas ferment extract, ascophyllum nodosum extract, asparagopsis armata extract, chlorella protothecoides, chlorella vulgaris extract, dunaliella salina (green algae) extract, hydrolyzed f-fucoidan, laminaria ochroleuca (kelp) extract, macrocystis pyrifera (kelp) extract, marine extract, parachlorella beijerinckii exopolysaccharides, plankton extract, porphyridium cruentum extract, pseudoalteromonas exopolysaccharides, tripleurospermum maritimum extract, vibrio alginolyticus ferment filtrate, chlorella protothecoides oil",2.0,0.0,0.0,0.0,1.0,4.0,1.0,Dry and dehydrated skin|Fine Lines|Pregnancy|Wrinkles,,original,20,Skincare Ingredient,Cilt Bakım Bileşeni,Cilt bakım bileşeni,beneficial,Kuru cilt için faydalı bileşen,Beneficial for dry skin,neutral,,,neutral,,,neutral,,,neutral,,,beneficial,Yaşlanma karşıtı faydalı bileşen,Beneficial anti-aging ingredient,neutral,,
Padina pavonica extract,padinapavonicaextract,"Rating: Good. Categories: Antioxidants, Emollients, Plant Extracts",1.0,0.0,0.0,1.0,0.0,0.0,0.0,,,noxmoon,12,Antioxidant,Antioksidan,Serbest radikallere karşı koruyucu antioksidan,neutral,,,neutral,,,neutral,,,neutral,,,neutral,,,neutral,,,neutral,,
Paeonia albiflora extract,paeoniaalbifloraextract,Rating: Average. Categories: Plant Extracts,0.0,0.0,0.0,0.0,0.0,0.0,0.0,,,noxmoon,0,Botanical Extract,Bitkisel Ekstrakt,Bitkisel kaynaklı aktif ekstrakt,neutral,,,neutral,,,neutral,,,neutral,,,neutral,,,neutral,,,neutral,,
Paeonia suffruticosa extract,paeoniasuffruticosaextract,"Rating: Average. Categories: Antioxidants, Plant Extracts",0.0,0.0,0.0,1.0,0.0,0.0,0.0,,,noxmoon,4,Antioxidant,Antioksidan,Serbest radikallere karşı koruyucu antioksidan,neutral,,,neutral,,,neutral,,,neutral,,,neutral,,,neutral,,,neutral,,
Palmaria palmata extract,palmariapalmataextract,"Rating: Good. Categories: Antioxidants, Plant Extracts, Emollients",1.0,0.0,0.0,1.0,0.0,0.0,0.0,,,noxmoon,34,Antioxidant,Antioksidan,Serbest radikallere karşı koruyucu antioksidan,neutral,,,neutral,,,neutral,,,neutral,,,neutral,,,neutral,,,neutral,,
Palmitoyl  Tripeptide-1,palmitoyltripeptide1,"Palmitoyl tripeptide-1 is a synthetic fatty acid-linked peptide that can help repair visible skin damage and strengthen skin’s underlying supportive elements.

It is from a class of ingredients also found on ingredients lists as acetyl hexapeptide, acetyl tetrapeptide, acetylarginyltryptophyl diphenylglycine, arginine/lysine polypeptide, azelaoyl bis-dipeptide, copper heptapeptide-14 pantothenate, dipeptide, dipeptide diaminobutyroyl benzylamide diacetate, ferric hexapeptide, heptapeptide-15, palmitate, myristol hexapeptide, myristol pentapeptide, myristoyl nonapeptide, myristoyl pentapeptide, oligopeptide, palmitoyl  tripeptide, palmitoyl decapeptide, palmitoyl heptapeptide, palmitoyl nonapeptide, palmitoyl oligopeptide, palmitoyl pentapeptide, palmitoyl tetrapeptide, pentapeptide, sh-oligopeptide, tetrapeptide and copper palmitoyl heptapeptide.",0.0,0.0,0.0,0.0,0.0,5.0,1.0,Elasticity|Fine Lines|Pregnancy|Wrinkles,,original,51,Oil / Lipid,Yağ / Lipit,Cildi besleyen yağ/lipit bileşeni,neutral,,,neutral,,,neutral,,,neutral,,,neutral,,,beneficial,Yaşlanma karşıtı faydalı bileşen,Beneficial anti-aging ingredient,neutral,,
Palmitoyl Decapeptide,palmitoyldecapeptide,"Palmitoyl oligopeptides are peptide or small proteins, characterized by a generic structure of a string of amino acids. Generally, palmitoyl oligopeptides have similar uses in skincare, and cosmetic formulations are often used as an anti-aging ingredient. They are thought to be beneficial in anti-aging formulations due to their potential to help stimulate collagen production and promote healthy cell functioning.

It is in a class of ingredients also found on ingredients lists as acetylarginyltryptophyl diphenylglycine, acetyl tetrapeptide, arginine/lysine polypeptide, azelaoyl bis-dipeptide, copper heptapeptide-14 pantothenate, dipeptide, dipeptide diaminobutyroyl benzylamide diacetate, ferric hexapeptide, heptapeptide-15, palmitate, myristol hexapeptide, myristol pentapeptide, myristoyl nonapeptide, myristoyl pentapeptide, oligopeptide, palmitoyl  tripeptide, palmitoyl heptapeptide, palmitoyl hexapeptide, palmitoyl nonapeptide, palmitoyl oligopeptide, palmitoyl pentapeptide, palmitoyl tetrapeptide, palmitoyl tripeptide, palmitoyl tetrapeptide, pentapeptide, sh-oligopeptide, tetrapeptide and copper palmitoyl heptapeptide. 
 ",0.0,0.0,0.0,0.0,0.0,5.0,1.0,Elasticity|Fine Lines|Pregnancy|Wrinkles,,original,0,Skincare Ingredient,Cilt Bakım Bileşeni,Cilt bakım bileşeni,neutral,,,neutral,,,neutral,,,neutral,,,neutral,,,beneficial,Yaşlanma karşıtı faydalı bileşen,Beneficial anti-aging ingredient,neutral,,
Palmitoyl Glycine,palmitoylglycine,"A key amino acid in the formation of collagen, this ingredient works to increase microcirculation, improving oxygen flow to the skin, as well as reducing inflammation to result in firmer skin and reduced wrinkle visibility.",0.0,0.0,0.0,0.0,0.0,5.0,1.0,Elasticity|Fine Lines|Pregnancy|Wrinkles,,original,7,Skincare Ingredient,Cilt Bakım Bileşeni,Cilt bakım bileşeni,neutral,,,neutral,,,neutral,,,neutral,,,neutral,,,beneficial,Yaşlanma karşıtı faydalı bileşen,Beneficial anti-aging ingredient,neutral,,
Palmitoyl Heptapeptide,palmitoylheptapeptide,"Many peptides function as anti-ageing ingredients in skincare, due to their ability to fit specific receptors in the body to trigger anti-ageing responses. This includes mechanisms like collagen production, cell regeneration or even blocking muscle contractions to smooth expression lines. Peptides are made up of amino acids, and are unique in shape, with a huge variety available to target specific responses in the body.

It is from a class of ingredients also found on ingredients lists as acetyl hexapeptide, acetyl tetrapeptide, acetylarginyltryptophyl diphenylglycine, arginine/lysine polypeptide, azelaoyl bis-dipeptide, copper heptapeptide-14 pantothenate, dipeptide, dipeptide diaminobutyroyl benzylamide diacetate, ferric hexapeptide, heptapeptide-15, palmitate, myristol hexapeptide, myristol pentapeptide, myristoyl nonapeptide, myristoyl pentapeptide, oligopeptide, palmitoyl  tripeptide, palmitoyl decapeptide, palmitoyl heptapeptide, palmitoyl nonapeptide, palmitoyl oligopeptide, palmitoyl pentapeptide, palmitoyl tetrapeptide, palmitoyl tripeptide, palmitoyl tetrapeptide, pentapeptide, sh-oligopeptide, tetrapeptide and copper palmitoyl heptapeptide. 
 ",0.0,0.0,0.0,0.0,0.0,5.0,1.0,Elasticity|Fine Lines|Pregnancy|Wrinkles,,original,0,Skincare Ingredient,Cilt Bakım Bileşeni,Cilt bakım bileşeni,neutral,,,neutral,,,neutral,,,neutral,,,neutral,,,beneficial,Yaşlanma karşıtı faydalı bileşen,Beneficial anti-aging ingredient,neutral,,
Palmitoyl Nonapeptide,palmitoylnonapeptide,"Palmitoyl nonapeptide is an anti-ageing peptide that can help the skin feel hydrated and supple for longer. 

It is in a class of ingredients also found on ingredients lists as acetylarginyltryptophyl diphenylglycine, acetyl tetrapeptide, arginine/lysine polypeptide, azelaoyl bis-dipeptide, copper heptapeptide-14 pantothenate, dipeptide, dipeptide diaminobutyroyl benzylamide diacetate, ferric hexapeptide, heptapeptide-15, palmitate, myristol hexapeptide, myristol pentapeptide, oligopeptide, palmitoyl  tripeptide, palmitoyl decapeptide, palmitoyl heptapeptide, palmitoyl hexapeptide, palmitoyl nonapeptide, palmitoyl oligopeptide, palmitoyl pentapeptide, palmitoyl tetrapeptide, palmitoyl tripeptide, palmitoyl tetrapeptide, pentapeptide, sh-oligopeptide, tetrapeptide and copper palmitoyl heptapeptide.",0.0,0.0,0.0,0.0,0.0,5.0,1.0,Elasticity|Fine Lines|Pregnancy|Wrinkles,,original,0,Skincare Ingredient,Cilt Bakım Bileşeni,Cilt bakım bileşeni,neutral,,,neutral,,,neutral,,,neutral,,,neutral,,,beneficial,Yaşlanma karşıtı faydalı bileşen,Beneficial anti-aging ingredient,neutral,,
Palmitoyl Oligopeptide,palmitoyloligopeptide,"Many peptides function as anti-ageing ingredients in skincare, due to their ability to fit specific receptors in the body to trigger anti-ageing responses. This includes mechanisms like collagen production, cell regeneration or even blocking muscle contractions to smooth expression lines. Peptides are made up of amino acids, and are unique in shape, with a huge variety available to target specific responses in the body.

It is from a class of ingredients also found on ingredients lists as acetyl hexapeptide, acetyl tetrapeptide, acetylarginyltryptophyl diphenylglycine, arginine/lysine polypeptide, azelaoyl bis-dipeptide, copper heptapeptide-14 pantothenate, dipeptide, dipeptide diaminobutyroyl benzylamide diacetate, ferric hexapeptide, heptapeptide-15, palmitate, myristol hexapeptide, myristol pentapeptide, myristoyl nonapeptide, myristoyl pentapeptide, oligopeptide, palmitoyl  tripeptide, palmitoyl decapeptide, palmitoyl heptapeptide, palmitoyl hexapeptide, palmitoyl nonapeptide, palmitoyl pentapeptide, palmitoyl tetrapeptide, palmitoyl tripeptide, palmitoyl tetrapeptide, pentapeptide, sh-oligopeptide, tetrapeptide and copper palmitoyl heptapeptide. 
 ",0.0,0.0,0.0,0.0,0.0,5.0,1.0,Elasticity|Fine Lines|Pregnancy|Wrinkles,,original,356,Skincare Ingredient,Cilt Bakım Bileşeni,Cilt bakım bileşeni,neutral,,,neutral,,,neutral,,,neutral,,,neutral,,,beneficial,Yaşlanma karşıtı faydalı bileşen,Beneficial anti-aging ingredient,neutral,,
Palmitoyl Pentapeptide,palmitoylpentapeptide,"Many peptides function as anti-ageing ingredients in skincare, due to their ability to fit specific receptors in the body to trigger anti-ageing responses. This includes mechanisms like collagen production, cell regeneration or even blocking muscle contractions to smooth expression lines. Peptides are made up of amino acids, and are unique in shape, with a huge variety available to target specific responses in the body.

It is from a class of ingredients also found on ingredients lists as acetyl hexapeptide, acetyl tetrapeptide, acetylarginyltryptophyl diphenylglycine, arginine/lysine polypeptide, azelaoyl bis-dipeptide, copper heptapeptide-14 pantothenate, dipeptide, dipeptide diaminobutyroyl benzylamide diacetate, ferric hexapeptide, heptapeptide-15, palmitate, myristol hexapeptide, myristol pentapeptide, myristoyl nonapeptide, myristoyl pentapeptide, oligopeptide, palmitoyl  tripeptide, palmitoyl decapeptide, palmitoyl heptapeptide, palmitoyl hexapeptide, palmitoyl nonapeptide, palmitoyl oligopeptide, palmitoyl tetrapeptide, palmitoyl tripeptide, palmitoyl tetrapeptide, pentapeptide, sh-oligopeptide, tetrapeptide and copper palmitoyl heptapeptide. 
 ",0.0,0.0,0.0,0.0,0.0,5.0,1.0,Elasticity|Fine Lines|Pregnancy|Wrinkles,,original,2,Skincare Ingredient,Cilt Bakım Bileşeni,Cilt bakım bileşeni,neutral,,,neutral,,,neutral,,,neutral,,,neutral,,,beneficial,Yaşlanma karşıtı faydalı bileşen,Beneficial anti-aging ingredient,neutral,,
Palmitoyl Tetrapeptide,palmitoyltetrapeptide,"Palmitoyl tetrapeptide is a synthetic peptide composed of the amino acids glutamine, glycine, arginine, and proline. Along with the four amino acids, this peptide also contains the fatty acid palmitic acid to enhance stability and penetration into the skin.",0.0,0.0,0.0,0.0,0.0,5.0,1.0,Elasticity|Fine Lines|Pregnancy|Wrinkles,,original,8,Oil / Lipid,Yağ / Lipit,Cildi besleyen yağ/lipit bileşeni,neutral,,,neutral,,,neutral,,,neutral,,,neutral,,,beneficial,Yaşlanma karşıtı faydalı bileşen,Beneficial anti-aging ingredient,neutral,,
Palmitoyl Tripeptide,palmitoyltripeptide,"Categorized as a “messenger peptide” because of its ability to “tell” skin how to look better, specifically regarding reducing signs of sun damage like wrinkles and rough texture. Some research has shown that palmitoyl tripeptide has similar anti-aging benefits to retinol.",0.0,0.0,0.0,0.0,0.0,5.0,1.0,Elasticity|Fine Lines|Pregnancy|Wrinkles,,original,4,Skincare Ingredient,Cilt Bakım Bileşeni,Cilt bakım bileşeni,neutral,,,neutral,,,neutral,,,neutral,,,neutral,,,beneficial,Yaşlanma karşıtı faydalı bileşen,Beneficial anti-aging ingredient,neutral,,
Palmitoyl Tripeptide-38,palmitoyltripeptide38,Rating: Best. Categories: Skin-Restoring,2.0,0.0,0.0,0.0,1.0,0.0,0.0,,,noxmoon,28,Emollient,Yumuşatıcı (Emoliyan),Cildi yumuşatan ve pürüzsüzleştiren bileşen,beneficial,Kuru cilt için faydalı bileşen,Beneficial for dry skin,neutral,,,neutral,,,neutral,,,neutral,,,neutral,,,neutral,,
Panax ginseng root extract,panaxginsengrootextract,"Rating: Best. Categories: Antioxidants, Plant Extracts",0.0,0.0,0.0,1.0,0.0,0.0,0.0,,,noxmoon,179,Antioxidant,Antioksidan,Serbest radikallere karşı koruyucu antioksidan,neutral,,,neutral,,,neutral,,,neutral,,,neutral,,,neutral,,,neutral,,
Panicum miliaceum,panicummiliaceum,Rating: Average. Categories: Plant Extracts,0.0,0.0,0.0,0.0,0.0,0.0,0.0,,,noxmoon,0,Botanical Extract,Bitkisel Ekstrakt,Bitkisel kaynaklı aktif ekstrakt,neutral,,,neutral,,,neutral,,,neutral,,,neutral,,,neutral,,,neutral,,
Parachlorella Beijerinckii Exopolysaccharides,parachlorellabeijerinckiiexopolysaccharides,"Parachlorella Beijerinckii Exopolysaccharides is an effective in anti-aging and a skin tone evening ingredient, that encourage elastin synthesis and cell regeneration.

It is in the class of Algae Extract which also include ahnfeltia concinna extract, alaria esculenta extract, algae exopolysaccharides, algin, alteromonas ferment extract, ascophyllum nodosum extract, asparagopsis armata extract, chlorella protothecoides, chlorella vulgaris extract, dunaliella salina (green algae) extract, hydrolyzed f-fucoidan, laminaria ochroleuca (kelp) extract, macrocystis pyrifera (kelp) extract, marine extract, padina pavonica thallus extract, plankton extract, porphyridium cruentum extract, pseudoalteromonas exopolysaccharides, tripleurospermum maritimum extract, vibrio alginolyticus ferment filtrate, chlorella protothecoides oil",2.0,0.0,0.0,0.0,1.0,4.0,1.0,Dry and dehydrated skin|Fine Lines|Pregnancy|Wrinkles,,original,2,Skincare Ingredient,Cilt Bakım Bileşeni,Cilt bakım bileşeni,beneficial,Kuru cilt için faydalı bileşen,Beneficial for dry skin,neutral,,,neutral,,,neutral,,,neutral,,,beneficial,Yaşlanma karşıtı faydalı bileşen,Beneficial anti-aging ingredient,neutral,,
Paraffinum liquidum,paraffinumliquidum,Rating: Good. Categories: Emollients,1.0,0.0,0.0,0.0,0.0,0.0,0.0,,,noxmoon,7,Emollient,Yumuşatıcı (Emoliyan),Cildi yumuşatan ve pürüzsüzleştiren bileşen,neutral,,,neutral,,,neutral,,,neutral,,,neutral,,,neutral,,,neutral,,
Parsol 1789,parsol1789,Rating: Best. Categories: Sunscreen Actives,0.0,0.0,0.0,0.0,0.0,0.0,0.0,,,noxmoon,0,Skincare Ingredient,Cilt Bakım Bileşeni,Cilt bakım bileşeni,neutral,,,neutral,,,neutral,,,neutral,,,neutral,,,neutral,,,neutral,,
Passiflora edulis extract,passifloraedulisextract,Rating: Good. Categories: Plant Extracts,0.0,0.0,0.0,0.0,0.0,0.0,0.0,,,noxmoon,0,Botanical Extract,Bitkisel Ekstrakt,Bitkisel kaynaklı aktif ekstrakt,neutral,,,neutral,,,neutral,,,neutral,,,neutral,,,neutral,,,neutral,,
Passiflora edulis seed oil,passifloraedulisseedoil,"Rating: Best. Categories: Skin-Soothing, Antioxidants, Plant Extracts",1.0,0.0,0.0,1.0,2.0,0.0,0.0,,,noxmoon,20,Emollient,Yumuşatıcı (Emoliyan),Cildi yumuşatan ve pürüzsüzleştiren bileşen,neutral,,,neutral,,,neutral,,,neutral,,,beneficial,Hassas cilt için faydalı bileşen,Beneficial for sensitive skin,neutral,,,neutral,,
Pelargonium graveolens oil,pelargoniumgraveolensoil,Rating: Poor. Categories: Plant Extracts,0.0,0.0,0.0,0.0,-1.0,0.0,0.0,,,noxmoon,11,Botanical Extract,Bitkisel Ekstrakt,Bitkisel kaynaklı aktif ekstrakt,neutral,,,neutral,,,neutral,,,neutral,,,caution,"Hassas ciltte tahriş riski taşır, dikkatli kullanılmalı","Risk of irritation, use with caution",neutral,,,neutral,,
Pentapeptide,pentapeptide,"Pentapeptide is a biomimetic peptide that helps the skin become less sensitive by neutralising signals in skin's uppermost layers that would otherwise appear as signs of sensitivity.  In order to deliver this peptide to skin and keep it stable during use, it's typically paired with emollient fatty acids such as shea butter or lecithin.",0.0,0.0,0.0,0.0,0.0,5.0,1.0,Elasticity|Fine Lines|Pregnancy|Wrinkles,,original,0,Oil / Lipid,Yağ / Lipit,Cildi besleyen yağ/lipit bileşeni,neutral,,,neutral,,,neutral,,,neutral,,,neutral,,,beneficial,Yaşlanma karşıtı faydalı bileşen,Beneficial anti-aging ingredient,neutral,,
Perfluorodecalin,perfluorodecalin,"Perfluorodecalin is a synthetic active, used in skincare to dissolve and deliver oxygen into the skin. A lack of oxygen in the skin can cause unwanted bacteria to populate, for example in conditions like acne and rosacea. Adding extra oxygen into the skin, creates a hostile environment for these anaerobic (oxygen-hating) bacteria to survive.",1.0,4.0,2.0,1.0,2.0,1.0,0.0,Acne|Blackheads|Redness|Radiance,,original,24,Skincare Ingredient,Cilt Bakım Bileşeni,Cilt bakım bileşeni,neutral,,,beneficial,Yağlı cilt için faydalı bileşen,Beneficial for oily skin,beneficial,Karma cilt için faydalı bileşen,Beneficial for combination skin,neutral,,,beneficial,Hassas cilt için faydalı bileşen,Beneficial for sensitive skin,neutral,,,neutral,,
Perilla ocymoides,perillaocymoides,"Rating: Average. Categories: Skin-Soothing, Antioxidants, Plant Extracts",1.0,0.0,0.0,1.0,2.0,0.0,0.0,,,noxmoon,0,Emollient,Yumuşatıcı (Emoliyan),Cildi yumuşatan ve pürüzsüzleştiren bileşen,neutral,,,neutral,,,neutral,,,neutral,,,beneficial,Hassas cilt için faydalı bileşen,Beneficial for sensitive skin,neutral,,,neutral,,
Persea gratissima oil,perseagratissimaoil,"Rating: Best. Categories: Antioxidants, Emollients",1.0,0.0,0.0,1.0,0.0,0.0,0.0,,,noxmoon,1,Antioxidant,Antioksidan,Serbest radikallere karşı koruyucu antioksidan,neutral,,,neutral,,,neutral,,,neutral,,,neutral,,,neutral,,,neutral,,
Persicaria hydropiper,persicariahydropiper,"Rating: Best. Categories: Antioxidants, Plant Extracts, Skin-Soothing",1.0,0.0,0.0,1.0,2.0,0.0,0.0,,,noxmoon,0,Antioxidant,Antioksidan,Serbest radikallere karşı koruyucu antioksidan,neutral,,,neutral,,,neutral,,,neutral,,,beneficial,Hassas cilt için faydalı bileşen,Beneficial for sensitive skin,neutral,,,neutral,,
Peucedanum graveolens (dill) extract,peucedanumgraveolensdillextract,"Rating: Best. Categories: Antioxidants, Plant Extracts",0.0,0.0,0.0,1.0,0.0,0.0,0.0,,,noxmoon,13,Antioxidant,Antioksidan,Serbest radikallere karşı koruyucu antioksidan,neutral,,,neutral,,,neutral,,,neutral,,,neutral,,,neutral,,,neutral,,
Phospholipids,phospholipids,"Phospholipids are comprising of fatty acids, glycerol & phosphate. They are in the class of essential lipids, and can be found on ingredient lists as caprooyl phytosphingosine, caprooyl sphingosine, cholesterol, glycolipids, glycoproteins, glycosphingolipids, Lecithin, linolenic acid, linolenic acid and phytosphingosine.",5.0,0.0,1.0,2.0,3.0,1.0,1.0,Dry and dehydrated skin|Impaired skin barrier|Radiance|Pregnancy|Texture,,original,260,Oil / Lipid,Yağ / Lipit,Cildi besleyen yağ/lipit bileşeni,beneficial,Kuru cilt için faydalı bileşen,Beneficial for dry skin,neutral,,,neutral,,,beneficial,Genel cilt sağlığını destekler,Supports overall skin health,beneficial,Hassas cilt için faydalı bileşen,Beneficial for sensitive skin,neutral,,,neutral,,
Phyllanthus emblica fruit extract,phyllanthusemblicafruitextract,"Rating: Best. Categories: Skin-Soothing, Antioxidants, Plant Extracts",1.0,0.0,0.0,1.0,2.0,0.0,0.0,,,noxmoon,39,Emollient,Yumuşatıcı (Emoliyan),Cildi yumuşatan ve pürüzsüzleştiren bileşen,neutral,,,neutral,,,neutral,,,neutral,,,beneficial,Hassas cilt için faydalı bileşen,Beneficial for sensitive skin,neutral,,,neutral,,
Phytic Acid,phyticacid,"Phytic acid is technically an alpha-hydroxy acid (AHA), although its exfoliating effects are very mild compared to other acids in the AHA family. It does work to remove dead skin cell build up from the pores, and in turn reducing occurrences of breakouts, but this is not its main skin benefit. It is predominantly used for its high antioxidant potential, meaning it can neutralise damaging free radicals before they can cause any damage to the skin.",0.0,5.0,3.0,0.0,0.0,0.0,0.0,Acne|Blackheads|Enlarged Pores,,original,75,Skincare Ingredient,Cilt Bakım Bileşeni,Cilt bakım bileşeni,neutral,,,beneficial,Yağlı cilt için faydalı bileşen,Beneficial for oily skin,beneficial,Karma cilt için faydalı bileşen,Beneficial for combination skin,neutral,,,neutral,,,neutral,,,neutral,,
Phytosphingosine,phytosphingosine,"Phytosphingosine (PS) is a lipid which naturally occurs in the stratum corneum (the top, visible layer of our epidermis). This acts as a precursor for ceramide synthesis, meaning it encourages the skin to produce ceramides naturally.

Studies have also shown PS to offer anti-acne benefits, it is believed by reinforcing the protective barrier, and therefore reducing specific abnormalities in the skin functioning that lead to acne (invading inflammatory bacteria, increased keratinization, increased sebaceous gland activity). It is in the same class of essential lipids that include caprooyl phytosphingosine, caprooyl sphingosine, cholesterol, glycolipids, glycoproteins, glycosphingolipids, lecithin, linoleic acid, linolenic acid, and phospholipids.",5.0,0.0,1.0,2.0,3.0,1.0,1.0,Dry and dehydrated skin|Impaired skin barrier|Radiance|Pregnancy|Texture,,original,138,Skincare Ingredient,Cilt Bakım Bileşeni,Cilt bakım bileşeni,beneficial,Kuru cilt için faydalı bileşen,Beneficial for dry skin,neutral,,,neutral,,,beneficial,Genel cilt sağlığını destekler,Supports overall skin health,beneficial,Hassas cilt için faydalı bileşen,Beneficial for sensitive skin,neutral,,,neutral,,
Picea abies extract,piceaabiesextract,"Rating: Best. Categories: Skin-Soothing, Plant Extracts",1.0,0.0,0.0,0.0,2.0,0.0,0.0,,,noxmoon,1,Emollient,Yumuşatıcı (Emoliyan),Cildi yumuşatan ve pürüzsüzleştiren bileşen,neutral,,,neutral,,,neutral,,,neutral,,,beneficial,Hassas cilt için faydalı bileşen,Beneficial for sensitive skin,neutral,,,neutral,,
Pinus lambertiana wood extract,pinuslambertianawoodextract,Rating: Poor. Categories: Plant Extracts,0.0,0.0,0.0,0.0,-1.0,0.0,0.0,,,noxmoon,0,Botanical Extract,Bitkisel Ekstrakt,Bitkisel kaynaklı aktif ekstrakt,neutral,,,neutral,,,neutral,,,neutral,,,caution,"Hassas ciltte tahriş riski taşır, dikkatli kullanılmalı","Risk of irritation, use with caution",neutral,,,neutral,,
Pinus sylvestris extract,pinussylvestrisextract,Rating: Good. Categories: Antioxidants,0.0,0.0,0.0,1.0,0.0,0.0,0.0,,,noxmoon,0,Antioxidant,Antioksidan,Serbest radikallere karşı koruyucu antioksidan,neutral,,,neutral,,,neutral,,,neutral,,,neutral,,,neutral,,,neutral,,
Piper nigrum,pipernigrum,Rating: Poor. Categories: Plant Extracts,0.0,0.0,0.0,0.0,-1.0,0.0,0.0,,,noxmoon,0,Botanical Extract,Bitkisel Ekstrakt,Bitkisel kaynaklı aktif ekstrakt,neutral,,,neutral,,,neutral,,,neutral,,,caution,"Hassas ciltte tahriş riski taşır, dikkatli kullanılmalı","Risk of irritation, use with caution",neutral,,,neutral,,
Pistacia vera seed oil,pistaciaveraseedoil,"Rating: Good. Categories: Plant Extracts, Emollients",1.0,0.0,0.0,0.0,0.0,0.0,0.0,,,noxmoon,2,Botanical Extract,Bitkisel Ekstrakt,Bitkisel kaynaklı aktif ekstrakt,neutral,,,neutral,,,neutral,,,neutral,,,neutral,,,neutral,,,neutral,,
Pisum sativum,pisumsativum,"Rating: Good. Categories: Antioxidants, Plant Extracts",0.0,0.0,0.0,1.0,0.0,0.0,0.0,,,noxmoon,4,Antioxidant,Antioksidan,Serbest radikallere karşı koruyucu antioksidan,neutral,,,neutral,,,neutral,,,neutral,,,neutral,,,neutral,,,neutral,,
Plankton Extract,planktonextract,"Plankton Extract has nourishing and hydrating properties which can benefit those with dry skin, and its gentle nature makes it a fitting choice for individuals with sensitive skin. 

It is in the class of Algae Extract which also include ahnfeltia concinna extract, alaria esculenta extract, algae exopolysaccharides, algin, alteromonas ferment extract, ascophyllum nodosum extract, asparagopsis armata extract, chlorella protothecoides, chlorella vulgaris extract, dunaliella salina (green algae) extract, hydrolyzed f-fucoidan, laminaria ochroleuca (kelp) extract, macrocystis pyrifera (kelp) extract, marine extract, parachlorella beijerinckii exopolysaccharides, parachlorella beijerinckii exopolysaccharides, porphyridium cruentum extract, pseudoalteromonas exopolysaccharides, tripleurospermum maritimum extract, vibrio alginolyticus ferment filtrate, chlorella protothecoides oil",2.0,0.0,0.0,0.0,1.0,4.0,1.0,Dry and dehydrated skin|Fine Lines|Pregnancy|Wrinkles,,original,74,Skincare Ingredient,Cilt Bakım Bileşeni,Cilt bakım bileşeni,beneficial,Kuru cilt için faydalı bileşen,Beneficial for dry skin,neutral,,,neutral,,,neutral,,,neutral,,,beneficial,Yaşlanma karşıtı faydalı bileşen,Beneficial anti-aging ingredient,neutral,,
Pogostemon cablin,pogostemoncablin,"Rating: Poor. Categories: Plant Extracts, Fragrance: Synthetic and Fragrant Plant Extracts",0.0,0.0,0.0,0.0,-2.0,0.0,0.0,,,noxmoon,1,Botanical Extract,Bitkisel Ekstrakt,Bitkisel kaynaklı aktif ekstrakt,neutral,,,neutral,,,neutral,,,neutral,,,caution,"Hassas ciltte tahriş riski taşır, dikkatli kullanılmalı","Risk of irritation, use with caution",neutral,,,neutral,,
Poloxamer 407,poloxamer407,Rating: Good. Categories: Cleansing Agents,0.0,1.0,0.0,0.0,0.0,0.0,0.0,,,noxmoon,22,Surfactant,Yüzey Aktif Madde,Temizleme işlevi gören yüzey aktif madde,neutral,,,neutral,,,neutral,,,neutral,,,neutral,,,neutral,,,neutral,,
Polyhydroxy Acids,polyhydroxyacids,"Polyhydroxy acids (PHAs) work by gently dissolving the keratin that binds our outermost layer of skin cells, encouraging the natural exfoliation process of the skin, leading to smoother, clearer skin. This process also encourages new skin cell generation in the basal layer of the epidermis and with repeated use this can have an overall anti-ageing effect on the skin. 

PHAs are much larger in molecular weight vs AHAs so they cannot penetrate the skin as fast or as far, which therefore makes more gentle & suitable for more sensitive skin types, including those with rosacea-prone skin. Gluconolactone is also especially good for drier skin types as it also has natural humectant qualities, meaning it draws water towards it, hydrating the skin from within.

Polyhydroxy acids (PHAs) are a class of ingredients also known by gluconolactone, lactobionic acid, lactobionic acid (pha) and maltobionic acid.",4.0,6.0,5.0,3.0,1.0,4.0,0.0,Acne|Blackheads|Dry and dehydrated skin|Enlarged Pores|Fine Lines|Pigmentation|Post Blemish Marks|Radiance|Texture,,original,0,Skincare Ingredient,Cilt Bakım Bileşeni,Cilt bakım bileşeni,beneficial,Kuru cilt için faydalı bileşen,Beneficial for dry skin,beneficial,Yağlı cilt için faydalı bileşen,Beneficial for oily skin,beneficial,Karma cilt için faydalı bileşen,Beneficial for combination skin,beneficial,Genel cilt sağlığını destekler,Supports overall skin health,neutral,,,beneficial,Yaşlanma karşıtı faydalı bileşen,Beneficial anti-aging ingredient,neutral,,
Polyporus Umbellatus (Mushroom) Extract,polyporusumbellatusmushroomextract,Polyporus umbellatus (mushroom) extract is a type of medicinal mushroom used in skincare for its antioxidant and skin brightening properties.,0.0,0.0,0.0,0.0,0.0,0.0,0.0,,,original,8,Skincare Ingredient,Cilt Bakım Bileşeni,Cilt bakım bileşeni,neutral,,,neutral,,,neutral,,,neutral,,,neutral,,,neutral,,,neutral,,
Pongamia glabra seed oil,pongamiaglabraseedoil,"Rating: Best. Categories: Antioxidants, Emollients",1.0,0.0,0.0,1.0,0.0,0.0,0.0,,,noxmoon,1,Antioxidant,Antioksidan,Serbest radikallere karşı koruyucu antioksidan,neutral,,,neutral,,,neutral,,,neutral,,,neutral,,,neutral,,,neutral,,
Poria cocos extract,poriacocosextract,"Rating: Best. Categories: Skin-Soothing, Antioxidants, Plant Extracts",1.0,0.0,0.0,1.0,2.0,0.0,0.0,,,noxmoon,1,Emollient,Yumuşatıcı (Emoliyan),Cildi yumuşatan ve pürüzsüzleştiren bileşen,neutral,,,neutral,,,neutral,,,neutral,,,beneficial,Hassas cilt için faydalı bileşen,Beneficial for sensitive skin,neutral,,,neutral,,
Porphyridium Cruentum Extract,porphyridiumcruentumextract,"A type of red algae rich in polysaccharides, which helps to retain moisture and hydrate the skin. This ingredient has a smoothing effect and is very well tolerated by all skin types. The extract of red algae helps to enhance skin elasticity, which results in a reduction of lines and wrinkles.

It is in the class of Algae Extract which also include ahnfeltia concinna extract, alaria esculenta extract, algae exopolysaccharides, algin, alteromonas ferment extract, ascophyllum nodosum extract, asparagopsis armata extract, chlorella protothecoides, chlorella vulgaris extract, dunaliella salina (green algae) extract, hydrolyzed f-fucoidan, laminaria ochroleuca (kelp) extract, macrocystis pyrifera (kelp) extract, marine extract, parachlorella beijerinckii exopolysaccharides, parachlorella beijerinckii exopolysaccharides, plankton extract, pseudoalteromonas exopolysaccharides, tripleurospermum maritimum extract, vibrio alginolyticus ferment filtrate, chlorella protothecoides oil",2.0,0.0,0.0,0.0,1.0,4.0,1.0,Dry and dehydrated skin|Fine Lines|Pregnancy|Wrinkles,,original,17,Skincare Ingredient,Cilt Bakım Bileşeni,Cilt bakım bileşeni,beneficial,Kuru cilt için faydalı bileşen,Beneficial for dry skin,neutral,,,neutral,,,neutral,,,neutral,,,beneficial,Yaşlanma karşıtı faydalı bileşen,Beneficial anti-aging ingredient,neutral,,
Portulaca oleracea extract,portulacaoleraceaextract,"Rating: Best. Categories: Skin-Soothing, Plant Extracts",1.0,0.0,0.0,0.0,2.0,0.0,0.0,,,noxmoon,71,Emollient,Yumuşatıcı (Emoliyan),Cildi yumuşatan ve pürüzsüzleştiren bileşen,neutral,,,neutral,,,neutral,,,neutral,,,beneficial,Hassas cilt için faydalı bileşen,Beneficial for sensitive skin,neutral,,,neutral,,
Potassium Azeloyl Diglycinate,potassiumazeloyldiglycinate,"Potassium Azeloyl Diglycinate (PAD) is a water-soluble derivative of azelaic acid which conveys many of the same benefits as pure azelaic acid. It is a gentle anti-inflammatory so is suitable for sensitive skin, and is able to improve rosacea and acne symptoms, as well as fading pigmentation left from acne.",1.0,6.0,4.0,2.0,2.0,2.0,1.0,Acne|Blackheads|Enlarged Pores|Pigmentation|Post Blemish Marks|Redness|Radiance|Pregnancy,,original,14,Skincare Ingredient,Cilt Bakım Bileşeni,Cilt bakım bileşeni,neutral,,,beneficial,Yağlı cilt için faydalı bileşen,Beneficial for oily skin,beneficial,Karma cilt için faydalı bileşen,Beneficial for combination skin,beneficial,Genel cilt sağlığını destekler,Supports overall skin health,beneficial,Hassas cilt için faydalı bileşen,Beneficial for sensitive skin,beneficial,Yaşlanma karşıtı faydalı bileşen,Beneficial anti-aging ingredient,neutral,,
Prebiotics,prebiotics,"Prebiotics, can be classed as a food source that encourages the growth of good bacteria on the skin. The microbiome (the ecosystem of bacteria on the skin) is a relatively new discovery and we are learning that this is linked to many different aspects of our health, mood and appearance.

Prebiotics are a class of ingredients which can be found on ingredients lists as alpha-glucan oligosaccharide, fructooligosaccharides, lactobacillus extract filtrate, rhamnose and saccharomyces cerevisiae (yeast) extract. ",0.0,4.0,2.0,0.0,2.0,0.0,1.0,Acne|Blackheads|Redness|Pregnancy,,original,0,Skincare Ingredient,Cilt Bakım Bileşeni,Cilt bakım bileşeni,neutral,,,beneficial,Yağlı cilt için faydalı bileşen,Beneficial for oily skin,beneficial,Karma cilt için faydalı bileşen,Beneficial for combination skin,neutral,,,beneficial,Hassas cilt için faydalı bileşen,Beneficial for sensitive skin,neutral,,,neutral,,
Prickly Pear Extract,pricklypearextract,"Prickly pear is a cactus native to Mexico, and is used in skincare for its soothing and hydrating properties. It is also known as hydrolyzed opuntia ficus indica flower extract and opuntia ficus-indica fruit extract.",0.0,0.0,0.0,0.0,2.0,0.0,1.0,Redness|Pregnancy,,original,0,Skincare Ingredient,Cilt Bakım Bileşeni,Cilt bakım bileşeni,neutral,,,neutral,,,neutral,,,neutral,,,beneficial,Hassas cilt için faydalı bileşen,Beneficial for sensitive skin,neutral,,,neutral,,
Probiotics,probiotics,"Probiotics can be defined as living bacteria which are good for the skin, and are useful to include in skincare formulations in order to populate a healthy microbiome (the ecosystem of bacteria on the skin). A diverse breadth in the strains of bacteria living on the skin results in a healthy microbiome, and some early research has linked certain imbalances in this microbiome to skin conditions such as acne, eczema and psoriasis.

Probiotics are a class of ingredients which can be found on ingredients lists as bifida ferment lysate, lactobacillus ferment, and lactococcus ferment lysate.",0.0,4.0,2.0,0.0,2.0,0.0,1.0,Acne|Blackheads|Redness|Pregnancy,,original,0,Skincare Ingredient,Cilt Bakım Bileşeni,Cilt bakım bileşeni,neutral,,,beneficial,Yağlı cilt için faydalı bileşen,Beneficial for oily skin,beneficial,Karma cilt için faydalı bileşen,Beneficial for combination skin,neutral,,,beneficial,Hassas cilt için faydalı bileşen,Beneficial for sensitive skin,neutral,,,neutral,,
Proline,proline,"A non-essential amino acid (meaning that our body can produce it) that's also one of the major building blocks of collagen. It is thought to be able to improve wrinkles when combined with other amino acids, glycine and leucine.

Amino acids are a class of ingredients. They can also be found on ingredients lists as acetyl glucosamine,acetyl tyrosinamide, alanine, arginine hcl, arginine pca, histidine, isoleucine, leucine, lysine, phenylalanine, serine, taurine, threonine and valine and yeast amino acids.",3.0,0.0,1.0,1.0,1.0,5.0,1.0,Dry and dehydrated skin|Elasticity|Fine Lines|Pregnancy|Texture|Wrinkles,,original,104,Skincare Ingredient,Cilt Bakım Bileşeni,Cilt bakım bileşeni,beneficial,Kuru cilt için faydalı bileşen,Beneficial for dry skin,neutral,,,neutral,,,neutral,,,neutral,,,beneficial,Yaşlanma karşıtı faydalı bileşen,Beneficial anti-aging ingredient,neutral,,
Prunella vulgaris,prunellavulgaris,"Rating: Average. Categories: Skin-Soothing, Antioxidants, Plant Extracts",1.0,0.0,0.0,1.0,2.0,0.0,0.0,,,noxmoon,0,Emollient,Yumuşatıcı (Emoliyan),Cildi yumuşatan ve pürüzsüzleştiren bileşen,neutral,,,neutral,,,neutral,,,neutral,,,beneficial,Hassas cilt için faydalı bileşen,Beneficial for sensitive skin,neutral,,,neutral,,
Prunus americana,prunusamericana,"Rating: Good. Categories: Antioxidants, Plant Extracts",0.0,0.0,0.0,1.0,0.0,0.0,0.0,,,noxmoon,0,Antioxidant,Antioksidan,Serbest radikallere karşı koruyucu antioksidan,neutral,,,neutral,,,neutral,,,neutral,,,neutral,,,neutral,,,neutral,,
Prunus amygdalus dulcis,prunusamygdalusdulcis,"Rating: Good. Categories: Plant Extracts, Emollients",1.0,0.0,0.0,0.0,0.0,0.0,0.0,,,noxmoon,2,Botanical Extract,Bitkisel Ekstrakt,Bitkisel kaynaklı aktif ekstrakt,neutral,,,neutral,,,neutral,,,neutral,,,neutral,,,neutral,,,neutral,,
Prunus armeniaca,prunusarmeniaca,"Rating: Good. Categories: Plant Extracts, Emollients",1.0,0.0,0.0,0.0,0.0,0.0,0.0,,,noxmoon,0,Botanical Extract,Bitkisel Ekstrakt,Bitkisel kaynaklı aktif ekstrakt,neutral,,,neutral,,,neutral,,,neutral,,,neutral,,,neutral,,,neutral,,
Prunus domestica seed extract,prunusdomesticaseedextract,"Rating: Good. Categories: Antioxidants, Plant Extracts",0.0,0.0,0.0,1.0,0.0,0.0,0.0,,,noxmoon,1,Antioxidant,Antioksidan,Serbest radikallere karşı koruyucu antioksidan,neutral,,,neutral,,,neutral,,,neutral,,,neutral,,,neutral,,,neutral,,
Prunus domestica seed oil,prunusdomesticaseedoil,"Rating: Best. Categories: Antioxidants, Plant Extracts, Emollients",1.0,0.0,0.0,1.0,0.0,0.0,0.0,,,noxmoon,4,Antioxidant,Antioksidan,Serbest radikallere karşı koruyucu antioksidan,neutral,,,neutral,,,neutral,,,neutral,,,neutral,,,neutral,,,neutral,,
Prunus dulcis,prunusdulcis,Rating: Good. Categories: Emollients,1.0,0.0,0.0,0.0,0.0,0.0,0.0,,,noxmoon,0,Emollient,Yumuşatıcı (Emoliyan),Cildi yumuşatan ve pürüzsüzleştiren bileşen,neutral,,,neutral,,,neutral,,,neutral,,,neutral,,,neutral,,,neutral,,
Prunus serotina (wild cherry) fruit extract,prunusserotinawildcherryfruitextract,"Rating: Best. Categories: Antioxidants, Plant Extracts",0.0,0.0,0.0,1.0,0.0,0.0,0.0,,,noxmoon,1,Antioxidant,Antioksidan,Serbest radikallere karşı koruyucu antioksidan,neutral,,,neutral,,,neutral,,,neutral,,,neutral,,,neutral,,,neutral,,
Pseudoalteromonas Exopolysaccharides,pseudoalteromonasexopolysaccharides,"Pseudoalteromonas Exopolysaccharides are biotechnological marine alternatives to famous IT-moisturiser and humectant hyaluronic acid (HA). It is obtained by the fermentation of a marine bacterial strain.

It is in the class of Algae Extract which also include ahnfeltia concinna extract, alaria esculenta extract, algae exopolysaccharides, algin, alteromonas ferment extract, ascophyllum nodosum extract, asparagopsis armata extract, chlorella protothecoides, chlorella vulgaris extract, dunaliella salina (green algae) extract, hydrolyzed f-fucoidan, laminaria ochroleuca (kelp) extract, macrocystis pyrifera (kelp) extract, marine extract, parachlorella beijerinckii exopolysaccharides, plankton extract, porphyridium cruentum extract, padina pavonica thallus extract, tripleurospermum maritimum extract, vibrio alginolyticus ferment filtrate, chlorella protothecoides oil",2.0,0.0,0.0,0.0,1.0,4.0,1.0,Dry and dehydrated skin|Fine Lines|Pregnancy|Wrinkles,,original,3,Skincare Ingredient,Cilt Bakım Bileşeni,Cilt bakım bileşeni,beneficial,Kuru cilt için faydalı bileşen,Beneficial for dry skin,neutral,,,neutral,,,neutral,,,neutral,,,beneficial,Yaşlanma karşıtı faydalı bileşen,Beneficial anti-aging ingredient,neutral,,
Pseudopterogorgia elisabethae,pseudopterogorgiaelisabethae,"Rating: Best. Categories: Skin-Soothing, Antioxidants",1.0,0.0,0.0,1.0,2.0,0.0,0.0,,,noxmoon,0,Emollient,Yumuşatıcı (Emoliyan),Cildi yumuşatan ve pürüzsüzleştiren bileşen,neutral,,,neutral,,,neutral,,,neutral,,,beneficial,Hassas cilt için faydalı bileşen,Beneficial for sensitive skin,neutral,,,neutral,,
Psidium guajava fruit extract,psidiumguajavafruitextract,"Rating: Best. Categories: Antioxidants, Plant Extracts",0.0,0.0,0.0,1.0,0.0,0.0,0.0,,,noxmoon,20,Antioxidant,Antioksidan,Serbest radikallere karşı koruyucu antioksidan,neutral,,,neutral,,,neutral,,,neutral,,,neutral,,,neutral,,,neutral,,
Pueraria lobata,puerarialobata,"Rating: Best. Categories: Antioxidants, Plant Extracts",0.0,0.0,0.0,1.0,0.0,0.0,0.0,,,noxmoon,0,Antioxidant,Antioksidan,Serbest radikallere karşı koruyucu antioksidan,neutral,,,neutral,,,neutral,,,neutral,,,neutral,,,neutral,,,neutral,,
Punica granatum extract,punicagranatumextract,"Rating: Best. Categories: Antioxidants, Plant Extracts",0.0,0.0,0.0,1.0,0.0,0.0,0.0,,,noxmoon,49,Antioxidant,Antioksidan,Serbest radikallere karşı koruyucu antioksidan,neutral,,,neutral,,,neutral,,,neutral,,,neutral,,,neutral,,,neutral,,
Pyrus cydonia,pyruscydonia,"Rating: Poor. Categories: Plant Extracts, Texture Enhancer",0.0,0.0,0.0,0.0,-1.0,0.0,0.0,,,noxmoon,0,Botanical Extract,Bitkisel Ekstrakt,Bitkisel kaynaklı aktif ekstrakt,neutral,,,neutral,,,neutral,,,neutral,,,caution,"Hassas ciltte tahriş riski taşır, dikkatli kullanılmalı","Risk of irritation, use with caution",neutral,,,neutral,,
Pyrus malus (apple) fruit extract,pyrusmalusapplefruitextract,"Rating: Good. Categories: Skin-Restoring, Plant Extracts, Texture Enhancer",2.0,0.0,0.0,0.0,1.0,0.0,0.0,,,noxmoon,146,Emollient,Yumuşatıcı (Emoliyan),Cildi yumuşatan ve pürüzsüzleştiren bileşen,beneficial,Kuru cilt için faydalı bileşen,Beneficial for dry skin,neutral,,,neutral,,,neutral,,,neutral,,,neutral,,,neutral,,
Quercetin,quercetin,"Quercetin is a naturally occurring bioflavonoid found in fruits and vegetables such as kale, onion, tomatoes and berries. It is used in skincare for its antioxidant abilities, meaning it can neutralise free radicals before they cause any damage to the skin. Studies also show Quercetin to have anti-inflammatory effects, and an ability to protect the skin against aggressors such as UV, histamine and toxic chemicals. It is also believed to support the skin barrier functioning, reducing water-loss via the skin to improve hydration levels in the epidermis.",4.0,0.0,1.0,1.0,3.0,0.0,1.0,Dry and dehydrated skin|Impaired skin barrier|Pregnancy|Texture,,original,5,Skincare Ingredient,Cilt Bakım Bileşeni,Cilt bakım bileşeni,beneficial,Kuru cilt için faydalı bileşen,Beneficial for dry skin,neutral,,,neutral,,,neutral,,,beneficial,Hassas cilt için faydalı bileşen,Beneficial for sensitive skin,neutral,,,neutral,,
Quercus infectoria extract,quercusinfectoriaextract,Rating: Poor. Categories: Plant Extracts,0.0,0.0,0.0,0.0,-1.0,0.0,0.0,,,noxmoon,0,Botanical Extract,Bitkisel Ekstrakt,Bitkisel kaynaklı aktif ekstrakt,neutral,,,neutral,,,neutral,,,neutral,,,caution,"Hassas ciltte tahriş riski taşır, dikkatli kullanılmalı","Risk of irritation, use with caution",neutral,,,neutral,,
Red Algae,redalgae,"Algae is an incredibly interesting natural ingredient source. It is essentially an underwater plant, designed to get its food from sunlight, much like any other plants, although from much more challenging conditions. There are many types of algae (kelp, laminaria, microalgae), but in general in all its forms it acts as a powerful antioxidant, protecting from free radical damage, as well as being able to hydrate the skin and deliver naturally-occurring vitamins into the skin.",4.0,0.0,1.0,1.0,3.0,0.0,1.0,Dry and dehydrated skin|Impaired skin barrier|Pregnancy|Texture,,original,0,Botanical Extract,Bitkisel Ekstrakt,Bitkisel kaynaklı aktif ekstrakt,beneficial,Kuru cilt için faydalı bileşen,Beneficial for dry skin,neutral,,,neutral,,,neutral,,,beneficial,Hassas cilt için faydalı bileşen,Beneficial for sensitive skin,neutral,,,neutral,,
Resveratrol,resveratrol,"Resveratrol is a family of ingredients also known as vitis vinifera (organic, cold pressed concord grape) seed oil, vitis vinifera (grape) flower cell extract, vitis vinifera (grape) fruit extract, vitis vinifera (grape) seed extract, vitis vinifera seed extract or vitis vinifera (organic). 

Most famously found in the skin of red grapes, but also occurring naturally in peanuts and certain fruits such as blueberries and cranberries. It is included in skincare for its powerful antioxidant abilities. Research shows it can protect against free radicals, as well as oxidative damage caused by UV.",0.0,0.0,0.0,0.0,0.0,5.0,1.0,Elasticity|Fine Lines|Pregnancy|Wrinkles,,original,69,Skincare Ingredient,Cilt Bakım Bileşeni,Cilt bakım bileşeni,neutral,,,neutral,,,neutral,,,neutral,,,neutral,,,beneficial,Yaşlanma karşıtı faydalı bileşen,Beneficial anti-aging ingredient,neutral,,
Retinol,retinol,"Retinol, is a part of the vitamin A family of ingredients and is one of the most well-researched actives used in skincare today. Retinol and all of its derivatives are broken down within the skin first into retinaldehyde, then into retinoic acid, the active form recognised by the body to trigger its skin benefits.

Retinoic acid (aka tretinoin) is the gold standard of anti-ageing and works in a number of ways. Firstly, it blocks the production of collagen-degrading enzymes, meaning collagen does not get broken down as quickly in the skin. After prolonged use (6M+), it has also been shown to stimulate the production of type I and type III collagen, reducing wrinkles and improving skin firmness. It has been shown to protect against UV-induced damage, as well as reducing the appearance of hyperpigmentation in the skin. Skin treated with retinoids is smoother, more even-toned, firmer and younger looking.

It is part of a family of ingredients also found on ingredients lists as encapsulated retinaldehyde, hydroxypinacolone retinoate, retinaldehyde, retinyl palmitate, retinyl propionate and retinyl retinoate (8x more powerful than retinol)",1.0,5.0,4.0,3.0,-4.0,7.0,-2.0,Acne|Blackheads|Elasticity|Enlarged Pores|Fine Lines|Pigmentation|Radiance|Texture|Wrinkles,Pregnancy|Sensitive|Impaired skin barrier,original,230,Retinoid,Retinoid,Hücre yenilenmesini hızlandıran A vitamini türevi,neutral,,,beneficial,Yağlı cilt için faydalı bileşen,Beneficial for oily skin,beneficial,Karma cilt için faydalı bileşen,Beneficial for combination skin,beneficial,Genel cilt sağlığını destekler,Supports overall skin health,caution,"Hassas ciltte tahriş riski taşır, dikkatli kullanılmalı","Risk of irritation, use with caution",beneficial,Yaşlanma karşıtı faydalı bileşen,Beneficial anti-aging ingredient,caution,"Hamilelikte kullanımı önerilmez, doktorunuza danışın","Not recommended during pregnancy, consult your doctor"
Retinyl Palmitate,retinylpalmitate,"Retinyl Palmitate is a part of the vitamin A family of ingredients. It is broken down in the body to retinol, and then into retinaldehyde, then again into retinoic acid, the active form recognised by the body to trigger its skin benefits.

It is part of a family of ingredients also found on ingredients lists as encapsulated retinaldehyde, hydroxypinacolone retinoate, retinaldehyde, retinol, retinyl propionate and retinyl retinoate (8x more powerful than retinol)",-1.0,0.0,0.0,0.0,-2.0,2.0,-2.0,Fine Lines,Pregnancy|Impaired skin barrier,original,564,Skincare Ingredient,Cilt Bakım Bileşeni,Cilt bakım bileşeni,caution,"Kurutucu etki yapabilir, nemlendiriciyle kullanılmalı",May have drying effects,neutral,,,neutral,,,neutral,,,caution,"Hassas ciltte tahriş riski taşır, dikkatli kullanılmalı","Risk of irritation, use with caution",beneficial,Yaşlanma karşıtı faydalı bileşen,Beneficial anti-aging ingredient,caution,"Hamilelikte kullanımı önerilmez, doktorunuza danışın","Not recommended during pregnancy, consult your doctor"
Retinyl Propionate,retinylpropionate,"Retinyl Propionate is a part of the vitamin A family of ingredients and is an ester of retinol and propionic acid. It is designed to have better skin tolerability vs. retinol. Once absorbed, it is broken down in the body to retinol, then into retinaldehyde, and then again into retinoic acid, the active form recognised by the body to trigger it’s skin benefits. Studies have shown levels of 0.3% or higher are required to see benefits comparable with retinol. 

It is part of a family of ingredients also found on ingredients lists as encapsulated retinaldehyde, hydroxypinacolone retinoate, retinaldehyde, retinyl palmitate, retinyl propionate and retinyl retinoate (8x more powerful than retinol)",1.0,1.0,2.0,3.0,-4.0,7.0,-2.0,Elasticity|Enlarged Pores|Fine Lines|Pigmentation|Radiance|Texture|Wrinkles,Pregnancy|Sensitive|Impaired skin barrier,original,13,Skincare Ingredient,Cilt Bakım Bileşeni,Cilt bakım bileşeni,neutral,,,neutral,,,beneficial,Karma cilt için faydalı bileşen,Beneficial for combination skin,beneficial,Genel cilt sağlığını destekler,Supports overall skin health,caution,"Hassas ciltte tahriş riski taşır, dikkatli kullanılmalı","Risk of irritation, use with caution",beneficial,Yaşlanma karşıtı faydalı bileşen,Beneficial anti-aging ingredient,caution,"Hamilelikte kullanımı önerilmez, doktorunuza danışın","Not recommended during pregnancy, consult your doctor"
Retinyl Retinoate,retinylretinoate,"Retinyl retinoate is a part of the vitamin A family of ingredients, which combines retinol with retinoic acid. Research shows that this makes it more stable in the delivery (a common problem with either active alone), as well as more potent and less irritating. It is broken down by the body in two stages - first into retinol and retinoic acid, then the retinol is broken down again into retinoic acid, so essentially packing double the punch. Studies carried out comparing this to pure retinol showed significantly more effective and faster results, with comparable side effects. 

It is part of a family of ingredients also found on ingredients lists as encapsulated retinaldehyde, hydroxypinacolone retinoate, retinaldehyde, retinyl palmitate and retinyl propionate.",1.0,5.0,4.0,3.0,-4.0,7.0,-2.0,Acne|Blackheads|Elasticity|Enlarged Pores|Fine Lines|Pigmentation|Radiance|Texture|Wrinkles,Pregnancy|Sensitive|Impaired skin barrier,original,2,Retinoid,Retinoid,Hücre yenilenmesini hızlandıran A vitamini türevi,neutral,,,beneficial,Yağlı cilt için faydalı bileşen,Beneficial for oily skin,beneficial,Karma cilt için faydalı bileşen,Beneficial for combination skin,beneficial,Genel cilt sağlığını destekler,Supports overall skin health,caution,"Hassas ciltte tahriş riski taşır, dikkatli kullanılmalı","Risk of irritation, use with caution",beneficial,Yaşlanma karşıtı faydalı bileşen,Beneficial anti-aging ingredient,caution,"Hamilelikte kullanımı önerilmez, doktorunuza danışın","Not recommended during pregnancy, consult your doctor"
Rhamnose,rhamnose,"Rhamnose is a naturally occurring sugar found in plant sources such as buckthorn and birch. Studies have shown that its molecular size and structure allows it to penetrate to the area between the base of the epidermis and the top of the dermis, known as the ‘dermo-epidermal junction’. This is important as this is where the fibroblasts are situated, which produce the key skin proteins collagen and elastin, which contribute to overall skin structure & firmness. In vivo studies (on humans) from the manufacturers have shown that applying a product including rhamnose once daily for 8 weeks resulting in an increase in collagen production, and a decrease in overall wrinkle depth.

Prebiotics are in a class of ingredients that can be found on ingredients lists as alpha-glucan oligosaccharide, fructooligosaccharides, lactobacillus extract filtrate and saccharomyces cerevisiae (yeast) extract.",0.0,4.0,2.0,0.0,2.0,0.0,1.0,Acne|Blackheads|Redness|Pregnancy,,original,68,Botanical Extract,Bitkisel Ekstrakt,Bitkisel kaynaklı aktif ekstrakt,neutral,,,beneficial,Yağlı cilt için faydalı bileşen,Beneficial for oily skin,beneficial,Karma cilt için faydalı bileşen,Beneficial for combination skin,neutral,,,beneficial,Hassas cilt için faydalı bileşen,Beneficial for sensitive skin,neutral,,,neutral,,
Rhodiola rosea root extract,rhodiolarosearootextract,Rating: Best. Categories: Antioxidants,0.0,0.0,0.0,1.0,0.0,0.0,0.0,,,noxmoon,30,Antioxidant,Antioksidan,Serbest radikallere karşı koruyucu antioksidan,neutral,,,neutral,,,neutral,,,neutral,,,neutral,,,neutral,,,neutral,,
Ricinus communis,ricinuscommunis,"Rating: Good. Categories: Plant Extracts, Emollients",1.0,0.0,0.0,0.0,0.0,0.0,0.0,,,noxmoon,6,Botanical Extract,Bitkisel Ekstrakt,Bitkisel kaynaklı aktif ekstrakt,neutral,,,neutral,,,neutral,,,neutral,,,neutral,,,neutral,,,neutral,,
Robinia pseudacacia extract,robiniapseudacaciaextract,"Rating: Poor. Categories: Antioxidants, Plant Extracts",0.0,0.0,0.0,1.0,-1.0,0.0,0.0,,,noxmoon,0,Antioxidant,Antioksidan,Serbest radikallere karşı koruyucu antioksidan,neutral,,,neutral,,,neutral,,,neutral,,,caution,"Hassas ciltte tahriş riski taşır, dikkatli kullanılmalı","Risk of irritation, use with caution",neutral,,,neutral,,
Rosa canina,rosacanina,"Rating: Good. Categories: Antioxidants, Emollients, Plant Extracts",1.0,0.0,0.0,1.0,0.0,0.0,0.0,,,noxmoon,0,Antioxidant,Antioksidan,Serbest radikallere karşı koruyucu antioksidan,neutral,,,neutral,,,neutral,,,neutral,,,neutral,,,neutral,,,neutral,,
Rosa centifolia,rosacentifolia,"Rating: Good. Categories: Antioxidants, Emollients, Plant Extracts",1.0,0.0,0.0,1.0,0.0,0.0,0.0,,,noxmoon,1,Antioxidant,Antioksidan,Serbest radikallere karşı koruyucu antioksidan,neutral,,,neutral,,,neutral,,,neutral,,,neutral,,,neutral,,,neutral,,
Rosa centifolia flower,rosacentifoliaflower,"Rating: Good. Categories: Antioxidants, Emollients, Plant Extracts",1.0,0.0,0.0,1.0,0.0,0.0,0.0,,,noxmoon,0,Antioxidant,Antioksidan,Serbest radikallere karşı koruyucu antioksidan,neutral,,,neutral,,,neutral,,,neutral,,,neutral,,,neutral,,,neutral,,
Rosa damascena oil,rosadamascenaoil,"Rating: Poor. Categories: Plant Extracts, Fragrance: Synthetic and Fragrant Plant Extracts",0.0,0.0,0.0,0.0,-2.0,0.0,0.0,,,noxmoon,0,Botanical Extract,Bitkisel Ekstrakt,Bitkisel kaynaklı aktif ekstrakt,neutral,,,neutral,,,neutral,,,neutral,,,caution,"Hassas ciltte tahriş riski taşır, dikkatli kullanılmalı","Risk of irritation, use with caution",neutral,,,neutral,,
Rosa eglanteria,rosaeglanteria,"Rating: Good. Categories: Antioxidants, Emollients, Plant Extracts",1.0,0.0,0.0,1.0,0.0,0.0,0.0,,,noxmoon,0,Antioxidant,Antioksidan,Serbest radikallere karşı koruyucu antioksidan,neutral,,,neutral,,,neutral,,,neutral,,,neutral,,,neutral,,,neutral,,
Rosa gallica flower extract,rosagallicaflowerextract,"Rating: Poor. Categories: Plant Extracts, Fragrance: Synthetic and Fragrant Plant Extracts",0.0,0.0,0.0,0.0,-2.0,0.0,0.0,,,noxmoon,10,Botanical Extract,Bitkisel Ekstrakt,Bitkisel kaynaklı aktif ekstrakt,neutral,,,neutral,,,neutral,,,neutral,,,caution,"Hassas ciltte tahriş riski taşır, dikkatli kullanılmalı","Risk of irritation, use with caution",neutral,,,neutral,,
Rosa mosqueta,rosamosqueta,"Rating: Good. Categories: Antioxidants, Plant Extracts, Emollients",1.0,0.0,0.0,1.0,0.0,0.0,0.0,,,noxmoon,0,Antioxidant,Antioksidan,Serbest radikallere karşı koruyucu antioksidan,neutral,,,neutral,,,neutral,,,neutral,,,neutral,,,neutral,,,neutral,,
Rosa roxburghii extract,rosaroxburghiiextract,"Rating: Best. Categories: Antioxidants, Plant Extracts",0.0,0.0,0.0,1.0,0.0,0.0,0.0,,,noxmoon,6,Antioxidant,Antioksidan,Serbest radikallere karşı koruyucu antioksidan,neutral,,,neutral,,,neutral,,,neutral,,,neutral,,,neutral,,,neutral,,
Rosa rubiginosa,rosarubiginosa,"Rating: Good. Categories: Antioxidants, Plant Extracts, Emollients",1.0,0.0,0.0,1.0,0.0,0.0,0.0,,,noxmoon,0,Antioxidant,Antioksidan,Serbest radikallere karşı koruyucu antioksidan,neutral,,,neutral,,,neutral,,,neutral,,,neutral,,,neutral,,,neutral,,
Rosemary Leaf Extract,rosemaryleafextract,"Rosemary Leaf Extract is derived from the leaves of the rosemary plant (Rosmarinus officinalis). In skincare, it is used for its antioxidant, anti-inflammatory, and soothing properties.",0.0,0.0,0.0,0.0,2.0,0.0,1.0,Redness|Pregnancy,,original,27,Botanical Extract,Bitkisel Ekstrakt,Bitkisel kaynaklı aktif ekstrakt,neutral,,,neutral,,,neutral,,,neutral,,,beneficial,Hassas cilt için faydalı bileşen,Beneficial for sensitive skin,neutral,,,neutral,,
Rosmarinus officinalis extract,rosmarinusofficinalisextract,"Rating: Poor. Categories: Antioxidants, Plant Extracts, Fragrance: Synthetic and Fragrant Plant Extracts",0.0,0.0,0.0,1.0,-2.0,0.0,0.0,,,noxmoon,2,Antioxidant,Antioksidan,Serbest radikallere karşı koruyucu antioksidan,neutral,,,neutral,,,neutral,,,neutral,,,caution,"Hassas ciltte tahriş riski taşır, dikkatli kullanılmalı","Risk of irritation, use with caution",neutral,,,neutral,,
Rubus idaeus,rubusidaeus,"Rating: Good. Categories: Antioxidants, Plant Extracts",0.0,0.0,0.0,1.0,0.0,0.0,0.0,,,noxmoon,0,Antioxidant,Antioksidan,Serbest radikallere karşı koruyucu antioksidan,neutral,,,neutral,,,neutral,,,neutral,,,neutral,,,neutral,,,neutral,,
Rubus occidentalis,rubusoccidentalis,"Rating: Best. Categories: Antioxidants, Plant Extracts",0.0,0.0,0.0,1.0,0.0,0.0,0.0,,,noxmoon,0,Antioxidant,Antioksidan,Serbest radikallere karşı koruyucu antioksidan,neutral,,,neutral,,,neutral,,,neutral,,,neutral,,,neutral,,,neutral,,
Rubus ursinus,rubusursinus,"Rating: Good. Categories: Antioxidants, Plant Extracts",0.0,0.0,0.0,1.0,0.0,0.0,0.0,,,noxmoon,0,Antioxidant,Antioksidan,Serbest radikallere karşı koruyucu antioksidan,neutral,,,neutral,,,neutral,,,neutral,,,neutral,,,neutral,,,neutral,,
Rubus ursinus x idaeus,rubusursinusxidaeus,"Rating: Best. Categories: Antioxidants, Plant Extracts",0.0,0.0,0.0,1.0,0.0,0.0,0.0,,,noxmoon,0,Antioxidant,Antioksidan,Serbest radikallere karşı koruyucu antioksidan,neutral,,,neutral,,,neutral,,,neutral,,,neutral,,,neutral,,,neutral,,
Rubus villoscus,rubusvilloscus,"Rating: Best. Categories: Antioxidants, Plant Extracts",0.0,0.0,0.0,1.0,0.0,0.0,0.0,,,noxmoon,0,Antioxidant,Antioksidan,Serbest radikallere karşı koruyucu antioksidan,neutral,,,neutral,,,neutral,,,neutral,,,neutral,,,neutral,,,neutral,,
Ruscus aculeatus,ruscusaculeatus,"Rating: Average. Categories: Skin-Soothing, Plant Extracts",1.0,0.0,0.0,0.0,2.0,0.0,0.0,,,noxmoon,0,Emollient,Yumuşatıcı (Emoliyan),Cildi yumuşatan ve pürüzsüzleştiren bileşen,neutral,,,neutral,,,neutral,,,neutral,,,beneficial,Hassas cilt için faydalı bileşen,Beneficial for sensitive skin,neutral,,,neutral,,
SD alcohol,sdalcohol,Rating: Poor. Categories: Sensitizing,-1.0,0.0,0.0,0.0,-2.0,0.0,0.0,,Sensitizing,noxmoon,4,Skincare Ingredient,Cilt Bakım Bileşeni,Cilt bakım bileşeni,caution,"Kurutucu etki yapabilir, nemlendiriciyle kullanılmalı",May have drying effects,neutral,,,neutral,,,neutral,,,caution,"Hassas ciltte tahriş riski taşır, dikkatli kullanılmalı","Risk of irritation, use with caution",neutral,,,neutral,,
SD alcohol 40-2,sdalcohol402,Rating: Poor. Categories: Sensitizing,-1.0,0.0,0.0,0.0,-2.0,0.0,0.0,,Sensitizing,noxmoon,0,Skincare Ingredient,Cilt Bakım Bileşeni,Cilt bakım bileşeni,caution,"Kurutucu etki yapabilir, nemlendiriciyle kullanılmalı",May have drying effects,neutral,,,neutral,,,neutral,,,caution,"Hassas ciltte tahriş riski taşır, dikkatli kullanılmalı","Risk of irritation, use with caution",neutral,,,neutral,,
SPF,spf,Rating: Best. Categories: Miscellaneous,0.0,0.0,0.0,0.0,0.0,0.0,0.0,,,noxmoon,0,Skincare Ingredient,Cilt Bakım Bileşeni,Cilt bakım bileşeni,neutral,,,neutral,,,neutral,,,neutral,,,neutral,,,neutral,,,neutral,,
Saccharomyces Cerevisiae (Yeast) Extract,saccharomycescerevisiaeyeastextract,"Yeast extract (e.g. Saccharomyces Cerevisiae) is used in skincare for its benefits as a moisturising and soothing agent. It has strong antioxidant properties to protect against free radical damage and its fermented nature means it also functions as a prebiotic on the skin (meaning it acts as a food source for beneficial skin bacteria to thrive).

Prebiotics are in a class of ingredients that can be found on ingredients lists as alpha-glucan oligosaccharide, fructooligosaccharides, lactobacillus extract filtrate and rhamnose.",0.0,4.0,2.0,0.0,2.0,0.0,1.0,Acne|Blackheads|Redness|Pregnancy,,original,3,Skincare Ingredient,Cilt Bakım Bileşeni,Cilt bakım bileşeni,neutral,,,beneficial,Yağlı cilt için faydalı bileşen,Beneficial for oily skin,beneficial,Karma cilt için faydalı bileşen,Beneficial for combination skin,neutral,,,beneficial,Hassas cilt için faydalı bileşen,Beneficial for sensitive skin,neutral,,,neutral,,
Saccharomyces calcium ferment,saccharomycescalciumferment,Rating: Average. Categories: Miscellaneous,0.0,0.0,0.0,0.0,0.0,0.0,0.0,,,noxmoon,7,Skincare Ingredient,Cilt Bakım Bileşeni,Cilt bakım bileşeni,neutral,,,neutral,,,neutral,,,neutral,,,neutral,,,neutral,,,neutral,,
Saccharomyces cerevisiae,saccharomycescerevisiae,Rating: Average. Categories: Skin-Replenishing,2.0,0.0,0.0,0.0,1.0,0.0,0.0,,,noxmoon,2,Ceramide,Seramid,Cilt bariyerini güçlendiren bileşen,beneficial,Kuru cilt için faydalı bileşen,Beneficial for dry skin,neutral,,,neutral,,,neutral,,,neutral,,,neutral,,,neutral,,
Saccharomyces copper ferment,saccharomycescopperferment,Rating: Average. Categories: Antioxidants,0.0,0.0,0.0,1.0,0.0,0.0,0.0,,,noxmoon,22,Antioxidant,Antioksidan,Serbest radikallere karşı koruyucu antioksidan,neutral,,,neutral,,,neutral,,,neutral,,,neutral,,,neutral,,,neutral,,
Saccharomyces iron ferment,saccharomycesironferment,Rating: Average. Categories: Antioxidants,0.0,0.0,0.0,1.0,0.0,0.0,0.0,,,noxmoon,14,Antioxidant,Antioksidan,Serbest radikallere karşı koruyucu antioksidan,neutral,,,neutral,,,neutral,,,neutral,,,neutral,,,neutral,,,neutral,,
Saccharomyces lysate,saccharomyceslysate,Rating: Good. Categories: Antioxidants,0.0,0.0,0.0,1.0,0.0,0.0,0.0,,,noxmoon,1,Antioxidant,Antioksidan,Serbest radikallere karşı koruyucu antioksidan,neutral,,,neutral,,,neutral,,,neutral,,,neutral,,,neutral,,,neutral,,
Saccharomyces magnesium ferment,saccharomycesmagnesiumferment,Rating: Average. Categories: Antioxidants,0.0,0.0,0.0,1.0,0.0,0.0,0.0,,,noxmoon,21,Antioxidant,Antioksidan,Serbest radikallere karşı koruyucu antioksidan,neutral,,,neutral,,,neutral,,,neutral,,,neutral,,,neutral,,,neutral,,
Saccharomyces manganese ferment,saccharomycesmanganeseferment,Rating: Average. Categories: Antioxidants,0.0,0.0,0.0,1.0,0.0,0.0,0.0,,,noxmoon,6,Antioxidant,Antioksidan,Serbest radikallere karşı koruyucu antioksidan,neutral,,,neutral,,,neutral,,,neutral,,,neutral,,,neutral,,,neutral,,
Saccharomyces officinarum ferment,saccharomycesofficinarumferment,Rating: Average. Categories: Plant Extracts,0.0,0.0,0.0,0.0,0.0,0.0,0.0,,,noxmoon,0,Botanical Extract,Bitkisel Ekstrakt,Bitkisel kaynaklı aktif ekstrakt,neutral,,,neutral,,,neutral,,,neutral,,,neutral,,,neutral,,,neutral,,
Saccharomyces potassium ferment,saccharomycespotassiumferment,Rating: Average. Categories: Antioxidants,0.0,0.0,0.0,1.0,0.0,0.0,0.0,,,noxmoon,10,Antioxidant,Antioksidan,Serbest radikallere karşı koruyucu antioksidan,neutral,,,neutral,,,neutral,,,neutral,,,neutral,,,neutral,,,neutral,,
Saccharomyces silicon ferment,saccharomycessiliconferment,Rating: Average. Categories: Antioxidants,0.0,0.0,0.0,1.0,0.0,0.0,0.0,,,noxmoon,14,Antioxidant,Antioksidan,Serbest radikallere karşı koruyucu antioksidan,neutral,,,neutral,,,neutral,,,neutral,,,neutral,,,neutral,,,neutral,,
Saccharomyces zinc ferment,saccharomyceszincferment,Rating: Average. Categories: Antioxidants,0.0,0.0,0.0,1.0,0.0,0.0,0.0,,,noxmoon,24,Antioxidant,Antioksidan,Serbest radikallere karşı koruyucu antioksidan,neutral,,,neutral,,,neutral,,,neutral,,,neutral,,,neutral,,,neutral,,
Sacred Lotus Flower Extract,sacredlotusflowerextract,"This natural plant extract has been shown to have multi-functional benefits, targeting both pigmentation and wrinkles. Studies have shown the extract to be effective at inhibiting tyrosinase, an enzyme involved in producing the pigment melanin in the skin, helping to reduce the appearance of dark spots. It has also been shown to help firm the skin, by slowing the rate at which elastin, an important protein for skin firmness, is degraded.",0.0,0.0,0.0,1.0,0.0,6.0,0.0,Elasticity|Fine Lines|Pigmentation|Wrinkles,,original,0,Botanical Extract,Bitkisel Ekstrakt,Bitkisel kaynaklı aktif ekstrakt,neutral,,,neutral,,,neutral,,,neutral,,,neutral,,,beneficial,Yaşlanma karşıtı faydalı bileşen,Beneficial anti-aging ingredient,neutral,,
Safflower Seed Oil,safflowerseedoil,"Safflower Seed Oil is derived from the seeds of the safflower plant (Carthamus tinctorius). In skincare, it is used for its moisturizing, soothing, and skin-nourishing properties.",4.0,-2.0,0.0,1.0,3.0,0.0,1.0,Dry and dehydrated skin|Impaired skin barrier|Pregnancy|Texture,Oily,original,15,Botanical Extract,Bitkisel Ekstrakt,Bitkisel kaynaklı aktif ekstrakt,beneficial,Kuru cilt için faydalı bileşen,Beneficial for dry skin,caution,Gözenekleri tıkayabilir veya yağlanmayı artırabilir,May clog pores or increase oiliness,neutral,,,neutral,,,beneficial,Hassas cilt için faydalı bileşen,Beneficial for sensitive skin,neutral,,,neutral,,
Salicylic Acid,salicylicacid,"Salicylic acid works as an exfoliating acid to dissolve the keratin that binds the outermost layers of the skin, encouraging the natural exfoliation process of the skin.

Salicylic acids are a family of ingredients and can also be found on ingredients lists as beta hydroxy acid (BHA) or capryloyl salicylic acid.",-2.0,8.0,4.0,2.0,-2.0,2.0,-2.0,Acne|Blackheads|Enlarged Pores|Oily|Pigmentation|Post Blemish Marks|Redness|Radiance,Pregnancy|Sensitive|Dry Dehydrated|Impaired skin barrier,original,425,Exfoliant (BHA),Peeling Asidi (BHA),Gözenekleri derinlemesine temizleyen beta hidroksi asit,caution,"Kurutucu etki yapabilir, nemlendiriciyle kullanılmalı",May have drying effects,beneficial,Yağlı cilt için faydalı bileşen,Beneficial for oily skin,beneficial,Karma cilt için faydalı bileşen,Beneficial for combination skin,beneficial,Genel cilt sağlığını destekler,Supports overall skin health,caution,"Hassas ciltte tahriş riski taşır, dikkatli kullanılmalı","Risk of irritation, use with caution",beneficial,Yaşlanma karşıtı faydalı bileşen,Beneficial anti-aging ingredient,caution,"Hamilelikte kullanımı önerilmez, doktorunuza danışın","Not recommended during pregnancy, consult your doctor"
Salix alba extract,salixalbaextract,"Rating: Good. Categories: Skin-Soothing, Plant Extracts",1.0,0.0,0.0,0.0,2.0,0.0,0.0,,,noxmoon,0,Emollient,Yumuşatıcı (Emoliyan),Cildi yumuşatan ve pürüzsüzleştiren bileşen,neutral,,,neutral,,,neutral,,,neutral,,,beneficial,Hassas cilt için faydalı bileşen,Beneficial for sensitive skin,neutral,,,neutral,,
Salix nigra (willow) bark extract,salixnigrawillowbarkextract,"Rating: Good. Categories: Skin-Soothing, Plant Extracts",1.0,0.0,0.0,0.0,2.0,0.0,0.0,,,noxmoon,53,Emollient,Yumuşatıcı (Emoliyan),Cildi yumuşatan ve pürüzsüzleştiren bileşen,neutral,,,neutral,,,neutral,,,neutral,,,beneficial,Hassas cilt için faydalı bileşen,Beneficial for sensitive skin,neutral,,,neutral,,
Salvia hispanica (chia) seed oil,salviahispanicachiaseedoil,"Rating: Best. Categories: Emollients, Skin-Replenishing, Skin-Restoring",5.0,0.0,0.0,0.0,2.0,0.0,0.0,,,noxmoon,2,Emollient,Yumuşatıcı (Emoliyan),Cildi yumuşatan ve pürüzsüzleştiren bileşen,beneficial,Kuru cilt için faydalı bileşen,Beneficial for dry skin,neutral,,,neutral,,,neutral,,,beneficial,Hassas cilt için faydalı bileşen,Beneficial for sensitive skin,neutral,,,neutral,,
Salvia officinalis,salviaofficinalis,"Rating: Poor. Categories: Plant Extracts, Thickeners/Emulsifiers, Cleansing Agents",0.0,1.0,0.0,0.0,-1.0,0.0,0.0,,,noxmoon,1,Botanical Extract,Bitkisel Ekstrakt,Bitkisel kaynaklı aktif ekstrakt,neutral,,,neutral,,,neutral,,,neutral,,,caution,"Hassas ciltte tahriş riski taşır, dikkatli kullanılmalı","Risk of irritation, use with caution",neutral,,,neutral,,
Sambucus canadensis,sambucuscanadensis,"Rating: Good. Categories: Antioxidants, Plant Extracts",0.0,0.0,0.0,1.0,0.0,0.0,0.0,,,noxmoon,0,Antioxidant,Antioksidan,Serbest radikallere karşı koruyucu antioksidan,neutral,,,neutral,,,neutral,,,neutral,,,neutral,,,neutral,,,neutral,,
Sambucus cerulea,sambucuscerulea,"Rating: Good. Categories: Antioxidants, Plant Extracts",0.0,0.0,0.0,1.0,0.0,0.0,0.0,,,noxmoon,0,Antioxidant,Antioksidan,Serbest radikallere karşı koruyucu antioksidan,neutral,,,neutral,,,neutral,,,neutral,,,neutral,,,neutral,,,neutral,,
Sambucus nigra,sambucusnigra,"Rating: Good. Categories: Antioxidants, Plant Extracts",0.0,0.0,0.0,1.0,0.0,0.0,0.0,,,noxmoon,1,Antioxidant,Antioksidan,Serbest radikallere karşı koruyucu antioksidan,neutral,,,neutral,,,neutral,,,neutral,,,neutral,,,neutral,,,neutral,,
Sambucus nigra fruit extract,sambucusnigrafruitextract,"Rating: Good. Categories: Antioxidants, Plant Extracts",0.0,0.0,0.0,1.0,0.0,0.0,0.0,,,noxmoon,8,Antioxidant,Antioksidan,Serbest radikallere karşı koruyucu antioksidan,neutral,,,neutral,,,neutral,,,neutral,,,neutral,,,neutral,,,neutral,,
Santalum album seed extract,santalumalbumseedextract,"Rating: Average. Categories: Plant Extracts, Sensitizing, Fragrance: Synthetic and Fragrant Plant Extracts",-1.0,0.0,0.0,0.0,-4.0,0.0,0.0,,Sensitizing,noxmoon,0,Botanical Extract,Bitkisel Ekstrakt,Bitkisel kaynaklı aktif ekstrakt,caution,"Kurutucu etki yapabilir, nemlendiriciyle kullanılmalı",May have drying effects,neutral,,,neutral,,,neutral,,,caution,"Hassas ciltte tahriş riski taşır, dikkatli kullanılmalı","Risk of irritation, use with caution",neutral,,,neutral,,
Sapindus mukurossi peel extract,sapindusmukurossipeelextract,"Rating: Good. Categories: Skin-Soothing, Plant Extracts, Antioxidants",1.0,0.0,0.0,1.0,2.0,0.0,0.0,,,noxmoon,14,Emollient,Yumuşatıcı (Emoliyan),Cildi yumuşatan ve pürüzsüzleştiren bileşen,neutral,,,neutral,,,neutral,,,neutral,,,beneficial,Hassas cilt için faydalı bileşen,Beneficial for sensitive skin,neutral,,,neutral,,
Saponaria officinalis extract,saponariaofficinalisextract,"Rating: Good. Categories: Plant Extracts, Cleansing Agents",0.0,1.0,0.0,0.0,0.0,0.0,0.0,,,noxmoon,3,Botanical Extract,Bitkisel Ekstrakt,Bitkisel kaynaklı aktif ekstrakt,neutral,,,neutral,,,neutral,,,neutral,,,neutral,,,neutral,,,neutral,,
Sargassum filipendula extract,sargassumfilipendulaextract,"Rating: Good. Categories: Antioxidants, Plant Extracts",0.0,0.0,0.0,1.0,0.0,0.0,0.0,,,noxmoon,4,Antioxidant,Antioksidan,Serbest radikallere karşı koruyucu antioksidan,neutral,,,neutral,,,neutral,,,neutral,,,neutral,,,neutral,,,neutral,,
Saskatoon Berry,saskatoonberry,"Saskatoon Berry, also known as Amelanchier alnifolia, is a small fruit-bearing shrub native to North America. In skincare, Saskatoon Berry extract is used for its potential antioxidant and skin-nourishing properties.",0.0,0.0,0.0,0.0,0.0,0.0,1.0,Pregnancy,,original,0,Skincare Ingredient,Cilt Bakım Bileşeni,Cilt bakım bileşeni,neutral,,,neutral,,,neutral,,,neutral,,,neutral,,,neutral,,,neutral,,
Saxifraga sarmentosa extract,saxifragasarmentosaextract,Rating: Average. Categories: Plant Extracts,0.0,0.0,0.0,0.0,0.0,0.0,0.0,,,noxmoon,28,Botanical Extract,Bitkisel Ekstrakt,Bitkisel kaynaklı aktif ekstrakt,neutral,,,neutral,,,neutral,,,neutral,,,neutral,,,neutral,,,neutral,,
Sclerocarya birrea,sclerocaryabirrea,"Rating: Best. Categories: Emollients, Skin-Replenishing",3.0,0.0,0.0,0.0,1.0,0.0,0.0,,,noxmoon,0,Emollient,Yumuşatıcı (Emoliyan),Cildi yumuşatan ve pürüzsüzleştiren bileşen,beneficial,Kuru cilt için faydalı bileşen,Beneficial for dry skin,neutral,,,neutral,,,neutral,,,neutral,,,neutral,,,neutral,,
Scutellaria baicalensis extract,scutellariabaicalensisextract,"Rating: Good. Categories: Skin-Soothing, Plant Extracts, Antioxidants",1.0,0.0,0.0,1.0,2.0,0.0,0.0,,,noxmoon,8,Emollient,Yumuşatıcı (Emoliyan),Cildi yumuşatan ve pürüzsüzleştiren bileşen,neutral,,,neutral,,,neutral,,,neutral,,,beneficial,Hassas cilt için faydalı bileşen,Beneficial for sensitive skin,neutral,,,neutral,,
Sea Buckthorn Water,seabuckthornwater,"Sea buckthorn is a natural plant extract which contains a high concentration of vitamin c, and polyphenols, which provide antioxidant protection against free radicals.",1.0,0.0,0.0,1.0,0.0,1.0,1.0,Radiance|Pregnancy,,original,0,Botanical Extract,Bitkisel Ekstrakt,Bitkisel kaynaklı aktif ekstrakt,neutral,,,neutral,,,neutral,,,neutral,,,neutral,,,neutral,,,neutral,,
Seamollient,seamollient,"Rating: Good. Categories: Antioxidants, Thickeners/Emulsifiers, Plant Extracts, Emollients",1.0,0.0,0.0,1.0,0.0,0.0,0.0,,,noxmoon,9,Antioxidant,Antioksidan,Serbest radikallere karşı koruyucu antioksidan,neutral,,,neutral,,,neutral,,,neutral,,,neutral,,,neutral,,,neutral,,
Serenoa serrulata extract,serenoaserrulataextract,"Rating: Average. Categories: Skin-Soothing, Plant Extracts",1.0,0.0,0.0,0.0,2.0,0.0,0.0,,,noxmoon,0,Emollient,Yumuşatıcı (Emoliyan),Cildi yumuşatan ve pürüzsüzleştiren bileşen,neutral,,,neutral,,,neutral,,,neutral,,,beneficial,Hassas cilt için faydalı bileşen,Beneficial for sensitive skin,neutral,,,neutral,,
Serine,serine,"Serine is a non-essential amino acid and serves as a water-binding ingredient. It's great for moisturising dry and dehydrated skin and serves as an antioxidant against external factors.

Amino acids are a class of ingredients. They can also be found on ingredients lists as acetyl glucosamine,acetyl tyrosinamide, alanine, arginine hcl, arginine pca, histidine, isoleucine, leucine, lysine, proline, serine, taurine, threonine and valine and yeast amino acids.",3.0,0.0,1.0,1.0,1.0,0.0,1.0,Dry and dehydrated skin|Pregnancy|Texture,,original,143,Skincare Ingredient,Cilt Bakım Bileşeni,Cilt bakım bileşeni,beneficial,Kuru cilt için faydalı bileşen,Beneficial for dry skin,neutral,,,neutral,,,neutral,,,neutral,,,neutral,,,neutral,,
Sesame Seed Oil,sesameseedoil,"Sesame Oil is a vegetable oil derived from sesame seeds (Sesamum indicum). In skincare, it is used for its moisturizing, antioxidant, and skin-nourishing properties.",2.0,0.0,0.0,0.0,1.0,0.0,1.0,Dry and dehydrated skin|Pregnancy,,original,12,Skincare Ingredient,Cilt Bakım Bileşeni,Cilt bakım bileşeni,beneficial,Kuru cilt için faydalı bileşen,Beneficial for dry skin,neutral,,,neutral,,,neutral,,,neutral,,,neutral,,,neutral,,
Sesamum indicum,sesamumindicum,"Rating: Good. Categories: Plant Extracts, Emollients",1.0,0.0,0.0,0.0,0.0,0.0,0.0,,,noxmoon,4,Botanical Extract,Bitkisel Ekstrakt,Bitkisel kaynaklı aktif ekstrakt,neutral,,,neutral,,,neutral,,,neutral,,,neutral,,,neutral,,,neutral,,
Sh-Oligopeptide,sholigopeptide,"In It's raw form, oligopeptide is a white powder. Most of the research has been conducted by the labs that manufacture it; however, there are promising studies showing it can help manage acne-causing bacteria, both on its own and in conjunction with anti-acne superstar exfoliant salicylic acid.",0.0,0.0,0.0,0.0,0.0,5.0,1.0,Elasticity|Fine Lines|Pregnancy|Wrinkles,,original,0,Skincare Ingredient,Cilt Bakım Bileşeni,Cilt bakım bileşeni,neutral,,,neutral,,,neutral,,,neutral,,,neutral,,,beneficial,Yaşlanma karşıtı faydalı bileşen,Beneficial anti-aging ingredient,neutral,,
Shea Butter,sheabutter,"Shea butter is high in fatty acids and vitamins, so works to support the natural lipid barrier of the skin, reducing water loss via the epidermis to keep skin soft, smooth and moisturised.",5.0,-2.0,-1.0,2.0,3.0,1.0,1.0,Dry and dehydrated skin|Impaired skin barrier|Radiance|Pregnancy|Texture,Combination|Oily,original,94,Antioxidant,Antioksidan,Serbest radikallere karşı koruyucu antioksidan,beneficial,Kuru cilt için faydalı bileşen,Beneficial for dry skin,caution,Gözenekleri tıkayabilir veya yağlanmayı artırabilir,May clog pores or increase oiliness,caution,Karma ciltte dengesizlik yaratabilir,May cause imbalance on combination skin,beneficial,Genel cilt sağlığını destekler,Supports overall skin health,beneficial,Hassas cilt için faydalı bileşen,Beneficial for sensitive skin,neutral,,,neutral,,
Siegesbeckia orientalis,siegesbeckiaorientalis,Rating: Average. Categories: Plant Extracts,0.0,0.0,0.0,0.0,0.0,0.0,0.0,,,noxmoon,0,Botanical Extract,Bitkisel Ekstrakt,Bitkisel kaynaklı aktif ekstrakt,neutral,,,neutral,,,neutral,,,neutral,,,neutral,,,neutral,,,neutral,,
Silk Protein,silkprotein,"Silk Protein is a natural protein derived from silkworm cocoons. In skincare, it is used for its potential moisturizing, softening, and conditioning properties.",2.0,0.0,0.0,0.0,1.0,0.0,1.0,Dry and dehydrated skin|Pregnancy,,original,0,Skincare Ingredient,Cilt Bakım Bileşeni,Cilt bakım bileşeni,beneficial,Kuru cilt için faydalı bileşen,Beneficial for dry skin,neutral,,,neutral,,,neutral,,,neutral,,,neutral,,,neutral,,
Silybum marianum extract,silybummarianumextract,"Rating: Best. Categories: Plant Extracts, Antioxidants",0.0,0.0,0.0,1.0,0.0,0.0,0.0,,,noxmoon,6,Botanical Extract,Bitkisel Ekstrakt,Bitkisel kaynaklı aktif ekstrakt,neutral,,,neutral,,,neutral,,,neutral,,,neutral,,,neutral,,,neutral,,
Simmondsia chinensis,simmondsiachinensis,"Rating: Best. Categories: Plant Extracts, Emollients, Skin-Replenishing",3.0,0.0,0.0,0.0,1.0,0.0,0.0,,,noxmoon,0,Botanical Extract,Bitkisel Ekstrakt,Bitkisel kaynaklı aktif ekstrakt,beneficial,Kuru cilt için faydalı bileşen,Beneficial for dry skin,neutral,,,neutral,,,neutral,,,neutral,,,neutral,,,neutral,,
Snow Mushroom Extract,snowmushroomextract,"Snow Mushroom Extract, also known as Tremella fuciformis extract, is derived from the snow mushroom, a gelatinous mushroom with hydrating properties. In skincare, it is used for its potential moisturizing, plumping, and skin-soothing benefits.",3.0,0.0,1.0,1.0,3.0,2.0,1.0,Dry and dehydrated skin|Fine Lines|Redness|Pregnancy|Texture,,original,0,Emollient,Yumuşatıcı (Emoliyan),Cildi yumuşatan ve pürüzsüzleştiren bileşen,beneficial,Kuru cilt için faydalı bileşen,Beneficial for dry skin,neutral,,,neutral,,,neutral,,,beneficial,Hassas cilt için faydalı bileşen,Beneficial for sensitive skin,beneficial,Yaşlanma karşıtı faydalı bileşen,Beneficial anti-aging ingredient,neutral,,
Sodium Ascorbyl Phosphate,sodiumascorbylphosphate,"Sodium Ascorbyl Phosphate (SAP) is a gentle and water-soluble form of Vitamin C. It is more stable for use in skincare than pure ascorbic acid. 

Vitamin C can also be found on ingredients lists as ascorbic acid, ascorbyl glucoside, ascorbyl palmitate, ethyl ascorbic acid, l-ascorbic acid, magnesium ascorbyl phosphate and tetrahexyldecyl ascorbate.",0.0,4.0,2.0,2.0,-2.0,4.0,0.0,Acne|Blackheads|Fine Lines|Pigmentation|Radiance,Impaired skin barrier,original,142,Skincare Ingredient,Cilt Bakım Bileşeni,Cilt bakım bileşeni,neutral,,,beneficial,Yağlı cilt için faydalı bileşen,Beneficial for oily skin,beneficial,Karma cilt için faydalı bileşen,Beneficial for combination skin,beneficial,Genel cilt sağlığını destekler,Supports overall skin health,caution,"Hassas ciltte tahriş riski taşır, dikkatli kullanılmalı","Risk of irritation, use with caution",beneficial,Yaşlanma karşıtı faydalı bileşen,Beneficial anti-aging ingredient,neutral,,
Sodium Lactate,sodiumlactate,"Sodium lactate is in a class of ingredients that can be found on ingredients lists as natural moisturising factors, sodium PCA or trehalose.",3.0,0.0,1.0,1.0,1.0,0.0,1.0,Dry and dehydrated skin|Pregnancy|Texture,,original,147,Skincare Ingredient,Cilt Bakım Bileşeni,Cilt bakım bileşeni,beneficial,Kuru cilt için faydalı bileşen,Beneficial for dry skin,neutral,,,neutral,,,neutral,,,neutral,,,neutral,,,neutral,,
Solanum lycopersicum extract,solanumlycopersicumextract,"Rating: Average. Categories: Antioxidants, Sensitizing, Plant Extracts",-1.0,0.0,0.0,1.0,-2.0,0.0,0.0,,Sensitizing,noxmoon,0,Antioxidant,Antioksidan,Serbest radikallere karşı koruyucu antioksidan,caution,"Kurutucu etki yapabilir, nemlendiriciyle kullanılmalı",May have drying effects,neutral,,,neutral,,,neutral,,,caution,"Hassas ciltte tahriş riski taşır, dikkatli kullanılmalı","Risk of irritation, use with caution",neutral,,,neutral,,
Solanum tuberosum extract,solanumtuberosumextract,"Rating: Good. Categories: Thickeners/Emulsifiers, Texture Enhancer",0.0,0.0,0.0,0.0,0.0,0.0,0.0,,,noxmoon,0,Skincare Ingredient,Cilt Bakım Bileşeni,Cilt bakım bileşeni,neutral,,,neutral,,,neutral,,,neutral,,,neutral,,,neutral,,,neutral,,
Sonojell,sonojell,"Rating: Good. Categories: Skin-Soothing, Emollients",2.0,0.0,0.0,0.0,2.0,0.0,0.0,,,noxmoon,7,Emollient,Yumuşatıcı (Emoliyan),Cildi yumuşatan ve pürüzsüzleştiren bileşen,beneficial,Kuru cilt için faydalı bileşen,Beneficial for dry skin,neutral,,,neutral,,,neutral,,,beneficial,Hassas cilt için faydalı bileşen,Beneficial for sensitive skin,neutral,,,neutral,,
Spent Grain Wax,spentgrainwax,"Spent Grain Wax is a natural wax derived from the spent grains of malted barley, typically leftover from the brewing process in beer production. In skincare, it is used for its potential emollient, moisturizing, and skin-conditioning properties.",2.0,0.0,0.0,0.0,3.0,0.0,1.0,Dry and dehydrated skin|Redness|Pregnancy,,original,3,Skincare Ingredient,Cilt Bakım Bileşeni,Cilt bakım bileşeni,beneficial,Kuru cilt için faydalı bileşen,Beneficial for dry skin,neutral,,,neutral,,,neutral,,,beneficial,Hassas cilt için faydalı bileşen,Beneficial for sensitive skin,neutral,,,neutral,,
Spiraea ulmaria,spiraeaulmaria,"Rating: Best. Categories: Skin-Soothing, Plant Extracts",1.0,0.0,0.0,0.0,2.0,0.0,0.0,,,noxmoon,2,Emollient,Yumuşatıcı (Emoliyan),Cildi yumuşatan ve pürüzsüzleştiren bileşen,neutral,,,neutral,,,neutral,,,neutral,,,beneficial,Hassas cilt için faydalı bileşen,Beneficial for sensitive skin,neutral,,,neutral,,
Squalane,squalane,"Squalane is a natural substance usually derived from olives. It is structurally very similar to our skin’s own sebum, so is a great ingredient to support our own natural skin processes. In drier skin, which is naturally lacking in natural sebum, it helps to support the skin barrier to prevent water loss, which results in more hydrated, smooth and plump skin. Due to its sebum-mimicking structure, it is non-comedogenic, meaning it won't cause breakouts, so is also suitable for oily and acne-prone skin. It can be a great option to reduce any over-stimulation of the sebaceous glands, which can occur with excess cleansing (and make breakouts worse). It also works to support the skin barrier to combat any drying effects caused by ingredients commonly associated with acne treatment, so is a great ingredient for all skin types.",5.0,0.0,1.0,2.0,3.0,1.0,1.0,Dry and dehydrated skin|Impaired skin barrier|Radiance|Pregnancy|Texture,,original,631,Surfactant,Yüzey Aktif Madde,Temizleme işlevi gören yüzey aktif madde,beneficial,Kuru cilt için faydalı bileşen,Beneficial for dry skin,neutral,,,neutral,,,beneficial,Genel cilt sağlığını destekler,Supports overall skin health,beneficial,Hassas cilt için faydalı bileşen,Beneficial for sensitive skin,neutral,,,neutral,,
St. John's wort,stjohnswort,"Rating: Good. Categories: Antioxidants, Plant Extracts",0.0,0.0,0.0,1.0,0.0,0.0,0.0,,,noxmoon,5,Antioxidant,Antioksidan,Serbest radikallere karşı koruyucu antioksidan,neutral,,,neutral,,,neutral,,,neutral,,,neutral,,,neutral,,,neutral,,
Sugar Cane Extract,sugarcaneextract,"Sugar Cane extract is a natural ingredient that works as a humectant when applied to the skin, meaning it draws water molecules towards it, plumping & hydrating the area. It is also the natural plant from which glycolic acid is derived, so it is thought to have some degree of exfoliating & brightening action, although there is currently insufficient research proving this.",2.0,5.0,4.0,2.0,0.0,1.0,0.0,Acne|Blackheads|Enlarged Pores|Radiance|Texture,,original,10,Botanical Extract,Bitkisel Ekstrakt,Bitkisel kaynaklı aktif ekstrakt,beneficial,Kuru cilt için faydalı bileşen,Beneficial for dry skin,beneficial,Yağlı cilt için faydalı bileşen,Beneficial for oily skin,beneficial,Karma cilt için faydalı bileşen,Beneficial for combination skin,beneficial,Genel cilt sağlığını destekler,Supports overall skin health,neutral,,,neutral,,,neutral,,
Sulfur,sulfur,"Sulfur used in skincare works to reduce blemishes. It does this by acting as an antibacterial to kill off the bacteria which causes acne, and also works to dry out the area, absorbing any excess sebum. It works best for blackheads and whiteheads, and is typically better for sensitive skin types than some other blemish-fighting ingredients.",0.0,4.0,2.0,0.0,0.0,0.0,1.0,Acne|Blackheads|Pregnancy,,original,24,Skincare Ingredient,Cilt Bakım Bileşeni,Cilt bakım bileşeni,neutral,,,beneficial,Yağlı cilt için faydalı bileşen,Beneficial for oily skin,beneficial,Karma cilt için faydalı bileşen,Beneficial for combination skin,neutral,,,neutral,,,neutral,,,neutral,,
Sunflower Oil,sunfloweroil,"Sunflower oil is a rich natural source of Vitamin E, a skin-moisturising antioxidant. This oil is also rich in linoleic acid (Omega 6), an essential fatty acid which works to nourish the skin, support the natural barrier, and provide some anti-inflammatory benefits.",4.0,-2.0,0.0,1.0,3.0,0.0,1.0,Dry and dehydrated skin|Impaired skin barrier|Pregnancy|Texture,Oily,original,2,Oil / Lipid,Yağ / Lipit,Cildi besleyen yağ/lipit bileşeni,beneficial,Kuru cilt için faydalı bileşen,Beneficial for dry skin,caution,Gözenekleri tıkayabilir veya yağlanmayı artırabilir,May clog pores or increase oiliness,neutral,,,neutral,,,beneficial,Hassas cilt için faydalı bileşen,Beneficial for sensitive skin,neutral,,,neutral,,
Superoxide Dismutase,superoxidedismutase,"Superoxide dismutase is an enzyme produced naturally in the body, specifically to break down the free radical superoxide (an oxygen with an excess electron and thus a negative charge). It is considered to be the body’s most important antioxidant and works by catalysing the conversion of superoxide, into elemental oxygen (O2) and hydrogen peroxide (H2O2), a process known as dismutation. This action is part of the body’s natural anti-ageing mechanism, so including this ingredient in skincare supports this natural protection process.",0.0,0.0,0.0,0.0,0.0,0.0,1.0,Pregnancy,,original,39,Skincare Ingredient,Cilt Bakım Bileşeni,Cilt bakım bileşeni,neutral,,,neutral,,,neutral,,,neutral,,,neutral,,,neutral,,,neutral,,
Sweet Almond Oil,sweetalmondoil,"Sweet Almond Oil is naturally rich in fat-soluble Vitamins A & E, which provide antioxidant benefits. This oil is naturally high in Omega 3 fatty acids, which cannot be produced naturally in the body, but offer anti-inflammatory benefits.",3.0,-2.0,0.0,1.0,1.0,0.0,1.0,Dry and dehydrated skin|Pregnancy|Texture,Oily,original,28,Antioxidant,Antioksidan,Serbest radikallere karşı koruyucu antioksidan,beneficial,Kuru cilt için faydalı bileşen,Beneficial for dry skin,caution,Gözenekleri tıkayabilir veya yağlanmayı artırabilir,May clog pores or increase oiliness,neutral,,,neutral,,,neutral,,,neutral,,,neutral,,
Symphytum officinale extract,symphytumofficinaleextract,"Rating: Poor. Categories: Skin-Soothing, Plant Extracts, Sensitizing",0.0,0.0,0.0,0.0,-1.0,0.0,0.0,,Sensitizing,noxmoon,17,Emollient,Yumuşatıcı (Emoliyan),Cildi yumuşatan ve pürüzsüzleştiren bileşen,neutral,,,neutral,,,neutral,,,neutral,,,caution,"Hassas ciltte tahriş riski taşır, dikkatli kullanılmalı","Risk of irritation, use with caution",neutral,,,neutral,,
Symsitive,symsitive,"This active has been designed specifically to soothe sensitive skin. Research from its manufacturer shows that 3 minutes after application, it can alleviate stinging by 78% and burning by 80%. It works by increasing the skin’s tolerance threshold to regulate the reaction response.",0.0,0.0,0.0,0.0,2.0,0.0,1.0,Redness|Pregnancy,,original,0,Skincare Ingredient,Cilt Bakım Bileşeni,Cilt bakım bileşeni,neutral,,,neutral,,,neutral,,,neutral,,,beneficial,Hassas cilt için faydalı bileşen,Beneficial for sensitive skin,neutral,,,neutral,,
Szechuan peppercorn,szechuanpeppercorn,"Rating: Poor. Categories: Plant Extracts, Sensitizing",-1.0,0.0,0.0,0.0,-2.0,0.0,0.0,,Sensitizing,noxmoon,0,Botanical Extract,Bitkisel Ekstrakt,Bitkisel kaynaklı aktif ekstrakt,caution,"Kurutucu etki yapabilir, nemlendiriciyle kullanılmalı",May have drying effects,neutral,,,neutral,,,neutral,,,caution,"Hassas ciltte tahriş riski taşır, dikkatli kullanılmalı","Risk of irritation, use with caution",neutral,,,neutral,,
TEA,tea,Rating: Good. Categories: Miscellaneous,0.0,0.0,0.0,0.0,0.0,0.0,0.0,,,noxmoon,1,Skincare Ingredient,Cilt Bakım Bileşeni,Cilt bakım bileşeni,neutral,,,neutral,,,neutral,,,neutral,,,neutral,,,neutral,,,neutral,,
TEA-lauryl sulfate,tealaurylsulfate,"Rating: Poor. Categories: Thickeners/Emulsifiers, Sensitizing, Cleansing Agents",-1.0,1.0,0.0,0.0,-2.0,0.0,0.0,,Sensitizing,noxmoon,9,Skincare Ingredient,Cilt Bakım Bileşeni,Cilt bakım bileşeni,caution,"Kurutucu etki yapabilir, nemlendiriciyle kullanılmalı",May have drying effects,neutral,,,neutral,,,neutral,,,caution,"Hassas ciltte tahriş riski taşır, dikkatli kullanılmalı","Risk of irritation, use with caution",neutral,,,neutral,,
Tanacetum parthenium,tanacetumparthenium,"Rating: Average. Categories: Skin-Soothing, Plant Extracts, Sensitizing",0.0,0.0,0.0,0.0,0.0,0.0,0.0,,Sensitizing,noxmoon,0,Emollient,Yumuşatıcı (Emoliyan),Cildi yumuşatan ve pürüzsüzleştiren bileşen,neutral,,,neutral,,,neutral,,,neutral,,,neutral,,,neutral,,,neutral,,
Tartaric Acid,tartaricacid,"Tartaric acid is an alpha hydroxy acid (AHA) which works to exfoliate the top layer of the skin. This helps to remove dead skin cells which might be blocking the pores, which in turn reduces the instances of blemishes and breakouts.",0.0,5.0,3.0,1.0,-2.0,1.0,1.0,Acne|Blackheads|Enlarged Pores|Radiance|Pregnancy,Impaired skin barrier,original,27,Skincare Ingredient,Cilt Bakım Bileşeni,Cilt bakım bileşeni,neutral,,,beneficial,Yağlı cilt için faydalı bileşen,Beneficial for oily skin,beneficial,Karma cilt için faydalı bileşen,Beneficial for combination skin,neutral,,,caution,"Hassas ciltte tahriş riski taşır, dikkatli kullanılmalı","Risk of irritation, use with caution",neutral,,,neutral,,
Tasmanian Pepperberry Extract,tasmanianpepperberryextract,"This natural berry is high in antioxidants, to help protect against free radical damage, and also has anti-inflammatory properties to soothe and calm.",0.0,0.0,0.0,0.0,2.0,0.0,1.0,Redness|Pregnancy,,original,0,Antioxidant,Antioksidan,Serbest radikallere karşı koruyucu antioksidan,neutral,,,neutral,,,neutral,,,neutral,,,beneficial,Hassas cilt için faydalı bileşen,Beneficial for sensitive skin,neutral,,,neutral,,
Taurine,taurine,"In skin care, taurine is a powerful form of anti-fatigue. When applied topically, taurine re-energises skin to minimise the signs of fatigue whilst helping with rehydration.

Amino acids are a class of ingredients. They can also be found on ingredients lists as acetyl glucosamine,acetyl tyrosinamide, alanine, arginine hcl, arginine pca, histidine, isoleucine, leucine, lysine, proline, serine, threonine and valine and yeast amino acids.",4.0,0.0,1.0,2.0,1.0,1.0,1.0,Dry and dehydrated skin|Radiance|Pregnancy|Texture,,original,32,Skincare Ingredient,Cilt Bakım Bileşeni,Cilt bakım bileşeni,beneficial,Kuru cilt için faydalı bileşen,Beneficial for dry skin,neutral,,,neutral,,,beneficial,Genel cilt sağlığını destekler,Supports overall skin health,neutral,,,neutral,,,neutral,,
Tea Tree Oil,teatreeoil,"Tea tree oil is an essential oil extracted from the Melaleuca alternifolia plant, native to Australia. Tea tree leaf oil is known to have antibacterial qualities, the mechanism for this is not completely understood, but research shows that it could be due to an ability to damage the bacterial cell wall.

It also has anti-inflammatory effects, due to its content of terpen-4-ol, which studies have shown reduces inflammation in the skin when applied topically. These functions make it a great ingredient for the use in acne treatments, both to kill C. acnes bacteria, but also reduce the associated inflammation.",0.0,2.0,1.0,0.0,2.0,0.0,1.0,Blackheads|Redness|Pregnancy,,original,0,Botanical Extract,Bitkisel Ekstrakt,Bitkisel kaynaklı aktif ekstrakt,neutral,,,beneficial,Yağlı cilt için faydalı bileşen,Beneficial for oily skin,neutral,,,neutral,,,beneficial,Hassas cilt için faydalı bileşen,Beneficial for sensitive skin,neutral,,,neutral,,
Teprenone,teprenone,"Teprenone, a synthetic active produced by manufacturer Sederma, is believed to provide all-round anti-ageing benefits by supporting the cells natural replication process, and preventing telomere lengthening in the process. Whilst the research is not robust enough to prove this, the study carried out showed promising in-vivo results after 1 month, with instrumental results showing an improvement in skin firmness, elasticity & tone. The same study also showed an improvement in skin smoothness and skin redness, as well as a reduction in pore size.",2.0,1.0,2.0,2.0,4.0,1.0,1.0,Enlarged Pores|Impaired skin barrier|Pigmentation|Redness|Pregnancy|Texture,,original,1,Skincare Ingredient,Cilt Bakım Bileşeni,Cilt bakım bileşeni,beneficial,Kuru cilt için faydalı bileşen,Beneficial for dry skin,neutral,,,beneficial,Karma cilt için faydalı bileşen,Beneficial for combination skin,beneficial,Genel cilt sağlığını destekler,Supports overall skin health,beneficial,Hassas cilt için faydalı bileşen,Beneficial for sensitive skin,neutral,,,neutral,,
Tetrahexyldecyl Ascorbate,tetrahexyldecylascorbate,"Tetrahexyldecyl Ascorbate is a stable, oil-soluble form of Vitamin C. It is used in cosmetics, personal care products, and anti-aging products.

Vitamin C can also be found on ingredients lists as ascorbic acid, ascorbyl glucoside, ascorbyl palmitate, ethyl ascorbic acid, l-ascorbic acid, magnesium ascorbyl phosphate, and sodium ascorbyl phosphate.",0.0,0.0,0.0,2.0,-2.0,7.0,0.0,Elasticity|Fine Lines|Pigmentation|Radiance|Wrinkles,Impaired skin barrier,original,233,Skincare Ingredient,Cilt Bakım Bileşeni,Cilt bakım bileşeni,neutral,,,neutral,,,neutral,,,beneficial,Genel cilt sağlığını destekler,Supports overall skin health,caution,"Hassas ciltte tahriş riski taşır, dikkatli kullanılmalı","Risk of irritation, use with caution",beneficial,Yaşlanma karşıtı faydalı bileşen,Beneficial anti-aging ingredient,neutral,,
Theobroma cacao seed butter,theobromacacaoseedbutter,"Rating: Best. Categories: Plant Extracts, Emollients",1.0,0.0,0.0,0.0,0.0,0.0,0.0,,,noxmoon,0,Botanical Extract,Bitkisel Ekstrakt,Bitkisel kaynaklı aktif ekstrakt,neutral,,,neutral,,,neutral,,,neutral,,,neutral,,,neutral,,,neutral,,
Thiamidol,thiamidol,"An anti-pigment active discovered by Eucerin after researching the effect of 50,000 different compounds on their ability to inhibit human tyrosinase (which is involved in producing melanin, our skin’s pigment). Clinically proven to visibly reduce hyperpigmentation with just 2 weeks of use.",0.0,1.0,1.0,1.0,0.0,1.0,1.0,Pigmentation|Post Blemish Marks|Pregnancy,,original,0,Skincare Ingredient,Cilt Bakım Bileşeni,Cilt bakım bileşeni,neutral,,,neutral,,,neutral,,,neutral,,,neutral,,,neutral,,,neutral,,
Threonine,threonine,"When taken orally, it helps the digestive and intestinal tracts function more smoothly and also helps the absorption of nutrients. As for skincare, it helps to hydrate the skin. 

Amino acids are a class of ingredients. They can also be found on ingredients lists as acetyl glucosamine,acetyl tyrosinamide, alanine, arginine hcl, arginine pca, histidine, isoleucine, leucine, lysine, proline, serine, taurine and valine and yeast amino acids.",3.0,0.0,1.0,1.0,1.0,0.0,1.0,Dry and dehydrated skin|Pregnancy|Texture,,original,65,Skincare Ingredient,Cilt Bakım Bileşeni,Cilt bakım bileşeni,beneficial,Kuru cilt için faydalı bileşen,Beneficial for dry skin,neutral,,,neutral,,,neutral,,,neutral,,,neutral,,,neutral,,
Thymus serpillum extract,thymusserpillumextract,"Rating: Poor. Categories: Antioxidants, Sensitizing, Plant Extracts",-1.0,0.0,0.0,1.0,-2.0,0.0,0.0,,Sensitizing,noxmoon,6,Antioxidant,Antioksidan,Serbest radikallere karşı koruyucu antioksidan,caution,"Kurutucu etki yapabilir, nemlendiriciyle kullanılmalı",May have drying effects,neutral,,,neutral,,,neutral,,,caution,"Hassas ciltte tahriş riski taşır, dikkatli kullanılmalı","Risk of irritation, use with caution",neutral,,,neutral,,
Thymus vulgaris,thymusvulgaris,"Rating: Average. Categories: Antioxidants, Plant Extracts, Sensitizing",-1.0,0.0,0.0,1.0,-2.0,0.0,0.0,,Sensitizing,noxmoon,1,Antioxidant,Antioksidan,Serbest radikallere karşı koruyucu antioksidan,caution,"Kurutucu etki yapabilir, nemlendiriciyle kullanılmalı",May have drying effects,neutral,,,neutral,,,neutral,,,caution,"Hassas ciltte tahriş riski taşır, dikkatli kullanılmalı","Risk of irritation, use with caution",neutral,,,neutral,,
Thymus vulgaris oil,thymusvulgarisoil,"Rating: Poor. Categories: Antioxidants, Sensitizing, Fragrance: Synthetic and Fragrant Plant Extracts",-1.0,0.0,0.0,1.0,-4.0,0.0,0.0,,Sensitizing,noxmoon,1,Antioxidant,Antioksidan,Serbest radikallere karşı koruyucu antioksidan,caution,"Kurutucu etki yapabilir, nemlendiriciyle kullanılmalı",May have drying effects,neutral,,,neutral,,,neutral,,,caution,"Hassas ciltte tahriş riski taşır, dikkatli kullanılmalı","Risk of irritation, use with caution",neutral,,,neutral,,
Tilia cordata,tiliacordata,"Rating: Best. Categories: Antioxidants, Plant Extracts",0.0,0.0,0.0,1.0,0.0,0.0,0.0,,,noxmoon,0,Antioxidant,Antioksidan,Serbest radikallere karşı koruyucu antioksidan,neutral,,,neutral,,,neutral,,,neutral,,,neutral,,,neutral,,,neutral,,
Tomato Stem Cells,tomatostemcells,"Stem cells occur naturally within plants to help regenerate cells after stress or injury, and studies show this can encourage similar regenerating mechanisms in human skin. Tomato stem cells provide antioxidant protection to protect against free radicals, as well as acting as a chelating agent to sequester heavy metals which could result in damage, so overall this ingredient has great protective properties.",0.0,0.0,0.0,0.0,0.0,5.0,1.0,Elasticity|Fine Lines|Pregnancy|Wrinkles,,original,0,Botanical Extract,Bitkisel Ekstrakt,Bitkisel kaynaklı aktif ekstrakt,neutral,,,neutral,,,neutral,,,neutral,,,neutral,,,beneficial,Yaşlanma karşıtı faydalı bileşen,Beneficial anti-aging ingredient,neutral,,
Tranexamic Acid,tranexamicacid,"Tranexamic acid is a synthetic derivative of the amino acid lysine, which is used in skincare to treat hyperpigmentation & post-inflammatory acne scarring. Studies have shown this to be as effective as the gold standard prescription ingredient hydroquinone, without any of the associated irritation, based on a panel with medium-toned skin (50 women of Iranian descent). It is believed to work by suppressing some of the mechanisms in the skin, which lead to the production of excess melanin.",1.0,1.0,1.0,2.0,0.0,2.0,1.0,Pigmentation|Post Blemish Marks|Radiance|Pregnancy,,original,7,Skincare Ingredient,Cilt Bakım Bileşeni,Cilt bakım bileşeni,neutral,,,neutral,,,neutral,,,beneficial,Genel cilt sağlığını destekler,Supports overall skin health,neutral,,,beneficial,Yaşlanma karşıtı faydalı bileşen,Beneficial anti-aging ingredient,neutral,,
Trehalose,trehalose,"Trehalose is in a class of ingredients that can be found on ingredients lists as natural moisturising factors, sodium lactate or sodium pca.",3.0,0.0,1.0,1.0,1.0,0.0,1.0,Dry and dehydrated skin|Pregnancy|Texture,,original,300,Skincare Ingredient,Cilt Bakım Bileşeni,Cilt bakım bileşeni,beneficial,Kuru cilt için faydalı bileşen,Beneficial for dry skin,neutral,,,neutral,,,neutral,,,neutral,,,neutral,,,neutral,,
Triazine Diethyl Butamidotriazone,triazinediethylbutamidotriazone,"Triazine diethyl butamidotriazone is a synthetic UV filter used in sun care products to provide protection against UVB rays.

Other ingredients in the class of synthetic UV filters include bis-ethylhexyloxyphenol methoxyphenyl triazine, butyl methoxydibenzoylmethane, ethylhexyl salicylate, ethylhexyl triazone, homosalate, octinoxate, octisalate and octocrylene.",1.0,1.0,1.0,1.0,-1.0,0.0,-2.0,UV Protection,Pregnancy|Sensitive,original,0,Skincare Ingredient,Cilt Bakım Bileşeni,Cilt bakım bileşeni,neutral,,,neutral,,,neutral,,,neutral,,,caution,"Hassas ciltte tahriş riski taşır, dikkatli kullanılmalı","Risk of irritation, use with caution",neutral,,,caution,"Hamilelikte kullanımı önerilmez, doktorunuza danışın","Not recommended during pregnancy, consult your doctor"
Trifolium pratense,trifoliumpratense,"Rating: Good. Categories: Skin-Soothing, Antioxidants, Plant Extracts",1.0,0.0,0.0,1.0,2.0,0.0,0.0,,,noxmoon,0,Emollient,Yumuşatıcı (Emoliyan),Cildi yumuşatan ve pürüzsüzleştiren bileşen,neutral,,,neutral,,,neutral,,,neutral,,,beneficial,Hassas cilt için faydalı bileşen,Beneficial for sensitive skin,neutral,,,neutral,,
Tripleurospermum Maritimum Extract,tripleurospermummaritimumextract,"Ttripleurospermum maritimum extract is the extract of the whole plant is also known as Sea chamomile. It grows on the tops of sand dunes and on sea coasts, surviving in extreme conditions and accumulating vital amino acids, oligosaccharides, flavonoids, and minerals.

It is in the class of Algae Extract which also include ahnfeltia concinna extract, alaria esculenta extract, algae exopolysaccharides, algin, alteromonas ferment extract, ascophyllum nodosum extract, asparagopsis armata extract, chlorella protothecoides, chlorella vulgaris extract, dunaliella salina (green algae) extract, hydrolyzed f-fucoidan, laminaria ochroleuca (kelp) extract, macrocystis pyrifera (kelp) extract, marine extract, parachlorella beijerinckii exopolysaccharides, plankton extract, porphyridium cruentum extract, padina pavonica thallus extract, pseudoalteromonas exopolysaccharides, vibrio alginolyticus ferment filtrate, chlorella protothecoides oil",2.0,0.0,0.0,0.0,1.0,4.0,1.0,Dry and dehydrated skin|Fine Lines|Pregnancy|Wrinkles,,original,3,Botanical Extract,Bitkisel Ekstrakt,Bitkisel kaynaklı aktif ekstrakt,beneficial,Kuru cilt için faydalı bileşen,Beneficial for dry skin,neutral,,,neutral,,,neutral,,,neutral,,,beneficial,Yaşlanma karşıtı faydalı bileşen,Beneficial anti-aging ingredient,neutral,,
Triticum vulgare (wheat) germ extract,triticumvulgarewheatgermextract,"Rating: Good. Categories: Plant Extracts, Skin-Softening",0.0,0.0,0.0,0.0,0.0,0.0,0.0,,,noxmoon,84,Botanical Extract,Bitkisel Ekstrakt,Bitkisel kaynaklı aktif ekstrakt,neutral,,,neutral,,,neutral,,,neutral,,,neutral,,,neutral,,,neutral,,
Triticum vulgare oil,triticumvulgareoil,"Rating: Good. Categories: Plant Extracts, Skin-Softening, Emollients",1.0,0.0,0.0,0.0,0.0,0.0,0.0,,,noxmoon,0,Botanical Extract,Bitkisel Ekstrakt,Bitkisel kaynaklı aktif ekstrakt,neutral,,,neutral,,,neutral,,,neutral,,,neutral,,,neutral,,,neutral,,
Turmeric Root Extract,turmericrootextract,"Turmeric is known for its powerful anti-inflammatory properties, which help to soothe and calm skin irritation. It also has antioxidant properties to help protect against free radical damage.",0.0,0.0,0.0,0.0,2.0,0.0,1.0,Redness|Pregnancy,,original,5,Skincare Ingredient,Cilt Bakım Bileşeni,Cilt bakım bileşeni,neutral,,,neutral,,,neutral,,,neutral,,,beneficial,Hassas cilt için faydalı bileşen,Beneficial for sensitive skin,neutral,,,neutral,,
UVA,uva,Rating: Poor. Categories: Miscellaneous,0.0,0.0,0.0,0.0,-1.0,0.0,0.0,,,noxmoon,0,Skincare Ingredient,Cilt Bakım Bileşeni,Cilt bakım bileşeni,neutral,,,neutral,,,neutral,,,neutral,,,caution,"Hassas ciltte tahriş riski taşır, dikkatli kullanılmalı","Risk of irritation, use with caution",neutral,,,neutral,,
UVB,uvb,Rating: Poor. Categories: Miscellaneous,0.0,0.0,0.0,0.0,-1.0,0.0,0.0,,,noxmoon,0,Skincare Ingredient,Cilt Bakım Bileşeni,Cilt bakım bileşeni,neutral,,,neutral,,,neutral,,,neutral,,,caution,"Hassas ciltte tahriş riski taşır, dikkatli kullanılmalı","Risk of irritation, use with caution",neutral,,,neutral,,
Ulmus fulva bark extract,ulmusfulvabarkextract,"Rating: Good. Categories: Skin-Soothing, Plant Extracts",1.0,0.0,0.0,0.0,2.0,0.0,0.0,,,noxmoon,1,Emollient,Yumuşatıcı (Emoliyan),Cildi yumuşatan ve pürüzsüzleştiren bileşen,neutral,,,neutral,,,neutral,,,neutral,,,beneficial,Hassas cilt için faydalı bileşen,Beneficial for sensitive skin,neutral,,,neutral,,
Ulva lactuca extract,ulvalactucaextract,"Rating: Good. Categories: Skin-Soothing, Plant Extracts, Antioxidants",1.0,0.0,0.0,1.0,2.0,0.0,0.0,,,noxmoon,10,Emollient,Yumuşatıcı (Emoliyan),Cildi yumuşatan ve pürüzsüzleştiren bileşen,neutral,,,neutral,,,neutral,,,neutral,,,beneficial,Hassas cilt için faydalı bileşen,Beneficial for sensitive skin,neutral,,,neutral,,
Uncaria tomentosa extract,uncariatomentosaextract,"Rating: Average. Categories: Plant Extracts, Skin-Soothing",1.0,0.0,0.0,0.0,2.0,0.0,0.0,,,noxmoon,4,Botanical Extract,Bitkisel Ekstrakt,Bitkisel kaynaklı aktif ekstrakt,neutral,,,neutral,,,neutral,,,neutral,,,beneficial,Hassas cilt için faydalı bileşen,Beneficial for sensitive skin,neutral,,,neutral,,
Undaria pinnatifida,undariapinnatifida,"Rating: Good. Categories: Antioxidants, Thickeners/Emulsifiers, Plant Extracts, Hydration",0.0,0.0,0.0,1.0,0.0,0.0,0.0,,,noxmoon,0,Antioxidant,Antioksidan,Serbest radikallere karşı koruyucu antioksidan,neutral,,,neutral,,,neutral,,,neutral,,,neutral,,,neutral,,,neutral,,
Urea,urea,"Urea is humectant ingredient found in the skin’s natural moisturising factor (NMF), making up around 7-8% of the total composition. Its humectant properties mean it can bind to water molecules in the atmosphere, drawing them to it, and in turn plumping and hydrating the skin. Research also shows that Urea has a mild exfoliating action on the skin, encouraging the removal of dead cells which results in smoother, healthier, more hydrated skin.",4.0,0.0,1.0,2.0,1.0,1.0,1.0,Dry and dehydrated skin|Radiance|Pregnancy|Texture,,original,249,Skincare Ingredient,Cilt Bakım Bileşeni,Cilt bakım bileşeni,beneficial,Kuru cilt için faydalı bileşen,Beneficial for dry skin,neutral,,,neutral,,,beneficial,Genel cilt sağlığını destekler,Supports overall skin health,neutral,,,neutral,,,neutral,,
Urtica dioica,urticadioica,"Rating: Average. Categories: Skin-Soothing, Plant Extracts",1.0,0.0,0.0,0.0,2.0,0.0,0.0,,,noxmoon,0,Emollient,Yumuşatıcı (Emoliyan),Cildi yumuşatan ve pürüzsüzleştiren bileşen,neutral,,,neutral,,,neutral,,,neutral,,,beneficial,Hassas cilt için faydalı bileşen,Beneficial for sensitive skin,neutral,,,neutral,,
Uva ursi extract,uvaursiextract,"Rating: Best. Categories: Plant Extracts, Antioxidants",0.0,0.0,0.0,1.0,0.0,0.0,0.0,,,noxmoon,1,Botanical Extract,Bitkisel Ekstrakt,Bitkisel kaynaklı aktif ekstrakt,neutral,,,neutral,,,neutral,,,neutral,,,neutral,,,neutral,,,neutral,,
VA/crotonates copolymer,vacrotonatescopolymer,Rating: Good. Categories: Film-Forming/Holding Agents,0.0,0.0,0.0,0.0,0.0,0.0,0.0,,,noxmoon,0,Skincare Ingredient,Cilt Bakım Bileşeni,Cilt bakım bileşeni,neutral,,,neutral,,,neutral,,,neutral,,,neutral,,,neutral,,,neutral,,
VP/eicosene copolymer,vpeicosenecopolymer,Rating: Good. Categories: Film-Forming/Holding Agents,0.0,0.0,0.0,0.0,0.0,0.0,0.0,,,noxmoon,61,Skincare Ingredient,Cilt Bakım Bileşeni,Cilt bakım bileşeni,neutral,,,neutral,,,neutral,,,neutral,,,neutral,,,neutral,,,neutral,,
VP/hexadecene copolymer,vphexadecenecopolymer,"Rating: Good. Categories: Film-Forming/Holding Agents, Texture Enhancer",0.0,0.0,0.0,0.0,0.0,0.0,0.0,,,noxmoon,49,Skincare Ingredient,Cilt Bakım Bileşeni,Cilt bakım bileşeni,neutral,,,neutral,,,neutral,,,neutral,,,neutral,,,neutral,,,neutral,,
Vaccinium macrocarpon fruit extract,vacciniummacrocarponfruitextract,"Rating: Best. Categories: Skin-Soothing, Antioxidants, Plant Extracts",1.0,0.0,0.0,1.0,2.0,0.0,0.0,,,noxmoon,0,Emollient,Yumuşatıcı (Emoliyan),Cildi yumuşatan ve pürüzsüzleştiren bileşen,neutral,,,neutral,,,neutral,,,neutral,,,beneficial,Hassas cilt için faydalı bileşen,Beneficial for sensitive skin,neutral,,,neutral,,
Vaccinium myrtillus,vacciniummyrtillus,Rating: Good. Categories: Plant Extracts,0.0,0.0,0.0,0.0,0.0,0.0,0.0,,,noxmoon,0,Botanical Extract,Bitkisel Ekstrakt,Bitkisel kaynaklı aktif ekstrakt,neutral,,,neutral,,,neutral,,,neutral,,,neutral,,,neutral,,,neutral,,
Vaccinum Angustifolium (blueberry) fruit extract,vaccinumangustifoliumblueberryfruitextract,Rating: Best. Categories: Antioxidants,0.0,0.0,0.0,1.0,0.0,0.0,0.0,,,noxmoon,0,Antioxidant,Antioksidan,Serbest radikallere karşı koruyucu antioksidan,neutral,,,neutral,,,neutral,,,neutral,,,neutral,,,neutral,,,neutral,,
Valine,valine,"It's a branched chain amino acid that is claimed to enhance energy, increase endurance and aid in muscle tissue recovery and repair when taken as a supplement. In skincare, Valine helps to keep the skin hydrated and to protect against external aggressors. 

Amino acids are a class of ingredients. They can also be found on ingredients lists as acetyl glucosamine,acetyl tyrosinamide, alanine, arginine hcl, arginine pca, histidine, isoleucine, leucine, lysine, proline, serine and valine and yeast amino acids.",3.0,0.0,1.0,1.0,1.0,0.0,1.0,Dry and dehydrated skin|Pregnancy|Texture,,original,21,Skincare Ingredient,Cilt Bakım Bileşeni,Cilt bakım bileşeni,beneficial,Kuru cilt için faydalı bileşen,Beneficial for dry skin,neutral,,,neutral,,,neutral,,,neutral,,,neutral,,,neutral,,
Vanilla planifolia fruit extract,vanillaplanifoliafruitextract,"Rating: Good. Categories: Skin-Soothing, Plant Extracts, Antioxidants, Fragrance: Synthetic and Fragrant Plant Extracts",1.0,0.0,0.0,1.0,0.0,0.0,0.0,,,noxmoon,28,Emollient,Yumuşatıcı (Emoliyan),Cildi yumuşatan ve pürüzsüzleştiren bileşen,neutral,,,neutral,,,neutral,,,neutral,,,neutral,,,neutral,,,neutral,,
Vibrio Alginolyticus Ferment Filtrate,vibrioalginolyticusfermentfiltrate,"Vibrio Alginolyticus Ferment Filtrate is a polysaccharide excreted by a type of microorganism called Kopara. It is used in skincare for its ability to stimulate the skin’s natural exfoliation process, encouraging the removal of outer dead skin cells, triggering new skin cells to grow underneath. This leads to smoother, more even-toned skin.

It is in the class of Algae Extract which also include ahnfeltia concinna extract, alaria esculenta extract, algae exopolysaccharides, algin, alteromonas ferment extract, ascophyllum nodosum extract, asparagopsis armata extract, chlorella protothecoides, chlorella vulgaris extract, dunaliella salina (green algae) extract, hydrolyzed f-fucoidan, laminaria ochroleuca (kelp) extract, macrocystis pyrifera (kelp) extract, marine extract, parachlorella beijerinckii exopolysaccharides, padina pavonica thallus extract, plankton extract, porphyridium cruentum extract, pseudoalteromonas exopolysaccharides, tripleurospermum maritimum extract, chlorella protothecoides oil",2.0,0.0,0.0,0.0,1.0,4.0,1.0,Dry and dehydrated skin|Fine Lines|Pregnancy|Wrinkles,,original,1,Skincare Ingredient,Cilt Bakım Bileşeni,Cilt bakım bileşeni,beneficial,Kuru cilt için faydalı bileşen,Beneficial for dry skin,neutral,,,neutral,,,neutral,,,neutral,,,beneficial,Yaşlanma karşıtı faydalı bileşen,Beneficial anti-aging ingredient,neutral,,
Viola tricolor extract,violatricolorextract,"Rating: Average. Categories: Skin-Soothing, Plant Extracts, Antioxidants",1.0,0.0,0.0,1.0,2.0,0.0,0.0,,,noxmoon,13,Emollient,Yumuşatıcı (Emoliyan),Cildi yumuşatan ve pürüzsüzleştiren bileşen,neutral,,,neutral,,,neutral,,,neutral,,,beneficial,Hassas cilt için faydalı bileşen,Beneficial for sensitive skin,neutral,,,neutral,,
Vitamin A,vitamina,"Retinoic acid (aka tretinoin) is the gold standard of anti-ageing and works in a number of ways. Firstly, it blocks the production of collagen-degrading enzymes, meaning collagen does not get broken down as quickly in the skin. After prolonged use (6M+), it has also been shown to stimulate the production of type I and type III collagen, reducing wrinkles and improving skin firmness. It has been shown to protect against UV-induced damage, as well as reducing the appearance of hyperpigmentation in the skin. Skin treated with retinoids is smoother, more even-toned, firmer and younger looking.

Vitamin A is a family of ingredients also known as retinol, retinaldehyde, encapsulated retinaldehyde, Retinoic acid (aka tretinoin), hydroxypinacolone retinoate, retinyl palmitate, retinyl propionate or retinyl retinoate (8x more powerful than retinol). Vitamin A is one of the most well-researched actives used in skincare today. Retinol and all of It's derivatives are broken down within the skin first into retinaldehyde, then into retinoic acid, the active form recognised by the body to trigger it’s skin benefits.",1.0,5.0,4.0,3.0,-4.0,7.0,-2.0,Acne|Blackheads|Elasticity|Enlarged Pores|Fine Lines|Pigmentation|Radiance|Texture|Wrinkles,Pregnancy|Sensitive|Impaired skin barrier,original,2,Skincare Ingredient,Cilt Bakım Bileşeni,Cilt bakım bileşeni,neutral,,,beneficial,Yağlı cilt için faydalı bileşen,Beneficial for oily skin,beneficial,Karma cilt için faydalı bileşen,Beneficial for combination skin,beneficial,Genel cilt sağlığını destekler,Supports overall skin health,caution,"Hassas ciltte tahriş riski taşır, dikkatli kullanılmalı","Risk of irritation, use with caution",beneficial,Yaşlanma karşıtı faydalı bileşen,Beneficial anti-aging ingredient,caution,"Hamilelikte kullanımı önerilmez, doktorunuza danışın","Not recommended during pregnancy, consult your doctor"
Vitamin B5,vitaminb5,"Vitamin B5 is a humectant, meaning it can draw water molecules to it, hydrating and plumping the area it has been applied to. It also supports the natural lipid barrier of the skin, by encouraging the production of a precursor to fatty acids & sphingolipids, both of which are essential parts of the skin barrier. This mechanism helps to moisturise the skin by reducing trans-epidermal water loss (TEWL), therefore retaining more moisture within the skin. This also helps to reduce inflammation in dry or broken skin, as an intact skin barrier will prevent potential irritants from getting into the epidermis.

Vitamin B5 is a family of ingredients also known as calcium pantothenate, calcium pantothenate (vitamin b5), d-panthenol, pantothenic acid, panthenol, and panthenyl triacetate.",5.0,0.0,1.0,2.0,5.0,1.0,1.0,Dry and dehydrated skin|Impaired skin barrier|Redness|Radiance|Pregnancy|Texture,,original,0,Oil / Lipid,Yağ / Lipit,Cildi besleyen yağ/lipit bileşeni,beneficial,Kuru cilt için faydalı bileşen,Beneficial for dry skin,neutral,,,neutral,,,beneficial,Genel cilt sağlığını destekler,Supports overall skin health,beneficial,Hassas cilt için faydalı bileşen,Beneficial for sensitive skin,neutral,,,neutral,,
Vitamin C,vitaminc,"Vitamin C has many skin benefits, including its action as an antioxidant, to neutralise free radicals (reactive molecules with an unpaired electron), preventing them from causing damage to cells within the body. Vitamin C is also involved in the collagen-production process, so provides anti-wrinkle activity through this mechanism. Lastly, Vitamin C inhibits the enzyme tyrosinase, which is involved in melanin-synthesis, and can therefore visibly reduce areas of hyperpigmentation in the skin.

Vitamin C is a family of ingredients also known as ascorbic acid, ascorbyl glucoside, ascorbyl palmitate, ethyl ascorbic acid, l-ascorbic acid, magnesium ascorbyl phosphate, sodium ascorbyl phosphate and tetrahexyldecyl ascorbate.",-2.0,0.0,0.0,2.0,-4.0,7.0,1.0,Elasticity|Fine Lines|Pigmentation|Radiance|Pregnancy|Wrinkles,Sensitive|Dry Dehydrated|Impaired skin barrier,original,0,Vitamin C,C Vitamini,Aydınlatıcı ve antioksidan C vitamini türevi,caution,"Kurutucu etki yapabilir, nemlendiriciyle kullanılmalı",May have drying effects,neutral,,,neutral,,,beneficial,Genel cilt sağlığını destekler,Supports overall skin health,caution,"Hassas ciltte tahriş riski taşır, dikkatli kullanılmalı","Risk of irritation, use with caution",beneficial,Yaşlanma karşıtı faydalı bileşen,Beneficial anti-aging ingredient,neutral,,
Vitamin E,vitamine,"Vitamin E is a fat-soluble Vitamin contained in many plant oils, or can also be produced synthetically. Vitamin E is found naturally in our own skin, and its main benefit is to offer powerful antioxidant protection against pollution and free radical damage. It also helps to support our skin’s natural lipid barrier, which in turn improves the hydration levels within the epidermis, as water loss through the skin is minimised.

Vitamin E is a family of ingredients also known as alpha tocopherol, tocopherol acetate, tocopheryl (vitamin e) acetate, tocopheryl glucoside or tocopheryl linoleate/oleate.",4.0,0.0,1.0,1.0,5.0,0.0,0.0,Dry and dehydrated skin|Impaired skin barrier|Redness|Texture,,original,4,Botanical Extract,Bitkisel Ekstrakt,Bitkisel kaynaklı aktif ekstrakt,beneficial,Kuru cilt için faydalı bileşen,Beneficial for dry skin,neutral,,,neutral,,,neutral,,,beneficial,Hassas cilt için faydalı bileşen,Beneficial for sensitive skin,neutral,,,neutral,,
Vitamin K1,vitamink1,Vitamin K1 is a naturally occurring vitamin found in certain plants and algae.,1.0,1.0,1.0,1.0,1.0,0.0,0.0,Anyone,,original,0,Botanical Extract,Bitkisel Ekstrakt,Bitkisel kaynaklı aktif ekstrakt,neutral,,,neutral,,,neutral,,,neutral,,,neutral,,,neutral,,,neutral,,
Vitis vinifera,vitisvinifera,"Rating: Best. Categories: Antioxidants, Emollients, Plant Extracts",1.0,0.0,0.0,1.0,0.0,0.0,0.0,,,noxmoon,3,Antioxidant,Antioksidan,Serbest radikallere karşı koruyucu antioksidan,neutral,,,neutral,,,neutral,,,neutral,,,neutral,,,neutral,,,neutral,,
White Tea,whitetea,"White tea, also known as camellia sinensis (white tea) leaf  extract, is a potent antioxidant, so is able to help protect against free radical damage. It is also thought to have anti-ageing properties by inhibiting the action of collagen and elastin-degrading enzymes in the skin.",0.0,0.0,0.0,0.0,2.0,0.0,0.0,Redness,,original,3,Skincare Ingredient,Cilt Bakım Bileşeni,Cilt bakım bileşeni,neutral,,,neutral,,,neutral,,,neutral,,,beneficial,Hassas cilt için faydalı bileşen,Beneficial for sensitive skin,neutral,,,neutral,,
Wild Cherry Extract,wildcherryextract,"Wild cherry is a natural fruit extract, rich in plant antioxidants and vitamin c which help to protect the skin from free radical damage. It may also offer skin calming benefits.",1.0,0.0,0.0,0.0,2.0,0.0,0.0,Impaired skin barrier,,original,0,Antioxidant,Antioksidan,Serbest radikallere karşı koruyucu antioksidan,neutral,,,neutral,,,neutral,,,neutral,,,beneficial,Hassas cilt için faydalı bileşen,Beneficial for sensitive skin,neutral,,,neutral,,
Willow Bark Extract,willowbarkextract,"Willow bark contains naturally-occurring salicylic acid. Salicylic acid works as an exfoliating acid to dissolve the keratin that binds the outermost layers of the skin, encouraging the natural exfoliation process of the skin. Due to its oil-soluble form, salicylic acid can penetrate inside the pore, to clear out dead skin cell build up and prevent comedones (blocked pores) from occurring, or acne-causing bacteria to overpopulate within the pore. This C. Acnes bacteria is anaerobic so needs an oxygen-free environment to thrive, and thus require a pore to be blocked.",-2.0,7.0,3.0,1.0,0.0,1.0,0.0,Acne|Blackheads|Enlarged Pores|Oily|Redness|Radiance,Dry Dehydrated|Impaired skin barrier,original,13,Skincare Ingredient,Cilt Bakım Bileşeni,Cilt bakım bileşeni,caution,"Kurutucu etki yapabilir, nemlendiriciyle kullanılmalı",May have drying effects,beneficial,Yağlı cilt için faydalı bileşen,Beneficial for oily skin,beneficial,Karma cilt için faydalı bileşen,Beneficial for combination skin,neutral,,,neutral,,,neutral,,,neutral,,
Willow Herb Extract,willowherbextract,A botanical extract used for its antioxidant and skin-soothing abilities.,1.0,0.0,0.0,0.0,2.0,0.0,0.0,Impaired skin barrier,,original,0,Emollient,Yumuşatıcı (Emoliyan),Cildi yumuşatan ve pürüzsüzleştiren bileşen,neutral,,,neutral,,,neutral,,,neutral,,,beneficial,Hassas cilt için faydalı bileşen,Beneficial for sensitive skin,neutral,,,neutral,,
Xi xin,xixin,"Rating: Poor. Categories: Skin-Soothing, Sensitizing, Plant Extracts",0.0,0.0,0.0,0.0,-1.0,0.0,0.0,,Sensitizing,noxmoon,0,Emollient,Yumuşatıcı (Emoliyan),Cildi yumuşatan ve pürüzsüzleştiren bileşen,neutral,,,neutral,,,neutral,,,neutral,,,caution,"Hassas ciltte tahriş riski taşır, dikkatli kullanılmalı","Risk of irritation, use with caution",neutral,,,neutral,,
Ximenia americana oil,ximeniaamericanaoil,"Rating: Good. Categories: Plant Extracts, Antioxidants, Emollients",1.0,0.0,0.0,1.0,0.0,0.0,0.0,,,noxmoon,0,Botanical Extract,Bitkisel Ekstrakt,Bitkisel kaynaklı aktif ekstrakt,neutral,,,neutral,,,neutral,,,neutral,,,neutral,,,neutral,,,neutral,,
Yeast Amino Acids,yeastaminoacids,"Yeast amino acids help to stimulate the skin’s cellular renewal, soothe skin, and increase oxygen flow to skin cells. It is also believed that yeast amino acids can stimulate collagen production. 

Amino acids are a class of ingredients. They can also be found on ingredients lists as acetyl glucosamine,acetyl tyrosinamide, alanine, arginine hcl, arginine pca, histidine, isoleucine, leucine, lysine, proline, serine and yeast amino acids.",2.0,0.0,0.0,0.0,1.0,0.0,0.0,Dry and dehydrated skin,,original,27,Skincare Ingredient,Cilt Bakım Bileşeni,Cilt bakım bileşeni,beneficial,Kuru cilt için faydalı bileşen,Beneficial for dry skin,neutral,,,neutral,,,neutral,,,neutral,,,neutral,,,neutral,,
Yerba Mate Extract,yerbamateextract,"Yerba Mate Extract is derived from the leaves of the Ilex paraguariensis plant, native to South America. In skincare, it is used for its potential antioxidant, anti-inflammatory, and skin-soothing properties. It contains various natural compounds, including polyphenols, xanthines (such as caffeine), and vitamins, which contribute to its skincare benefits.",1.0,0.0,0.0,0.0,2.0,0.0,0.0,Impaired skin barrier,,original,0,Botanical Extract,Bitkisel Ekstrakt,Bitkisel kaynaklı aktif ekstrakt,neutral,,,neutral,,,neutral,,,neutral,,,beneficial,Hassas cilt için faydalı bileşen,Beneficial for sensitive skin,neutral,,,neutral,,
Yucca schidigera,yuccaschidigera,Rating: Average. Categories: Uncategorized,0.0,0.0,0.0,0.0,0.0,0.0,0.0,,,noxmoon,0,Skincare Ingredient,Cilt Bakım Bileşeni,Cilt bakım bileşeni,neutral,,,neutral,,,neutral,,,neutral,,,neutral,,,neutral,,,neutral,,
Zanthoxylum piperitum,zanthoxylumpiperitum,"Rating: Poor. Categories: Plant Extracts, Sensitizing",-1.0,0.0,0.0,0.0,-2.0,0.0,0.0,,Sensitizing,noxmoon,0,Botanical Extract,Bitkisel Ekstrakt,Bitkisel kaynaklı aktif ekstrakt,caution,"Kurutucu etki yapabilir, nemlendiriciyle kullanılmalı",May have drying effects,neutral,,,neutral,,,neutral,,,caution,"Hassas ciltte tahriş riski taşır, dikkatli kullanılmalı","Risk of irritation, use with caution",neutral,,,neutral,,
Zinc,zinc,"It is known to regulate sebum production, as well as inhibit the growth of the C. Acnes bacteria to improve acne symptoms.

Zinc is a family of ingredients also known as zinc gluconate, zinc pca, zinc sulfate and zinc sulphate.",0.0,6.0,2.0,0.0,2.0,0.0,0.0,Acne|Blackheads|Oily|Redness,,original,3,Skincare Ingredient,Cilt Bakım Bileşeni,Cilt bakım bileşeni,neutral,,,beneficial,Yağlı cilt için faydalı bileşen,Beneficial for oily skin,beneficial,Karma cilt için faydalı bileşen,Beneficial for combination skin,neutral,,,beneficial,Hassas cilt için faydalı bileşen,Beneficial for sensitive skin,neutral,,,neutral,,
Zinc Gluconate,zincgluconate,"Zinc gluconate is known to have antibacterial effects, and is used in skincare as a preservative to protect the user from harmful bacteria exposure, as well as potential imparting some anti-blemish effects via its antibacterial activity.

Zinc is a family of ingredients that can also be found on ingredients lists as zinc pca, zinc sulfate and zinc sulphate.",0.0,5.0,3.0,0.0,2.0,0.0,0.0,Acne|Blackheads|Enlarged Pores|Redness,,original,177,Skincare Ingredient,Cilt Bakım Bileşeni,Cilt bakım bileşeni,neutral,,,beneficial,Yağlı cilt için faydalı bileşen,Beneficial for oily skin,beneficial,Karma cilt için faydalı bileşen,Beneficial for combination skin,neutral,,,beneficial,Hassas cilt için faydalı bileşen,Beneficial for sensitive skin,neutral,,,neutral,,
Zinc PCA,zincpca,"Zinc PCA is a component of the skin’s natural moisturising factor (NMF), which acts as a humectant to draw water to it, and when synthesized with zinc, it can actually improve the efficacy of zinc, by making it more bioavailable and easily-absorbed.

Studies have also shown that zinc PCA can inhibit the activity of destructive enzymes within the skin, therefore providing a protective, anti-ageing mechanism to the skin. 

Zinc is a family of ingredients that can also be found on ingredients lists as zinc gluconate, zinc sulfate and zinc sulphate.",0.0,5.0,3.0,0.0,2.0,2.0,0.0,Acne|Blackheads|Enlarged Pores|Fine Lines|Redness,,original,84,Skincare Ingredient,Cilt Bakım Bileşeni,Cilt bakım bileşeni,neutral,,,beneficial,Yağlı cilt için faydalı bileşen,Beneficial for oily skin,beneficial,Karma cilt için faydalı bileşen,Beneficial for combination skin,neutral,,,beneficial,Hassas cilt için faydalı bileşen,Beneficial for sensitive skin,beneficial,Yaşlanma karşıtı faydalı bileşen,Beneficial anti-aging ingredient,neutral,,
Zinc Sulfate,zincsulfate,"The jury is still out on the efficacy of this zinc derivative, but it is used in skincare for its antibacterial and astringent properties. This means it is able to fight blemish-causing C. Acnes bacteria, as well as minimise sebum production via its astringent effect.

Zinc sulfate is part of a family of ingredients that can also be found on ingredients lists as zinc gluconate, zinc pca and zinc sulphate.",1.0,1.0,1.0,1.0,1.0,0.0,0.0,Anyone,,original,44,Skincare Ingredient,Cilt Bakım Bileşeni,Cilt bakım bileşeni,neutral,,,neutral,,,neutral,,,neutral,,,neutral,,,neutral,,,neutral,,
Zingiber officinale roscoe,zingiberofficinaleroscoe,"Rating: Poor. Categories: Skin-Soothing, Plant Extracts, Sensitizing",0.0,0.0,0.0,0.0,-1.0,0.0,0.0,,Sensitizing,noxmoon,0,Emollient,Yumuşatıcı (Emoliyan),Cildi yumuşatan ve pürüzsüzleştiren bileşen,neutral,,,neutral,,,neutral,,,neutral,,,caution,"Hassas ciltte tahriş riski taşır, dikkatli kullanılmalı","Risk of irritation, use with caution",neutral,,,neutral,,
Zingiber zerumbet,zingiberzerumbet,"Rating: Poor. Categories: Skin-Soothing, Plant Extracts, Sensitizing",0.0,0.0,0.0,0.0,-1.0,0.0,0.0,,Sensitizing,noxmoon,0,Emollient,Yumuşatıcı (Emoliyan),Cildi yumuşatan ve pürüzsüzleştiren bileşen,neutral,,,neutral,,,neutral,,,neutral,,,caution,"Hassas ciltte tahriş riski taşır, dikkatli kullanılmalı","Risk of irritation, use with caution",neutral,,,neutral,,
Zingiberaceae,zingiberaceae,"Rating: Poor. Categories: Skin-Soothing, Sensitizing, Plant Extracts",0.0,0.0,0.0,0.0,-1.0,0.0,0.0,,Sensitizing,noxmoon,0,Emollient,Yumuşatıcı (Emoliyan),Cildi yumuşatan ve pürüzsüzleştiren bileşen,neutral,,,neutral,,,neutral,,,neutral,,,caution,"Hassas ciltte tahriş riski taşır, dikkatli kullanılmalı","Risk of irritation, use with caution",neutral,,,neutral,,
Zizyphus jujuba fruit extract,zizyphusjujubafruitextract,"Rating: Good. Categories: Skin-Soothing, Plant Extracts",1.0,0.0,0.0,0.0,2.0,0.0,0.0,,,noxmoon,9,Emollient,Yumuşatıcı (Emoliyan),Cildi yumuşatan ve pürüzsüzleştiren bileşen,neutral,,,neutral,,,neutral,,,neutral,,,beneficial,Hassas cilt için faydalı bileşen,Beneficial for sensitive skin,neutral,,,neutral,,
acacia senegal gum,acaciasenegalgum,"Rating: Good. Categories: Texture Enhancer, Plant Extracts, Skin-Soothing",1.0,0.0,0.0,0.0,2.0,0.0,0.0,,,noxmoon,48,Skincare Ingredient,Cilt Bakım Bileşeni,Cilt bakım bileşeni,neutral,,,neutral,,,neutral,,,neutral,,,beneficial,Hassas cilt için faydalı bileşen,Beneficial for sensitive skin,neutral,,,neutral,,
acai,acai,"Rating: Best. Categories: Antioxidants, Plant Extracts",0.0,0.0,0.0,1.0,0.0,0.0,0.0,,,noxmoon,0,Antioxidant,Antioksidan,Serbest radikallere karşı koruyucu antioksidan,neutral,,,neutral,,,neutral,,,neutral,,,neutral,,,neutral,,,neutral,,
acerola fruit extract,acerolafruitextract,Rating: Good. Categories: Plant Extracts,0.0,0.0,0.0,0.0,0.0,0.0,0.0,,,noxmoon,0,Botanical Extract,Bitkisel Ekstrakt,Bitkisel kaynaklı aktif ekstrakt,neutral,,,neutral,,,neutral,,,neutral,,,neutral,,,neutral,,,neutral,,
acetic acid,aceticacid,Rating: Poor. Categories: Sensitizing,-1.0,0.0,0.0,0.0,-2.0,0.0,0.0,,Sensitizing,noxmoon,19,Skincare Ingredient,Cilt Bakım Bileşeni,Cilt bakım bileşeni,caution,"Kurutucu etki yapabilir, nemlendiriciyle kullanılmalı",May have drying effects,neutral,,,neutral,,,neutral,,,caution,"Hassas ciltte tahriş riski taşır, dikkatli kullanılmalı","Risk of irritation, use with caution",neutral,,,neutral,,
acetone,acetone,Rating: Poor. Categories: Sensitizing,-1.0,0.0,0.0,0.0,-2.0,0.0,0.0,,Sensitizing,noxmoon,1,Skincare Ingredient,Cilt Bakım Bileşeni,Cilt bakım bileşeni,caution,"Kurutucu etki yapabilir, nemlendiriciyle kullanılmalı",May have drying effects,neutral,,,neutral,,,neutral,,,caution,"Hassas ciltte tahriş riski taşır, dikkatli kullanılmalı","Risk of irritation, use with caution",neutral,,,neutral,,
acetyl carnitine HCL,acetylcarnitinehcl,Rating: Best. Categories: Antioxidants,0.0,0.0,0.0,1.0,0.0,0.0,0.0,,,noxmoon,16,Antioxidant,Antioksidan,Serbest radikallere karşı koruyucu antioksidan,neutral,,,neutral,,,neutral,,,neutral,,,neutral,,,neutral,,,neutral,,
acetyl glyceryl ricinoleate,acetylglycerylricinoleate,"Rating: Good. Categories: Texture Enhancer, Emollients",1.0,0.0,0.0,0.0,0.0,0.0,0.0,,,noxmoon,0,Skincare Ingredient,Cilt Bakım Bileşeni,Cilt bakım bileşeni,neutral,,,neutral,,,neutral,,,neutral,,,neutral,,,neutral,,,neutral,,
acetyl hexapeptide-8,acetylhexapeptide8,Rating: Good. Categories: Skin-Restoring,2.0,0.0,0.0,0.0,1.0,0.0,0.0,,,noxmoon,140,Emollient,Yumuşatıcı (Emoliyan),Cildi yumuşatan ve pürüzsüzleştiren bileşen,beneficial,Kuru cilt için faydalı bileşen,Beneficial for dry skin,neutral,,,neutral,,,neutral,,,neutral,,,neutral,,,neutral,,
acetyl octapeptide-3,acetyloctapeptide3,Rating: Good. Categories: Skin-Restoring,2.0,0.0,0.0,0.0,1.0,0.0,0.0,,,noxmoon,32,Emollient,Yumuşatıcı (Emoliyan),Cildi yumuşatan ve pürüzsüzleştiren bileşen,beneficial,Kuru cilt için faydalı bileşen,Beneficial for dry skin,neutral,,,neutral,,,neutral,,,neutral,,,neutral,,,neutral,,
acetyl tetrapeptide-5,acetyltetrapeptide5,Rating: Best. Categories: Skin-Restoring,2.0,0.0,0.0,0.0,1.0,0.0,0.0,,,noxmoon,37,Emollient,Yumuşatıcı (Emoliyan),Cildi yumuşatan ve pürüzsüzleştiren bileşen,beneficial,Kuru cilt için faydalı bileşen,Beneficial for dry skin,neutral,,,neutral,,,neutral,,,neutral,,,neutral,,,neutral,,
acetyl tributyl citrate,acetyltributylcitrate,Rating: Average. Categories: Film-Forming/Holding Agents,0.0,0.0,0.0,0.0,0.0,0.0,0.0,,,noxmoon,1,Skincare Ingredient,Cilt Bakım Bileşeni,Cilt bakım bileşeni,neutral,,,neutral,,,neutral,,,neutral,,,neutral,,,neutral,,,neutral,,
acetyl tyrosine,acetyltyrosine,Rating: Good. Categories: Hydration,0.0,0.0,0.0,0.0,0.0,0.0,0.0,,,noxmoon,30,Skincare Ingredient,Cilt Bakım Bileşeni,Cilt bakım bileşeni,neutral,,,neutral,,,neutral,,,neutral,,,neutral,,,neutral,,,neutral,,
acetylated castor oil,acetylatedcastoroil,"Rating: Good. Categories: Texture Enhancer, Emollients",1.0,0.0,0.0,0.0,0.0,0.0,0.0,,,noxmoon,0,Skincare Ingredient,Cilt Bakım Bileşeni,Cilt bakım bileşeni,neutral,,,neutral,,,neutral,,,neutral,,,neutral,,,neutral,,,neutral,,
acetylated hydrogenated cottonseed glyceride,acetylatedhydrogenatedcottonseedglyceride,"Rating: Good. Categories: Texture Enhancer, Emollients",1.0,0.0,0.0,0.0,0.0,0.0,0.0,,,noxmoon,0,Skincare Ingredient,Cilt Bakım Bileşeni,Cilt bakım bileşeni,neutral,,,neutral,,,neutral,,,neutral,,,neutral,,,neutral,,,neutral,,
acetylated lanolin,acetylatedlanolin,Rating: Good. Categories: Emollients,1.0,0.0,0.0,0.0,0.0,0.0,0.0,,,noxmoon,7,Emollient,Yumuşatıcı (Emoliyan),Cildi yumuşatan ve pürüzsüzleştiren bileşen,neutral,,,neutral,,,neutral,,,neutral,,,neutral,,,neutral,,,neutral,,
acetylated lanolin alcohol,acetylatedlanolinalcohol,Rating: Good. Categories: Emollients,1.0,0.0,0.0,0.0,0.0,0.0,0.0,,,noxmoon,10,Emollient,Yumuşatıcı (Emoliyan),Cildi yumuşatan ve pürüzsüzleştiren bileşen,neutral,,,neutral,,,neutral,,,neutral,,,neutral,,,neutral,,,neutral,,
acetylated palm kernel glycerides,acetylatedpalmkernelglycerides,"Rating: Good. Categories: Texture Enhancer, Emollients",1.0,0.0,0.0,0.0,0.0,0.0,0.0,,,noxmoon,0,Skincare Ingredient,Cilt Bakım Bileşeni,Cilt bakım bileşeni,neutral,,,neutral,,,neutral,,,neutral,,,neutral,,,neutral,,,neutral,,
acid,acid,Rating: Average. Categories: Miscellaneous,0.0,0.0,0.0,0.0,0.0,0.0,0.0,,,noxmoon,0,Skincare Ingredient,Cilt Bakım Bileşeni,Cilt bakım bileşeni,neutral,,,neutral,,,neutral,,,neutral,,,neutral,,,neutral,,,neutral,,
acne soap,acnesoap,Rating: Poor. Categories: Cleansing Agents,0.0,1.0,0.0,0.0,-1.0,0.0,0.0,,,noxmoon,0,Surfactant,Yüzey Aktif Madde,Temizleme işlevi gören yüzey aktif madde,neutral,,,neutral,,,neutral,,,neutral,,,caution,"Hassas ciltte tahriş riski taşır, dikkatli kullanılmalı","Risk of irritation, use with caution",neutral,,,neutral,,
acrylate,acrylate,Rating: Good. Categories: Texture Enhancer,0.0,0.0,0.0,0.0,0.0,0.0,0.0,,,noxmoon,0,Skincare Ingredient,Cilt Bakım Bileşeni,Cilt bakım bileşeni,neutral,,,neutral,,,neutral,,,neutral,,,neutral,,,neutral,,,neutral,,
acrylates copolymer,acrylatescopolymer,Rating: Good. Categories: Texture Enhancer,0.0,0.0,0.0,0.0,0.0,0.0,0.0,,,noxmoon,196,Skincare Ingredient,Cilt Bakım Bileşeni,Cilt bakım bileşeni,neutral,,,neutral,,,neutral,,,neutral,,,neutral,,,neutral,,,neutral,,
acrylates/C10-30 alkyl acrylate crosspolymer,acrylatesc1030alkylacrylatecrosspolymer,Rating: Good. Categories: Texture Enhancer,0.0,0.0,0.0,0.0,0.0,0.0,0.0,,,noxmoon,613,Skincare Ingredient,Cilt Bakım Bileşeni,Cilt bakım bileşeni,neutral,,,neutral,,,neutral,,,neutral,,,neutral,,,neutral,,,neutral,,
acrylates/dimethicone copolymer,acrylatesdimethiconecopolymer,"Rating: Good. Categories: Silicones, Texture Enhancer",1.0,0.0,0.0,1.0,0.0,0.0,0.0,,,noxmoon,53,Silicone,Silikon,Cildi pürüzsüzleştiren silikon bazlı bileşen,neutral,,,neutral,,,neutral,,,neutral,,,neutral,,,neutral,,,neutral,,
acrylates/steareth-20 methacrylate copolymer,acrylatessteareth20methacrylatecopolymer,Rating: Good. Categories: Texture Enhancer,0.0,0.0,0.0,0.0,0.0,0.0,0.0,,,noxmoon,13,Skincare Ingredient,Cilt Bakım Bileşeni,Cilt bakım bileşeni,neutral,,,neutral,,,neutral,,,neutral,,,neutral,,,neutral,,,neutral,,
adenosine phosphate,adenosinephosphate,"Rating: Best. Categories: Skin-Restoring, Skin-Soothing",3.0,0.0,0.0,0.0,3.0,0.0,0.0,,,noxmoon,21,Emollient,Yumuşatıcı (Emoliyan),Cildi yumuşatan ve pürüzsüzleştiren bileşen,beneficial,Kuru cilt için faydalı bileşen,Beneficial for dry skin,neutral,,,neutral,,,neutral,,,beneficial,Hassas cilt için faydalı bileşen,Beneficial for sensitive skin,neutral,,,neutral,,
adenosine triphosphate,adenosinetriphosphate,"Rating: Best. Categories: Skin-Soothing, Skin-Restoring",3.0,0.0,0.0,0.0,3.0,0.0,0.0,,,noxmoon,12,Emollient,Yumuşatıcı (Emoliyan),Cildi yumuşatan ve pürüzsüzleştiren bileşen,beneficial,Kuru cilt için faydalı bileşen,Beneficial for dry skin,neutral,,,neutral,,,neutral,,,beneficial,Hassas cilt için faydalı bileşen,Beneficial for sensitive skin,neutral,,,neutral,,
adipic acid/neopentyl glycol/trimellitic anhydride copolymer,adipicacidneopentylglycoltrimelliticanhydridecopolymer,Rating: Good. Categories: Texture Enhancer,0.0,0.0,0.0,0.0,0.0,0.0,0.0,,,noxmoon,0,Skincare Ingredient,Cilt Bakım Bileşeni,Cilt bakım bileşeni,neutral,,,neutral,,,neutral,,,neutral,,,neutral,,,neutral,,,neutral,,
advanced glycation endproduct (AGE),advancedglycationendproductage,Rating: Poor. Categories: Miscellaneous,0.0,0.0,0.0,0.0,-1.0,0.0,0.0,,,noxmoon,0,Skincare Ingredient,Cilt Bakım Bileşeni,Cilt bakım bileşeni,neutral,,,neutral,,,neutral,,,neutral,,,caution,"Hassas ciltte tahriş riski taşır, dikkatli kullanılmalı","Risk of irritation, use with caution",neutral,,,neutral,,
agar,agar,"Rating: Good. Categories: Antioxidants, Plant Extracts, Emollients, Texture Enhancer",1.0,0.0,0.0,1.0,0.0,0.0,0.0,,,noxmoon,27,Antioxidant,Antioksidan,Serbest radikallere karşı koruyucu antioksidan,neutral,,,neutral,,,neutral,,,neutral,,,neutral,,,neutral,,,neutral,,
ahnfeltia extract,ahnfeltiaextract,"Rating: Good. Categories: Antioxidants, Emollients, Texture Enhancer, Plant Extracts",1.0,0.0,0.0,1.0,0.0,0.0,0.0,,,noxmoon,0,Antioxidant,Antioksidan,Serbest radikallere karşı koruyucu antioksidan,neutral,,,neutral,,,neutral,,,neutral,,,neutral,,,neutral,,,neutral,,
albumin,albumin,Rating: Poor. Categories: Texture Enhancer,0.0,0.0,0.0,0.0,-1.0,0.0,0.0,,,noxmoon,0,Skincare Ingredient,Cilt Bakım Bileşeni,Cilt bakım bileşeni,neutral,,,neutral,,,neutral,,,neutral,,,caution,"Hassas ciltte tahriş riski taşır, dikkatli kullanılmalı","Risk of irritation, use with caution",neutral,,,neutral,,
alcloxa,alcloxa,Rating: Poor. Categories: Uncategorized,0.0,0.0,0.0,0.0,-1.0,0.0,0.0,,,noxmoon,2,Skincare Ingredient,Cilt Bakım Bileşeni,Cilt bakım bileşeni,neutral,,,neutral,,,neutral,,,neutral,,,caution,"Hassas ciltte tahriş riski taşır, dikkatli kullanılmalı","Risk of irritation, use with caution",neutral,,,neutral,,
alcohol,alcohol,"Rating: Average. Categories: Emollients, Cleansing Agents",1.0,1.0,0.0,0.0,0.0,0.0,0.0,,,noxmoon,458,Emollient,Yumuşatıcı (Emoliyan),Cildi yumuşatan ve pürüzsüzleştiren bileşen,neutral,,,neutral,,,neutral,,,neutral,,,neutral,,,neutral,,,neutral,,
alfalfa extract,alfalfaextract,"Rating: Best. Categories: Antioxidants, Plant Extracts",0.0,0.0,0.0,1.0,0.0,0.0,0.0,,,noxmoon,4,Antioxidant,Antioksidan,Serbest radikallere karşı koruyucu antioksidan,neutral,,,neutral,,,neutral,,,neutral,,,neutral,,,neutral,,,neutral,,
algae,algae,"Rating: Good. Categories: Antioxidants, Emollients, Texture Enhancer, Plant Extracts",1.0,0.0,0.0,1.0,0.0,0.0,0.0,,,noxmoon,6,Antioxidant,Antioksidan,Serbest radikallere karşı koruyucu antioksidan,neutral,,,neutral,,,neutral,,,neutral,,,neutral,,,neutral,,,neutral,,
aliphatic hydrocarbon,aliphatichydrocarbon,Rating: Good. Categories: Uncategorized,0.0,0.0,0.0,0.0,0.0,0.0,0.0,,,noxmoon,0,Skincare Ingredient,Cilt Bakım Bileşeni,Cilt bakım bileşeni,neutral,,,neutral,,,neutral,,,neutral,,,neutral,,,neutral,,,neutral,,
alkaline,alkaline,Rating: Poor. Categories: Uncategorized,0.0,0.0,0.0,0.0,-1.0,0.0,0.0,,,noxmoon,0,Skincare Ingredient,Cilt Bakım Bileşeni,Cilt bakım bileşeni,neutral,,,neutral,,,neutral,,,neutral,,,caution,"Hassas ciltte tahriş riski taşır, dikkatli kullanılmalı","Risk of irritation, use with caution",neutral,,,neutral,,
alkyloamides,alkyloamides,Rating: Average. Categories: Texture Enhancer,0.0,0.0,0.0,0.0,0.0,0.0,0.0,,,noxmoon,0,Skincare Ingredient,Cilt Bakım Bileşeni,Cilt bakım bileşeni,neutral,,,neutral,,,neutral,,,neutral,,,neutral,,,neutral,,,neutral,,
allyl methacrylates crosspolymer,allylmethacrylatescrosspolymer,Rating: Good. Categories: Texture Enhancer,0.0,0.0,0.0,0.0,0.0,0.0,0.0,,,noxmoon,20,Skincare Ingredient,Cilt Bakım Bileşeni,Cilt bakım bileşeni,neutral,,,neutral,,,neutral,,,neutral,,,neutral,,,neutral,,,neutral,,
almond oil,almondoil,"Rating: Best. Categories: Emollients, Skin-Replenishing",3.0,0.0,0.0,0.0,1.0,0.0,0.0,,,noxmoon,0,Emollient,Yumuşatıcı (Emoliyan),Cildi yumuşatan ve pürüzsüzleştiren bileşen,beneficial,Kuru cilt için faydalı bileşen,Beneficial for dry skin,neutral,,,neutral,,,neutral,,,neutral,,,neutral,,,neutral,,
almond/borage/linseed/olive acids glycerides,almondboragelinseedoliveacidsglycerides,"Rating: Best. Categories: Antioxidants, Skin-Replenishing, Hydration",2.0,0.0,0.0,1.0,1.0,0.0,0.0,,,noxmoon,0,Antioxidant,Antioksidan,Serbest radikallere karşı koruyucu antioksidan,beneficial,Kuru cilt için faydalı bileşen,Beneficial for dry skin,neutral,,,neutral,,,neutral,,,neutral,,,neutral,,,neutral,,
aloe barbadensis leaf juice extract,aloebarbadensisleafjuiceextract,"Rating: Good. Categories: Skin-Soothing, Plant Extracts",1.0,0.0,0.0,0.0,2.0,0.0,0.0,,,noxmoon,0,Emollient,Yumuşatıcı (Emoliyan),Cildi yumuşatan ve pürüzsüzleştiren bileşen,neutral,,,neutral,,,neutral,,,neutral,,,beneficial,Hassas cilt için faydalı bileşen,Beneficial for sensitive skin,neutral,,,neutral,,
aloe barbadensis leaf juice powder,aloebarbadensisleafjuicepowder,Rating: Good. Categories: Plant Extracts,0.0,0.0,0.0,0.0,0.0,0.0,0.0,,,noxmoon,31,Botanical Extract,Bitkisel Ekstrakt,Bitkisel kaynaklı aktif ekstrakt,neutral,,,neutral,,,neutral,,,neutral,,,neutral,,,neutral,,,neutral,,
aloe extract,aloeextract,"Rating: Good. Categories: Skin-Soothing, Plant Extracts",1.0,0.0,0.0,0.0,2.0,0.0,0.0,,,noxmoon,0,Emollient,Yumuşatıcı (Emoliyan),Cildi yumuşatan ve pürüzsüzleştiren bileşen,neutral,,,neutral,,,neutral,,,neutral,,,beneficial,Hassas cilt için faydalı bileşen,Beneficial for sensitive skin,neutral,,,neutral,,
aloe juice,aloejuice,"Rating: Good. Categories: Skin-Soothing, Plant Extracts",1.0,0.0,0.0,0.0,2.0,0.0,0.0,,,noxmoon,0,Emollient,Yumuşatıcı (Emoliyan),Cildi yumuşatan ve pürüzsüzleştiren bileşen,neutral,,,neutral,,,neutral,,,neutral,,,beneficial,Hassas cilt için faydalı bileşen,Beneficial for sensitive skin,neutral,,,neutral,,
alpha bisabolol,alphabisabolol,"Rating: Best. Categories: Skin-Soothing, Plant Extracts",1.0,0.0,0.0,0.0,2.0,0.0,0.0,,,noxmoon,2,Emollient,Yumuşatıcı (Emoliyan),Cildi yumuşatan ve pürüzsüzleştiren bileşen,neutral,,,neutral,,,neutral,,,neutral,,,beneficial,Hassas cilt için faydalı bileşen,Beneficial for sensitive skin,neutral,,,neutral,,
alpha hydroxy acid,alphahydroxyacid,Rating: Best. Categories: Exfoliant,0.0,0.0,0.0,0.0,0.0,0.0,0.0,,,noxmoon,0,Skincare Ingredient,Cilt Bakım Bileşeni,Cilt bakım bileşeni,neutral,,,neutral,,,neutral,,,neutral,,,neutral,,,neutral,,,neutral,,
alpha isomethyl ionone,alphaisomethylionone,Rating: Poor. Categories: Fragrance: Synthetic and Fragrant Plant Extracts,0.0,0.0,0.0,0.0,-2.0,0.0,0.0,,,noxmoon,208,Fragrance,Parfüm / Koku,Ürüne koku veren parfüm bileşeni,neutral,,,neutral,,,neutral,,,neutral,,,caution,"Hassas ciltte tahriş riski taşır, dikkatli kullanılmalı","Risk of irritation, use with caution",neutral,,,neutral,,
alpha lipoic acid,alphalipoicacid,Rating: Best. Categories: Antioxidants,0.0,0.0,0.0,1.0,0.0,0.0,0.0,,,noxmoon,3,Antioxidant,Antioksidan,Serbest radikallere karşı koruyucu antioksidan,neutral,,,neutral,,,neutral,,,neutral,,,neutral,,,neutral,,,neutral,,
alpha-tocopherol,alphatocopherol,"Rating: Best. Categories: Antioxidants, Vitamins",0.0,0.0,0.0,1.0,0.0,0.0,0.0,,,noxmoon,7,Antioxidant,Antioksidan,Serbest radikallere karşı koruyucu antioksidan,neutral,,,neutral,,,neutral,,,neutral,,,neutral,,,neutral,,,neutral,,
alumina,alumina,"Rating: Good. Categories: Texture Enhancer, Scrub Agents, Absorbent",0.0,0.0,0.0,0.0,0.0,0.0,0.0,,,noxmoon,122,Skincare Ingredient,Cilt Bakım Bileşeni,Cilt bakım bileşeni,neutral,,,neutral,,,neutral,,,neutral,,,neutral,,,neutral,,,neutral,,
aluminum,aluminum,Rating: Good. Categories: Uncategorized,0.0,0.0,0.0,0.0,0.0,0.0,0.0,,,noxmoon,0,Skincare Ingredient,Cilt Bakım Bileşeni,Cilt bakım bileşeni,neutral,,,neutral,,,neutral,,,neutral,,,neutral,,,neutral,,,neutral,,
aluminum magnesium silicate,aluminummagnesiumsilicate,Rating: Good. Categories: Absorbent,0.0,0.0,0.0,0.0,0.0,0.0,0.0,,,noxmoon,0,Mineral,Mineral,Mineral bazlı cilt bakım bileşeni,neutral,,,neutral,,,neutral,,,neutral,,,neutral,,,neutral,,,neutral,,
aluminum powder,aluminumpowder,Rating: Good. Categories: Coloring Agents/Pigments,0.0,0.0,0.0,0.0,0.0,0.0,0.0,,,noxmoon,2,Skincare Ingredient,Cilt Bakım Bileşeni,Cilt bakım bileşeni,neutral,,,neutral,,,neutral,,,neutral,,,neutral,,,neutral,,,neutral,,
aluminum silicate,aluminumsilicate,"Rating: Good. Categories: Absorbent, Scrub Agents",0.0,0.0,0.0,0.0,0.0,0.0,0.0,,,noxmoon,4,Mineral,Mineral,Mineral bazlı cilt bakım bileşeni,neutral,,,neutral,,,neutral,,,neutral,,,neutral,,,neutral,,,neutral,,
aluminum starch octenylsuccinate,aluminumstarchoctenylsuccinate,"Rating: Good. Categories: Texture Enhancer, Absorbent",0.0,0.0,0.0,0.0,0.0,0.0,0.0,,,noxmoon,143,Skincare Ingredient,Cilt Bakım Bileşeni,Cilt bakım bileşeni,neutral,,,neutral,,,neutral,,,neutral,,,neutral,,,neutral,,,neutral,,
aluminum stearate,aluminumstearate,Rating: Good. Categories: Texture Enhancer,0.0,0.0,0.0,0.0,0.0,0.0,0.0,,,noxmoon,16,Skincare Ingredient,Cilt Bakım Bileşeni,Cilt bakım bileşeni,neutral,,,neutral,,,neutral,,,neutral,,,neutral,,,neutral,,,neutral,,
aluminum sulfate,aluminumsulfate,"Rating: Poor. Categories: Absorbent, Antioxidants",0.0,0.0,0.0,1.0,-1.0,0.0,0.0,,,noxmoon,0,Mineral,Mineral,Mineral bazlı cilt bakım bileşeni,neutral,,,neutral,,,neutral,,,neutral,,,caution,"Hassas ciltte tahriş riski taşır, dikkatli kullanılmalı","Risk of irritation, use with caution",neutral,,,neutral,,
amino acid,aminoacid,"Rating: Best. Categories: Antioxidants, Skin-Replenishing",2.0,0.0,0.0,1.0,1.0,0.0,0.0,,,noxmoon,0,Antioxidant,Antioksidan,Serbest radikallere karşı koruyucu antioksidan,beneficial,Kuru cilt için faydalı bileşen,Beneficial for dry skin,neutral,,,neutral,,,neutral,,,neutral,,,neutral,,,neutral,,
aminobutyric acid,aminobutyricacid,Rating: Average. Categories: Skin-Soothing,1.0,0.0,0.0,0.0,2.0,0.0,0.0,,,noxmoon,23,Emollient,Yumuşatıcı (Emoliyan),Cildi yumuşatan ve pürüzsüzleştiren bileşen,neutral,,,neutral,,,neutral,,,neutral,,,beneficial,Hassas cilt için faydalı bileşen,Beneficial for sensitive skin,neutral,,,neutral,,
aminomethyl propanediol,aminomethylpropanediol,Rating: Good. Categories: Uncategorized,0.0,0.0,0.0,0.0,0.0,0.0,0.0,,,noxmoon,5,Skincare Ingredient,Cilt Bakım Bileşeni,Cilt bakım bileşeni,neutral,,,neutral,,,neutral,,,neutral,,,neutral,,,neutral,,,neutral,,
aminomethyl propanol,aminomethylpropanol,Rating: Good. Categories: Uncategorized,0.0,0.0,0.0,0.0,0.0,0.0,0.0,,,noxmoon,142,Skincare Ingredient,Cilt Bakım Bileşeni,Cilt bakım bileşeni,neutral,,,neutral,,,neutral,,,neutral,,,neutral,,,neutral,,,neutral,,
ammonium acryloyldimethyltaurate/VP copolymer,ammoniumacryloyldimethyltauratevpcopolymer,Rating: Good. Categories: Texture Enhancer,0.0,0.0,0.0,0.0,0.0,0.0,0.0,,,noxmoon,271,Skincare Ingredient,Cilt Bakım Bileşeni,Cilt bakım bileşeni,neutral,,,neutral,,,neutral,,,neutral,,,neutral,,,neutral,,,neutral,,
ammonium chloride,ammoniumchloride,Rating: Poor. Categories: Absorbent,0.0,0.0,0.0,0.0,-1.0,0.0,0.0,,,noxmoon,5,Mineral,Mineral,Mineral bazlı cilt bakım bileşeni,neutral,,,neutral,,,neutral,,,neutral,,,caution,"Hassas ciltte tahriş riski taşır, dikkatli kullanılmalı","Risk of irritation, use with caution",neutral,,,neutral,,
ammonium glycolate,ammoniumglycolate,Rating: Best. Categories: Exfoliant,0.0,0.0,0.0,0.0,0.0,0.0,0.0,,,noxmoon,26,Skincare Ingredient,Cilt Bakım Bileşeni,Cilt bakım bileşeni,neutral,,,neutral,,,neutral,,,neutral,,,neutral,,,neutral,,,neutral,,
ammonium hydroxide,ammoniumhydroxide,Rating: Average. Categories: Uncategorized,0.0,0.0,0.0,0.0,0.0,0.0,0.0,,,noxmoon,115,Skincare Ingredient,Cilt Bakım Bileşeni,Cilt bakım bileşeni,neutral,,,neutral,,,neutral,,,neutral,,,neutral,,,neutral,,,neutral,,
ammonium laureth sulfate,ammoniumlaurethsulfate,Rating: Good. Categories: Cleansing Agents,0.0,1.0,0.0,0.0,0.0,0.0,0.0,,,noxmoon,22,Surfactant,Yüzey Aktif Madde,Temizleme işlevi gören yüzey aktif madde,neutral,,,neutral,,,neutral,,,neutral,,,neutral,,,neutral,,,neutral,,
ammonium lauryl sulfate,ammoniumlaurylsulfate,Rating: Good. Categories: Cleansing Agents,0.0,1.0,0.0,0.0,0.0,0.0,0.0,,,noxmoon,21,Surfactant,Yüzey Aktif Madde,Temizleme işlevi gören yüzey aktif madde,neutral,,,neutral,,,neutral,,,neutral,,,neutral,,,neutral,,,neutral,,
amodimethicone,amodimethicone,"Rating: Good. Categories: Silicones, Emollients, Texture Enhancer",2.0,0.0,0.0,1.0,0.0,0.0,0.0,,,noxmoon,13,Silicone,Silikon,Cildi pürüzsüzleştiren silikon bazlı bileşen,beneficial,Kuru cilt için faydalı bileşen,Beneficial for dry skin,neutral,,,neutral,,,neutral,,,neutral,,,neutral,,,neutral,,
amygdalic acid,amygdalicacid,"Rating: Good. Categories: Exfoliant, Antioxidants",0.0,0.0,0.0,1.0,0.0,0.0,0.0,,,noxmoon,0,Skincare Ingredient,Cilt Bakım Bileşeni,Cilt bakım bileşeni,neutral,,,neutral,,,neutral,,,neutral,,,neutral,,,neutral,,,neutral,,
amyl cinnamate,amylcinnamate,Rating: Poor. Categories: Fragrance: Synthetic and Fragrant Plant Extracts,0.0,0.0,0.0,0.0,-2.0,0.0,0.0,,,noxmoon,0,Fragrance,Parfüm / Koku,Ürüne koku veren parfüm bileşeni,neutral,,,neutral,,,neutral,,,neutral,,,caution,"Hassas ciltte tahriş riski taşır, dikkatli kullanılmalı","Risk of irritation, use with caution",neutral,,,neutral,,
amyl salicylate,amylsalicylate,Rating: Poor. Categories: Fragrance: Synthetic and Fragrant Plant Extracts,0.0,0.0,0.0,0.0,-2.0,0.0,0.0,,,noxmoon,0,Fragrance,Parfüm / Koku,Ürüne koku veren parfüm bileşeni,neutral,,,neutral,,,neutral,,,neutral,,,caution,"Hassas ciltte tahriş riski taşır, dikkatli kullanılmalı","Risk of irritation, use with caution",neutral,,,neutral,,
amyris oil,amyrisoil,"Rating: Poor. Categories: Plant Extracts, Fragrance: Synthetic and Fragrant Plant Extracts",0.0,0.0,0.0,0.0,-2.0,0.0,0.0,,,noxmoon,0,Botanical Extract,Bitkisel Ekstrakt,Bitkisel kaynaklı aktif ekstrakt,neutral,,,neutral,,,neutral,,,neutral,,,caution,"Hassas ciltte tahriş riski taşır, dikkatli kullanılmalı","Risk of irritation, use with caution",neutral,,,neutral,,
andiroba oil,andirobaoil,"Rating: Good. Categories: Skin-Soothing, Plant Extracts",1.0,0.0,0.0,0.0,2.0,0.0,0.0,,,noxmoon,0,Emollient,Yumuşatıcı (Emoliyan),Cildi yumuşatan ve pürüzsüzleştiren bileşen,neutral,,,neutral,,,neutral,,,neutral,,,beneficial,Hassas cilt için faydalı bileşen,Beneficial for sensitive skin,neutral,,,neutral,,
anhydroxylitol,anhydroxylitol,Rating: Good. Categories: Hydration,0.0,0.0,0.0,0.0,0.0,0.0,0.0,,,noxmoon,49,Skincare Ingredient,Cilt Bakım Bileşeni,Cilt bakım bileşeni,neutral,,,neutral,,,neutral,,,neutral,,,neutral,,,neutral,,,neutral,,
anisaldehyde,anisaldehyde,Rating: Poor. Categories: Fragrance: Synthetic and Fragrant Plant Extracts,0.0,0.0,0.0,0.0,-2.0,0.0,0.0,,,noxmoon,0,Fragrance,Parfüm / Koku,Ürüne koku veren parfüm bileşeni,neutral,,,neutral,,,neutral,,,neutral,,,caution,"Hassas ciltte tahriş riski taşır, dikkatli kullanılmalı","Risk of irritation, use with caution",neutral,,,neutral,,
anise,anise,"Rating: Poor. Categories: Antioxidants, Fragrance: Synthetic and Fragrant Plant Extracts",0.0,0.0,0.0,1.0,-2.0,0.0,0.0,,,noxmoon,0,Antioxidant,Antioksidan,Serbest radikallere karşı koruyucu antioksidan,neutral,,,neutral,,,neutral,,,neutral,,,caution,"Hassas ciltte tahriş riski taşır, dikkatli kullanılmalı","Risk of irritation, use with caution",neutral,,,neutral,,
annato extract,annatoextract,Rating: Good. Categories: Plant Extracts,0.0,0.0,0.0,0.0,0.0,0.0,0.0,,,noxmoon,0,Botanical Extract,Bitkisel Ekstrakt,Bitkisel kaynaklı aktif ekstrakt,neutral,,,neutral,,,neutral,,,neutral,,,neutral,,,neutral,,,neutral,,
anthocyanin,anthocyanin,"Rating: Best. Categories: Antioxidants, Plant Extracts",0.0,0.0,0.0,1.0,0.0,0.0,0.0,,,noxmoon,0,Antioxidant,Antioksidan,Serbest radikallere karşı koruyucu antioksidan,neutral,,,neutral,,,neutral,,,neutral,,,neutral,,,neutral,,,neutral,,
antioxidant,antioxidant,Rating: Best. Categories: Antioxidants,0.0,0.0,0.0,1.0,0.0,0.0,0.0,,,noxmoon,4,Antioxidant,Antioksidan,Serbest radikallere karşı koruyucu antioksidan,neutral,,,neutral,,,neutral,,,neutral,,,neutral,,,neutral,,,neutral,,
apple fruit extract,applefruitextract,"Rating: Best. Categories: Antioxidants, Plant Extracts",0.0,0.0,0.0,1.0,0.0,0.0,0.0,,,noxmoon,16,Antioxidant,Antioksidan,Serbest radikallere karşı koruyucu antioksidan,neutral,,,neutral,,,neutral,,,neutral,,,neutral,,,neutral,,,neutral,,
apricot kernel,apricotkernel,Rating: Average. Categories: Scrub Agents,0.0,0.0,0.0,0.0,0.0,0.0,0.0,,,noxmoon,0,Skincare Ingredient,Cilt Bakım Bileşeni,Cilt bakım bileşeni,neutral,,,neutral,,,neutral,,,neutral,,,neutral,,,neutral,,,neutral,,
apricot kernel oil,apricotkerneloil,"Rating: Best. Categories: Plant Extracts, Emollients",1.0,0.0,0.0,0.0,0.0,0.0,0.0,,,noxmoon,26,Botanical Extract,Bitkisel Ekstrakt,Bitkisel kaynaklı aktif ekstrakt,neutral,,,neutral,,,neutral,,,neutral,,,neutral,,,neutral,,,neutral,,
arachidic acid,arachidicacid,"Rating: Good. Categories: Texture Enhancer, Emollients",1.0,0.0,0.0,0.0,0.0,0.0,0.0,,,noxmoon,1,Skincare Ingredient,Cilt Bakım Bileşeni,Cilt bakım bileşeni,neutral,,,neutral,,,neutral,,,neutral,,,neutral,,,neutral,,,neutral,,
arachidyl alcohol,arachidylalcohol,"Rating: Good. Categories: Texture Enhancer, Emollients",1.0,0.0,0.0,0.0,0.0,0.0,0.0,,,noxmoon,92,Skincare Ingredient,Cilt Bakım Bileşeni,Cilt bakım bileşeni,neutral,,,neutral,,,neutral,,,neutral,,,neutral,,,neutral,,,neutral,,
arachidyl glucoside,arachidylglucoside,Rating: Good. Categories: Cleansing Agents,0.0,1.0,0.0,0.0,0.0,0.0,0.0,,,noxmoon,83,Surfactant,Yüzey Aktif Madde,Temizleme işlevi gören yüzey aktif madde,neutral,,,neutral,,,neutral,,,neutral,,,neutral,,,neutral,,,neutral,,
arachidyl propionate,arachidylpropionate,"Rating: Good. Categories: Texture Enhancer, Emollients",1.0,0.0,0.0,0.0,0.0,0.0,0.0,,,noxmoon,5,Skincare Ingredient,Cilt Bakım Bileşeni,Cilt bakım bileşeni,neutral,,,neutral,,,neutral,,,neutral,,,neutral,,,neutral,,,neutral,,
arnica extract,arnicaextract,Rating: Poor. Categories: Plant Extracts,0.0,0.0,0.0,0.0,-1.0,0.0,0.0,,,noxmoon,3,Botanical Extract,Bitkisel Ekstrakt,Bitkisel kaynaklı aktif ekstrakt,neutral,,,neutral,,,neutral,,,neutral,,,caution,"Hassas ciltte tahriş riski taşır, dikkatli kullanılmalı","Risk of irritation, use with caution",neutral,,,neutral,,
aroma/flavor,aromaflavor,Rating: Average. Categories: Fragrance: Synthetic and Fragrant Plant Extracts,0.0,0.0,0.0,0.0,-2.0,0.0,0.0,,,noxmoon,16,Fragrance,Parfüm / Koku,Ürüne koku veren parfüm bileşeni,neutral,,,neutral,,,neutral,,,neutral,,,caution,"Hassas ciltte tahriş riski taşır, dikkatli kullanılmalı","Risk of irritation, use with caution",neutral,,,neutral,,
arrowroot,arrowroot,Rating: Average. Categories: Texture Enhancer,0.0,0.0,0.0,0.0,0.0,0.0,0.0,,,noxmoon,0,Skincare Ingredient,Cilt Bakım Bileşeni,Cilt bakım bileşeni,neutral,,,neutral,,,neutral,,,neutral,,,neutral,,,neutral,,,neutral,,
artemia extract,artemiaextract,"Rating: Good. Categories: Antioxidants, Plant Extracts, Emollients, Texture Enhancer",1.0,0.0,0.0,1.0,0.0,0.0,0.0,,,noxmoon,42,Antioxidant,Antioksidan,Serbest radikallere karşı koruyucu antioksidan,neutral,,,neutral,,,neutral,,,neutral,,,neutral,,,neutral,,,neutral,,
ascorbyl glucosamine,ascorbylglucosamine,"Rating: Best. Categories: Antioxidants, Vitamins",0.0,0.0,0.0,1.0,0.0,0.0,0.0,,,noxmoon,4,Antioxidant,Antioksidan,Serbest radikallere karşı koruyucu antioksidan,neutral,,,neutral,,,neutral,,,neutral,,,neutral,,,neutral,,,neutral,,
ascorbyl methylsilanol pectinate,ascorbylmethylsilanolpectinate,"Rating: Best. Categories: Antioxidants, Texture Enhancer, Vitamins",0.0,0.0,0.0,1.0,0.0,0.0,0.0,,,noxmoon,8,Antioxidant,Antioksidan,Serbest radikallere karşı koruyucu antioksidan,neutral,,,neutral,,,neutral,,,neutral,,,neutral,,,neutral,,,neutral,,
asparagine,asparagine,Rating: Good. Categories: Antioxidants,0.0,0.0,0.0,1.0,0.0,0.0,0.0,,,noxmoon,0,Antioxidant,Antioksidan,Serbest radikallere karşı koruyucu antioksidan,neutral,,,neutral,,,neutral,,,neutral,,,neutral,,,neutral,,,neutral,,
aspartic acid,asparticacid,"Rating: Good. Categories: Antioxidants, Skin-Replenishing",2.0,0.0,0.0,1.0,1.0,0.0,0.0,,,noxmoon,30,Antioxidant,Antioksidan,Serbest radikallere karşı koruyucu antioksidan,beneficial,Kuru cilt için faydalı bileşen,Beneficial for dry skin,neutral,,,neutral,,,neutral,,,neutral,,,neutral,,,neutral,,
astaxanthin,astaxanthin,Rating: Best. Categories: Antioxidants,0.0,0.0,0.0,1.0,0.0,0.0,0.0,,,noxmoon,14,Antioxidant,Antioksidan,Serbest radikallere karşı koruyucu antioksidan,neutral,,,neutral,,,neutral,,,neutral,,,neutral,,,neutral,,,neutral,,
astaxanthin extract,astaxanthinextract,Rating: Best. Categories: Antioxidants,0.0,0.0,0.0,1.0,0.0,0.0,0.0,,,noxmoon,0,Antioxidant,Antioksidan,Serbest radikallere karşı koruyucu antioksidan,neutral,,,neutral,,,neutral,,,neutral,,,neutral,,,neutral,,,neutral,,
atractylodes macrocephala root powder,atractylodesmacrocephalarootpowder,"Rating: Best. Categories: Antioxidants, Skin-Soothing, Plant Extracts",1.0,0.0,0.0,1.0,2.0,0.0,0.0,,,noxmoon,0,Antioxidant,Antioksidan,Serbest radikallere karşı koruyucu antioksidan,neutral,,,neutral,,,neutral,,,neutral,,,beneficial,Hassas cilt için faydalı bileşen,Beneficial for sensitive skin,neutral,,,neutral,,
avobenzone,avobenzone,Rating: Best. Categories: Sunscreen Actives,0.0,0.0,0.0,0.0,0.0,0.0,0.0,,,noxmoon,3,Skincare Ingredient,Cilt Bakım Bileşeni,Cilt bakım bileşeni,neutral,,,neutral,,,neutral,,,neutral,,,neutral,,,neutral,,,neutral,,
awapuhi,awapuhi,Rating: Poor. Categories: Plant Extracts,0.0,0.0,0.0,0.0,-1.0,0.0,0.0,,,noxmoon,0,Botanical Extract,Bitkisel Ekstrakt,Bitkisel kaynaklı aktif ekstrakt,neutral,,,neutral,,,neutral,,,neutral,,,caution,"Hassas ciltte tahriş riski taşır, dikkatli kullanılmalı","Risk of irritation, use with caution",neutral,,,neutral,,
azelaoyl bis-dipeptide-10,azelaoylbisdipeptide10,Rating: Best. Categories: Skin-Restoring,2.0,0.0,0.0,0.0,1.0,0.0,0.0,,,noxmoon,0,Emollient,Yumuşatıcı (Emoliyan),Cildi yumuşatan ve pürüzsüzleştiren bileşen,beneficial,Kuru cilt için faydalı bileşen,Beneficial for dry skin,neutral,,,neutral,,,neutral,,,neutral,,,neutral,,,neutral,,
azuki beans,azukibeans,Rating: Average. Categories: Scrub Agents,0.0,0.0,0.0,0.0,0.0,0.0,0.0,,,noxmoon,0,Skincare Ingredient,Cilt Bakım Bileşeni,Cilt bakım bileşeni,neutral,,,neutral,,,neutral,,,neutral,,,neutral,,,neutral,,,neutral,,
azulene,azulene,"Rating: Average. Categories: Skin-Soothing, Plant Extracts, Antioxidants",1.0,0.0,0.0,1.0,2.0,0.0,0.0,,,noxmoon,6,Emollient,Yumuşatıcı (Emoliyan),Cildi yumuşatan ve pürüzsüzleştiren bileşen,neutral,,,neutral,,,neutral,,,neutral,,,beneficial,Hassas cilt için faydalı bileşen,Beneficial for sensitive skin,neutral,,,neutral,,
babassu oil,babassuoil,"Rating: Good. Categories: Plant Extracts, Emollients",1.0,0.0,0.0,0.0,0.0,0.0,0.0,,,noxmoon,0,Botanical Extract,Bitkisel Ekstrakt,Bitkisel kaynaklı aktif ekstrakt,neutral,,,neutral,,,neutral,,,neutral,,,neutral,,,neutral,,,neutral,,
balm mint extract,balmmintextract,"Rating: Poor. Categories: Plant Extracts, Fragrance: Synthetic and Fragrant Plant Extracts",0.0,0.0,0.0,0.0,-2.0,0.0,0.0,,,noxmoon,0,Botanical Extract,Bitkisel Ekstrakt,Bitkisel kaynaklı aktif ekstrakt,neutral,,,neutral,,,neutral,,,neutral,,,caution,"Hassas ciltte tahriş riski taşır, dikkatli kullanılmalı","Risk of irritation, use with caution",neutral,,,neutral,,
balsam peru,balsamperu,"Rating: Poor. Categories: Plant Extracts, Fragrance: Synthetic and Fragrant Plant Extracts",0.0,0.0,0.0,0.0,-2.0,0.0,0.0,,,noxmoon,3,Botanical Extract,Bitkisel Ekstrakt,Bitkisel kaynaklı aktif ekstrakt,neutral,,,neutral,,,neutral,,,neutral,,,caution,"Hassas ciltte tahriş riski taşır, dikkatli kullanılmalı","Risk of irritation, use with caution",neutral,,,neutral,,
banana extract,bananaextract,"Rating: Average. Categories: Antioxidants, Plant Extracts",0.0,0.0,0.0,1.0,0.0,0.0,0.0,,,noxmoon,0,Antioxidant,Antioksidan,Serbest radikallere karşı koruyucu antioksidan,neutral,,,neutral,,,neutral,,,neutral,,,neutral,,,neutral,,,neutral,,
barberry,barberry,Rating: Best. Categories: Skin-Soothing,1.0,0.0,0.0,0.0,2.0,0.0,0.0,,,noxmoon,0,Emollient,Yumuşatıcı (Emoliyan),Cildi yumuşatan ve pürüzsüzleştiren bileşen,neutral,,,neutral,,,neutral,,,neutral,,,beneficial,Hassas cilt için faydalı bileşen,Beneficial for sensitive skin,neutral,,,neutral,,
barium sulfate,bariumsulfate,Rating: Poor. Categories: Coloring Agents/Pigments,0.0,0.0,0.0,0.0,-1.0,0.0,0.0,,,noxmoon,31,Skincare Ingredient,Cilt Bakım Bileşeni,Cilt bakım bileşeni,neutral,,,neutral,,,neutral,,,neutral,,,caution,"Hassas ciltte tahriş riski taşır, dikkatli kullanılmalı","Risk of irritation, use with caution",neutral,,,neutral,,
barley extract,barleyextract,Rating: Average. Categories: Plant Extracts,0.0,0.0,0.0,0.0,0.0,0.0,0.0,,,noxmoon,13,Botanical Extract,Bitkisel Ekstrakt,Bitkisel kaynaklı aktif ekstrakt,neutral,,,neutral,,,neutral,,,neutral,,,neutral,,,neutral,,,neutral,,
batyl alcohol,batylalcohol,Rating: Good. Categories: Emollients,1.0,0.0,0.0,0.0,0.0,0.0,0.0,,,noxmoon,30,Emollient,Yumuşatıcı (Emoliyan),Cildi yumuşatan ve pürüzsüzleştiren bileşen,neutral,,,neutral,,,neutral,,,neutral,,,neutral,,,neutral,,,neutral,,
bay leaf oil,bayleafoil,"Rating: Poor. Categories: Antioxidants, Plant Extracts, Fragrance: Synthetic and Fragrant Plant Extracts",0.0,0.0,0.0,1.0,-2.0,0.0,0.0,,,noxmoon,0,Antioxidant,Antioksidan,Serbest radikallere karşı koruyucu antioksidan,neutral,,,neutral,,,neutral,,,neutral,,,caution,"Hassas ciltte tahriş riski taşır, dikkatli kullanılmalı","Risk of irritation, use with caution",neutral,,,neutral,,
bearberry extract,bearberryextract,Rating: Good. Categories: Antioxidants,0.0,0.0,0.0,1.0,0.0,0.0,0.0,,,noxmoon,10,Antioxidant,Antioksidan,Serbest radikallere karşı koruyucu antioksidan,neutral,,,neutral,,,neutral,,,neutral,,,neutral,,,neutral,,,neutral,,
bee pollen,beepollen,Rating: Poor. Categories: Uncategorized,0.0,0.0,0.0,0.0,-1.0,0.0,0.0,,,noxmoon,1,Skincare Ingredient,Cilt Bakım Bileşeni,Cilt bakım bileşeni,neutral,,,neutral,,,neutral,,,neutral,,,caution,"Hassas ciltte tahriş riski taşır, dikkatli kullanılmalı","Risk of irritation, use with caution",neutral,,,neutral,,
beeswax,beeswax,"Rating: Good. Categories: Texture Enhancer, Emollients",1.0,0.0,0.0,0.0,0.0,0.0,0.0,,,noxmoon,234,Skincare Ingredient,Cilt Bakım Bileşeni,Cilt bakım bileşeni,neutral,,,neutral,,,neutral,,,neutral,,,neutral,,,neutral,,,neutral,,
beet root extract,beetrootextract,"Rating: Good. Categories: Antioxidants, Coloring Agents/Pigments, Plant Extracts",0.0,0.0,0.0,1.0,0.0,0.0,0.0,,,noxmoon,5,Antioxidant,Antioksidan,Serbest radikallere karşı koruyucu antioksidan,neutral,,,neutral,,,neutral,,,neutral,,,neutral,,,neutral,,,neutral,,
beheneth-5,beheneth5,Rating: Good. Categories: Thickeners/Emulsifiers,0.0,0.0,0.0,0.0,0.0,0.0,0.0,,,noxmoon,0,Skincare Ingredient,Cilt Bakım Bileşeni,Cilt bakım bileşeni,neutral,,,neutral,,,neutral,,,neutral,,,neutral,,,neutral,,,neutral,,
behenic acid,behenicacid,"Rating: Good. Categories: Texture Enhancer, Cleansing Agents",0.0,1.0,0.0,0.0,0.0,0.0,0.0,,,noxmoon,27,Skincare Ingredient,Cilt Bakım Bileşeni,Cilt bakım bileşeni,neutral,,,neutral,,,neutral,,,neutral,,,neutral,,,neutral,,,neutral,,
behentrimonium chloride,behentrimoniumchloride,"Rating: Good. Categories: Texture Enhancer, Emollients",1.0,0.0,0.0,0.0,0.0,0.0,0.0,,,noxmoon,4,Skincare Ingredient,Cilt Bakım Bileşeni,Cilt bakım bileşeni,neutral,,,neutral,,,neutral,,,neutral,,,neutral,,,neutral,,,neutral,,
behenyl alcohol,behenylalcohol,Rating: Good. Categories: Texture Enhancer,0.0,0.0,0.0,0.0,0.0,0.0,0.0,,,noxmoon,388,Skincare Ingredient,Cilt Bakım Bileşeni,Cilt bakım bileşeni,neutral,,,neutral,,,neutral,,,neutral,,,neutral,,,neutral,,,neutral,,
bentonite,bentonite,Rating: Good. Categories: Absorbent,0.0,0.0,0.0,0.0,0.0,0.0,0.0,,,noxmoon,103,Mineral,Mineral,Mineral bazlı cilt bakım bileşeni,neutral,,,neutral,,,neutral,,,neutral,,,neutral,,,neutral,,,neutral,,
benzalkonium chloride,benzalkoniumchloride,Rating: Average. Categories: Antioxidants,0.0,0.0,0.0,1.0,0.0,0.0,0.0,,,noxmoon,98,Antioxidant,Antioksidan,Serbest radikallere karşı koruyucu antioksidan,neutral,,,neutral,,,neutral,,,neutral,,,neutral,,,neutral,,,neutral,,
benzephenone-3,benzephenone3,Rating: Good. Categories: Sunscreen Actives,0.0,0.0,0.0,0.0,0.0,0.0,0.0,,,noxmoon,0,Skincare Ingredient,Cilt Bakım Bileşeni,Cilt bakım bileşeni,neutral,,,neutral,,,neutral,,,neutral,,,neutral,,,neutral,,,neutral,,
benzoic acid,benzoicacid,Rating: Good. Categories: Preservatives,0.0,0.0,0.0,0.0,0.0,0.0,0.0,,,noxmoon,249,Preservative,Koruyucu,Ürünün raf ömrünü uzatan koruyucu madde,neutral,,,neutral,,,neutral,,,neutral,,,neutral,,,neutral,,,neutral,,
benzoin extract,benzoinextract,Rating: Poor. Categories: Fragrance: Synthetic and Fragrant Plant Extracts,0.0,0.0,0.0,0.0,-2.0,0.0,0.0,,,noxmoon,0,Fragrance,Parfüm / Koku,Ürüne koku veren parfüm bileşeni,neutral,,,neutral,,,neutral,,,neutral,,,caution,"Hassas ciltte tahriş riski taşır, dikkatli kullanılmalı","Risk of irritation, use with caution",neutral,,,neutral,,
benzophenone,benzophenone,Rating: Good. Categories: Sunscreen Actives,0.0,0.0,0.0,0.0,0.0,0.0,0.0,,,noxmoon,0,Skincare Ingredient,Cilt Bakım Bileşeni,Cilt bakım bileşeni,neutral,,,neutral,,,neutral,,,neutral,,,neutral,,,neutral,,,neutral,,
benzothonium chloride,benzothoniumchloride,Rating: Good. Categories: Preservatives,0.0,0.0,0.0,0.0,0.0,0.0,0.0,,,noxmoon,0,Preservative,Koruyucu,Ürünün raf ömrünü uzatan koruyucu madde,neutral,,,neutral,,,neutral,,,neutral,,,neutral,,,neutral,,,neutral,,
benzoyl peroxide,benzoylperoxide,Rating: Best. Categories: Anti-Acne,0.0,0.0,0.0,0.0,0.0,0.0,0.0,,,noxmoon,0,Skincare Ingredient,Cilt Bakım Bileşeni,Cilt bakım bileşeni,neutral,,,neutral,,,neutral,,,neutral,,,neutral,,,neutral,,,neutral,,
benzyl alcohol,benzylalcohol,Rating: Good. Categories: Preservatives,0.0,0.0,0.0,0.0,0.0,0.0,0.0,,,noxmoon,566,Preservative,Koruyucu,Ürünün raf ömrünü uzatan koruyucu madde,neutral,,,neutral,,,neutral,,,neutral,,,neutral,,,neutral,,,neutral,,
benzyl salicylate,benzylsalicylate,Rating: Poor. Categories: Fragrance: Synthetic and Fragrant Plant Extracts,0.0,0.0,0.0,0.0,-2.0,0.0,0.0,,,noxmoon,251,Fragrance,Parfüm / Koku,Ürüne koku veren parfüm bileşeni,neutral,,,neutral,,,neutral,,,neutral,,,caution,"Hassas ciltte tahriş riski taşır, dikkatli kullanılmalı","Risk of irritation, use with caution",neutral,,,neutral,,
bergamot oil,bergamotoil,"Rating: Poor. Categories: Plant Extracts, Fragrance: Synthetic and Fragrant Plant Extracts",0.0,0.0,0.0,0.0,-2.0,0.0,0.0,,,noxmoon,1,Botanical Extract,Bitkisel Ekstrakt,Bitkisel kaynaklı aktif ekstrakt,neutral,,,neutral,,,neutral,,,neutral,,,caution,"Hassas ciltte tahriş riski taşır, dikkatli kullanılmalı","Risk of irritation, use with caution",neutral,,,neutral,,
beta hydroxy acid,betahydroxyacid,"Rating: Best. Categories: Skin-Soothing, Antioxidants, Exfoliant",1.0,0.0,0.0,1.0,2.0,0.0,0.0,,,noxmoon,0,Emollient,Yumuşatıcı (Emoliyan),Cildi yumuşatan ve pürüzsüzleştiren bileşen,neutral,,,neutral,,,neutral,,,neutral,,,beneficial,Hassas cilt için faydalı bileşen,Beneficial for sensitive skin,neutral,,,neutral,,
beta-carotene,betacarotene,Rating: Good. Categories: Antioxidants,0.0,0.0,0.0,1.0,0.0,0.0,0.0,,,noxmoon,91,Antioxidant,Antioksidan,Serbest radikallere karşı koruyucu antioksidan,neutral,,,neutral,,,neutral,,,neutral,,,neutral,,,neutral,,,neutral,,
beta-sitosterol,betasitosterol,"Rating: Best. Categories: Skin-Soothing, Plant Extracts, Skin-Replenishing",3.0,0.0,0.0,0.0,3.0,0.0,0.0,,,noxmoon,32,Emollient,Yumuşatıcı (Emoliyan),Cildi yumuşatan ve pürüzsüzleştiren bileşen,beneficial,Kuru cilt için faydalı bileşen,Beneficial for dry skin,neutral,,,neutral,,,neutral,,,beneficial,Hassas cilt için faydalı bileşen,Beneficial for sensitive skin,neutral,,,neutral,,
betaine salicylate,betainesalicylate,Rating: Good. Categories: Exfoliant,0.0,0.0,0.0,0.0,0.0,0.0,0.0,,,noxmoon,2,Skincare Ingredient,Cilt Bakım Bileşeni,Cilt bakım bileşeni,neutral,,,neutral,,,neutral,,,neutral,,,neutral,,,neutral,,,neutral,,
bioflavonoid,bioflavonoid,Rating: Best. Categories: Antioxidants,0.0,0.0,0.0,1.0,0.0,0.0,0.0,,,noxmoon,0,Antioxidant,Antioksidan,Serbest radikallere karşı koruyucu antioksidan,neutral,,,neutral,,,neutral,,,neutral,,,neutral,,,neutral,,,neutral,,
biotin,biotin,Rating: Good. Categories: Vitamins,0.0,0.0,0.0,0.0,0.0,0.0,0.0,,,noxmoon,112,Antioxidant,Antioksidan,Serbest radikallere karşı koruyucu antioksidan,neutral,,,neutral,,,neutral,,,neutral,,,neutral,,,neutral,,,neutral,,
birch bark extract,birchbarkextract,"Rating: Good. Categories: Antioxidants, Plant Extracts",0.0,0.0,0.0,1.0,0.0,0.0,0.0,,,noxmoon,0,Antioxidant,Antioksidan,Serbest radikallere karşı koruyucu antioksidan,neutral,,,neutral,,,neutral,,,neutral,,,neutral,,,neutral,,,neutral,,
birch leaf extract,birchleafextract,"Rating: Good. Categories: Antioxidants, Plant Extracts",0.0,0.0,0.0,1.0,0.0,0.0,0.0,,,noxmoon,0,Antioxidant,Antioksidan,Serbest radikallere karşı koruyucu antioksidan,neutral,,,neutral,,,neutral,,,neutral,,,neutral,,,neutral,,,neutral,,
bis-PEG-18 methyl ether dimethyl silane,bispeg18methyletherdimethylsilane,"Rating: Good. Categories: Silicones, Cleansing Agents, Texture Enhancer, Emollients",2.0,1.0,0.0,1.0,0.0,0.0,0.0,,,noxmoon,85,Silicone,Silikon,Cildi pürüzsüzleştiren silikon bazlı bileşen,beneficial,Kuru cilt için faydalı bileşen,Beneficial for dry skin,neutral,,,neutral,,,neutral,,,neutral,,,neutral,,,neutral,,
bis-diglyceryl polyacyladipate,bisdiglycerylpolyacyladipate,"Rating: Good. Categories: Texture Enhancer, Emollients",1.0,0.0,0.0,0.0,0.0,0.0,0.0,,,noxmoon,0,Skincare Ingredient,Cilt Bakım Bileşeni,Cilt bakım bileşeni,neutral,,,neutral,,,neutral,,,neutral,,,neutral,,,neutral,,,neutral,,
bis-phenylpropyl dimethicone,bisphenylpropyldimethicone,"Rating: Good. Categories: Silicones, Texture Enhancer",1.0,0.0,0.0,1.0,0.0,0.0,0.0,,,noxmoon,2,Silicone,Silikon,Cildi pürüzsüzleştiren silikon bazlı bileşen,neutral,,,neutral,,,neutral,,,neutral,,,neutral,,,neutral,,,neutral,,
bismuth oxychloride,bismuthoxychloride,"Rating: Average. Categories: Texture Enhancer, Absorbent",0.0,0.0,0.0,0.0,0.0,0.0,0.0,,,noxmoon,31,Skincare Ingredient,Cilt Bakım Bileşeni,Cilt bakım bileşeni,neutral,,,neutral,,,neutral,,,neutral,,,neutral,,,neutral,,,neutral,,
bitter orange flower,bitterorangeflower,"Rating: Poor. Categories: Plant Extracts, Fragrance: Synthetic and Fragrant Plant Extracts",0.0,0.0,0.0,0.0,-2.0,0.0,0.0,,,noxmoon,0,Botanical Extract,Bitkisel Ekstrakt,Bitkisel kaynaklı aktif ekstrakt,neutral,,,neutral,,,neutral,,,neutral,,,caution,"Hassas ciltte tahriş riski taşır, dikkatli kullanılmalı","Risk of irritation, use with caution",neutral,,,neutral,,
black cohosh,blackcohosh,Rating: Average. Categories: Plant Extracts,0.0,0.0,0.0,0.0,0.0,0.0,0.0,,,noxmoon,0,Botanical Extract,Bitkisel Ekstrakt,Bitkisel kaynaklı aktif ekstrakt,neutral,,,neutral,,,neutral,,,neutral,,,neutral,,,neutral,,,neutral,,
black currant oil,blackcurrantoil,Rating: Best. Categories: Plant Extracts,0.0,0.0,0.0,0.0,0.0,0.0,0.0,,,noxmoon,0,Botanical Extract,Bitkisel Ekstrakt,Bitkisel kaynaklı aktif ekstrakt,neutral,,,neutral,,,neutral,,,neutral,,,neutral,,,neutral,,,neutral,,
black elderberry,blackelderberry,"Rating: Good. Categories: Antioxidants, Plant Extracts",0.0,0.0,0.0,1.0,0.0,0.0,0.0,,,noxmoon,0,Antioxidant,Antioksidan,Serbest radikallere karşı koruyucu antioksidan,neutral,,,neutral,,,neutral,,,neutral,,,neutral,,,neutral,,,neutral,,
black locust extract,blacklocustextract,"Rating: Poor. Categories: Antioxidants, Plant Extracts",0.0,0.0,0.0,1.0,-1.0,0.0,0.0,,,noxmoon,0,Antioxidant,Antioksidan,Serbest radikallere karşı koruyucu antioksidan,neutral,,,neutral,,,neutral,,,neutral,,,caution,"Hassas ciltte tahriş riski taşır, dikkatli kullanılmalı","Risk of irritation, use with caution",neutral,,,neutral,,
black mulberry,blackmulberry,Rating: Good. Categories: Plant Extracts,0.0,0.0,0.0,0.0,0.0,0.0,0.0,,,noxmoon,0,Botanical Extract,Bitkisel Ekstrakt,Bitkisel kaynaklı aktif ekstrakt,neutral,,,neutral,,,neutral,,,neutral,,,neutral,,,neutral,,,neutral,,
black pepper extract and oil,blackpepperextractandoil,Rating: Poor. Categories: Plant Extracts,0.0,0.0,0.0,0.0,-1.0,0.0,0.0,,,noxmoon,0,Botanical Extract,Bitkisel Ekstrakt,Bitkisel kaynaklı aktif ekstrakt,neutral,,,neutral,,,neutral,,,neutral,,,caution,"Hassas ciltte tahriş riski taşır, dikkatli kullanılmalı","Risk of irritation, use with caution",neutral,,,neutral,,
black raspberry,blackraspberry,"Rating: Best. Categories: Antioxidants, Plant Extracts",0.0,0.0,0.0,1.0,0.0,0.0,0.0,,,noxmoon,0,Antioxidant,Antioksidan,Serbest radikallere karşı koruyucu antioksidan,neutral,,,neutral,,,neutral,,,neutral,,,neutral,,,neutral,,,neutral,,
black tea,blacktea,"Rating: Best. Categories: Skin-Soothing, Plant Extracts, Antioxidants",1.0,0.0,0.0,1.0,2.0,0.0,0.0,,,noxmoon,0,Emollient,Yumuşatıcı (Emoliyan),Cildi yumuşatan ve pürüzsüzleştiren bileşen,neutral,,,neutral,,,neutral,,,neutral,,,beneficial,Hassas cilt için faydalı bileşen,Beneficial for sensitive skin,neutral,,,neutral,,
blackberry,blackberry,"Rating: Best. Categories: Antioxidants, Plant Extracts",0.0,0.0,0.0,1.0,0.0,0.0,0.0,,,noxmoon,0,Antioxidant,Antioksidan,Serbest radikallere karşı koruyucu antioksidan,neutral,,,neutral,,,neutral,,,neutral,,,neutral,,,neutral,,,neutral,,
bladderwrack extract,bladderwrackextract,"Rating: Best. Categories: Antioxidants, Plant Extracts",0.0,0.0,0.0,1.0,0.0,0.0,0.0,,,noxmoon,1,Antioxidant,Antioksidan,Serbest radikallere karşı koruyucu antioksidan,neutral,,,neutral,,,neutral,,,neutral,,,neutral,,,neutral,,,neutral,,
bloodwort,bloodwort,Rating: Poor. Categories: Plant Extracts,0.0,0.0,0.0,0.0,-1.0,0.0,0.0,,,noxmoon,0,Botanical Extract,Bitkisel Ekstrakt,Bitkisel kaynaklı aktif ekstrakt,neutral,,,neutral,,,neutral,,,neutral,,,caution,"Hassas ciltte tahriş riski taşır, dikkatli kullanılmalı","Risk of irritation, use with caution",neutral,,,neutral,,
blue 1,blue1,Rating: Good. Categories: Coloring Agents/Pigments,0.0,0.0,0.0,0.0,0.0,0.0,0.0,,,noxmoon,187,Skincare Ingredient,Cilt Bakım Bileşeni,Cilt bakım bileşeni,neutral,,,neutral,,,neutral,,,neutral,,,neutral,,,neutral,,,neutral,,
blue 1 lake,blue1lake,Rating: Good. Categories: Coloring Agents/Pigments,0.0,0.0,0.0,0.0,0.0,0.0,0.0,,,noxmoon,25,Skincare Ingredient,Cilt Bakım Bileşeni,Cilt bakım bileşeni,neutral,,,neutral,,,neutral,,,neutral,,,neutral,,,neutral,,,neutral,,
bois de rose oil,boisderoseoil,"Rating: Poor. Categories: Plant Extracts, Fragrance: Synthetic and Fragrant Plant Extracts",0.0,0.0,0.0,0.0,-2.0,0.0,0.0,,,noxmoon,0,Botanical Extract,Bitkisel Ekstrakt,Bitkisel kaynaklı aktif ekstrakt,neutral,,,neutral,,,neutral,,,neutral,,,caution,"Hassas ciltte tahriş riski taşır, dikkatli kullanılmalı","Risk of irritation, use with caution",neutral,,,neutral,,
bois oil,boisoil,"Rating: Poor. Categories: Plant Extracts, Fragrance: Synthetic and Fragrant Plant Extracts",0.0,0.0,0.0,0.0,-2.0,0.0,0.0,,,noxmoon,0,Botanical Extract,Bitkisel Ekstrakt,Bitkisel kaynaklı aktif ekstrakt,neutral,,,neutral,,,neutral,,,neutral,,,caution,"Hassas ciltte tahriş riski taşır, dikkatli kullanılmalı","Risk of irritation, use with caution",neutral,,,neutral,,
borage seed extract,borageseedextract,"Rating: Best. Categories: Skin-Soothing, Plant Extracts",1.0,0.0,0.0,0.0,2.0,0.0,0.0,,,noxmoon,0,Emollient,Yumuşatıcı (Emoliyan),Cildi yumuşatan ve pürüzsüzleştiren bileşen,neutral,,,neutral,,,neutral,,,neutral,,,beneficial,Hassas cilt için faydalı bileşen,Beneficial for sensitive skin,neutral,,,neutral,,
borage seed oil,borageseedoil,"Rating: Best. Categories: Skin-Soothing, Emollients, Antioxidants, Plant Extracts",2.0,0.0,0.0,1.0,2.0,0.0,0.0,,,noxmoon,2,Emollient,Yumuşatıcı (Emoliyan),Cildi yumuşatan ve pürüzsüzleştiren bileşen,beneficial,Kuru cilt için faydalı bileşen,Beneficial for dry skin,neutral,,,neutral,,,neutral,,,beneficial,Hassas cilt için faydalı bileşen,Beneficial for sensitive skin,neutral,,,neutral,,
borate,borate,Rating: Poor. Categories: Preservatives,0.0,0.0,0.0,0.0,-1.0,0.0,0.0,,,noxmoon,0,Preservative,Koruyucu,Ürünün raf ömrünü uzatan koruyucu madde,neutral,,,neutral,,,neutral,,,neutral,,,caution,"Hassas ciltte tahriş riski taşır, dikkatli kullanılmalı","Risk of irritation, use with caution",neutral,,,neutral,,
borax,borax,Rating: Poor. Categories: Preservatives,0.0,0.0,0.0,0.0,-1.0,0.0,0.0,,,noxmoon,0,Preservative,Koruyucu,Ürünün raf ömrünü uzatan koruyucu madde,neutral,,,neutral,,,neutral,,,neutral,,,caution,"Hassas ciltte tahriş riski taşır, dikkatli kullanılmalı","Risk of irritation, use with caution",neutral,,,neutral,,
boric acid,boricacid,Rating: Good. Categories: Preservatives,0.0,0.0,0.0,0.0,0.0,0.0,0.0,,,noxmoon,7,Preservative,Koruyucu,Ürünün raf ömrünü uzatan koruyucu madde,neutral,,,neutral,,,neutral,,,neutral,,,neutral,,,neutral,,,neutral,,
boron nitride,boronnitride,Rating: Good. Categories: Absorbent,0.0,0.0,0.0,0.0,0.0,0.0,0.0,,,noxmoon,52,Mineral,Mineral,Mineral bazlı cilt bakım bileşeni,neutral,,,neutral,,,neutral,,,neutral,,,neutral,,,neutral,,,neutral,,
botanicals,botanicals,Rating: Average. Categories: Plant Extracts,0.0,0.0,0.0,0.0,0.0,0.0,0.0,,,noxmoon,0,Botanical Extract,Bitkisel Ekstrakt,Bitkisel kaynaklı aktif ekstrakt,neutral,,,neutral,,,neutral,,,neutral,,,neutral,,,neutral,,,neutral,,
boysenberry,boysenberry,"Rating: Best. Categories: Antioxidants, Plant Extracts",0.0,0.0,0.0,1.0,0.0,0.0,0.0,,,noxmoon,0,Antioxidant,Antioksidan,Serbest radikallere karşı koruyucu antioksidan,neutral,,,neutral,,,neutral,,,neutral,,,neutral,,,neutral,,,neutral,,
broad spectrum,broadspectrum,Rating: Good. Categories: Sunscreen Actives,0.0,0.0,0.0,0.0,0.0,0.0,0.0,,,noxmoon,0,Skincare Ingredient,Cilt Bakım Bileşeni,Cilt bakım bileşeni,neutral,,,neutral,,,neutral,,,neutral,,,neutral,,,neutral,,,neutral,,
bromelain,bromelain,"Rating: Good. Categories: Plant Extracts, Exfoliant",0.0,0.0,0.0,0.0,0.0,0.0,0.0,,,noxmoon,26,Botanical Extract,Bitkisel Ekstrakt,Bitkisel kaynaklı aktif ekstrakt,neutral,,,neutral,,,neutral,,,neutral,,,neutral,,,neutral,,,neutral,,
bronopol,bronopol,Rating: Poor. Categories: Preservatives,0.0,0.0,0.0,0.0,-1.0,0.0,0.0,,,noxmoon,0,Preservative,Koruyucu,Ürünün raf ömrünü uzatan koruyucu madde,neutral,,,neutral,,,neutral,,,neutral,,,caution,"Hassas ciltte tahriş riski taşır, dikkatli kullanılmalı","Risk of irritation, use with caution",neutral,,,neutral,,
bronze powder,bronzepowder,Rating: Good. Categories: Coloring Agents/Pigments,0.0,0.0,0.0,0.0,0.0,0.0,0.0,,,noxmoon,1,Skincare Ingredient,Cilt Bakım Bileşeni,Cilt bakım bileşeni,neutral,,,neutral,,,neutral,,,neutral,,,neutral,,,neutral,,,neutral,,
bumetrizole,bumetrizole,Rating: Good. Categories: Sunscreen Actives,0.0,0.0,0.0,0.0,0.0,0.0,0.0,,,noxmoon,0,Skincare Ingredient,Cilt Bakım Bileşeni,Cilt bakım bileşeni,neutral,,,neutral,,,neutral,,,neutral,,,neutral,,,neutral,,,neutral,,
burdock root,burdockroot,"Rating: Best. Categories: Skin-Soothing, Antioxidants, Plant Extracts",1.0,0.0,0.0,1.0,2.0,0.0,0.0,,,noxmoon,4,Emollient,Yumuşatıcı (Emoliyan),Cildi yumuşatan ve pürüzsüzleştiren bileşen,neutral,,,neutral,,,neutral,,,neutral,,,beneficial,Hassas cilt için faydalı bileşen,Beneficial for sensitive skin,neutral,,,neutral,,
butyl acetate,butylacetate,"Rating: Good. Categories: Film-Forming Agents, Texture Enhancer",0.0,0.0,0.0,0.0,0.0,0.0,0.0,,,noxmoon,0,Skincare Ingredient,Cilt Bakım Bileşeni,Cilt bakım bileşeni,neutral,,,neutral,,,neutral,,,neutral,,,neutral,,,neutral,,,neutral,,
butylene glycol,butyleneglycol,Rating: Good. Categories: Texture Enhancer,0.0,0.0,0.0,0.0,0.0,0.0,0.0,,,noxmoon,2496,Skincare Ingredient,Cilt Bakım Bileşeni,Cilt bakım bileşeni,neutral,,,neutral,,,neutral,,,neutral,,,neutral,,,neutral,,,neutral,,
butylparaben,butylparaben,Rating: Good. Categories: Preservatives,0.0,0.0,0.0,0.0,0.0,0.0,0.0,,,noxmoon,485,Preservative,Koruyucu,Ürünün raf ömrünü uzatan koruyucu madde,neutral,,,neutral,,,neutral,,,neutral,,,neutral,,,neutral,,,neutral,,
butylphenyl methylpropional,butylphenylmethylpropional,Rating: Poor. Categories: Fragrance: Synthetic and Fragrant Plant Extracts,0.0,0.0,0.0,0.0,-2.0,0.0,0.0,,,noxmoon,206,Fragrance,Parfüm / Koku,Ürüne koku veren parfüm bileşeni,neutral,,,neutral,,,neutral,,,neutral,,,caution,"Hassas ciltte tahriş riski taşır, dikkatli kullanılmalı","Risk of irritation, use with caution",neutral,,,neutral,,
cajeputi oil,cajeputioil,Rating: Poor. Categories: Plant Extracts,0.0,0.0,0.0,0.0,-1.0,0.0,0.0,,,noxmoon,0,Botanical Extract,Bitkisel Ekstrakt,Bitkisel kaynaklı aktif ekstrakt,neutral,,,neutral,,,neutral,,,neutral,,,caution,"Hassas ciltte tahriş riski taşır, dikkatli kullanılmalı","Risk of irritation, use with caution",neutral,,,neutral,,
calamine,calamine,Rating: Poor. Categories: Sensitizing,-1.0,0.0,0.0,0.0,-2.0,0.0,0.0,,Sensitizing,noxmoon,5,Skincare Ingredient,Cilt Bakım Bileşeni,Cilt bakım bileşeni,caution,"Kurutucu etki yapabilir, nemlendiriciyle kullanılmalı",May have drying effects,neutral,,,neutral,,,neutral,,,caution,"Hassas ciltte tahriş riski taşır, dikkatli kullanılmalı","Risk of irritation, use with caution",neutral,,,neutral,,
calcium ascorbate,calciumascorbate,"Rating: Best. Categories: Antioxidants, Vitamins",0.0,0.0,0.0,1.0,0.0,0.0,0.0,,,noxmoon,30,Antioxidant,Antioksidan,Serbest radikallere karşı koruyucu antioksidan,neutral,,,neutral,,,neutral,,,neutral,,,neutral,,,neutral,,,neutral,,
calcium carbonate,calciumcarbonate,Rating: Good. Categories: Absorbent,0.0,0.0,0.0,0.0,0.0,0.0,0.0,,,noxmoon,14,Mineral,Mineral,Mineral bazlı cilt bakım bileşeni,neutral,,,neutral,,,neutral,,,neutral,,,neutral,,,neutral,,,neutral,,
calcium d-pantetheine-s-sulfonate,calciumdpantetheinessulfonate,Rating: Good. Categories: Vitamins,0.0,0.0,0.0,0.0,0.0,0.0,0.0,,,noxmoon,0,Antioxidant,Antioksidan,Serbest radikallere karşı koruyucu antioksidan,neutral,,,neutral,,,neutral,,,neutral,,,neutral,,,neutral,,,neutral,,
calcium gluconate,calciumgluconate,Rating: Good. Categories: Skin-Soothing,1.0,0.0,0.0,0.0,2.0,0.0,0.0,,,noxmoon,42,Emollient,Yumuşatıcı (Emoliyan),Cildi yumuşatan ve pürüzsüzleştiren bileşen,neutral,,,neutral,,,neutral,,,neutral,,,beneficial,Hassas cilt için faydalı bileşen,Beneficial for sensitive skin,neutral,,,neutral,,
calcium pantothenate,calciumpantothenate,Rating: Good. Categories: Vitamins,0.0,0.0,0.0,0.0,0.0,0.0,0.0,,,noxmoon,30,Antioxidant,Antioksidan,Serbest radikallere karşı koruyucu antioksidan,neutral,,,neutral,,,neutral,,,neutral,,,neutral,,,neutral,,,neutral,,
calendula extract,calendulaextract,"Rating: Good. Categories: Skin-Soothing, Antioxidants, Plant Extracts",1.0,0.0,0.0,1.0,2.0,0.0,0.0,,,noxmoon,3,Emollient,Yumuşatıcı (Emoliyan),Cildi yumuşatan ve pürüzsüzleştiren bileşen,neutral,,,neutral,,,neutral,,,neutral,,,beneficial,Hassas cilt için faydalı bileşen,Beneficial for sensitive skin,neutral,,,neutral,,
camphor,camphor,Rating: Poor. Categories: Plant Extracts,0.0,0.0,0.0,0.0,-1.0,0.0,0.0,,,noxmoon,27,Botanical Extract,Bitkisel Ekstrakt,Bitkisel kaynaklı aktif ekstrakt,neutral,,,neutral,,,neutral,,,neutral,,,caution,"Hassas ciltte tahriş riski taşır, dikkatli kullanılmalı","Risk of irritation, use with caution",neutral,,,neutral,,
cananga extract,canangaextract,"Rating: Poor. Categories: Plant Extracts, Fragrance: Synthetic and Fragrant Plant Extracts",0.0,0.0,0.0,0.0,-2.0,0.0,0.0,,,noxmoon,0,Botanical Extract,Bitkisel Ekstrakt,Bitkisel kaynaklı aktif ekstrakt,neutral,,,neutral,,,neutral,,,neutral,,,caution,"Hassas ciltte tahriş riski taşır, dikkatli kullanılmalı","Risk of irritation, use with caution",neutral,,,neutral,,
candelilla wax,candelillawax,"Rating: Good. Categories: Plant Extracts, Emollients, Texture Enhancer",1.0,0.0,0.0,0.0,0.0,0.0,0.0,,,noxmoon,14,Botanical Extract,Bitkisel Ekstrakt,Bitkisel kaynaklı aktif ekstrakt,neutral,,,neutral,,,neutral,,,neutral,,,neutral,,,neutral,,,neutral,,
candelilla/jojoba/rice bran polyglyceryl-3 esters,candelillajojobaricebranpolyglyceryl3esters,Rating: Best. Categories: Thickeners/Emulsifiers,0.0,0.0,0.0,0.0,0.0,0.0,0.0,,,noxmoon,9,Skincare Ingredient,Cilt Bakım Bileşeni,Cilt bakım bileşeni,neutral,,,neutral,,,neutral,,,neutral,,,neutral,,,neutral,,,neutral,,
canola oil,canolaoil,"Rating: Best. Categories: Skin-Soothing, Skin-Replenishing, Plant Extracts",3.0,0.0,0.0,0.0,3.0,0.0,0.0,,,noxmoon,31,Emollient,Yumuşatıcı (Emoliyan),Cildi yumuşatan ve pürüzsüzleştiren bileşen,beneficial,Kuru cilt için faydalı bileşen,Beneficial for dry skin,neutral,,,neutral,,,neutral,,,beneficial,Hassas cilt için faydalı bileşen,Beneficial for sensitive skin,neutral,,,neutral,,
caprooyl tetrapeptide-3,caprooyltetrapeptide3,Rating: Best. Categories: Skin-Restoring,2.0,0.0,0.0,0.0,1.0,0.0,0.0,,,noxmoon,13,Emollient,Yumuşatıcı (Emoliyan),Cildi yumuşatan ve pürüzsüzleştiren bileşen,beneficial,Kuru cilt için faydalı bileşen,Beneficial for dry skin,neutral,,,neutral,,,neutral,,,neutral,,,neutral,,,neutral,,
caprylic/capric triglyceride,capryliccaprictriglyceride,"Rating: Best. Categories: Plant Extracts, Emollients, Texture Enhancer",1.0,0.0,0.0,0.0,0.0,0.0,0.0,,,noxmoon,1166,Botanical Extract,Bitkisel Ekstrakt,Bitkisel kaynaklı aktif ekstrakt,neutral,,,neutral,,,neutral,,,neutral,,,neutral,,,neutral,,,neutral,,
capryloyl glycerin/sebacic acid copolymer,capryloylglycerinsebacicacidcopolymer,"Rating: Good. Categories: Film-Forming/Holding Agents, Texture Enhancer",0.0,0.0,0.0,0.0,0.0,0.0,0.0,,,noxmoon,2,Humectant,Nemlendirici (Humektan),Nemi çeken ve ciltte tutan nemlendirici,neutral,,,neutral,,,neutral,,,neutral,,,neutral,,,neutral,,,neutral,,
capryloyl glycine,capryloylglycine,Rating: Good. Categories: Hydration,0.0,0.0,0.0,0.0,0.0,0.0,0.0,,,noxmoon,63,Skincare Ingredient,Cilt Bakım Bileşeni,Cilt bakım bileşeni,neutral,,,neutral,,,neutral,,,neutral,,,neutral,,,neutral,,,neutral,,
caprylyl caprylate/caprate,caprylylcaprylatecaprate,"Rating: Good. Categories: Emollients, Skin-Softening",1.0,0.0,0.0,0.0,0.0,0.0,0.0,,,noxmoon,4,Emollient,Yumuşatıcı (Emoliyan),Cildi yumuşatan ve pürüzsüzleştiren bileşen,neutral,,,neutral,,,neutral,,,neutral,,,neutral,,,neutral,,,neutral,,
caprylyl glycol,caprylylglycol,"Rating: Good. Categories: Plant Extracts, Preservatives",0.0,0.0,0.0,0.0,0.0,0.0,0.0,,,noxmoon,1409,Botanical Extract,Bitkisel Ekstrakt,Bitkisel kaynaklı aktif ekstrakt,neutral,,,neutral,,,neutral,,,neutral,,,neutral,,,neutral,,,neutral,,
caprylyl methicone,caprylylmethicone,"Rating: Good. Categories: Silicones, Emollients",2.0,0.0,0.0,1.0,0.0,0.0,0.0,,,noxmoon,107,Silicone,Silikon,Cildi pürüzsüzleştiren silikon bazlı bileşen,beneficial,Kuru cilt için faydalı bileşen,Beneficial for dry skin,neutral,,,neutral,,,neutral,,,neutral,,,neutral,,,neutral,,
capsaicin,capsaicin,Rating: Poor. Categories: Plant Extracts,0.0,0.0,0.0,0.0,-1.0,0.0,0.0,,,noxmoon,2,Botanical Extract,Bitkisel Ekstrakt,Bitkisel kaynaklı aktif ekstrakt,neutral,,,neutral,,,neutral,,,neutral,,,caution,"Hassas ciltte tahriş riski taşır, dikkatli kullanılmalı","Risk of irritation, use with caution",neutral,,,neutral,,
capsicum,capsicum,Rating: Poor. Categories: Plant Extracts,0.0,0.0,0.0,0.0,-1.0,0.0,0.0,,,noxmoon,0,Botanical Extract,Bitkisel Ekstrakt,Bitkisel kaynaklı aktif ekstrakt,neutral,,,neutral,,,neutral,,,neutral,,,caution,"Hassas ciltte tahriş riski taşır, dikkatli kullanılmalı","Risk of irritation, use with caution",neutral,,,neutral,,
capsicum oleoresin,capsicumoleoresin,Rating: Poor. Categories: Plant Extracts,0.0,0.0,0.0,0.0,-1.0,0.0,0.0,,,noxmoon,0,Botanical Extract,Bitkisel Ekstrakt,Bitkisel kaynaklı aktif ekstrakt,neutral,,,neutral,,,neutral,,,neutral,,,caution,"Hassas ciltte tahriş riski taşır, dikkatli kullanılmalı","Risk of irritation, use with caution",neutral,,,neutral,,
caramel,caramel,Rating: Good. Categories: Coloring Agents/Pigments,0.0,0.0,0.0,0.0,0.0,0.0,0.0,,,noxmoon,50,Skincare Ingredient,Cilt Bakım Bileşeni,Cilt bakım bileşeni,neutral,,,neutral,,,neutral,,,neutral,,,neutral,,,neutral,,,neutral,,
carbomer,carbomer,Rating: Good. Categories: Texture Enhancer,0.0,0.0,0.0,0.0,0.0,0.0,0.0,,,noxmoon,1140,Skincare Ingredient,Cilt Bakım Bileşeni,Cilt bakım bileşeni,neutral,,,neutral,,,neutral,,,neutral,,,neutral,,,neutral,,,neutral,,
carbopol,carbopol,Rating: Good. Categories: Texture Enhancer,0.0,0.0,0.0,0.0,0.0,0.0,0.0,,,noxmoon,0,Skincare Ingredient,Cilt Bakım Bileşeni,Cilt bakım bileşeni,neutral,,,neutral,,,neutral,,,neutral,,,neutral,,,neutral,,,neutral,,
carboxylic acid,carboxylicacid,Rating: Best. Categories: Antioxidants,0.0,0.0,0.0,1.0,0.0,0.0,0.0,,,noxmoon,0,Antioxidant,Antioksidan,Serbest radikallere karşı koruyucu antioksidan,neutral,,,neutral,,,neutral,,,neutral,,,neutral,,,neutral,,,neutral,,
cardamom,cardamom,"Rating: Poor. Categories: Plant Extracts, Fragrance: Synthetic and Fragrant Plant Extracts",0.0,0.0,0.0,0.0,-2.0,0.0,0.0,,,noxmoon,0,Botanical Extract,Bitkisel Ekstrakt,Bitkisel kaynaklı aktif ekstrakt,neutral,,,neutral,,,neutral,,,neutral,,,caution,"Hassas ciltte tahriş riski taşır, dikkatli kullanılmalı","Risk of irritation, use with caution",neutral,,,neutral,,
carmine,carmine,Rating: Good. Categories: Coloring Agents/Pigments,0.0,0.0,0.0,0.0,0.0,0.0,0.0,,,noxmoon,25,Skincare Ingredient,Cilt Bakım Bileşeni,Cilt bakım bileşeni,neutral,,,neutral,,,neutral,,,neutral,,,neutral,,,neutral,,,neutral,,
carnauba wax,carnaubawax,"Rating: Good. Categories: Plant Extracts, Absorbent, Texture Enhancer",0.0,0.0,0.0,0.0,0.0,0.0,0.0,,,noxmoon,12,Botanical Extract,Bitkisel Ekstrakt,Bitkisel kaynaklı aktif ekstrakt,neutral,,,neutral,,,neutral,,,neutral,,,neutral,,,neutral,,,neutral,,
carnitine,carnitine,Rating: Best. Categories: Antioxidants,0.0,0.0,0.0,1.0,0.0,0.0,0.0,,,noxmoon,12,Antioxidant,Antioksidan,Serbest radikallere karşı koruyucu antioksidan,neutral,,,neutral,,,neutral,,,neutral,,,neutral,,,neutral,,,neutral,,
carnosic acid,carnosicacid,"Rating: Best. Categories: Antioxidants, Plant Extracts",0.0,0.0,0.0,1.0,0.0,0.0,0.0,,,noxmoon,0,Antioxidant,Antioksidan,Serbest radikallere karşı koruyucu antioksidan,neutral,,,neutral,,,neutral,,,neutral,,,neutral,,,neutral,,,neutral,,
carnosol acid,carnosolacid,"Rating: Best. Categories: Antioxidants, Plant Extracts",0.0,0.0,0.0,1.0,0.0,0.0,0.0,,,noxmoon,0,Antioxidant,Antioksidan,Serbest radikallere karşı koruyucu antioksidan,neutral,,,neutral,,,neutral,,,neutral,,,neutral,,,neutral,,,neutral,,
carrageenan,carrageenan,"Rating: Good. Categories: Plant Extracts, Texture Enhancer",0.0,0.0,0.0,0.0,0.0,0.0,0.0,,,noxmoon,42,Botanical Extract,Bitkisel Ekstrakt,Bitkisel kaynaklı aktif ekstrakt,neutral,,,neutral,,,neutral,,,neutral,,,neutral,,,neutral,,,neutral,,
carrot oil,carrotoil,"Rating: Best. Categories: Plant Extracts, Skin-Replenishing, Emollients",3.0,0.0,0.0,0.0,1.0,0.0,0.0,,,noxmoon,3,Botanical Extract,Bitkisel Ekstrakt,Bitkisel kaynaklı aktif ekstrakt,beneficial,Kuru cilt için faydalı bileşen,Beneficial for dry skin,neutral,,,neutral,,,neutral,,,neutral,,,neutral,,,neutral,,
carvone,carvone,Rating: Poor. Categories: Fragrance: Synthetic and Fragrant Plant Extracts,0.0,0.0,0.0,0.0,-2.0,0.0,0.0,,,noxmoon,0,Fragrance,Parfüm / Koku,Ürüne koku veren parfüm bileşeni,neutral,,,neutral,,,neutral,,,neutral,,,caution,"Hassas ciltte tahriş riski taşır, dikkatli kullanılmalı","Risk of irritation, use with caution",neutral,,,neutral,,
casein,casein,Rating: Good. Categories: Uncategorized,0.0,0.0,0.0,0.0,0.0,0.0,0.0,,,noxmoon,0,Skincare Ingredient,Cilt Bakım Bileşeni,Cilt bakım bileşeni,neutral,,,neutral,,,neutral,,,neutral,,,neutral,,,neutral,,,neutral,,
castor isostearate succinate,castorisostearatesuccinate,Rating: Good. Categories: Emollients,1.0,0.0,0.0,0.0,0.0,0.0,0.0,,,noxmoon,4,Emollient,Yumuşatıcı (Emoliyan),Cildi yumuşatan ve pürüzsüzleştiren bileşen,neutral,,,neutral,,,neutral,,,neutral,,,neutral,,,neutral,,,neutral,,
castor oil,castoroil,"Rating: Good. Categories: Plant Extracts, Emollients",1.0,0.0,0.0,0.0,0.0,0.0,0.0,,,noxmoon,6,Botanical Extract,Bitkisel Ekstrakt,Bitkisel kaynaklı aktif ekstrakt,neutral,,,neutral,,,neutral,,,neutral,,,neutral,,,neutral,,,neutral,,
catalase,catalase,Rating: Best. Categories: Antioxidants,0.0,0.0,0.0,1.0,0.0,0.0,0.0,,,noxmoon,0,Antioxidant,Antioksidan,Serbest radikallere karşı koruyucu antioksidan,neutral,,,neutral,,,neutral,,,neutral,,,neutral,,,neutral,,,neutral,,
cedarwood,cedarwood,"Rating: Poor. Categories: Plant Extracts, Fragrance: Synthetic and Fragrant Plant Extracts",0.0,0.0,0.0,0.0,-2.0,0.0,0.0,,,noxmoon,0,Botanical Extract,Bitkisel Ekstrakt,Bitkisel kaynaklı aktif ekstrakt,neutral,,,neutral,,,neutral,,,neutral,,,caution,"Hassas ciltte tahriş riski taşır, dikkatli kullanılmalı","Risk of irritation, use with caution",neutral,,,neutral,,
cellulose,cellulose,"Rating: Good. Categories: Plant Extracts, Texture Enhancer",0.0,0.0,0.0,0.0,0.0,0.0,0.0,,,noxmoon,75,Botanical Extract,Bitkisel Ekstrakt,Bitkisel kaynaklı aktif ekstrakt,neutral,,,neutral,,,neutral,,,neutral,,,neutral,,,neutral,,,neutral,,
cephalin,cephalin,"Rating: Best. Categories: Texture Enhancer, Emollients",1.0,0.0,0.0,0.0,0.0,0.0,0.0,,,noxmoon,0,Skincare Ingredient,Cilt Bakım Bileşeni,Cilt bakım bileşeni,neutral,,,neutral,,,neutral,,,neutral,,,neutral,,,neutral,,,neutral,,
cera microcristallina,ceramicrocristallina,Rating: Good. Categories: Emollients,1.0,0.0,0.0,0.0,0.0,0.0,0.0,,,noxmoon,0,Emollient,Yumuşatıcı (Emoliyan),Cildi yumuşatan ve pürüzsüzleştiren bileşen,neutral,,,neutral,,,neutral,,,neutral,,,neutral,,,neutral,,,neutral,,
ceramide AP,ceramideap,Rating: Best. Categories: Skin-Replenishing,2.0,0.0,0.0,0.0,1.0,0.0,0.0,,,noxmoon,23,Ceramide,Seramid,Cilt bariyerini güçlendiren bileşen,beneficial,Kuru cilt için faydalı bileşen,Beneficial for dry skin,neutral,,,neutral,,,neutral,,,neutral,,,neutral,,,neutral,,
ceramide EOP,ceramideeop,Rating: Best. Categories: Skin-Replenishing,2.0,0.0,0.0,0.0,1.0,0.0,0.0,,,noxmoon,20,Ceramide,Seramid,Cilt bariyerini güçlendiren bileşen,beneficial,Kuru cilt için faydalı bileşen,Beneficial for dry skin,neutral,,,neutral,,,neutral,,,neutral,,,neutral,,,neutral,,
ceramide EOS,ceramideeos,Rating: Best. Categories: Skin-Replenishing,2.0,0.0,0.0,0.0,1.0,0.0,0.0,,,noxmoon,12,Ceramide,Seramid,Cilt bariyerini güçlendiren bileşen,beneficial,Kuru cilt için faydalı bileşen,Beneficial for dry skin,neutral,,,neutral,,,neutral,,,neutral,,,neutral,,,neutral,,
ceramide NG,ceramideng,Rating: Best. Categories: Skin-Replenishing,2.0,0.0,0.0,0.0,1.0,0.0,0.0,,,noxmoon,14,Ceramide,Seramid,Cilt bariyerini güçlendiren bileşen,beneficial,Kuru cilt için faydalı bileşen,Beneficial for dry skin,neutral,,,neutral,,,neutral,,,neutral,,,neutral,,,neutral,,
ceramide NP,ceramidenp,Rating: Best. Categories: Skin-Replenishing,2.0,0.0,0.0,0.0,1.0,0.0,0.0,,,noxmoon,51,Ceramide,Seramid,Cilt bariyerini güçlendiren bileşen,beneficial,Kuru cilt için faydalı bileşen,Beneficial for dry skin,neutral,,,neutral,,,neutral,,,neutral,,,neutral,,,neutral,,
ceramide NS,ceramidens,Rating: Best. Categories: Skin-Replenishing,2.0,0.0,0.0,0.0,1.0,0.0,0.0,,,noxmoon,11,Ceramide,Seramid,Cilt bariyerini güçlendiren bileşen,beneficial,Kuru cilt için faydalı bileşen,Beneficial for dry skin,neutral,,,neutral,,,neutral,,,neutral,,,neutral,,,neutral,,
ceresin,ceresin,Rating: Good. Categories: Texture Enhancer,0.0,0.0,0.0,0.0,0.0,0.0,0.0,,,noxmoon,30,Skincare Ingredient,Cilt Bakım Bileşeni,Cilt bakım bileşeni,neutral,,,neutral,,,neutral,,,neutral,,,neutral,,,neutral,,,neutral,,
ceteareth-20,ceteareth20,Rating: Good. Categories: Texture Enhancer,0.0,0.0,0.0,0.0,0.0,0.0,0.0,,,noxmoon,298,Skincare Ingredient,Cilt Bakım Bileşeni,Cilt bakım bileşeni,neutral,,,neutral,,,neutral,,,neutral,,,neutral,,,neutral,,,neutral,,
ceteareth-25,ceteareth25,"Rating: Good. Categories: Emulsifiers, Texture Enhancer",0.0,0.0,0.0,0.0,0.0,0.0,0.0,,,noxmoon,17,Skincare Ingredient,Cilt Bakım Bileşeni,Cilt bakım bileşeni,neutral,,,neutral,,,neutral,,,neutral,,,neutral,,,neutral,,,neutral,,
cetearyl alcohol,cetearylalcohol,"Rating: Good. Categories: Texture Enhancer, Emollients",1.0,0.0,0.0,0.0,0.0,0.0,0.0,,,noxmoon,1060,Skincare Ingredient,Cilt Bakım Bileşeni,Cilt bakım bileşeni,neutral,,,neutral,,,neutral,,,neutral,,,neutral,,,neutral,,,neutral,,
cetearyl ethylhexanoate,cetearylethylhexanoate,"Rating: Good. Categories: Texture Enhancer, Emollients",1.0,0.0,0.0,0.0,0.0,0.0,0.0,,,noxmoon,47,Skincare Ingredient,Cilt Bakım Bileşeni,Cilt bakım bileşeni,neutral,,,neutral,,,neutral,,,neutral,,,neutral,,,neutral,,,neutral,,
cetearyl glucoside,cetearylglucoside,Rating: Good. Categories: Texture Enhancer,0.0,0.0,0.0,0.0,0.0,0.0,0.0,,,noxmoon,299,Skincare Ingredient,Cilt Bakım Bileşeni,Cilt bakım bileşeni,neutral,,,neutral,,,neutral,,,neutral,,,neutral,,,neutral,,,neutral,,
cetearyl octanoate,cetearyloctanoate,"Rating: Good. Categories: Texture Enhancer, Skin-Replenishing, Emollients",3.0,0.0,0.0,0.0,1.0,0.0,0.0,,,noxmoon,3,Skincare Ingredient,Cilt Bakım Bileşeni,Cilt bakım bileşeni,beneficial,Kuru cilt için faydalı bileşen,Beneficial for dry skin,neutral,,,neutral,,,neutral,,,neutral,,,neutral,,,neutral,,
cetearyl olivate,cetearylolivate,"Rating: Good. Categories: Slip Agents, Emulsifiers, Texture Enhancer",0.0,0.0,0.0,0.0,0.0,0.0,0.0,,,noxmoon,115,Skincare Ingredient,Cilt Bakım Bileşeni,Cilt bakım bileşeni,neutral,,,neutral,,,neutral,,,neutral,,,neutral,,,neutral,,,neutral,,
cetyl PEG/PPG-10/1-dimethicone,cetylpegppg101dimethicone,"Rating: Good. Categories: Texture Enhancer, Silicones",1.0,0.0,0.0,1.0,0.0,0.0,0.0,,,noxmoon,109,Silicone,Silikon,Cildi pürüzsüzleştiren silikon bazlı bileşen,neutral,,,neutral,,,neutral,,,neutral,,,neutral,,,neutral,,,neutral,,
cetyl acetate,cetylacetate,Rating: Good. Categories: Emollients,1.0,0.0,0.0,0.0,0.0,0.0,0.0,,,noxmoon,10,Emollient,Yumuşatıcı (Emoliyan),Cildi yumuşatan ve pürüzsüzleştiren bileşen,neutral,,,neutral,,,neutral,,,neutral,,,neutral,,,neutral,,,neutral,,
cetyl alcohol,cetylalcohol,"Rating: Good. Categories: Thickeners/Emulsifiers, Emollients",1.0,0.0,0.0,0.0,0.0,0.0,0.0,,,noxmoon,1147,Skincare Ingredient,Cilt Bakım Bileşeni,Cilt bakım bileşeni,neutral,,,neutral,,,neutral,,,neutral,,,neutral,,,neutral,,,neutral,,
cetyl dimethicone,cetyldimethicone,Rating: Good. Categories: Silicones,1.0,0.0,0.0,1.0,0.0,0.0,0.0,,,noxmoon,76,Silicone,Silikon,Cildi pürüzsüzleştiren silikon bazlı bileşen,neutral,,,neutral,,,neutral,,,neutral,,,neutral,,,neutral,,,neutral,,
cetyl dimethicone copolyol,cetyldimethiconecopolyol,"Rating: Good. Categories: Silicones, Emollients",2.0,0.0,0.0,1.0,0.0,0.0,0.0,,,noxmoon,8,Silicone,Silikon,Cildi pürüzsüzleştiren silikon bazlı bileşen,beneficial,Kuru cilt için faydalı bileşen,Beneficial for dry skin,neutral,,,neutral,,,neutral,,,neutral,,,neutral,,,neutral,,
cetyl esters,cetylesters,"Rating: Good. Categories: Texture Enhancer, Emollients",1.0,0.0,0.0,0.0,0.0,0.0,0.0,,,noxmoon,73,Skincare Ingredient,Cilt Bakım Bileşeni,Cilt bakım bileşeni,neutral,,,neutral,,,neutral,,,neutral,,,neutral,,,neutral,,,neutral,,
cetyl hydroxyethylcellulose,cetylhydroxyethylcellulose,"Rating: Good. Categories: Texture Enhancer, Emollients",1.0,0.0,0.0,0.0,0.0,0.0,0.0,,,noxmoon,38,Skincare Ingredient,Cilt Bakım Bileşeni,Cilt bakım bileşeni,neutral,,,neutral,,,neutral,,,neutral,,,neutral,,,neutral,,,neutral,,
cetyl palmitate,cetylpalmitate,Rating: Good. Categories: Emollients,1.0,0.0,0.0,0.0,0.0,0.0,0.0,,,noxmoon,92,Emollient,Yumuşatıcı (Emoliyan),Cildi yumuşatan ve pürüzsüzleştiren bileşen,neutral,,,neutral,,,neutral,,,neutral,,,neutral,,,neutral,,,neutral,,
chamomile,chamomile,"Rating: Best. Categories: Antioxidants, Plant Extracts",0.0,0.0,0.0,1.0,0.0,0.0,0.0,,,noxmoon,4,Antioxidant,Antioksidan,Serbest radikallere karşı koruyucu antioksidan,neutral,,,neutral,,,neutral,,,neutral,,,neutral,,,neutral,,,neutral,,
charcoal,charcoal,Rating: Good. Categories: Absorbent,0.0,0.0,0.0,0.0,0.0,0.0,0.0,,,noxmoon,3,Mineral,Mineral,Mineral bazlı cilt bakım bileşeni,neutral,,,neutral,,,neutral,,,neutral,,,neutral,,,neutral,,,neutral,,
charcoal powder,charcoalpowder,Rating: Good. Categories: Absorbent,0.0,0.0,0.0,0.0,0.0,0.0,0.0,,,noxmoon,41,Mineral,Mineral,Mineral bazlı cilt bakım bileşeni,neutral,,,neutral,,,neutral,,,neutral,,,neutral,,,neutral,,,neutral,,
chelating agent,chelatingagent,Rating: Good. Categories: Uncategorized,0.0,0.0,0.0,0.0,0.0,0.0,0.0,,,noxmoon,0,Skincare Ingredient,Cilt Bakım Bileşeni,Cilt bakım bileşeni,neutral,,,neutral,,,neutral,,,neutral,,,neutral,,,neutral,,,neutral,,
cherry extract,cherryextract,"Rating: Best. Categories: Plant Extracts, Antioxidants",0.0,0.0,0.0,1.0,0.0,0.0,0.0,,,noxmoon,0,Botanical Extract,Bitkisel Ekstrakt,Bitkisel kaynaklı aktif ekstrakt,neutral,,,neutral,,,neutral,,,neutral,,,neutral,,,neutral,,,neutral,,
chitosan,chitosan,"Rating: Best. Categories: Skin-Soothing, Antioxidants",1.0,0.0,0.0,1.0,2.0,0.0,0.0,,,noxmoon,31,Emollient,Yumuşatıcı (Emoliyan),Cildi yumuşatan ve pürüzsüzleştiren bileşen,neutral,,,neutral,,,neutral,,,neutral,,,beneficial,Hassas cilt için faydalı bileşen,Beneficial for sensitive skin,neutral,,,neutral,,
chlorella,chlorella,"Rating: Good. Categories: Antioxidants, Texture Enhancer, Emollients, Plant Extracts",1.0,0.0,0.0,1.0,0.0,0.0,0.0,,,noxmoon,0,Antioxidant,Antioksidan,Serbest radikallere karşı koruyucu antioksidan,neutral,,,neutral,,,neutral,,,neutral,,,neutral,,,neutral,,,neutral,,
chlorophene,chlorophene,Rating: Good. Categories: Preservatives,0.0,0.0,0.0,0.0,0.0,0.0,0.0,,,noxmoon,0,Preservative,Koruyucu,Ürünün raf ömrünü uzatan koruyucu madde,neutral,,,neutral,,,neutral,,,neutral,,,neutral,,,neutral,,,neutral,,
chloroxylenol,chloroxylenol,Rating: Good. Categories: Preservatives,0.0,0.0,0.0,0.0,0.0,0.0,0.0,,,noxmoon,4,Preservative,Koruyucu,Ürünün raf ömrünü uzatan koruyucu madde,neutral,,,neutral,,,neutral,,,neutral,,,neutral,,,neutral,,,neutral,,
chlorphenesin,chlorphenesin,Rating: Good. Categories: Preservatives,0.0,0.0,0.0,0.0,0.0,0.0,0.0,,,noxmoon,717,Preservative,Koruyucu,Ürünün raf ömrünü uzatan koruyucu madde,neutral,,,neutral,,,neutral,,,neutral,,,neutral,,,neutral,,,neutral,,
cholecalciferol,cholecalciferol,"Rating: Good. Categories: Antioxidants, Vitamins",0.0,0.0,0.0,1.0,0.0,0.0,0.0,,,noxmoon,19,Antioxidant,Antioksidan,Serbest radikallere karşı koruyucu antioksidan,neutral,,,neutral,,,neutral,,,neutral,,,neutral,,,neutral,,,neutral,,
choline,choline,Rating: Best. Categories: Vitamins,0.0,0.0,0.0,0.0,0.0,0.0,0.0,,,noxmoon,0,Antioxidant,Antioksidan,Serbest radikallere karşı koruyucu antioksidan,neutral,,,neutral,,,neutral,,,neutral,,,neutral,,,neutral,,,neutral,,
chondroitin sulfate,chondroitinsulfate,Rating: Best. Categories: Skin-Replenishing,2.0,0.0,0.0,0.0,1.0,0.0,0.0,,,noxmoon,0,Ceramide,Seramid,Cilt bariyerini güçlendiren bileşen,beneficial,Kuru cilt için faydalı bileşen,Beneficial for dry skin,neutral,,,neutral,,,neutral,,,neutral,,,neutral,,,neutral,,
chromium hydroxide green,chromiumhydroxidegreen,Rating: Good. Categories: Coloring Agents/Pigments,0.0,0.0,0.0,0.0,0.0,0.0,0.0,,,noxmoon,26,Skincare Ingredient,Cilt Bakım Bileşeni,Cilt bakım bileşeni,neutral,,,neutral,,,neutral,,,neutral,,,neutral,,,neutral,,,neutral,,
chromium oxide green,chromiumoxidegreen,Rating: Good. Categories: Coloring Agents/Pigments,0.0,0.0,0.0,0.0,0.0,0.0,0.0,,,noxmoon,0,Skincare Ingredient,Cilt Bakım Bileşeni,Cilt bakım bileşeni,neutral,,,neutral,,,neutral,,,neutral,,,neutral,,,neutral,,,neutral,,
chrysanthemum extract,chrysanthemumextract,"Rating: Average. Categories: Skin-Soothing, Plant Extracts",1.0,0.0,0.0,0.0,2.0,0.0,0.0,,,noxmoon,0,Emollient,Yumuşatıcı (Emoliyan),Cildi yumuşatan ve pürüzsüzleştiren bileşen,neutral,,,neutral,,,neutral,,,neutral,,,beneficial,Hassas cilt için faydalı bileşen,Beneficial for sensitive skin,neutral,,,neutral,,
cinnamon,cinnamon,"Rating: Poor. Categories: Antioxidants, Plant Extracts, Fragrance: Synthetic and Fragrant Plant Extracts",0.0,0.0,0.0,1.0,-2.0,0.0,0.0,,,noxmoon,0,Antioxidant,Antioksidan,Serbest radikallere karşı koruyucu antioksidan,neutral,,,neutral,,,neutral,,,neutral,,,caution,"Hassas ciltte tahriş riski taşır, dikkatli kullanılmalı","Risk of irritation, use with caution",neutral,,,neutral,,
cinnamyl alcohol,cinnamylalcohol,Rating: Poor. Categories: Fragrance: Synthetic and Fragrant Plant Extracts,0.0,0.0,0.0,0.0,-2.0,0.0,0.0,,,noxmoon,25,Fragrance,Parfüm / Koku,Ürüne koku veren parfüm bileşeni,neutral,,,neutral,,,neutral,,,neutral,,,caution,"Hassas ciltte tahriş riski taşır, dikkatli kullanılmalı","Risk of irritation, use with caution",neutral,,,neutral,,
citrate buffer,citratebuffer,Rating: Good. Categories: Miscellaneous,0.0,0.0,0.0,0.0,0.0,0.0,0.0,,,noxmoon,0,Skincare Ingredient,Cilt Bakım Bileşeni,Cilt bakım bileşeni,neutral,,,neutral,,,neutral,,,neutral,,,neutral,,,neutral,,,neutral,,
citronellol,citronellol,Rating: Poor. Categories: Fragrance: Synthetic and Fragrant Plant Extracts,0.0,0.0,0.0,0.0,-2.0,0.0,0.0,,,noxmoon,489,Fragrance,Parfüm / Koku,Ürüne koku veren parfüm bileşeni,neutral,,,neutral,,,neutral,,,neutral,,,caution,"Hassas ciltte tahriş riski taşır, dikkatli kullanılmalı","Risk of irritation, use with caution",neutral,,,neutral,,
clary oil,claryoil,"Rating: Poor. Categories: Plant Extracts, Fragrance: Synthetic and Fragrant Plant Extracts",0.0,0.0,0.0,0.0,-2.0,0.0,0.0,,,noxmoon,1,Botanical Extract,Bitkisel Ekstrakt,Bitkisel kaynaklı aktif ekstrakt,neutral,,,neutral,,,neutral,,,neutral,,,caution,"Hassas ciltte tahriş riski taşır, dikkatli kullanılmalı","Risk of irritation, use with caution",neutral,,,neutral,,
clary sage,clarysage,Rating: Good. Categories: Antioxidants,0.0,0.0,0.0,1.0,0.0,0.0,0.0,,,noxmoon,0,Antioxidant,Antioksidan,Serbest radikallere karşı koruyucu antioksidan,neutral,,,neutral,,,neutral,,,neutral,,,neutral,,,neutral,,,neutral,,
clay,clay,Rating: Good. Categories: Absorbent,0.0,0.0,0.0,0.0,0.0,0.0,0.0,,,noxmoon,0,Mineral,Mineral,Mineral bazlı cilt bakım bileşeni,neutral,,,neutral,,,neutral,,,neutral,,,neutral,,,neutral,,,neutral,,
clove leaf,cloveleaf,Rating: Poor. Categories: Plant Extracts,0.0,0.0,0.0,0.0,-1.0,0.0,0.0,,,noxmoon,0,Botanical Extract,Bitkisel Ekstrakt,Bitkisel kaynaklı aktif ekstrakt,neutral,,,neutral,,,neutral,,,neutral,,,caution,"Hassas ciltte tahriş riski taşır, dikkatli kullanılmalı","Risk of irritation, use with caution",neutral,,,neutral,,
clove oil,cloveoil,Rating: Poor. Categories: Plant Extracts,0.0,0.0,0.0,0.0,-1.0,0.0,0.0,,,noxmoon,1,Botanical Extract,Bitkisel Ekstrakt,Bitkisel kaynaklı aktif ekstrakt,neutral,,,neutral,,,neutral,,,neutral,,,caution,"Hassas ciltte tahriş riski taşır, dikkatli kullanılmalı","Risk of irritation, use with caution",neutral,,,neutral,,
clover blossom,cloverblossom,Rating: Poor. Categories: Plant Extracts,0.0,0.0,0.0,0.0,-1.0,0.0,0.0,,,noxmoon,0,Botanical Extract,Bitkisel Ekstrakt,Bitkisel kaynaklı aktif ekstrakt,neutral,,,neutral,,,neutral,,,neutral,,,caution,"Hassas ciltte tahriş riski taşır, dikkatli kullanılmalı","Risk of irritation, use with caution",neutral,,,neutral,,
clover leaf oil,cloverleafoil,Rating: Poor. Categories: Plant Extracts,0.0,0.0,0.0,0.0,-1.0,0.0,0.0,,,noxmoon,0,Botanical Extract,Bitkisel Ekstrakt,Bitkisel kaynaklı aktif ekstrakt,neutral,,,neutral,,,neutral,,,neutral,,,caution,"Hassas ciltte tahriş riski taşır, dikkatli kullanılmalı","Risk of irritation, use with caution",neutral,,,neutral,,
cocamide DEA and MEA,cocamidedeaandmea,"Rating: Average. Categories: Texture Enhancer, Cleansing Agents",0.0,1.0,0.0,0.0,0.0,0.0,0.0,,,noxmoon,0,Skincare Ingredient,Cilt Bakım Bileşeni,Cilt bakım bileşeni,neutral,,,neutral,,,neutral,,,neutral,,,neutral,,,neutral,,,neutral,,
cocamidopropyl betaine,cocamidopropylbetaine,Rating: Good. Categories: Cleansing Agents,0.0,1.0,0.0,0.0,0.0,0.0,0.0,,,noxmoon,290,Surfactant,Yüzey Aktif Madde,Temizleme işlevi gören yüzey aktif madde,neutral,,,neutral,,,neutral,,,neutral,,,neutral,,,neutral,,,neutral,,
cocamidopropyl dimethylamine,cocamidopropyldimethylamine,Rating: Good. Categories: Cleansing Agents,0.0,1.0,0.0,0.0,0.0,0.0,0.0,,,noxmoon,23,Surfactant,Yüzey Aktif Madde,Temizleme işlevi gören yüzey aktif madde,neutral,,,neutral,,,neutral,,,neutral,,,neutral,,,neutral,,,neutral,,
cocamidopropyl hydroxysultaine,cocamidopropylhydroxysultaine,Rating: Good. Categories: Cleansing Agents,0.0,1.0,0.0,0.0,0.0,0.0,0.0,,,noxmoon,47,Surfactant,Yüzey Aktif Madde,Temizleme işlevi gören yüzey aktif madde,neutral,,,neutral,,,neutral,,,neutral,,,neutral,,,neutral,,,neutral,,
coco-glucoside,cocoglucoside,Rating: Good. Categories: Cleansing Agents,0.0,1.0,0.0,0.0,0.0,0.0,0.0,,,noxmoon,148,Surfactant,Yüzey Aktif Madde,Temizleme işlevi gören yüzey aktif madde,neutral,,,neutral,,,neutral,,,neutral,,,neutral,,,neutral,,,neutral,,
cocoa butter,cocoabutter,"Rating: Best. Categories: Plant Extracts, Emollients",1.0,0.0,0.0,0.0,0.0,0.0,0.0,,,noxmoon,12,Botanical Extract,Bitkisel Ekstrakt,Bitkisel kaynaklı aktif ekstrakt,neutral,,,neutral,,,neutral,,,neutral,,,neutral,,,neutral,,,neutral,,
cocoa extract,cocoaextract,"Rating: Best. Categories: Antioxidants, Plant Extracts",0.0,0.0,0.0,1.0,0.0,0.0,0.0,,,noxmoon,2,Antioxidant,Antioksidan,Serbest radikallere karşı koruyucu antioksidan,neutral,,,neutral,,,neutral,,,neutral,,,neutral,,,neutral,,,neutral,,
cocoglycerides,cocoglycerides,"Rating: Good. Categories: Texture Enhancer, Emollients",1.0,0.0,0.0,0.0,0.0,0.0,0.0,,,noxmoon,26,Skincare Ingredient,Cilt Bakım Bileşeni,Cilt bakım bileşeni,neutral,,,neutral,,,neutral,,,neutral,,,neutral,,,neutral,,,neutral,,
coconut,coconut,"Rating: Good. Categories: Plant Extracts, Cleansing Agents",0.0,1.0,0.0,0.0,0.0,0.0,0.0,,,noxmoon,0,Botanical Extract,Bitkisel Ekstrakt,Bitkisel kaynaklı aktif ekstrakt,neutral,,,neutral,,,neutral,,,neutral,,,neutral,,,neutral,,,neutral,,
coconut acid,coconutacid,Rating: Good. Categories: Cleansing Agents,0.0,1.0,0.0,0.0,0.0,0.0,0.0,,,noxmoon,13,Surfactant,Yüzey Aktif Madde,Temizleme işlevi gören yüzey aktif madde,neutral,,,neutral,,,neutral,,,neutral,,,neutral,,,neutral,,,neutral,,
coconut oil,coconutoil,"Rating: Best. Categories: Plant Extracts, Emollients",1.0,0.0,0.0,0.0,0.0,0.0,0.0,,,noxmoon,11,Botanical Extract,Bitkisel Ekstrakt,Bitkisel kaynaklı aktif ekstrakt,neutral,,,neutral,,,neutral,,,neutral,,,neutral,,,neutral,,,neutral,,
cocos nucifera (coconut) fruit extract,cocosnuciferacoconutfruitextract,Rating: Best. Categories: Skin-Softening,0.0,0.0,0.0,0.0,0.0,0.0,0.0,,,noxmoon,13,Skincare Ingredient,Cilt Bakım Bileşeni,Cilt bakım bileşeni,neutral,,,neutral,,,neutral,,,neutral,,,neutral,,,neutral,,,neutral,,
cocoyl proline,cocoylproline,Rating: Good. Categories: Hydration,0.0,0.0,0.0,0.0,0.0,0.0,0.0,,,noxmoon,1,Skincare Ingredient,Cilt Bakım Bileşeni,Cilt bakım bileşeni,neutral,,,neutral,,,neutral,,,neutral,,,neutral,,,neutral,,,neutral,,
coenzyme Q10,coenzymeq10,"Rating: Best. Categories: Skin-Soothing, Antioxidants",1.0,0.0,0.0,1.0,2.0,0.0,0.0,,,noxmoon,5,Emollient,Yumuşatıcı (Emoliyan),Cildi yumuşatan ve pürüzsüzleştiren bileşen,neutral,,,neutral,,,neutral,,,neutral,,,beneficial,Hassas cilt için faydalı bileşen,Beneficial for sensitive skin,neutral,,,neutral,,
collagen amino acids,collagenaminoacids,"Rating: Good. Categories: Hydration, Skin-Replenishing",2.0,0.0,0.0,0.0,1.0,0.0,0.0,,,noxmoon,14,Skincare Ingredient,Cilt Bakım Bileşeni,Cilt bakım bileşeni,beneficial,Kuru cilt için faydalı bileşen,Beneficial for dry skin,neutral,,,neutral,,,neutral,,,neutral,,,neutral,,,neutral,,
colloidal oatmeal,colloidaloatmeal,Rating: Best. Categories: Skin-Soothing,1.0,0.0,0.0,0.0,2.0,0.0,0.0,,,noxmoon,27,Emollient,Yumuşatıcı (Emoliyan),Cildi yumuşatan ve pürüzsüzleştiren bileşen,neutral,,,neutral,,,neutral,,,neutral,,,beneficial,Hassas cilt için faydalı bileşen,Beneficial for sensitive skin,neutral,,,neutral,,
colloidal silver,colloidalsilver,Rating: Poor. Categories: Uncategorized,0.0,0.0,0.0,0.0,-1.0,0.0,0.0,,,noxmoon,0,Skincare Ingredient,Cilt Bakım Bileşeni,Cilt bakım bileşeni,neutral,,,neutral,,,neutral,,,neutral,,,caution,"Hassas ciltte tahriş riski taşır, dikkatli kullanılmalı","Risk of irritation, use with caution",neutral,,,neutral,,
comfrey extract,comfreyextract,"Rating: Poor. Categories: Sensitizing, Plant Extracts",-1.0,0.0,0.0,0.0,-2.0,0.0,0.0,,Sensitizing,noxmoon,6,Skincare Ingredient,Cilt Bakım Bileşeni,Cilt bakım bileşeni,caution,"Kurutucu etki yapabilir, nemlendiriciyle kullanılmalı",May have drying effects,neutral,,,neutral,,,neutral,,,caution,"Hassas ciltte tahriş riski taşır, dikkatli kullanılmalı","Risk of irritation, use with caution",neutral,,,neutral,,
coneflower,coneflower,"Rating: Good. Categories: Skin-Soothing, Plant Extracts",1.0,0.0,0.0,0.0,2.0,0.0,0.0,,,noxmoon,4,Emollient,Yumuşatıcı (Emoliyan),Cildi yumuşatan ve pürüzsüzleştiren bileşen,neutral,,,neutral,,,neutral,,,neutral,,,beneficial,Hassas cilt için faydalı bileşen,Beneficial for sensitive skin,neutral,,,neutral,,
copper PCA,copperpca,Rating: Good. Categories: Uncategorized,0.0,0.0,0.0,0.0,0.0,0.0,0.0,,,noxmoon,43,Skincare Ingredient,Cilt Bakım Bileşeni,Cilt bakım bileşeni,neutral,,,neutral,,,neutral,,,neutral,,,neutral,,,neutral,,,neutral,,
copper gluconate,coppergluconate,Rating: Good. Categories: Antioxidants,0.0,0.0,0.0,1.0,0.0,0.0,0.0,,,noxmoon,117,Antioxidant,Antioksidan,Serbest radikallere karşı koruyucu antioksidan,neutral,,,neutral,,,neutral,,,neutral,,,neutral,,,neutral,,,neutral,,
copper lysinate/prolinate,copperlysinateprolinate,Rating: Good. Categories: Uncategorized,0.0,0.0,0.0,0.0,0.0,0.0,0.0,,,noxmoon,9,Skincare Ingredient,Cilt Bakım Bileşeni,Cilt bakım bileşeni,neutral,,,neutral,,,neutral,,,neutral,,,neutral,,,neutral,,,neutral,,
copper peptides,copperpeptides,Rating: Good. Categories: Antioxidants,0.0,0.0,0.0,1.0,0.0,0.0,0.0,,,noxmoon,0,Antioxidant,Antioksidan,Serbest radikallere karşı koruyucu antioksidan,neutral,,,neutral,,,neutral,,,neutral,,,neutral,,,neutral,,,neutral,,
copper sulfate,coppersulfate,Rating: Average. Categories: Uncategorized,0.0,0.0,0.0,0.0,0.0,0.0,0.0,,,noxmoon,6,Skincare Ingredient,Cilt Bakım Bileşeni,Cilt bakım bileşeni,neutral,,,neutral,,,neutral,,,neutral,,,neutral,,,neutral,,,neutral,,
coriander,coriander,"Rating: Good. Categories: Plant Extracts, Fragrance: Synthetic and Fragrant Plant Extracts",0.0,0.0,0.0,0.0,-2.0,0.0,0.0,,,noxmoon,0,Botanical Extract,Bitkisel Ekstrakt,Bitkisel kaynaklı aktif ekstrakt,neutral,,,neutral,,,neutral,,,neutral,,,caution,"Hassas ciltte tahriş riski taşır, dikkatli kullanılmalı","Risk of irritation, use with caution",neutral,,,neutral,,
corn oil,cornoil,"Rating: Best. Categories: Plant Extracts, Emollients",1.0,0.0,0.0,0.0,0.0,0.0,0.0,,,noxmoon,21,Botanical Extract,Bitkisel Ekstrakt,Bitkisel kaynaklı aktif ekstrakt,neutral,,,neutral,,,neutral,,,neutral,,,neutral,,,neutral,,,neutral,,
cornflower,cornflower,"Rating: Best. Categories: Skin-Soothing, Plant Extracts",1.0,0.0,0.0,0.0,2.0,0.0,0.0,,,noxmoon,0,Emollient,Yumuşatıcı (Emoliyan),Cildi yumuşatan ve pürüzsüzleştiren bileşen,neutral,,,neutral,,,neutral,,,neutral,,,beneficial,Hassas cilt için faydalı bileşen,Beneficial for sensitive skin,neutral,,,neutral,,
cornmint,cornmint,Rating: Poor. Categories: Plant Extracts,0.0,0.0,0.0,0.0,-1.0,0.0,0.0,,,noxmoon,0,Botanical Extract,Bitkisel Ekstrakt,Bitkisel kaynaklı aktif ekstrakt,neutral,,,neutral,,,neutral,,,neutral,,,caution,"Hassas ciltte tahriş riski taşır, dikkatli kullanılmalı","Risk of irritation, use with caution",neutral,,,neutral,,
cornstarch,cornstarch,"Rating: Good. Categories: Plant Extracts, Absorbent",0.0,0.0,0.0,0.0,0.0,0.0,0.0,,,noxmoon,15,Botanical Extract,Bitkisel Ekstrakt,Bitkisel kaynaklı aktif ekstrakt,neutral,,,neutral,,,neutral,,,neutral,,,neutral,,,neutral,,,neutral,,
coumarin,coumarin,"Rating: Good. Categories: Antioxidants, Plant Extracts",0.0,0.0,0.0,1.0,0.0,0.0,0.0,,,noxmoon,102,Antioxidant,Antioksidan,Serbest radikallere karşı koruyucu antioksidan,neutral,,,neutral,,,neutral,,,neutral,,,neutral,,,neutral,,,neutral,,
cranberry seed extract,cranberryseedextract,"Rating: Best. Categories: Skin-Soothing, Antioxidants, Plant Extracts",1.0,0.0,0.0,1.0,2.0,0.0,0.0,,,noxmoon,0,Emollient,Yumuşatıcı (Emoliyan),Cildi yumuşatan ve pürüzsüzleştiren bileşen,neutral,,,neutral,,,neutral,,,neutral,,,beneficial,Hassas cilt için faydalı bileşen,Beneficial for sensitive skin,neutral,,,neutral,,
cranberry seed oil,cranberryseedoil,"Rating: Best. Categories: Antioxidants, Plant Extracts",0.0,0.0,0.0,1.0,0.0,0.0,0.0,,,noxmoon,0,Antioxidant,Antioksidan,Serbest radikallere karşı koruyucu antioksidan,neutral,,,neutral,,,neutral,,,neutral,,,neutral,,,neutral,,,neutral,,
creatine,creatine,Rating: Best. Categories: Skin-Restoring,2.0,0.0,0.0,0.0,1.0,0.0,0.0,,,noxmoon,43,Emollient,Yumuşatıcı (Emoliyan),Cildi yumuşatan ve pürüzsüzleştiren bileşen,beneficial,Kuru cilt için faydalı bileşen,Beneficial for dry skin,neutral,,,neutral,,,neutral,,,neutral,,,neutral,,,neutral,,
curcumin,curcumin,"Rating: Best. Categories: Skin-Soothing, Antioxidants",1.0,0.0,0.0,1.0,2.0,0.0,0.0,,,noxmoon,0,Emollient,Yumuşatıcı (Emoliyan),Cildi yumuşatan ve pürüzsüzleştiren bileşen,neutral,,,neutral,,,neutral,,,neutral,,,beneficial,Hassas cilt için faydalı bileşen,Beneficial for sensitive skin,neutral,,,neutral,,
cyanocobalamin,cyanocobalamin,Rating: Good. Categories: Vitamins,0.0,0.0,0.0,0.0,0.0,0.0,0.0,,,noxmoon,14,Antioxidant,Antioksidan,Serbest radikallere karşı koruyucu antioksidan,neutral,,,neutral,,,neutral,,,neutral,,,neutral,,,neutral,,,neutral,,
cyclamen aldehyde,cyclamenaldehyde,Rating: Poor. Categories: Fragrance: Synthetic and Fragrant Plant Extracts,0.0,0.0,0.0,0.0,-2.0,0.0,0.0,,,noxmoon,2,Fragrance,Parfüm / Koku,Ürüne koku veren parfüm bileşeni,neutral,,,neutral,,,neutral,,,neutral,,,caution,"Hassas ciltte tahriş riski taşır, dikkatli kullanılmalı","Risk of irritation, use with caution",neutral,,,neutral,,
cyclohexasiloxane,cyclohexasiloxane,Rating: Good. Categories: Emollients,1.0,0.0,0.0,0.0,0.0,0.0,0.0,,,noxmoon,304,Emollient,Yumuşatıcı (Emoliyan),Cildi yumuşatan ve pürüzsüzleştiren bileşen,neutral,,,neutral,,,neutral,,,neutral,,,neutral,,,neutral,,,neutral,,
cyclomethicone,cyclomethicone,Rating: Good. Categories: Emollients,1.0,0.0,0.0,0.0,0.0,0.0,0.0,,,noxmoon,244,Emollient,Yumuşatıcı (Emoliyan),Cildi yumuşatan ve pürüzsüzleştiren bileşen,neutral,,,neutral,,,neutral,,,neutral,,,neutral,,,neutral,,,neutral,,
cyclopentasiloxane,cyclopentasiloxane,Rating: Good. Categories: Emollients,1.0,0.0,0.0,0.0,0.0,0.0,0.0,,,noxmoon,841,Emollient,Yumuşatıcı (Emoliyan),Cildi yumuşatan ve pürüzsüzleştiren bileşen,neutral,,,neutral,,,neutral,,,neutral,,,neutral,,,neutral,,,neutral,,
cyclotetrasiloxane,cyclotetrasiloxane,Rating: Good. Categories: Emollients,1.0,0.0,0.0,0.0,0.0,0.0,0.0,,,noxmoon,18,Emollient,Yumuşatıcı (Emoliyan),Cildi yumuşatan ve pürüzsüzleştiren bileşen,neutral,,,neutral,,,neutral,,,neutral,,,neutral,,,neutral,,,neutral,,
cysteine,cysteine,Rating: Good. Categories: Skin-Replenishing,2.0,0.0,0.0,0.0,1.0,0.0,0.0,,,noxmoon,3,Ceramide,Seramid,Cilt bariyerini güçlendiren bileşen,beneficial,Kuru cilt için faydalı bileşen,Beneficial for dry skin,neutral,,,neutral,,,neutral,,,neutral,,,neutral,,,neutral,,
cystine,cystine,Rating: Good. Categories: Skin-Replenishing,2.0,0.0,0.0,0.0,1.0,0.0,0.0,,,noxmoon,1,Ceramide,Seramid,Cilt bariyerini güçlendiren bileşen,beneficial,Kuru cilt için faydalı bileşen,Beneficial for dry skin,neutral,,,neutral,,,neutral,,,neutral,,,neutral,,,neutral,,
d-alpha-tocopherol,dalphatocopherol,"Rating: Best. Categories: Antioxidants, Vitamins",0.0,0.0,0.0,1.0,0.0,0.0,0.0,,,noxmoon,0,Antioxidant,Antioksidan,Serbest radikallere karşı koruyucu antioksidan,neutral,,,neutral,,,neutral,,,neutral,,,neutral,,,neutral,,,neutral,,
daisy flower extract,daisyflowerextract,Rating: Poor. Categories: Plant Extracts,0.0,0.0,0.0,0.0,-1.0,0.0,0.0,,,noxmoon,0,Botanical Extract,Bitkisel Ekstrakt,Bitkisel kaynaklı aktif ekstrakt,neutral,,,neutral,,,neutral,,,neutral,,,caution,"Hassas ciltte tahriş riski taşır, dikkatli kullanılmalı","Risk of irritation, use with caution",neutral,,,neutral,,
decarboxy carnosine HCL,decarboxycarnosinehcl,"Rating: Best. Categories: Skin-Soothing, Skin-Restoring",3.0,0.0,0.0,0.0,3.0,0.0,0.0,,,noxmoon,41,Emollient,Yumuşatıcı (Emoliyan),Cildi yumuşatan ve pürüzsüzleştiren bileşen,beneficial,Kuru cilt için faydalı bileşen,Beneficial for dry skin,neutral,,,neutral,,,neutral,,,beneficial,Hassas cilt için faydalı bileşen,Beneficial for sensitive skin,neutral,,,neutral,,
decyl glucoside,decylglucoside,Rating: Good. Categories: Cleansing Agents,0.0,1.0,0.0,0.0,0.0,0.0,0.0,,,noxmoon,188,Surfactant,Yüzey Aktif Madde,Temizleme işlevi gören yüzey aktif madde,neutral,,,neutral,,,neutral,,,neutral,,,neutral,,,neutral,,,neutral,,
decyl oleate,decyloleate,Rating: Good. Categories: Emollients,1.0,0.0,0.0,0.0,0.0,0.0,0.0,,,noxmoon,19,Emollient,Yumuşatıcı (Emoliyan),Cildi yumuşatan ve pürüzsüzleştiren bileşen,neutral,,,neutral,,,neutral,,,neutral,,,neutral,,,neutral,,,neutral,,
decylene glycol,decyleneglycol,Rating: Good. Categories: Skin-Replenishing,2.0,0.0,0.0,0.0,1.0,0.0,0.0,,,noxmoon,17,Ceramide,Seramid,Cilt bariyerini güçlendiren bileşen,beneficial,Kuru cilt için faydalı bileşen,Beneficial for dry skin,neutral,,,neutral,,,neutral,,,neutral,,,neutral,,,neutral,,
dehydroacetic acid,dehydroaceticacid,Rating: Good. Categories: Preservatives,0.0,0.0,0.0,0.0,0.0,0.0,0.0,,,noxmoon,149,Preservative,Koruyucu,Ürünün raf ömrünü uzatan koruyucu madde,neutral,,,neutral,,,neutral,,,neutral,,,neutral,,,neutral,,,neutral,,
dehydroepiandrosterone,dehydroepiandrosterone,Rating: Average. Categories: Uncategorized,0.0,0.0,0.0,0.0,0.0,0.0,0.0,,,noxmoon,0,Skincare Ingredient,Cilt Bakım Bileşeni,Cilt bakım bileşeni,neutral,,,neutral,,,neutral,,,neutral,,,neutral,,,neutral,,,neutral,,
deionized/demineralized water,deionizeddemineralizedwater,Rating: Good. Categories: Uncategorized,0.0,0.0,0.0,0.0,0.0,0.0,0.0,,,noxmoon,0,Skincare Ingredient,Cilt Bakım Bileşeni,Cilt bakım bileşeni,neutral,,,neutral,,,neutral,,,neutral,,,neutral,,,neutral,,,neutral,,
denatured alcohol,denaturedalcohol,Rating: Poor. Categories: Sensitizing,-1.0,0.0,0.0,0.0,-2.0,0.0,0.0,,Sensitizing,noxmoon,3,Skincare Ingredient,Cilt Bakım Bileşeni,Cilt bakım bileşeni,caution,"Kurutucu etki yapabilir, nemlendiriciyle kullanılmalı",May have drying effects,neutral,,,neutral,,,neutral,,,caution,"Hassas ciltte tahriş riski taşır, dikkatli kullanılmalı","Risk of irritation, use with caution",neutral,,,neutral,,
deoxyribonucleic acid,deoxyribonucleicacid,Rating: Average. Categories: Uncategorized,0.0,0.0,0.0,0.0,0.0,0.0,0.0,,,noxmoon,0,Skincare Ingredient,Cilt Bakım Bileşeni,Cilt bakım bileşeni,neutral,,,neutral,,,neutral,,,neutral,,,neutral,,,neutral,,,neutral,,
detergent cleansing agent,detergentcleansingagent,Rating: Good. Categories: Cleansing Agents,0.0,1.0,0.0,0.0,0.0,0.0,0.0,,,noxmoon,0,Surfactant,Yüzey Aktif Madde,Temizleme işlevi gören yüzey aktif madde,neutral,,,neutral,,,neutral,,,neutral,,,neutral,,,neutral,,,neutral,,
deuterium oxide,deuteriumoxide,Rating: Average. Categories: Uncategorized,0.0,0.0,0.0,0.0,0.0,0.0,0.0,,,noxmoon,0,Skincare Ingredient,Cilt Bakım Bileşeni,Cilt bakım bileşeni,neutral,,,neutral,,,neutral,,,neutral,,,neutral,,,neutral,,,neutral,,
dextran,dextran,Rating: Good. Categories: Skin-Replenishing,2.0,0.0,0.0,0.0,1.0,0.0,0.0,,,noxmoon,55,Ceramide,Seramid,Cilt bariyerini güçlendiren bileşen,beneficial,Kuru cilt için faydalı bileşen,Beneficial for dry skin,neutral,,,neutral,,,neutral,,,neutral,,,neutral,,,neutral,,
dextrin,dextrin,Rating: Good. Categories: Texture Enhancer,0.0,0.0,0.0,0.0,0.0,0.0,0.0,,,noxmoon,91,Skincare Ingredient,Cilt Bakım Bileşeni,Cilt bakım bileşeni,neutral,,,neutral,,,neutral,,,neutral,,,neutral,,,neutral,,,neutral,,
di-PPG-3 myristyl ether adipate,dippg3myristyletheradipate,Rating: Good. Categories: Texture Enhancer,0.0,0.0,0.0,0.0,0.0,0.0,0.0,,,noxmoon,9,Skincare Ingredient,Cilt Bakım Bileşeni,Cilt bakım bileşeni,neutral,,,neutral,,,neutral,,,neutral,,,neutral,,,neutral,,,neutral,,
diatomaceous earth,diatomaceousearth,Rating: Average. Categories: Scrub Agents,0.0,0.0,0.0,0.0,0.0,0.0,0.0,,,noxmoon,24,Skincare Ingredient,Cilt Bakım Bileşeni,Cilt bakım bileşeni,neutral,,,neutral,,,neutral,,,neutral,,,neutral,,,neutral,,,neutral,,
diazolidinyl urea,diazolidinylurea,Rating: Average. Categories: Preservatives,0.0,0.0,0.0,0.0,0.0,0.0,0.0,,,noxmoon,267,Preservative,Koruyucu,Ürünün raf ömrünü uzatan koruyucu madde,neutral,,,neutral,,,neutral,,,neutral,,,neutral,,,neutral,,,neutral,,
dibutyl phthalate,dibutylphthalate,Rating: Average. Categories: Uncategorized,0.0,0.0,0.0,0.0,0.0,0.0,0.0,,,noxmoon,0,Skincare Ingredient,Cilt Bakım Bileşeni,Cilt bakım bileşeni,neutral,,,neutral,,,neutral,,,neutral,,,neutral,,,neutral,,,neutral,,
dicaprylyl carbonate,dicaprylylcarbonate,Rating: Good. Categories: Emollients,1.0,0.0,0.0,0.0,0.0,0.0,0.0,,,noxmoon,215,Emollient,Yumuşatıcı (Emoliyan),Cildi yumuşatan ve pürüzsüzleştiren bileşen,neutral,,,neutral,,,neutral,,,neutral,,,neutral,,,neutral,,,neutral,,
dicetyl phosphate,dicetylphosphate,Rating: Good. Categories: Cleansing Agents,0.0,1.0,0.0,0.0,0.0,0.0,0.0,,,noxmoon,52,Surfactant,Yüzey Aktif Madde,Temizleme işlevi gören yüzey aktif madde,neutral,,,neutral,,,neutral,,,neutral,,,neutral,,,neutral,,,neutral,,
diethylhexyl carbonate,diethylhexylcarbonate,Rating: Good. Categories: Emollients,1.0,0.0,0.0,0.0,0.0,0.0,0.0,,,noxmoon,3,Emollient,Yumuşatıcı (Emoliyan),Cildi yumuşatan ve pürüzsüzleştiren bileşen,neutral,,,neutral,,,neutral,,,neutral,,,neutral,,,neutral,,,neutral,,
diethylhexyl malate,diethylhexylmalate,Rating: Good. Categories: Emollients,1.0,0.0,0.0,0.0,0.0,0.0,0.0,,,noxmoon,0,Emollient,Yumuşatıcı (Emoliyan),Cildi yumuşatan ve pürüzsüzleştiren bileşen,neutral,,,neutral,,,neutral,,,neutral,,,neutral,,,neutral,,,neutral,,
diethylhexyl syringylidenemalonate,diethylhexylsyringylidenemalonate,Rating: Good. Categories: Antioxidants,0.0,0.0,0.0,1.0,0.0,0.0,0.0,,,noxmoon,40,Antioxidant,Antioksidan,Serbest radikallere karşı koruyucu antioksidan,neutral,,,neutral,,,neutral,,,neutral,,,neutral,,,neutral,,,neutral,,
diheptyl succinate,diheptylsuccinate,Rating: Best. Categories: Texture Enhancer,0.0,0.0,0.0,0.0,0.0,0.0,0.0,,,noxmoon,2,Skincare Ingredient,Cilt Bakım Bileşeni,Cilt bakım bileşeni,neutral,,,neutral,,,neutral,,,neutral,,,neutral,,,neutral,,,neutral,,
dihydrocholeth-30,dihydrocholeth30,Rating: Good. Categories: Cleansing Agents,0.0,1.0,0.0,0.0,0.0,0.0,0.0,,,noxmoon,4,Surfactant,Yüzey Aktif Madde,Temizleme işlevi gören yüzey aktif madde,neutral,,,neutral,,,neutral,,,neutral,,,neutral,,,neutral,,,neutral,,
dihydroxyacetone,dihydroxyacetone,Rating: Good. Categories: Uncategorized,0.0,0.0,0.0,0.0,0.0,0.0,0.0,,,noxmoon,8,Skincare Ingredient,Cilt Bakım Bileşeni,Cilt bakım bileşeni,neutral,,,neutral,,,neutral,,,neutral,,,neutral,,,neutral,,,neutral,,
diisopropyl adipate,diisopropyladipate,"Rating: Good. Categories: Texture Enhancer, Emollients",1.0,0.0,0.0,0.0,0.0,0.0,0.0,,,noxmoon,39,Skincare Ingredient,Cilt Bakım Bileşeni,Cilt bakım bileşeni,neutral,,,neutral,,,neutral,,,neutral,,,neutral,,,neutral,,,neutral,,
diisopropyl dimer dilinoleate,diisopropyldimerdilinoleate,Rating: Good. Categories: Emollients,1.0,0.0,0.0,0.0,0.0,0.0,0.0,,,noxmoon,12,Emollient,Yumuşatıcı (Emoliyan),Cildi yumuşatan ve pürüzsüzleştiren bileşen,neutral,,,neutral,,,neutral,,,neutral,,,neutral,,,neutral,,,neutral,,
diisostearoyl trimethylolpropane siloxy silicate,diisostearoyltrimethylolpropanesiloxysilicate,"Rating: Good. Categories: Silicones, Emollients",2.0,0.0,0.0,1.0,0.0,0.0,0.0,,,noxmoon,0,Silicone,Silikon,Cildi pürüzsüzleştiren silikon bazlı bileşen,beneficial,Kuru cilt için faydalı bileşen,Beneficial for dry skin,neutral,,,neutral,,,neutral,,,neutral,,,neutral,,,neutral,,
diisostearyl dimer dilinoleate,diisostearyldimerdilinoleate,Rating: Good. Categories: Emollients,1.0,0.0,0.0,0.0,0.0,0.0,0.0,,,noxmoon,1,Emollient,Yumuşatıcı (Emoliyan),Cildi yumuşatan ve pürüzsüzleştiren bileşen,neutral,,,neutral,,,neutral,,,neutral,,,neutral,,,neutral,,,neutral,,
diisostearyl malate,diisostearylmalate,Rating: Good. Categories: Emollients,1.0,0.0,0.0,0.0,0.0,0.0,0.0,,,noxmoon,44,Emollient,Yumuşatıcı (Emoliyan),Cildi yumuşatan ve pürüzsüzleştiren bileşen,neutral,,,neutral,,,neutral,,,neutral,,,neutral,,,neutral,,,neutral,,
dimer dilinoleyl dimer dilinoleate,dimerdilinoleyldimerdilinoleate,"Rating: Good. Categories: Emollients, Texture Enhancer",1.0,0.0,0.0,0.0,0.0,0.0,0.0,,,noxmoon,5,Emollient,Yumuşatıcı (Emoliyan),Cildi yumuşatan ve pürüzsüzleştiren bileşen,neutral,,,neutral,,,neutral,,,neutral,,,neutral,,,neutral,,,neutral,,
dimethicone,dimethicone,"Rating: Good. Categories: Silicones, Emollients",2.0,0.0,0.0,1.0,0.0,0.0,0.0,,,noxmoon,2100,Silicone,Silikon,Cildi pürüzsüzleştiren silikon bazlı bileşen,beneficial,Kuru cilt için faydalı bileşen,Beneficial for dry skin,neutral,,,neutral,,,neutral,,,neutral,,,neutral,,,neutral,,
dimethicone copolyol,dimethiconecopolyol,"Rating: Good. Categories: Silicones, Emollients",2.0,0.0,0.0,1.0,0.0,0.0,0.0,,,noxmoon,27,Silicone,Silikon,Cildi pürüzsüzleştiren silikon bazlı bileşen,beneficial,Kuru cilt için faydalı bileşen,Beneficial for dry skin,neutral,,,neutral,,,neutral,,,neutral,,,neutral,,,neutral,,
dimethicone crosspolymer,dimethiconecrosspolymer,"Rating: Good. Categories: Texture Enhancer, Emollients, Silicones",2.0,0.0,0.0,1.0,0.0,0.0,0.0,,,noxmoon,236,Silicone,Silikon,Cildi pürüzsüzleştiren silikon bazlı bileşen,beneficial,Kuru cilt için faydalı bileşen,Beneficial for dry skin,neutral,,,neutral,,,neutral,,,neutral,,,neutral,,,neutral,,
dimethicone/PEG-10/15 crosspolymer,dimethiconepeg1015crosspolymer,"Rating: Good. Categories: Silicones, Emollients",2.0,0.0,0.0,1.0,0.0,0.0,0.0,,,noxmoon,70,Silicone,Silikon,Cildi pürüzsüzleştiren silikon bazlı bileşen,beneficial,Kuru cilt için faydalı bileşen,Beneficial for dry skin,neutral,,,neutral,,,neutral,,,neutral,,,neutral,,,neutral,,
dimethicone/vinyl dimethicone crosspolymer,dimethiconevinyldimethiconecrosspolymer,"Rating: Good. Categories: Texture Enhancer, Silicones",1.0,0.0,0.0,1.0,0.0,0.0,0.0,,,noxmoon,195,Silicone,Silikon,Cildi pürüzsüzleştiren silikon bazlı bileşen,neutral,,,neutral,,,neutral,,,neutral,,,neutral,,,neutral,,,neutral,,
dimethiconol,dimethiconol,"Rating: Good. Categories: Silicones, Emollients",2.0,0.0,0.0,1.0,0.0,0.0,0.0,,,noxmoon,341,Silicone,Silikon,Cildi pürüzsüzleştiren silikon bazlı bileşen,beneficial,Kuru cilt için faydalı bileşen,Beneficial for dry skin,neutral,,,neutral,,,neutral,,,neutral,,,neutral,,,neutral,,
dimethyl MEA,dimethylmea,Rating: Average. Categories: Skin-Restoring,2.0,0.0,0.0,0.0,1.0,0.0,0.0,,,noxmoon,28,Emollient,Yumuşatıcı (Emoliyan),Cildi yumuşatan ve pürüzsüzleştiren bileşen,beneficial,Kuru cilt için faydalı bileşen,Beneficial for dry skin,neutral,,,neutral,,,neutral,,,neutral,,,neutral,,,neutral,,
dimethyl capramide,dimethylcapramide,Rating: Good. Categories: Uncategorized,0.0,0.0,0.0,0.0,0.0,0.0,0.0,,,noxmoon,6,Skincare Ingredient,Cilt Bakım Bileşeni,Cilt bakım bileşeni,neutral,,,neutral,,,neutral,,,neutral,,,neutral,,,neutral,,,neutral,,
dimethyl ether,dimethylether,Rating: Poor. Categories: Uncategorized,0.0,0.0,0.0,0.0,-1.0,0.0,0.0,,,noxmoon,10,Skincare Ingredient,Cilt Bakım Bileşeni,Cilt bakım bileşeni,neutral,,,neutral,,,neutral,,,neutral,,,caution,"Hassas ciltte tahriş riski taşır, dikkatli kullanılmalı","Risk of irritation, use with caution",neutral,,,neutral,,
dimethyl isosorbide,dimethylisosorbide,Rating: Good. Categories: Uncategorized,0.0,0.0,0.0,0.0,0.0,0.0,0.0,,,noxmoon,51,Skincare Ingredient,Cilt Bakım Bileşeni,Cilt bakım bileşeni,neutral,,,neutral,,,neutral,,,neutral,,,neutral,,,neutral,,,neutral,,
dipentaerythrityl hexacaprylate/hexacaprate,dipentaerythritylhexacaprylatehexacaprate,"Rating: Good. Categories: Texture Enhancer, Emollients",1.0,0.0,0.0,0.0,0.0,0.0,0.0,,,noxmoon,19,Skincare Ingredient,Cilt Bakım Bileşeni,Cilt bakım bileşeni,neutral,,,neutral,,,neutral,,,neutral,,,neutral,,,neutral,,,neutral,,
dipotassium glycyrrhizate,dipotassiumglycyrrhizate,"Rating: Best. Categories: Skin-Soothing, Plant Extracts",1.0,0.0,0.0,0.0,2.0,0.0,0.0,,,noxmoon,263,Emollient,Yumuşatıcı (Emoliyan),Cildi yumuşatan ve pürüzsüzleştiren bileşen,neutral,,,neutral,,,neutral,,,neutral,,,beneficial,Hassas cilt için faydalı bileşen,Beneficial for sensitive skin,neutral,,,neutral,,
dipotassium glycyrrhizinate,dipotassiumglycyrrhizinate,"Rating: Best. Categories: Skin-Soothing, Plant Extracts",1.0,0.0,0.0,0.0,2.0,0.0,0.0,,,noxmoon,5,Emollient,Yumuşatıcı (Emoliyan),Cildi yumuşatan ve pürüzsüzleştiren bileşen,neutral,,,neutral,,,neutral,,,neutral,,,beneficial,Hassas cilt için faydalı bileşen,Beneficial for sensitive skin,neutral,,,neutral,,
dipotassium phosphate,dipotassiumphosphate,Rating: Good. Categories: Miscellaneous,0.0,0.0,0.0,0.0,0.0,0.0,0.0,,,noxmoon,28,Skincare Ingredient,Cilt Bakım Bileşeni,Cilt bakım bileşeni,neutral,,,neutral,,,neutral,,,neutral,,,neutral,,,neutral,,,neutral,,
dipropylene glycol,dipropyleneglycol,Rating: Good. Categories: Texture Enhancer,0.0,0.0,0.0,0.0,0.0,0.0,0.0,,,noxmoon,304,Skincare Ingredient,Cilt Bakım Bileşeni,Cilt bakım bileşeni,neutral,,,neutral,,,neutral,,,neutral,,,neutral,,,neutral,,,neutral,,
disodium EDTA,disodiumedta,Rating: Good. Categories: Uncategorized,0.0,0.0,0.0,0.0,0.0,0.0,0.0,,,noxmoon,2358,Skincare Ingredient,Cilt Bakım Bileşeni,Cilt bakım bileşeni,neutral,,,neutral,,,neutral,,,neutral,,,neutral,,,neutral,,,neutral,,
disodium cocoamphodiacetate,disodiumcocoamphodiacetate,Rating: Good. Categories: Cleansing Agents,0.0,1.0,0.0,0.0,0.0,0.0,0.0,,,noxmoon,86,Surfactant,Yüzey Aktif Madde,Temizleme işlevi gören yüzey aktif madde,neutral,,,neutral,,,neutral,,,neutral,,,neutral,,,neutral,,,neutral,,
disodium cocoyl glutamate,disodiumcocoylglutamate,Rating: Good. Categories: Cleansing Agents,0.0,1.0,0.0,0.0,0.0,0.0,0.0,,,noxmoon,20,Surfactant,Yüzey Aktif Madde,Temizleme işlevi gören yüzey aktif madde,neutral,,,neutral,,,neutral,,,neutral,,,neutral,,,neutral,,,neutral,,
disodium diglyceryl phosphate,disodiumdiglycerylphosphate,"Rating: Good. Categories: Texture Enhancer, Emollients",1.0,0.0,0.0,0.0,0.0,0.0,0.0,,,noxmoon,0,Skincare Ingredient,Cilt Bakım Bileşeni,Cilt bakım bileşeni,neutral,,,neutral,,,neutral,,,neutral,,,neutral,,,neutral,,,neutral,,
disodium glyceryl phosphate,disodiumglycerylphosphate,"Rating: Good. Categories: Texture Enhancer, Emollients",1.0,0.0,0.0,0.0,0.0,0.0,0.0,,,noxmoon,0,Skincare Ingredient,Cilt Bakım Bileşeni,Cilt bakım bileşeni,neutral,,,neutral,,,neutral,,,neutral,,,neutral,,,neutral,,,neutral,,
disodium lauraminopropionate,disodiumlauraminopropionate,Rating: Good. Categories: Cleansing Agents,0.0,1.0,0.0,0.0,0.0,0.0,0.0,,,noxmoon,0,Surfactant,Yüzey Aktif Madde,Temizleme işlevi gören yüzey aktif madde,neutral,,,neutral,,,neutral,,,neutral,,,neutral,,,neutral,,,neutral,,
disodium lauriminodipropionate tocopheryl phosphates,disodiumlauriminodipropionatetocopherylphosphates,Rating: Good. Categories: Uncategorized,0.0,0.0,0.0,0.0,0.0,0.0,0.0,,,noxmoon,14,Skincare Ingredient,Cilt Bakım Bileşeni,Cilt bakım bileşeni,neutral,,,neutral,,,neutral,,,neutral,,,neutral,,,neutral,,,neutral,,
disodium rutinyl disulfate,disodiumrutinyldisulfate,Rating: Good. Categories: Antioxidants,0.0,0.0,0.0,1.0,0.0,0.0,0.0,,,noxmoon,2,Antioxidant,Antioksidan,Serbest radikallere karşı koruyucu antioksidan,neutral,,,neutral,,,neutral,,,neutral,,,neutral,,,neutral,,,neutral,,
disteardimonium hectorite,disteardimoniumhectorite,Rating: Good. Categories: Uncategorized,0.0,0.0,0.0,0.0,0.0,0.0,0.0,,,noxmoon,87,Skincare Ingredient,Cilt Bakım Bileşeni,Cilt bakım bileşeni,neutral,,,neutral,,,neutral,,,neutral,,,neutral,,,neutral,,,neutral,,
docosahexaenoic acid,docosahexaenoicacid,"Rating: Good. Categories: Texture Enhancer, Emollients",1.0,0.0,0.0,0.0,0.0,0.0,0.0,,,noxmoon,5,Skincare Ingredient,Cilt Bakım Bileşeni,Cilt bakım bileşeni,neutral,,,neutral,,,neutral,,,neutral,,,neutral,,,neutral,,,neutral,,
dog rose,dogrose,Rating: Good. Categories: Plant Extracts,0.0,0.0,0.0,0.0,0.0,0.0,0.0,,,noxmoon,0,Botanical Extract,Bitkisel Ekstrakt,Bitkisel kaynaklı aktif ekstrakt,neutral,,,neutral,,,neutral,,,neutral,,,neutral,,,neutral,,,neutral,,
dogwood,dogwood,"Rating: Good. Categories: Skin-Soothing, Antioxidants, Plant Extracts",1.0,0.0,0.0,1.0,2.0,0.0,0.0,,,noxmoon,0,Emollient,Yumuşatıcı (Emoliyan),Cildi yumuşatan ve pürüzsüzleştiren bileşen,neutral,,,neutral,,,neutral,,,neutral,,,beneficial,Hassas cilt için faydalı bileşen,Beneficial for sensitive skin,neutral,,,neutral,,
dulse,dulse,"Rating: Good. Categories: Antioxidants, Emollients, Plant Extracts",1.0,0.0,0.0,1.0,0.0,0.0,0.0,,,noxmoon,0,Antioxidant,Antioksidan,Serbest radikallere karşı koruyucu antioksidan,neutral,,,neutral,,,neutral,,,neutral,,,neutral,,,neutral,,,neutral,,
durian,durian,"Rating: Good. Categories: Antioxidants, Plant Extracts",0.0,0.0,0.0,1.0,0.0,0.0,0.0,,,noxmoon,0,Antioxidant,Antioksidan,Serbest radikallere karşı koruyucu antioksidan,neutral,,,neutral,,,neutral,,,neutral,,,neutral,,,neutral,,,neutral,,
ecamsule,ecamsule,Rating: Best. Categories: Sunscreen Actives,0.0,0.0,0.0,0.0,0.0,0.0,0.0,,,noxmoon,0,Skincare Ingredient,Cilt Bakım Bileşeni,Cilt bakım bileşeni,neutral,,,neutral,,,neutral,,,neutral,,,neutral,,,neutral,,,neutral,,
egg yolk,eggyolk,"Rating: Best. Categories: Emollients, Skin-Replenishing",3.0,0.0,0.0,0.0,1.0,0.0,0.0,,,noxmoon,0,Emollient,Yumuşatıcı (Emoliyan),Cildi yumuşatan ve pürüzsüzleştiren bileşen,beneficial,Kuru cilt için faydalı bileşen,Beneficial for dry skin,neutral,,,neutral,,,neutral,,,neutral,,,neutral,,,neutral,,
eicosapentaenoic acid,eicosapentaenoicacid,"Rating: Best. Categories: Skin-Replenishing, Emollients",3.0,0.0,0.0,0.0,1.0,0.0,0.0,,,noxmoon,1,Ceramide,Seramid,Cilt bariyerini güçlendiren bileşen,beneficial,Kuru cilt için faydalı bileşen,Beneficial for dry skin,neutral,,,neutral,,,neutral,,,neutral,,,neutral,,,neutral,,
elderberry,elderberry,"Rating: Good. Categories: Antioxidants, Plant Extracts",0.0,0.0,0.0,1.0,0.0,0.0,0.0,,,noxmoon,0,Antioxidant,Antioksidan,Serbest radikallere karşı koruyucu antioksidan,neutral,,,neutral,,,neutral,,,neutral,,,neutral,,,neutral,,,neutral,,
elecampane,elecampane,"Rating: Poor. Categories: Plant Extracts, Sensitizing",-1.0,0.0,0.0,0.0,-2.0,0.0,0.0,,Sensitizing,noxmoon,0,Botanical Extract,Bitkisel Ekstrakt,Bitkisel kaynaklı aktif ekstrakt,caution,"Kurutucu etki yapabilir, nemlendiriciyle kullanılmalı",May have drying effects,neutral,,,neutral,,,neutral,,,caution,"Hassas ciltte tahriş riski taşır, dikkatli kullanılmalı","Risk of irritation, use with caution",neutral,,,neutral,,
ellagic acid,ellagicacid,Rating: Best. Categories: Antioxidants,0.0,0.0,0.0,1.0,0.0,0.0,0.0,,,noxmoon,5,Antioxidant,Antioksidan,Serbest radikallere karşı koruyucu antioksidan,neutral,,,neutral,,,neutral,,,neutral,,,neutral,,,neutral,,,neutral,,
emollient,emollient,"Rating: Good. Categories: Thickeners/Emulsifiers, Emollients",1.0,0.0,0.0,0.0,0.0,0.0,0.0,,,noxmoon,0,Skincare Ingredient,Cilt Bakım Bileşeni,Cilt bakım bileşeni,neutral,,,neutral,,,neutral,,,neutral,,,neutral,,,neutral,,,neutral,,
emu oil,emuoil,Rating: Good. Categories: Emollients,1.0,0.0,0.0,0.0,0.0,0.0,0.0,,,noxmoon,0,Emollient,Yumuşatıcı (Emoliyan),Cildi yumuşatan ve pürüzsüzleştiren bileşen,neutral,,,neutral,,,neutral,,,neutral,,,neutral,,,neutral,,,neutral,,
emulsifier,emulsifier,Rating: Good. Categories: Thickeners/Emulsifiers,0.0,0.0,0.0,0.0,0.0,0.0,0.0,,,noxmoon,0,Skincare Ingredient,Cilt Bakım Bileşeni,Cilt bakım bileşeni,neutral,,,neutral,,,neutral,,,neutral,,,neutral,,,neutral,,,neutral,,
environmental damage,environmentaldamage,Rating: Poor. Categories: Miscellaneous,0.0,0.0,0.0,0.0,-1.0,0.0,0.0,,,noxmoon,0,Skincare Ingredient,Cilt Bakım Bileşeni,Cilt bakım bileşeni,neutral,,,neutral,,,neutral,,,neutral,,,caution,"Hassas ciltte tahriş riski taşır, dikkatli kullanılmalı","Risk of irritation, use with caution",neutral,,,neutral,,
enzymes,enzymes,"Rating: Good. Categories: Exfoliant, Skin-Restoring",2.0,0.0,0.0,0.0,1.0,0.0,0.0,,,noxmoon,0,Skincare Ingredient,Cilt Bakım Bileşeni,Cilt bakım bileşeni,beneficial,Kuru cilt için faydalı bileşen,Beneficial for dry skin,neutral,,,neutral,,,neutral,,,neutral,,,neutral,,,neutral,,
epigallocatechin gallate,epigallocatechingallate,"Rating: Best. Categories: Skin-Soothing, Antioxidants, Plant Extracts",1.0,0.0,0.0,1.0,2.0,0.0,0.0,,,noxmoon,10,Emollient,Yumuşatıcı (Emoliyan),Cildi yumuşatan ve pürüzsüzleştiren bileşen,neutral,,,neutral,,,neutral,,,neutral,,,beneficial,Hassas cilt için faydalı bileşen,Beneficial for sensitive skin,neutral,,,neutral,,
ergocalciferol,ergocalciferol,"Rating: Good. Categories: Antioxidants, Vitamins",0.0,0.0,0.0,1.0,0.0,0.0,0.0,,,noxmoon,4,Antioxidant,Antioksidan,Serbest radikallere karşı koruyucu antioksidan,neutral,,,neutral,,,neutral,,,neutral,,,neutral,,,neutral,,,neutral,,
ergothioneine,ergothioneine,"Rating: Best. Categories: Skin-Soothing, Antioxidants",1.0,0.0,0.0,1.0,2.0,0.0,0.0,,,noxmoon,80,Emollient,Yumuşatıcı (Emoliyan),Cildi yumuşatan ve pürüzsüzleştiren bileşen,neutral,,,neutral,,,neutral,,,neutral,,,beneficial,Hassas cilt için faydalı bileşen,Beneficial for sensitive skin,neutral,,,neutral,,
erythrulose,erythrulose,Rating: Good. Categories: Miscellaneous,0.0,0.0,0.0,0.0,0.0,0.0,0.0,,,noxmoon,3,Skincare Ingredient,Cilt Bakım Bileşeni,Cilt bakım bileşeni,neutral,,,neutral,,,neutral,,,neutral,,,neutral,,,neutral,,,neutral,,
esculin,esculin,Rating: Poor. Categories: Sensitizing,-1.0,0.0,0.0,0.0,-2.0,0.0,0.0,,Sensitizing,noxmoon,0,Skincare Ingredient,Cilt Bakım Bileşeni,Cilt bakım bileşeni,caution,"Kurutucu etki yapabilir, nemlendiriciyle kullanılmalı",May have drying effects,neutral,,,neutral,,,neutral,,,caution,"Hassas ciltte tahriş riski taşır, dikkatli kullanılmalı","Risk of irritation, use with caution",neutral,,,neutral,,
essential oil,essentialoil,"Rating: Poor. Categories: Sensitizing, Fragrance: Synthetic and Fragrant Plant Extracts",-1.0,0.0,0.0,0.0,-4.0,0.0,0.0,,Sensitizing,noxmoon,1,Skincare Ingredient,Cilt Bakım Bileşeni,Cilt bakım bileşeni,caution,"Kurutucu etki yapabilir, nemlendiriciyle kullanılmalı",May have drying effects,neutral,,,neutral,,,neutral,,,caution,"Hassas ciltte tahriş riski taşır, dikkatli kullanılmalı","Risk of irritation, use with caution",neutral,,,neutral,,
ester,ester,Rating: Good. Categories: Emollients,1.0,0.0,0.0,0.0,0.0,0.0,0.0,,,noxmoon,0,Emollient,Yumuşatıcı (Emoliyan),Cildi yumuşatan ve pürüzsüzleştiren bileşen,neutral,,,neutral,,,neutral,,,neutral,,,neutral,,,neutral,,,neutral,,
ethanol,ethanol,Rating: Poor. Categories: Sensitizing,-1.0,0.0,0.0,0.0,-2.0,0.0,0.0,,Sensitizing,noxmoon,2,Skincare Ingredient,Cilt Bakım Bileşeni,Cilt bakım bileşeni,caution,"Kurutucu etki yapabilir, nemlendiriciyle kullanılmalı",May have drying effects,neutral,,,neutral,,,neutral,,,caution,"Hassas ciltte tahriş riski taşır, dikkatli kullanılmalı","Risk of irritation, use with caution",neutral,,,neutral,,
ethoxydiglycol,ethoxydiglycol,Rating: Good. Categories: Miscellaneous,0.0,0.0,0.0,0.0,0.0,0.0,0.0,,,noxmoon,177,Skincare Ingredient,Cilt Bakım Bileşeni,Cilt bakım bileşeni,neutral,,,neutral,,,neutral,,,neutral,,,neutral,,,neutral,,,neutral,,
ethyl alcohol,ethylalcohol,Rating: Poor. Categories: Sensitizing,-1.0,0.0,0.0,0.0,-2.0,0.0,0.0,,Sensitizing,noxmoon,3,Skincare Ingredient,Cilt Bakım Bileşeni,Cilt bakım bileşeni,caution,"Kurutucu etki yapabilir, nemlendiriciyle kullanılmalı",May have drying effects,neutral,,,neutral,,,neutral,,,caution,"Hassas ciltte tahriş riski taşır, dikkatli kullanılmalı","Risk of irritation, use with caution",neutral,,,neutral,,
ethyl hexanediol,ethylhexanediol,Rating: Average. Categories: Texture Enhancer,0.0,0.0,0.0,0.0,0.0,0.0,0.0,,,noxmoon,9,Skincare Ingredient,Cilt Bakım Bileşeni,Cilt bakım bileşeni,neutral,,,neutral,,,neutral,,,neutral,,,neutral,,,neutral,,,neutral,,
ethyl vanillin,ethylvanillin,Rating: Good. Categories: Antioxidants,0.0,0.0,0.0,1.0,0.0,0.0,0.0,,,noxmoon,8,Antioxidant,Antioksidan,Serbest radikallere karşı koruyucu antioksidan,neutral,,,neutral,,,neutral,,,neutral,,,neutral,,,neutral,,,neutral,,
ethylhexyl methoxycinnamate,ethylhexylmethoxycinnamate,Rating: Best. Categories: Sunscreen Actives,0.0,0.0,0.0,0.0,0.0,0.0,0.0,,,noxmoon,69,Skincare Ingredient,Cilt Bakım Bileşeni,Cilt bakım bileşeni,neutral,,,neutral,,,neutral,,,neutral,,,neutral,,,neutral,,,neutral,,
ethylhexyl olivate,ethylhexylolivate,"Rating: Best. Categories: Emollients, Skin-Softening",1.0,0.0,0.0,0.0,0.0,0.0,0.0,,,noxmoon,2,Emollient,Yumuşatıcı (Emoliyan),Cildi yumuşatan ve pürüzsüzleştiren bileşen,neutral,,,neutral,,,neutral,,,neutral,,,neutral,,,neutral,,,neutral,,
ethylhexyl palmitate,ethylhexylpalmitate,"Rating: Good. Categories: Emollients, Texture Enhancer",1.0,0.0,0.0,0.0,0.0,0.0,0.0,,,noxmoon,281,Emollient,Yumuşatıcı (Emoliyan),Cildi yumuşatan ve pürüzsüzleştiren bileşen,neutral,,,neutral,,,neutral,,,neutral,,,neutral,,,neutral,,,neutral,,
ethylhexyl stearate,ethylhexylstearate,"Rating: Good. Categories: Thickeners/Emulsifiers, Texture Enhancer, Emollients",1.0,0.0,0.0,0.0,0.0,0.0,0.0,,,noxmoon,63,Skincare Ingredient,Cilt Bakım Bileşeni,Cilt bakım bileşeni,neutral,,,neutral,,,neutral,,,neutral,,,neutral,,,neutral,,,neutral,,
ethylhexylglycerin,ethylhexylglycerin,"Rating: Good. Categories: Miscellaneous, Preservatives",0.0,0.0,0.0,0.0,0.0,0.0,0.0,,,noxmoon,1090,Humectant,Nemlendirici (Humektan),Nemi çeken ve ciltte tutan nemlendirici,neutral,,,neutral,,,neutral,,,neutral,,,neutral,,,neutral,,,neutral,,
ethylparaben,ethylparaben,Rating: Good. Categories: Preservatives,0.0,0.0,0.0,0.0,0.0,0.0,0.0,,,noxmoon,633,Preservative,Koruyucu,Ürünün raf ömrünü uzatan koruyucu madde,neutral,,,neutral,,,neutral,,,neutral,,,neutral,,,neutral,,,neutral,,
eucalyptus extract,eucalyptusextract,"Rating: Poor. Categories: Plant Extracts, Sensitizing, Fragrance: Synthetic and Fragrant Plant Extracts",-1.0,0.0,0.0,0.0,-4.0,0.0,0.0,,Sensitizing,noxmoon,0,Botanical Extract,Bitkisel Ekstrakt,Bitkisel kaynaklı aktif ekstrakt,caution,"Kurutucu etki yapabilir, nemlendiriciyle kullanılmalı",May have drying effects,neutral,,,neutral,,,neutral,,,caution,"Hassas ciltte tahriş riski taşır, dikkatli kullanılmalı","Risk of irritation, use with caution",neutral,,,neutral,,
eucalyptus oil,eucalyptusoil,"Rating: Poor. Categories: Plant Extracts, Fragrance: Synthetic and Fragrant Plant Extracts, Sensitizing",-1.0,0.0,0.0,0.0,-4.0,0.0,0.0,,Sensitizing,noxmoon,4,Botanical Extract,Bitkisel Ekstrakt,Bitkisel kaynaklı aktif ekstrakt,caution,"Kurutucu etki yapabilir, nemlendiriciyle kullanılmalı",May have drying effects,neutral,,,neutral,,,neutral,,,caution,"Hassas ciltte tahriş riski taşır, dikkatli kullanılmalı","Risk of irritation, use with caution",neutral,,,neutral,,
eugenol,eugenol,"Rating: Poor. Categories: Fragrance: Synthetic and Fragrant Plant Extracts, Sensitizing",-1.0,0.0,0.0,0.0,-4.0,0.0,0.0,,Sensitizing,noxmoon,116,Fragrance,Parfüm / Koku,Ürüne koku veren parfüm bileşeni,caution,"Kurutucu etki yapabilir, nemlendiriciyle kullanılmalı",May have drying effects,neutral,,,neutral,,,neutral,,,caution,"Hassas ciltte tahriş riski taşır, dikkatli kullanılmalı","Risk of irritation, use with caution",neutral,,,neutral,,
eyebright,eyebright,"Rating: Average. Categories: Plant Extracts, Sensitizing",-1.0,0.0,0.0,0.0,-2.0,0.0,0.0,,Sensitizing,noxmoon,0,Botanical Extract,Bitkisel Ekstrakt,Bitkisel kaynaklı aktif ekstrakt,caution,"Kurutucu etki yapabilir, nemlendiriciyle kullanılmalı",May have drying effects,neutral,,,neutral,,,neutral,,,caution,"Hassas ciltte tahriş riski taşır, dikkatli kullanılmalı","Risk of irritation, use with caution",neutral,,,neutral,,
faex,faex,Rating: Good. Categories: Antioxidants,0.0,0.0,0.0,1.0,0.0,0.0,0.0,,,noxmoon,0,Antioxidant,Antioksidan,Serbest radikallere karşı koruyucu antioksidan,neutral,,,neutral,,,neutral,,,neutral,,,neutral,,,neutral,,,neutral,,
farnesol,farnesol,"Rating: Average. Categories: Antioxidants, Fragrance: Synthetic and Fragrant Plant Extracts, Plant Extracts",0.0,0.0,0.0,1.0,-2.0,0.0,0.0,,,noxmoon,99,Antioxidant,Antioksidan,Serbest radikallere karşı koruyucu antioksidan,neutral,,,neutral,,,neutral,,,neutral,,,caution,"Hassas ciltte tahriş riski taşır, dikkatli kullanılmalı","Risk of irritation, use with caution",neutral,,,neutral,,
farnesyl acetate,farnesylacetate,"Rating: Average. Categories: Antioxidants, Plant Extracts, Fragrance: Synthetic and Fragrant Plant Extracts",0.0,0.0,0.0,1.0,-2.0,0.0,0.0,,,noxmoon,8,Antioxidant,Antioksidan,Serbest radikallere karşı koruyucu antioksidan,neutral,,,neutral,,,neutral,,,neutral,,,caution,"Hassas ciltte tahriş riski taşır, dikkatli kullanılmalı","Risk of irritation, use with caution",neutral,,,neutral,,
fatty acid,fattyacid,"Rating: Best. Categories: Thickeners/Emulsifiers, Emollients, Texture Enhancer, Skin-Replenishing",3.0,0.0,0.0,0.0,1.0,0.0,0.0,,,noxmoon,0,Skincare Ingredient,Cilt Bakım Bileşeni,Cilt bakım bileşeni,beneficial,Kuru cilt için faydalı bileşen,Beneficial for dry skin,neutral,,,neutral,,,neutral,,,neutral,,,neutral,,,neutral,,
fatty alcohol,fattyalcohol,"Rating: Good. Categories: Thickeners/Emulsifiers, Texture Enhancer, Emollients",1.0,0.0,0.0,0.0,0.0,0.0,0.0,,,noxmoon,0,Skincare Ingredient,Cilt Bakım Bileşeni,Cilt bakım bileşeni,neutral,,,neutral,,,neutral,,,neutral,,,neutral,,,neutral,,,neutral,,
fennel oil,fenneloil,"Rating: Poor. Categories: Plant Extracts, Sensitizing",-1.0,0.0,0.0,0.0,-2.0,0.0,0.0,,Sensitizing,noxmoon,2,Botanical Extract,Bitkisel Ekstrakt,Bitkisel kaynaklı aktif ekstrakt,caution,"Kurutucu etki yapabilir, nemlendiriciyle kullanılmalı",May have drying effects,neutral,,,neutral,,,neutral,,,caution,"Hassas ciltte tahriş riski taşır, dikkatli kullanılmalı","Risk of irritation, use with caution",neutral,,,neutral,,
fennel seed extract,fennelseedextract,"Rating: Poor. Categories: Antioxidants, Plant Extracts, Sensitizing",-1.0,0.0,0.0,1.0,-2.0,0.0,0.0,,Sensitizing,noxmoon,4,Antioxidant,Antioksidan,Serbest radikallere karşı koruyucu antioksidan,caution,"Kurutucu etki yapabilir, nemlendiriciyle kullanılmalı",May have drying effects,neutral,,,neutral,,,neutral,,,caution,"Hassas ciltte tahriş riski taşır, dikkatli kullanılmalı","Risk of irritation, use with caution",neutral,,,neutral,,
ferric ammonium ferrocyanide,ferricammoniumferrocyanide,Rating: Good. Categories: Coloring Agents/Pigments,0.0,0.0,0.0,0.0,0.0,0.0,0.0,,,noxmoon,1,Skincare Ingredient,Cilt Bakım Bileşeni,Cilt bakım bileşeni,neutral,,,neutral,,,neutral,,,neutral,,,neutral,,,neutral,,,neutral,,
ferric ferrocyanide,ferricferrocyanide,Rating: Good. Categories: Coloring Agents/Pigments,0.0,0.0,0.0,0.0,0.0,0.0,0.0,,,noxmoon,9,Skincare Ingredient,Cilt Bakım Bileşeni,Cilt bakım bileşeni,neutral,,,neutral,,,neutral,,,neutral,,,neutral,,,neutral,,,neutral,,
fibronectin,fibronectin,Rating: Good. Categories: Skin-Replenishing,2.0,0.0,0.0,0.0,1.0,0.0,0.0,,,noxmoon,1,Ceramide,Seramid,Cilt bariyerini güçlendiren bileşen,beneficial,Kuru cilt için faydalı bileşen,Beneficial for dry skin,neutral,,,neutral,,,neutral,,,neutral,,,neutral,,,neutral,,
fig,fig,"Rating: Poor. Categories: Plant Extracts, Sensitizing",-1.0,0.0,0.0,0.0,-2.0,0.0,0.0,,Sensitizing,noxmoon,0,Botanical Extract,Bitkisel Ekstrakt,Bitkisel kaynaklı aktif ekstrakt,caution,"Kurutucu etki yapabilir, nemlendiriciyle kullanılmalı",May have drying effects,neutral,,,neutral,,,neutral,,,caution,"Hassas ciltte tahriş riski taşır, dikkatli kullanılmalı","Risk of irritation, use with caution",neutral,,,neutral,,
film-forming agent,filmformingagent,Rating: Good. Categories: Film-Forming/Holding Agents,0.0,0.0,0.0,0.0,0.0,0.0,0.0,,,noxmoon,0,Skincare Ingredient,Cilt Bakım Bileşeni,Cilt bakım bileşeni,neutral,,,neutral,,,neutral,,,neutral,,,neutral,,,neutral,,,neutral,,
fir needle oil,firneedleoil,"Rating: Poor. Categories: Plant Extracts, Sensitizing, Fragrance: Synthetic and Fragrant Plant Extracts",-1.0,0.0,0.0,0.0,-4.0,0.0,0.0,,Sensitizing,noxmoon,0,Botanical Extract,Bitkisel Ekstrakt,Bitkisel kaynaklı aktif ekstrakt,caution,"Kurutucu etki yapabilir, nemlendiriciyle kullanılmalı",May have drying effects,neutral,,,neutral,,,neutral,,,caution,"Hassas ciltte tahriş riski taşır, dikkatli kullanılmalı","Risk of irritation, use with caution",neutral,,,neutral,,
fireweed extract,fireweedextract,"Rating: Best. Categories: Skin-Soothing, Plant Extracts",1.0,0.0,0.0,0.0,2.0,0.0,0.0,,,noxmoon,0,Emollient,Yumuşatıcı (Emoliyan),Cildi yumuşatan ve pürüzsüzleştiren bileşen,neutral,,,neutral,,,neutral,,,neutral,,,beneficial,Hassas cilt için faydalı bileşen,Beneficial for sensitive skin,neutral,,,neutral,,
fish cartilage extract,fishcartilageextract,Rating: Average. Categories: Miscellaneous,0.0,0.0,0.0,0.0,0.0,0.0,0.0,,,noxmoon,0,Skincare Ingredient,Cilt Bakım Bileşeni,Cilt bakım bileşeni,neutral,,,neutral,,,neutral,,,neutral,,,neutral,,,neutral,,,neutral,,
flavonoid,flavonoid,Rating: Best. Categories: Antioxidants,0.0,0.0,0.0,1.0,0.0,0.0,0.0,,,noxmoon,0,Antioxidant,Antioksidan,Serbest radikallere karşı koruyucu antioksidan,neutral,,,neutral,,,neutral,,,neutral,,,neutral,,,neutral,,,neutral,,
flavor,flavor,Rating: Average. Categories: Miscellaneous,0.0,0.0,0.0,0.0,0.0,0.0,0.0,,,noxmoon,68,Skincare Ingredient,Cilt Bakım Bileşeni,Cilt bakım bileşeni,neutral,,,neutral,,,neutral,,,neutral,,,neutral,,,neutral,,,neutral,,
flax,flax,"Rating: Best. Categories: Plant Extracts, Antioxidants",0.0,0.0,0.0,1.0,0.0,0.0,0.0,,,noxmoon,0,Botanical Extract,Bitkisel Ekstrakt,Bitkisel kaynaklı aktif ekstrakt,neutral,,,neutral,,,neutral,,,neutral,,,neutral,,,neutral,,,neutral,,
flaxseed oil,flaxseedoil,"Rating: Best. Categories: Antioxidants, Plant Extracts",0.0,0.0,0.0,1.0,0.0,0.0,0.0,,,noxmoon,0,Antioxidant,Antioksidan,Serbest radikallere karşı koruyucu antioksidan,neutral,,,neutral,,,neutral,,,neutral,,,neutral,,,neutral,,,neutral,,
floralozone,floralozone,Rating: Poor. Categories: Fragrance: Synthetic and Fragrant Plant Extracts,0.0,0.0,0.0,0.0,-2.0,0.0,0.0,,,noxmoon,0,Fragrance,Parfüm / Koku,Ürüne koku veren parfüm bileşeni,neutral,,,neutral,,,neutral,,,neutral,,,caution,"Hassas ciltte tahriş riski taşır, dikkatli kullanılmalı","Risk of irritation, use with caution",neutral,,,neutral,,
folic acid,folicacid,"Rating: Good. Categories: Antioxidants, Vitamins",0.0,0.0,0.0,1.0,0.0,0.0,0.0,,,noxmoon,16,Antioxidant,Antioksidan,Serbest radikallere karşı koruyucu antioksidan,neutral,,,neutral,,,neutral,,,neutral,,,neutral,,,neutral,,,neutral,,
formaldehyde-releasing preservative,formaldehydereleasingpreservative,Rating: Average. Categories: Preservatives,0.0,0.0,0.0,0.0,0.0,0.0,0.0,,,noxmoon,0,Preservative,Koruyucu,Ürünün raf ömrünü uzatan koruyucu madde,neutral,,,neutral,,,neutral,,,neutral,,,neutral,,,neutral,,,neutral,,
fragrance,fragrance,"Rating: Poor. Categories: Fragrance: Synthetic and Fragrant Plant Extracts, Sensitizing",-1.0,0.0,0.0,0.0,-4.0,0.0,0.0,,Sensitizing,noxmoon,1652,Fragrance,Parfüm / Koku,Ürüne koku veren parfüm bileşeni,caution,"Kurutucu etki yapabilir, nemlendiriciyle kullanılmalı",May have drying effects,neutral,,,neutral,,,neutral,,,caution,"Hassas ciltte tahriş riski taşır, dikkatli kullanılmalı","Risk of irritation, use with caution",neutral,,,neutral,,
frankincense extract,frankincenseextract,"Rating: Poor. Categories: Fragrance: Synthetic and Fragrant Plant Extracts, Sensitizing",-1.0,0.0,0.0,0.0,-4.0,0.0,0.0,,Sensitizing,noxmoon,0,Fragrance,Parfüm / Koku,Ürüne koku veren parfüm bileşeni,caution,"Kurutucu etki yapabilir, nemlendiriciyle kullanılmalı",May have drying effects,neutral,,,neutral,,,neutral,,,caution,"Hassas ciltte tahriş riski taşır, dikkatli kullanılmalı","Risk of irritation, use with caution",neutral,,,neutral,,
fructose,fructose,Rating: Good. Categories: Skin-Replenishing,2.0,0.0,0.0,0.0,1.0,0.0,0.0,,,noxmoon,30,Ceramide,Seramid,Cilt bariyerini güçlendiren bileşen,beneficial,Kuru cilt için faydalı bileşen,Beneficial for dry skin,neutral,,,neutral,,,neutral,,,neutral,,,neutral,,,neutral,,
fruit acid,fruitacid,"Rating: Average. Categories: Miscellaneous, Plant Extracts",0.0,0.0,0.0,0.0,0.0,0.0,0.0,,,noxmoon,0,Skincare Ingredient,Cilt Bakım Bileşeni,Cilt bakım bileşeni,neutral,,,neutral,,,neutral,,,neutral,,,neutral,,,neutral,,,neutral,,
fuller's earth,fullersearth,"Rating: Good. Categories: Thickeners/Emulsifiers, Absorbent",0.0,0.0,0.0,0.0,0.0,0.0,0.0,,,noxmoon,0,Skincare Ingredient,Cilt Bakım Bileşeni,Cilt bakım bileşeni,neutral,,,neutral,,,neutral,,,neutral,,,neutral,,,neutral,,,neutral,,
galactoarabinan,galactoarabinan,"Rating: Good. Categories: Antioxidants, Hydration, Plant Extracts",0.0,0.0,0.0,1.0,0.0,0.0,0.0,,,noxmoon,44,Antioxidant,Antioksidan,Serbest radikallere karşı koruyucu antioksidan,neutral,,,neutral,,,neutral,,,neutral,,,neutral,,,neutral,,,neutral,,
galbanum,galbanum,"Rating: Poor. Categories: Fragrance: Synthetic and Fragrant Plant Extracts, Sensitizing",-1.0,0.0,0.0,0.0,-4.0,0.0,0.0,,Sensitizing,noxmoon,0,Fragrance,Parfüm / Koku,Ürüne koku veren parfüm bileşeni,caution,"Kurutucu etki yapabilir, nemlendiriciyle kullanılmalı",May have drying effects,neutral,,,neutral,,,neutral,,,caution,"Hassas ciltte tahriş riski taşır, dikkatli kullanılmalı","Risk of irritation, use with caution",neutral,,,neutral,,
gamma linolenic acid (GLA),gammalinolenicacidgla,"Rating: Best. Categories: Antioxidants, Emollients, Skin-Restoring",3.0,0.0,0.0,1.0,1.0,0.0,0.0,,,noxmoon,0,Antioxidant,Antioksidan,Serbest radikallere karşı koruyucu antioksidan,beneficial,Kuru cilt için faydalı bileşen,Beneficial for dry skin,neutral,,,neutral,,,neutral,,,neutral,,,neutral,,,neutral,,
gelatin,gelatin,Rating: Good. Categories: Thickeners/Emulsifiers,0.0,0.0,0.0,0.0,0.0,0.0,0.0,,,noxmoon,9,Skincare Ingredient,Cilt Bakım Bileşeni,Cilt bakım bileşeni,neutral,,,neutral,,,neutral,,,neutral,,,neutral,,,neutral,,,neutral,,
gellan gum,gellangum,Rating: Good. Categories: Texture Enhancer,0.0,0.0,0.0,0.0,0.0,0.0,0.0,,,noxmoon,9,Skincare Ingredient,Cilt Bakım Bileşeni,Cilt bakım bileşeni,neutral,,,neutral,,,neutral,,,neutral,,,neutral,,,neutral,,,neutral,,
genistein,genistein,"Rating: Best. Categories: Skin-Soothing, Plant Extracts, Antioxidants",1.0,0.0,0.0,1.0,2.0,0.0,0.0,,,noxmoon,1,Emollient,Yumuşatıcı (Emoliyan),Cildi yumuşatan ve pürüzsüzleştiren bileşen,neutral,,,neutral,,,neutral,,,neutral,,,beneficial,Hassas cilt için faydalı bileşen,Beneficial for sensitive skin,neutral,,,neutral,,
geraniol,geraniol,"Rating: Average. Categories: Sensitizing, Fragrance: Synthetic and Fragrant Plant Extracts",-1.0,0.0,0.0,0.0,-4.0,0.0,0.0,,Sensitizing,noxmoon,501,Skincare Ingredient,Cilt Bakım Bileşeni,Cilt bakım bileşeni,caution,"Kurutucu etki yapabilir, nemlendiriciyle kullanılmalı",May have drying effects,neutral,,,neutral,,,neutral,,,caution,"Hassas ciltte tahriş riski taşır, dikkatli kullanılmalı","Risk of irritation, use with caution",neutral,,,neutral,,
geranium extract,geraniumextract,"Rating: Best. Categories: Antioxidants, Plant Extracts",0.0,0.0,0.0,1.0,0.0,0.0,0.0,,,noxmoon,0,Antioxidant,Antioksidan,Serbest radikallere karşı koruyucu antioksidan,neutral,,,neutral,,,neutral,,,neutral,,,neutral,,,neutral,,,neutral,,
geranium oil,geraniumoil,"Rating: Poor. Categories: Plant Extracts, Sensitizing, Fragrance: Synthetic and Fragrant Plant Extracts",-1.0,0.0,0.0,0.0,-4.0,0.0,0.0,,Sensitizing,noxmoon,2,Botanical Extract,Bitkisel Ekstrakt,Bitkisel kaynaklı aktif ekstrakt,caution,"Kurutucu etki yapabilir, nemlendiriciyle kullanılmalı",May have drying effects,neutral,,,neutral,,,neutral,,,caution,"Hassas ciltte tahriş riski taşır, dikkatli kullanılmalı","Risk of irritation, use with caution",neutral,,,neutral,,
ginger extract,gingerextract,"Rating: Good. Categories: Skin-Soothing, Antioxidants, Plant Extracts",1.0,0.0,0.0,1.0,2.0,0.0,0.0,,,noxmoon,0,Emollient,Yumuşatıcı (Emoliyan),Cildi yumuşatan ve pürüzsüzleştiren bileşen,neutral,,,neutral,,,neutral,,,neutral,,,beneficial,Hassas cilt için faydalı bileşen,Beneficial for sensitive skin,neutral,,,neutral,,
ginger oil,gingeroil,"Rating: Poor. Categories: Antioxidants, Sensitizing, Plant Extracts",-1.0,0.0,0.0,1.0,-2.0,0.0,0.0,,Sensitizing,noxmoon,0,Antioxidant,Antioksidan,Serbest radikallere karşı koruyucu antioksidan,caution,"Kurutucu etki yapabilir, nemlendiriciyle kullanılmalı",May have drying effects,neutral,,,neutral,,,neutral,,,caution,"Hassas ciltte tahriş riski taşır, dikkatli kullanılmalı","Risk of irritation, use with caution",neutral,,,neutral,,
ginseng,ginseng,"Rating: Best. Categories: Antioxidants, Plant Extracts",0.0,0.0,0.0,1.0,0.0,0.0,0.0,,,noxmoon,0,Antioxidant,Antioksidan,Serbest radikallere karşı koruyucu antioksidan,neutral,,,neutral,,,neutral,,,neutral,,,neutral,,,neutral,,,neutral,,
glabridin,glabridin,"Rating: Best. Categories: Skin-Soothing, Plant Extracts",1.0,0.0,0.0,0.0,2.0,0.0,0.0,,,noxmoon,1,Emollient,Yumuşatıcı (Emoliyan),Cildi yumuşatan ve pürüzsüzleştiren bileşen,neutral,,,neutral,,,neutral,,,neutral,,,beneficial,Hassas cilt için faydalı bileşen,Beneficial for sensitive skin,neutral,,,neutral,,
glucosamine HCL,glucosaminehcl,"Rating: Best. Categories: Skin-Soothing, Skin-Replenishing",3.0,0.0,0.0,0.0,3.0,0.0,0.0,,,noxmoon,65,Emollient,Yumuşatıcı (Emoliyan),Cildi yumuşatan ve pürüzsüzleştiren bileşen,beneficial,Kuru cilt için faydalı bileşen,Beneficial for dry skin,neutral,,,neutral,,,neutral,,,beneficial,Hassas cilt için faydalı bileşen,Beneficial for sensitive skin,neutral,,,neutral,,
glucose,glucose,Rating: Good. Categories: Skin-Replenishing,2.0,0.0,0.0,0.0,1.0,0.0,0.0,,,noxmoon,109,Ceramide,Seramid,Cilt bariyerini güçlendiren bileşen,beneficial,Kuru cilt için faydalı bileşen,Beneficial for dry skin,neutral,,,neutral,,,neutral,,,neutral,,,neutral,,,neutral,,
glucose oxidase,glucoseoxidase,Rating: Good. Categories: Miscellaneous,0.0,0.0,0.0,0.0,0.0,0.0,0.0,,,noxmoon,31,Skincare Ingredient,Cilt Bakım Bileşeni,Cilt bakım bileşeni,neutral,,,neutral,,,neutral,,,neutral,,,neutral,,,neutral,,,neutral,,
glucosyl hesperidin,glucosylhesperidin,"Rating: Best. Categories: Antioxidants, Plant Extracts",0.0,0.0,0.0,1.0,0.0,0.0,0.0,,,noxmoon,32,Antioxidant,Antioksidan,Serbest radikallere karşı koruyucu antioksidan,neutral,,,neutral,,,neutral,,,neutral,,,neutral,,,neutral,,,neutral,,
glutamic acid,glutamicacid,Rating: Average. Categories: Miscellaneous,0.0,0.0,0.0,0.0,0.0,0.0,0.0,,,noxmoon,66,Skincare Ingredient,Cilt Bakım Bileşeni,Cilt bakım bileşeni,neutral,,,neutral,,,neutral,,,neutral,,,neutral,,,neutral,,,neutral,,
glutamine,glutamine,Rating: Best. Categories: Skin-Replenishing,2.0,0.0,0.0,0.0,1.0,0.0,0.0,,,noxmoon,16,Ceramide,Seramid,Cilt bariyerini güçlendiren bileşen,beneficial,Kuru cilt için faydalı bileşen,Beneficial for dry skin,neutral,,,neutral,,,neutral,,,neutral,,,neutral,,,neutral,,
glutathione,glutathione,"Rating: Best. Categories: Antioxidants, Skin-Restoring",2.0,0.0,0.0,1.0,1.0,0.0,0.0,,,noxmoon,7,Antioxidant,Antioksidan,Serbest radikallere karşı koruyucu antioksidan,beneficial,Kuru cilt için faydalı bileşen,Beneficial for dry skin,neutral,,,neutral,,,neutral,,,neutral,,,neutral,,,neutral,,
gluten ingredients,gluteningredients,Rating: Good. Categories: Miscellaneous,0.0,0.0,0.0,0.0,0.0,0.0,0.0,,,noxmoon,0,Skincare Ingredient,Cilt Bakım Bileşeni,Cilt bakım bileşeni,neutral,,,neutral,,,neutral,,,neutral,,,neutral,,,neutral,,,neutral,,
glycereth-26,glycereth26,"Rating: Good. Categories: Thickeners/Emulsifiers, Emollients",1.0,0.0,0.0,0.0,0.0,0.0,0.0,,,noxmoon,82,Skincare Ingredient,Cilt Bakım Bileşeni,Cilt bakım bileşeni,neutral,,,neutral,,,neutral,,,neutral,,,neutral,,,neutral,,,neutral,,
glycereth-26 phosphate,glycereth26phosphate,"Rating: Good. Categories: Thickeners/Emulsifiers, Emollients",1.0,0.0,0.0,0.0,0.0,0.0,0.0,,,noxmoon,0,Skincare Ingredient,Cilt Bakım Bileşeni,Cilt bakım bileşeni,neutral,,,neutral,,,neutral,,,neutral,,,neutral,,,neutral,,,neutral,,
glycereth-6 laurate,glycereth6laurate,"Rating: Good. Categories: Thickeners/Emulsifiers, Emollients",1.0,0.0,0.0,0.0,0.0,0.0,0.0,,,noxmoon,0,Skincare Ingredient,Cilt Bakım Bileşeni,Cilt bakım bileşeni,neutral,,,neutral,,,neutral,,,neutral,,,neutral,,,neutral,,,neutral,,
glycerin,glycerin,"Rating: Best. Categories: Skin-Replenishing, Skin-Restoring",4.0,0.0,0.0,0.0,2.0,0.0,0.0,,,noxmoon,4122,Humectant,Nemlendirici (Humektan),Nemi çeken ve ciltte tutan nemlendirici,beneficial,Kuru cilt için faydalı bileşen,Beneficial for dry skin,neutral,,,neutral,,,neutral,,,beneficial,Hassas cilt için faydalı bileşen,Beneficial for sensitive skin,neutral,,,neutral,,
glycerine,glycerine,Rating: Best. Categories: Skin-Replenishing,2.0,0.0,0.0,0.0,1.0,0.0,0.0,,,noxmoon,21,Humectant,Nemlendirici (Humektan),Nemi çeken ve ciltte tutan nemlendirici,beneficial,Kuru cilt için faydalı bileşen,Beneficial for dry skin,neutral,,,neutral,,,neutral,,,neutral,,,neutral,,,neutral,,
glycerol,glycerol,Rating: Best. Categories: Skin-Replenishing,2.0,0.0,0.0,0.0,1.0,0.0,0.0,,,noxmoon,0,Ceramide,Seramid,Cilt bariyerini güçlendiren bileşen,beneficial,Kuru cilt için faydalı bileşen,Beneficial for dry skin,neutral,,,neutral,,,neutral,,,neutral,,,neutral,,,neutral,,
glycerol monostearate,glycerolmonostearate,"Rating: Good. Categories: Thickeners/Emulsifiers, Emollients",1.0,0.0,0.0,0.0,0.0,0.0,0.0,,,noxmoon,0,Skincare Ingredient,Cilt Bakım Bileşeni,Cilt bakım bileşeni,neutral,,,neutral,,,neutral,,,neutral,,,neutral,,,neutral,,,neutral,,
glycerol triacetate,glyceroltriacetate,"Rating: Good. Categories: Thickeners/Emulsifiers, Emollients",1.0,0.0,0.0,0.0,0.0,0.0,0.0,,,noxmoon,0,Skincare Ingredient,Cilt Bakım Bileşeni,Cilt bakım bileşeni,neutral,,,neutral,,,neutral,,,neutral,,,neutral,,,neutral,,,neutral,,
glycerol trioleate,glyceroltrioleate,"Rating: Good. Categories: Thickeners/Emulsifiers, Emollients",1.0,0.0,0.0,0.0,0.0,0.0,0.0,,,noxmoon,0,Skincare Ingredient,Cilt Bakım Bileşeni,Cilt bakım bileşeni,neutral,,,neutral,,,neutral,,,neutral,,,neutral,,,neutral,,,neutral,,
glyceryl ascorbate,glycerylascorbate,Rating: Best. Categories: Antioxidants,0.0,0.0,0.0,1.0,0.0,0.0,0.0,,,noxmoon,1,Antioxidant,Antioksidan,Serbest radikallere karşı koruyucu antioksidan,neutral,,,neutral,,,neutral,,,neutral,,,neutral,,,neutral,,,neutral,,
glyceryl behanate,glycerylbehanate,"Rating: Good. Categories: Thickeners/Emulsifiers, Emollients, Cleansing Agents",1.0,1.0,0.0,0.0,0.0,0.0,0.0,,,noxmoon,0,Skincare Ingredient,Cilt Bakım Bileşeni,Cilt bakım bileşeni,neutral,,,neutral,,,neutral,,,neutral,,,neutral,,,neutral,,,neutral,,
glyceryl behenate,glycerylbehenate,"Rating: Best. Categories: Emollients, Texture Enhancer",1.0,0.0,0.0,0.0,0.0,0.0,0.0,,,noxmoon,33,Emollient,Yumuşatıcı (Emoliyan),Cildi yumuşatan ve pürüzsüzleştiren bileşen,neutral,,,neutral,,,neutral,,,neutral,,,neutral,,,neutral,,,neutral,,
glyceryl behenate/eicosadioate,glycerylbehenateeicosadioate,Rating: Good. Categories: Thickeners,0.0,0.0,0.0,0.0,0.0,0.0,0.0,,,noxmoon,11,Skincare Ingredient,Cilt Bakım Bileşeni,Cilt bakım bileşeni,neutral,,,neutral,,,neutral,,,neutral,,,neutral,,,neutral,,,neutral,,
glyceryl cocoate,glycerylcocoate,"Rating: Good. Categories: Thickeners/Emulsifiers, Emollients",1.0,0.0,0.0,0.0,0.0,0.0,0.0,,,noxmoon,6,Skincare Ingredient,Cilt Bakım Bileşeni,Cilt bakım bileşeni,neutral,,,neutral,,,neutral,,,neutral,,,neutral,,,neutral,,,neutral,,
glyceryl dibehanate,glyceryldibehanate,Rating: Good. Categories: Emollients,1.0,0.0,0.0,0.0,0.0,0.0,0.0,,,noxmoon,0,Emollient,Yumuşatıcı (Emoliyan),Cildi yumuşatan ve pürüzsüzleştiren bileşen,neutral,,,neutral,,,neutral,,,neutral,,,neutral,,,neutral,,,neutral,,
glyceryl dipalmitate,glyceryldipalmitate,"Rating: Good. Categories: Thickeners/Emulsifiers, Emollients",1.0,0.0,0.0,0.0,0.0,0.0,0.0,,,noxmoon,0,Skincare Ingredient,Cilt Bakım Bileşeni,Cilt bakım bileşeni,neutral,,,neutral,,,neutral,,,neutral,,,neutral,,,neutral,,,neutral,,
glyceryl distearate,glyceryldistearate,"Rating: Good. Categories: Thickeners/Emulsifiers, Emollients",1.0,0.0,0.0,0.0,0.0,0.0,0.0,,,noxmoon,12,Skincare Ingredient,Cilt Bakım Bileşeni,Cilt bakım bileşeni,neutral,,,neutral,,,neutral,,,neutral,,,neutral,,,neutral,,,neutral,,
glyceryl ester,glycerylester,"Rating: Good. Categories: Thickeners/Emulsifiers, Emollients",1.0,0.0,0.0,0.0,0.0,0.0,0.0,,,noxmoon,0,Skincare Ingredient,Cilt Bakım Bileşeni,Cilt bakım bileşeni,neutral,,,neutral,,,neutral,,,neutral,,,neutral,,,neutral,,,neutral,,
glyceryl isopalmitate,glycerylisopalmitate,"Rating: Good. Categories: Thickeners/Emulsifiers, Emollients",1.0,0.0,0.0,0.0,0.0,0.0,0.0,,,noxmoon,0,Skincare Ingredient,Cilt Bakım Bileşeni,Cilt bakım bileşeni,neutral,,,neutral,,,neutral,,,neutral,,,neutral,,,neutral,,,neutral,,
glyceryl isostearate,glycerylisostearate,"Rating: Good. Categories: Thickeners/Emulsifiers, Emollients",1.0,0.0,0.0,0.0,0.0,0.0,0.0,,,noxmoon,25,Skincare Ingredient,Cilt Bakım Bileşeni,Cilt bakım bileşeni,neutral,,,neutral,,,neutral,,,neutral,,,neutral,,,neutral,,,neutral,,
glyceryl myristate,glycerylmyristate,"Rating: Good. Categories: Thickeners/Emulsifiers, Emollients",1.0,0.0,0.0,0.0,0.0,0.0,0.0,,,noxmoon,3,Skincare Ingredient,Cilt Bakım Bileşeni,Cilt bakım bileşeni,neutral,,,neutral,,,neutral,,,neutral,,,neutral,,,neutral,,,neutral,,
glyceryl oleate,glyceryloleate,"Rating: Good. Categories: Thickeners/Emulsifiers, Emollients, Cleansing Agents",1.0,1.0,0.0,0.0,0.0,0.0,0.0,,,noxmoon,79,Skincare Ingredient,Cilt Bakım Bileşeni,Cilt bakım bileşeni,neutral,,,neutral,,,neutral,,,neutral,,,neutral,,,neutral,,,neutral,,
glyceryl palmitate,glycerylpalmitate,"Rating: Good. Categories: Thickeners/Emulsifiers, Emollients",1.0,0.0,0.0,0.0,0.0,0.0,0.0,,,noxmoon,0,Skincare Ingredient,Cilt Bakım Bileşeni,Cilt bakım bileşeni,neutral,,,neutral,,,neutral,,,neutral,,,neutral,,,neutral,,,neutral,,
glyceryl polymethacrylate,glycerylpolymethacrylate,"Rating: Good. Categories: Thickeners/Emulsifiers, Film-Forming/Holding Agents, Texture Enhancer",0.0,0.0,0.0,0.0,0.0,0.0,0.0,,,noxmoon,107,Skincare Ingredient,Cilt Bakım Bileşeni,Cilt bakım bileşeni,neutral,,,neutral,,,neutral,,,neutral,,,neutral,,,neutral,,,neutral,,
glyceryl rosinate,glycerylrosinate,"Rating: Good. Categories: Emulsifiers, Emollients, Cleansing Agents",1.0,1.0,0.0,0.0,0.0,0.0,0.0,,,noxmoon,4,Skincare Ingredient,Cilt Bakım Bileşeni,Cilt bakım bileşeni,neutral,,,neutral,,,neutral,,,neutral,,,neutral,,,neutral,,,neutral,,
glyceryl stearate,glycerylstearate,"Rating: Good. Categories: Thickeners/Emulsifiers, Cleansing Agents, Emollients",1.0,1.0,0.0,0.0,0.0,0.0,0.0,,,noxmoon,1360,Skincare Ingredient,Cilt Bakım Bileşeni,Cilt bakım bileşeni,neutral,,,neutral,,,neutral,,,neutral,,,neutral,,,neutral,,,neutral,,
glyceryl stearate SE,glycerylstearatese,"Rating: Good. Categories: Thickeners/Emulsifiers, Emollients",1.0,0.0,0.0,0.0,0.0,0.0,0.0,,,noxmoon,222,Skincare Ingredient,Cilt Bakım Bileşeni,Cilt bakım bileşeni,neutral,,,neutral,,,neutral,,,neutral,,,neutral,,,neutral,,,neutral,,
glycogen,glycogen,"Rating: Good. Categories: Skin-Replenishing, Hydration",2.0,0.0,0.0,0.0,1.0,0.0,0.0,,,noxmoon,12,Ceramide,Seramid,Cilt bariyerini güçlendiren bileşen,beneficial,Kuru cilt için faydalı bileşen,Beneficial for dry skin,neutral,,,neutral,,,neutral,,,neutral,,,neutral,,,neutral,,
glycol stearate,glycolstearate,"Rating: Good. Categories: Thickeners/Emulsifiers, Emollients",1.0,0.0,0.0,0.0,0.0,0.0,0.0,,,noxmoon,30,Skincare Ingredient,Cilt Bakım Bileşeni,Cilt bakım bileşeni,neutral,,,neutral,,,neutral,,,neutral,,,neutral,,,neutral,,,neutral,,
glycolipid,glycolipid,"Rating: Best. Categories: Thickeners/Emulsifiers, Emollients, Skin-Replenishing",3.0,0.0,0.0,0.0,1.0,0.0,0.0,,,noxmoon,0,Skincare Ingredient,Cilt Bakım Bileşeni,Cilt bakım bileşeni,beneficial,Kuru cilt için faydalı bileşen,Beneficial for dry skin,neutral,,,neutral,,,neutral,,,neutral,,,neutral,,,neutral,,
glycosaminoglycans,glycosaminoglycans,"Rating: Best. Categories: Skin-Replenishing, Skin-Restoring",4.0,0.0,0.0,0.0,2.0,0.0,0.0,,,noxmoon,43,Ceramide,Seramid,Cilt bariyerini güçlendiren bileşen,beneficial,Kuru cilt için faydalı bileşen,Beneficial for dry skin,neutral,,,neutral,,,neutral,,,beneficial,Hassas cilt için faydalı bileşen,Beneficial for sensitive skin,neutral,,,neutral,,
glycosphingolipid,glycosphingolipid,Rating: Best. Categories: Skin-Replenishing,2.0,0.0,0.0,0.0,1.0,0.0,0.0,,,noxmoon,0,Ceramide,Seramid,Cilt bariyerini güçlendiren bileşen,beneficial,Kuru cilt için faydalı bileşen,Beneficial for dry skin,neutral,,,neutral,,,neutral,,,neutral,,,neutral,,,neutral,,
glycyrrhetic acid,glycyrrheticacid,"Rating: Best. Categories: Skin-Soothing, Plant Extracts",1.0,0.0,0.0,0.0,2.0,0.0,0.0,,,noxmoon,0,Emollient,Yumuşatıcı (Emoliyan),Cildi yumuşatan ve pürüzsüzleştiren bileşen,neutral,,,neutral,,,neutral,,,neutral,,,beneficial,Hassas cilt için faydalı bileşen,Beneficial for sensitive skin,neutral,,,neutral,,
glycyrrhetinic acid,glycyrrhetinicacid,"Rating: Best. Categories: Antioxidants, Skin-Soothing",1.0,0.0,0.0,1.0,2.0,0.0,0.0,,,noxmoon,68,Antioxidant,Antioksidan,Serbest radikallere karşı koruyucu antioksidan,neutral,,,neutral,,,neutral,,,neutral,,,beneficial,Hassas cilt için faydalı bileşen,Beneficial for sensitive skin,neutral,,,neutral,,
goji fruit extract,gojifruitextract,"Rating: Good. Categories: Antioxidants, Plant Extracts",0.0,0.0,0.0,1.0,0.0,0.0,0.0,,,noxmoon,1,Antioxidant,Antioksidan,Serbest radikallere karşı koruyucu antioksidan,neutral,,,neutral,,,neutral,,,neutral,,,neutral,,,neutral,,,neutral,,
gold,gold,"Rating: Poor. Categories: Sensitizing, Miscellaneous",-1.0,0.0,0.0,0.0,-2.0,0.0,0.0,,Sensitizing,noxmoon,27,Skincare Ingredient,Cilt Bakım Bileşeni,Cilt bakım bileşeni,caution,"Kurutucu etki yapabilir, nemlendiriciyle kullanılmalı",May have drying effects,neutral,,,neutral,,,neutral,,,caution,"Hassas ciltte tahriş riski taşır, dikkatli kullanılmalı","Risk of irritation, use with caution",neutral,,,neutral,,
gotu kola,gotukola,"Rating: Best. Categories: Plant Extracts, Antioxidants",0.0,0.0,0.0,1.0,0.0,0.0,0.0,,,noxmoon,0,Botanical Extract,Bitkisel Ekstrakt,Bitkisel kaynaklı aktif ekstrakt,neutral,,,neutral,,,neutral,,,neutral,,,neutral,,,neutral,,,neutral,,
grape seed extract,grapeseedextract,"Rating: Best. Categories: Antioxidants, Plant Extracts",0.0,0.0,0.0,1.0,0.0,0.0,0.0,,,noxmoon,26,Antioxidant,Antioksidan,Serbest radikallere karşı koruyucu antioksidan,neutral,,,neutral,,,neutral,,,neutral,,,neutral,,,neutral,,,neutral,,
grape seed oil,grapeseedoil,"Rating: Best. Categories: Antioxidants, Plant Extracts, Emollients",1.0,0.0,0.0,1.0,0.0,0.0,0.0,,,noxmoon,27,Antioxidant,Antioksidan,Serbest radikallere karşı koruyucu antioksidan,neutral,,,neutral,,,neutral,,,neutral,,,neutral,,,neutral,,,neutral,,
grapefruit oil,grapefruitoil,"Rating: Poor. Categories: Plant Extracts, Fragrance: Synthetic and Fragrant Plant Extracts, Sensitizing",-1.0,0.0,0.0,0.0,-4.0,0.0,0.0,,Sensitizing,noxmoon,2,Botanical Extract,Bitkisel Ekstrakt,Bitkisel kaynaklı aktif ekstrakt,caution,"Kurutucu etki yapabilir, nemlendiriciyle kullanılmalı",May have drying effects,neutral,,,neutral,,,neutral,,,caution,"Hassas ciltte tahriş riski taşır, dikkatli kullanılmalı","Risk of irritation, use with caution",neutral,,,neutral,,
grapefruit peel extract,grapefruitpeelextract,"Rating: Poor. Categories: Sensitizing, Plant Extracts",-1.0,0.0,0.0,0.0,-2.0,0.0,0.0,,Sensitizing,noxmoon,5,Skincare Ingredient,Cilt Bakım Bileşeni,Cilt bakım bileşeni,caution,"Kurutucu etki yapabilir, nemlendiriciyle kullanılmalı",May have drying effects,neutral,,,neutral,,,neutral,,,caution,"Hassas ciltte tahriş riski taşır, dikkatli kullanılmalı","Risk of irritation, use with caution",neutral,,,neutral,,
grapefruit seed extract,grapefruitseedextract,Rating: Poor. Categories: Uncategorized,0.0,0.0,0.0,0.0,-1.0,0.0,0.0,,,noxmoon,35,Skincare Ingredient,Cilt Bakım Bileşeni,Cilt bakım bileşeni,neutral,,,neutral,,,neutral,,,neutral,,,caution,"Hassas ciltte tahriş riski taşır, dikkatli kullanılmalı","Risk of irritation, use with caution",neutral,,,neutral,,
gromwell,gromwell,"Rating: Best. Categories: Skin-Soothing, Plant Extracts, Antioxidants",1.0,0.0,0.0,1.0,2.0,0.0,0.0,,,noxmoon,0,Emollient,Yumuşatıcı (Emoliyan),Cildi yumuşatan ve pürüzsüzleştiren bileşen,neutral,,,neutral,,,neutral,,,neutral,,,beneficial,Hassas cilt için faydalı bileşen,Beneficial for sensitive skin,neutral,,,neutral,,
guar gum,guargum,"Rating: Good. Categories: Plant Extracts, Thickeners/Emulsifiers",0.0,0.0,0.0,0.0,0.0,0.0,0.0,,,noxmoon,1,Botanical Extract,Bitkisel Ekstrakt,Bitkisel kaynaklı aktif ekstrakt,neutral,,,neutral,,,neutral,,,neutral,,,neutral,,,neutral,,,neutral,,
guar hydroxypropyltrimonium chloride,guarhydroxypropyltrimoniumchloride,"Rating: Good. Categories: Thickeners/Emulsifiers, Texture Enhancer, Miscellaneous",0.0,0.0,0.0,0.0,0.0,0.0,0.0,,,noxmoon,18,Skincare Ingredient,Cilt Bakım Bileşeni,Cilt bakım bileşeni,neutral,,,neutral,,,neutral,,,neutral,,,neutral,,,neutral,,,neutral,,
guarana,guarana,"Rating: Poor. Categories: Plant Extracts, Sensitizing",-1.0,0.0,0.0,0.0,-2.0,0.0,0.0,,Sensitizing,noxmoon,0,Botanical Extract,Bitkisel Ekstrakt,Bitkisel kaynaklı aktif ekstrakt,caution,"Kurutucu etki yapabilir, nemlendiriciyle kullanılmalı",May have drying effects,neutral,,,neutral,,,neutral,,,caution,"Hassas ciltte tahriş riski taşır, dikkatli kullanılmalı","Risk of irritation, use with caution",neutral,,,neutral,,
guava,guava,"Rating: Best. Categories: Antioxidants, Plant Extracts",0.0,0.0,0.0,1.0,0.0,0.0,0.0,,,noxmoon,0,Antioxidant,Antioksidan,Serbest radikallere karşı koruyucu antioksidan,neutral,,,neutral,,,neutral,,,neutral,,,neutral,,,neutral,,,neutral,,
gums,gums,"Rating: Good. Categories: Plant Extracts, Film-Forming/Holding Agents, Texture Enhancer",0.0,0.0,0.0,0.0,0.0,0.0,0.0,,,noxmoon,0,Botanical Extract,Bitkisel Ekstrakt,Bitkisel kaynaklı aktif ekstrakt,neutral,,,neutral,,,neutral,,,neutral,,,neutral,,,neutral,,,neutral,,
hamamelitannin,hamamelitannin,"Rating: Poor. Categories: Antioxidants, Sensitizing",-1.0,0.0,0.0,1.0,-2.0,0.0,0.0,,Sensitizing,noxmoon,0,Antioxidant,Antioksidan,Serbest radikallere karşı koruyucu antioksidan,caution,"Kurutucu etki yapabilir, nemlendiriciyle kullanılmalı",May have drying effects,neutral,,,neutral,,,neutral,,,caution,"Hassas ciltte tahriş riski taşır, dikkatli kullanılmalı","Risk of irritation, use with caution",neutral,,,neutral,,
hayflower extract,hayflowerextract,"Rating: Poor. Categories: Plant Extracts, Sensitizing",-1.0,0.0,0.0,0.0,-2.0,0.0,0.0,,Sensitizing,noxmoon,0,Botanical Extract,Bitkisel Ekstrakt,Bitkisel kaynaklı aktif ekstrakt,caution,"Kurutucu etki yapabilir, nemlendiriciyle kullanılmalı",May have drying effects,neutral,,,neutral,,,neutral,,,caution,"Hassas ciltte tahriş riski taşır, dikkatli kullanılmalı","Risk of irritation, use with caution",neutral,,,neutral,,
hazelnut oil,hazelnutoil,Rating: Good. Categories: Emollients,1.0,0.0,0.0,0.0,0.0,0.0,0.0,,,noxmoon,3,Emollient,Yumuşatıcı (Emoliyan),Cildi yumuşatan ve pürüzsüzleştiren bileşen,neutral,,,neutral,,,neutral,,,neutral,,,neutral,,,neutral,,,neutral,,
hectorite,hectorite,Rating: Good. Categories: Texture Enhancer,0.0,0.0,0.0,0.0,0.0,0.0,0.0,,,noxmoon,13,Skincare Ingredient,Cilt Bakım Bileşeni,Cilt bakım bileşeni,neutral,,,neutral,,,neutral,,,neutral,,,neutral,,,neutral,,,neutral,,
hedione,hedione,"Rating: Poor. Categories: Fragrance: Synthetic and Fragrant Plant Extracts, Sensitizing",-1.0,0.0,0.0,0.0,-4.0,0.0,0.0,,Sensitizing,noxmoon,0,Fragrance,Parfüm / Koku,Ürüne koku veren parfüm bileşeni,caution,"Kurutucu etki yapabilir, nemlendiriciyle kullanılmalı",May have drying effects,neutral,,,neutral,,,neutral,,,caution,"Hassas ciltte tahriş riski taşır, dikkatli kullanılmalı","Risk of irritation, use with caution",neutral,,,neutral,,
hemp seed oil,hempseedoil,"Rating: Good. Categories: Plant Extracts, Emollients",1.0,0.0,0.0,0.0,0.0,0.0,0.0,,,noxmoon,0,Botanical Extract,Bitkisel Ekstrakt,Bitkisel kaynaklı aktif ekstrakt,neutral,,,neutral,,,neutral,,,neutral,,,neutral,,,neutral,,,neutral,,
hesperidin,hesperidin,"Rating: Best. Categories: Antioxidants, Plant Extracts",0.0,0.0,0.0,1.0,0.0,0.0,0.0,,,noxmoon,7,Antioxidant,Antioksidan,Serbest radikallere karşı koruyucu antioksidan,neutral,,,neutral,,,neutral,,,neutral,,,neutral,,,neutral,,,neutral,,
hesperidin methyl chalcone,hesperidinmethylchalcone,"Rating: Good. Categories: Antioxidants, Plant Extracts",0.0,0.0,0.0,1.0,0.0,0.0,0.0,,,noxmoon,80,Antioxidant,Antioksidan,Serbest radikallere karşı koruyucu antioksidan,neutral,,,neutral,,,neutral,,,neutral,,,neutral,,,neutral,,,neutral,,
hexanoyl dipeptide-3 norleucine acetate,hexanoyldipeptide3norleucineacetate,Rating: Best. Categories: Skin-Restoring,2.0,0.0,0.0,0.0,1.0,0.0,0.0,,,noxmoon,3,Emollient,Yumuşatıcı (Emoliyan),Cildi yumuşatan ve pürüzsüzleştiren bileşen,beneficial,Kuru cilt için faydalı bileşen,Beneficial for dry skin,neutral,,,neutral,,,neutral,,,neutral,,,neutral,,,neutral,,
hexyl cinnamal,hexylcinnamal,"Rating: Poor. Categories: Fragrance: Synthetic and Fragrant Plant Extracts, Sensitizing",-1.0,0.0,0.0,0.0,-4.0,0.0,0.0,,Sensitizing,noxmoon,220,Fragrance,Parfüm / Koku,Ürüne koku veren parfüm bileşeni,caution,"Kurutucu etki yapabilir, nemlendiriciyle kullanılmalı",May have drying effects,neutral,,,neutral,,,neutral,,,caution,"Hassas ciltte tahriş riski taşır, dikkatli kullanılmalı","Risk of irritation, use with caution",neutral,,,neutral,,
hexyl laurate,hexyllaurate,"Rating: Good. Categories: Emollients, Skin-Softening",1.0,0.0,0.0,0.0,0.0,0.0,0.0,,,noxmoon,59,Emollient,Yumuşatıcı (Emoliyan),Cildi yumuşatan ve pürüzsüzleştiren bileşen,neutral,,,neutral,,,neutral,,,neutral,,,neutral,,,neutral,,,neutral,,
hexyldecanol,hexyldecanol,"Rating: Good. Categories: Emollients, Skin-Softening",1.0,0.0,0.0,0.0,0.0,0.0,0.0,,,noxmoon,46,Emollient,Yumuşatıcı (Emoliyan),Cildi yumuşatan ve pürüzsüzleştiren bileşen,neutral,,,neutral,,,neutral,,,neutral,,,neutral,,,neutral,,,neutral,,
hexylene glycol,hexyleneglycol,Rating: Good. Categories: Slip Agents,0.0,0.0,0.0,0.0,0.0,0.0,0.0,,,noxmoon,510,Skincare Ingredient,Cilt Bakım Bileşeni,Cilt bakım bileşeni,neutral,,,neutral,,,neutral,,,neutral,,,neutral,,,neutral,,,neutral,,
hexylresorcinol,hexylresorcinol,Rating: Average. Categories: Antioxidants,0.0,0.0,0.0,1.0,0.0,0.0,0.0,,,noxmoon,24,Antioxidant,Antioksidan,Serbest radikallere karşı koruyucu antioksidan,neutral,,,neutral,,,neutral,,,neutral,,,neutral,,,neutral,,,neutral,,
hibiscus,hibiscus,"Rating: Good. Categories: Antioxidants, Skin-Restoring, Plant Extracts",2.0,0.0,0.0,1.0,1.0,0.0,0.0,,,noxmoon,0,Antioxidant,Antioksidan,Serbest radikallere karşı koruyucu antioksidan,beneficial,Kuru cilt için faydalı bileşen,Beneficial for dry skin,neutral,,,neutral,,,neutral,,,neutral,,,neutral,,,neutral,,
hoelen,hoelen,"Rating: Best. Categories: Plant Extracts, Preservatives",0.0,0.0,0.0,0.0,0.0,0.0,0.0,,,noxmoon,0,Botanical Extract,Bitkisel Ekstrakt,Bitkisel kaynaklı aktif ekstrakt,neutral,,,neutral,,,neutral,,,neutral,,,neutral,,,neutral,,,neutral,,
honey,honey,"Rating: Best. Categories: Skin-Soothing, Vitamins, Antioxidants",1.0,0.0,0.0,1.0,2.0,0.0,0.0,,,noxmoon,28,Emollient,Yumuşatıcı (Emoliyan),Cildi yumuşatan ve pürüzsüzleştiren bileşen,neutral,,,neutral,,,neutral,,,neutral,,,beneficial,Hassas cilt için faydalı bileşen,Beneficial for sensitive skin,neutral,,,neutral,,
honey extract,honeyextract,"Rating: Best. Categories: Skin-Soothing, Antioxidants, Vitamins",1.0,0.0,0.0,1.0,2.0,0.0,0.0,,,noxmoon,20,Emollient,Yumuşatıcı (Emoliyan),Cildi yumuşatan ve pürüzsüzleştiren bileşen,neutral,,,neutral,,,neutral,,,neutral,,,beneficial,Hassas cilt için faydalı bileşen,Beneficial for sensitive skin,neutral,,,neutral,,
honeysuckle flower extract,honeysuckleflowerextract,"Rating: Best. Categories: Skin-Soothing, Plant Extracts",1.0,0.0,0.0,0.0,2.0,0.0,0.0,,,noxmoon,2,Emollient,Yumuşatıcı (Emoliyan),Cildi yumuşatan ve pürüzsüzleştiren bileşen,neutral,,,neutral,,,neutral,,,neutral,,,beneficial,Hassas cilt için faydalı bileşen,Beneficial for sensitive skin,neutral,,,neutral,,
hops,hops,"Rating: Average. Categories: Antioxidants, Plant Extracts",0.0,0.0,0.0,1.0,0.0,0.0,0.0,,,noxmoon,5,Antioxidant,Antioksidan,Serbest radikallere karşı koruyucu antioksidan,neutral,,,neutral,,,neutral,,,neutral,,,neutral,,,neutral,,,neutral,,
horse chestnut extract,horsechestnutextract,"Rating: Good. Categories: Skin-Soothing, Plant Extracts",1.0,0.0,0.0,0.0,2.0,0.0,0.0,,,noxmoon,6,Emollient,Yumuşatıcı (Emoliyan),Cildi yumuşatan ve pürüzsüzleştiren bileşen,neutral,,,neutral,,,neutral,,,neutral,,,beneficial,Hassas cilt için faydalı bileşen,Beneficial for sensitive skin,neutral,,,neutral,,
horse elder,horseelder,"Rating: Poor. Categories: Plant Extracts, Sensitizing",-1.0,0.0,0.0,0.0,-2.0,0.0,0.0,,Sensitizing,noxmoon,0,Botanical Extract,Bitkisel Ekstrakt,Bitkisel kaynaklı aktif ekstrakt,caution,"Kurutucu etki yapabilir, nemlendiriciyle kullanılmalı",May have drying effects,neutral,,,neutral,,,neutral,,,caution,"Hassas ciltte tahriş riski taşır, dikkatli kullanılmalı","Risk of irritation, use with caution",neutral,,,neutral,,
horseradish,horseradish,"Rating: Poor. Categories: Plant Extracts, Sensitizing",-1.0,0.0,0.0,0.0,-2.0,0.0,0.0,,Sensitizing,noxmoon,0,Botanical Extract,Bitkisel Ekstrakt,Bitkisel kaynaklı aktif ekstrakt,caution,"Kurutucu etki yapabilir, nemlendiriciyle kullanılmalı",May have drying effects,neutral,,,neutral,,,neutral,,,caution,"Hassas ciltte tahriş riski taşır, dikkatli kullanılmalı","Risk of irritation, use with caution",neutral,,,neutral,,
horsetail extract,horsetailextract,"Rating: Average. Categories: Antioxidants, Plant Extracts",0.0,0.0,0.0,1.0,0.0,0.0,0.0,,,noxmoon,14,Antioxidant,Antioksidan,Serbest radikallere karşı koruyucu antioksidan,neutral,,,neutral,,,neutral,,,neutral,,,neutral,,,neutral,,,neutral,,
hyaluronic acid,hyaluronicacid,"Rating: Best. Categories: Antioxidants, Skin-Replenishing, Skin-Restoring",4.0,0.0,0.0,1.0,2.0,0.0,0.0,,,noxmoon,150,Humectant,Nemlendirici (Humektan),Nemi çeken ve ciltte tutan nemlendirici,beneficial,Kuru cilt için faydalı bileşen,Beneficial for dry skin,neutral,,,neutral,,,neutral,,,beneficial,Hassas cilt için faydalı bileşen,Beneficial for sensitive skin,neutral,,,neutral,,
hydrocotyl extract,hydrocotylextract,Rating: Best. Categories: Plant Extracts,0.0,0.0,0.0,0.0,0.0,0.0,0.0,,,noxmoon,6,Botanical Extract,Bitkisel Ekstrakt,Bitkisel kaynaklı aktif ekstrakt,neutral,,,neutral,,,neutral,,,neutral,,,neutral,,,neutral,,,neutral,,
hydrogen peroxide,hydrogenperoxide,Rating: Poor. Categories: Sensitizing,-1.0,0.0,0.0,0.0,-2.0,0.0,0.0,,Sensitizing,noxmoon,8,Skincare Ingredient,Cilt Bakım Bileşeni,Cilt bakım bileşeni,caution,"Kurutucu etki yapabilir, nemlendiriciyle kullanılmalı",May have drying effects,neutral,,,neutral,,,neutral,,,caution,"Hassas ciltte tahriş riski taşır, dikkatli kullanılmalı","Risk of irritation, use with caution",neutral,,,neutral,,
hydrogenated coco-glyceride,hydrogenatedcocoglyceride,"Rating: Good. Categories: Thickeners/Emulsifiers, Texture Enhancer, Emollients",1.0,0.0,0.0,0.0,0.0,0.0,0.0,,,noxmoon,0,Skincare Ingredient,Cilt Bakım Bileşeni,Cilt bakım bileşeni,neutral,,,neutral,,,neutral,,,neutral,,,neutral,,,neutral,,,neutral,,
hydrogenated didecene,hydrogenateddidecene,"Rating: Good. Categories: Thickeners/Emulsifiers, Texture Enhancer",0.0,0.0,0.0,0.0,0.0,0.0,0.0,,,noxmoon,2,Skincare Ingredient,Cilt Bakım Bileşeni,Cilt bakım bileşeni,neutral,,,neutral,,,neutral,,,neutral,,,neutral,,,neutral,,,neutral,,
hydrogenated lecithin,hydrogenatedlecithin,"Rating: Best. Categories: Skin-Restoring, Emollients",3.0,0.0,0.0,0.0,1.0,0.0,0.0,,,noxmoon,270,Emollient,Yumuşatıcı (Emoliyan),Cildi yumuşatan ve pürüzsüzleştiren bileşen,beneficial,Kuru cilt için faydalı bileşen,Beneficial for dry skin,neutral,,,neutral,,,neutral,,,neutral,,,neutral,,,neutral,,
hydrogenated olive oil,hydrogenatedoliveoil,"Rating: Best. Categories: Antioxidants, Plant Extracts, Emollients",1.0,0.0,0.0,1.0,0.0,0.0,0.0,,,noxmoon,9,Antioxidant,Antioksidan,Serbest radikallere karşı koruyucu antioksidan,neutral,,,neutral,,,neutral,,,neutral,,,neutral,,,neutral,,,neutral,,
hydrogenated palm glycerides,hydrogenatedpalmglycerides,"Rating: Good. Categories: Antioxidants, Skin-Replenishing, Emollients",3.0,0.0,0.0,1.0,1.0,0.0,0.0,,,noxmoon,42,Antioxidant,Antioksidan,Serbest radikallere karşı koruyucu antioksidan,beneficial,Kuru cilt için faydalı bileşen,Beneficial for dry skin,neutral,,,neutral,,,neutral,,,neutral,,,neutral,,,neutral,,
hydrogenated polydecene,hydrogenatedpolydecene,Rating: Good. Categories: Emollients,1.0,0.0,0.0,0.0,0.0,0.0,0.0,,,noxmoon,92,Emollient,Yumuşatıcı (Emoliyan),Cildi yumuşatan ve pürüzsüzleştiren bileşen,neutral,,,neutral,,,neutral,,,neutral,,,neutral,,,neutral,,,neutral,,
hydrogenated polyisobutene,hydrogenatedpolyisobutene,"Rating: Good. Categories: Emollients, Skin-Softening",1.0,0.0,0.0,0.0,0.0,0.0,0.0,,,noxmoon,261,Emollient,Yumuşatıcı (Emoliyan),Cildi yumuşatan ve pürüzsüzleştiren bileşen,neutral,,,neutral,,,neutral,,,neutral,,,neutral,,,neutral,,,neutral,,
hydrogenated soybean oil,hydrogenatedsoybeanoil,"Rating: Best. Categories: Antioxidants, Emollients",1.0,0.0,0.0,1.0,0.0,0.0,0.0,,,noxmoon,13,Antioxidant,Antioksidan,Serbest radikallere karşı koruyucu antioksidan,neutral,,,neutral,,,neutral,,,neutral,,,neutral,,,neutral,,,neutral,,
hydrogenated starch hydrolysate,hydrogenatedstarchhydrolysate,"Rating: Good. Categories: Film-Forming/Holding Agents, Hydration",0.0,0.0,0.0,0.0,0.0,0.0,0.0,,,noxmoon,20,Skincare Ingredient,Cilt Bakım Bileşeni,Cilt bakım bileşeni,neutral,,,neutral,,,neutral,,,neutral,,,neutral,,,neutral,,,neutral,,
hydrogenated vegetable glycerides citrate,hydrogenatedvegetableglyceridescitrate,"Rating: Good. Categories: Emollients, Emulsifiers, Texture Enhancer",1.0,0.0,0.0,0.0,0.0,0.0,0.0,,,noxmoon,3,Emollient,Yumuşatıcı (Emoliyan),Cildi yumuşatan ve pürüzsüzleştiren bileşen,neutral,,,neutral,,,neutral,,,neutral,,,neutral,,,neutral,,,neutral,,
hydrolyzed acacia macrostachya seed extract,hydrolyzedacaciamacrostachyaseedextract,"Rating: Good. Categories: Antioxidants, Plant Extracts",0.0,0.0,0.0,1.0,0.0,0.0,0.0,,,noxmoon,1,Antioxidant,Antioksidan,Serbest radikallere karşı koruyucu antioksidan,neutral,,,neutral,,,neutral,,,neutral,,,neutral,,,neutral,,,neutral,,
hydrolyzed algae extract,hydrolyzedalgaeextract,"Rating: Good. Categories: Emollients, Antioxidants, Plant Extracts, Texture Enhancer",1.0,0.0,0.0,1.0,0.0,0.0,0.0,,,noxmoon,1,Emollient,Yumuşatıcı (Emoliyan),Cildi yumuşatan ve pürüzsüzleştiren bileşen,neutral,,,neutral,,,neutral,,,neutral,,,neutral,,,neutral,,,neutral,,
hydrolyzed corn starch,hydrolyzedcornstarch,Rating: Good. Categories: Absorbent,0.0,0.0,0.0,0.0,0.0,0.0,0.0,,,noxmoon,23,Mineral,Mineral,Mineral bazlı cilt bakım bileşeni,neutral,,,neutral,,,neutral,,,neutral,,,neutral,,,neutral,,,neutral,,
hydrolyzed eruca sativa (arugula) leaf,hydrolyzederucasativaarugulaleaf,"Rating: Best. Categories: Antioxidants, Plant Extracts",0.0,0.0,0.0,1.0,0.0,0.0,0.0,,,noxmoon,0,Antioxidant,Antioksidan,Serbest radikallere karşı koruyucu antioksidan,neutral,,,neutral,,,neutral,,,neutral,,,neutral,,,neutral,,,neutral,,
hydrolyzed glycosaminoglycans,hydrolyzedglycosaminoglycans,"Rating: Best. Categories: Skin-Replenishing, Skin-Softening",2.0,0.0,0.0,0.0,1.0,0.0,0.0,,,noxmoon,30,Ceramide,Seramid,Cilt bariyerini güçlendiren bileşen,beneficial,Kuru cilt için faydalı bileşen,Beneficial for dry skin,neutral,,,neutral,,,neutral,,,neutral,,,neutral,,,neutral,,
hydrolyzed jojoba esters,hydrolyzedjojobaesters,"Rating: Best. Categories: Plant Extracts, Emollients, Skin-Softening",1.0,0.0,0.0,0.0,0.0,0.0,0.0,,,noxmoon,30,Botanical Extract,Bitkisel Ekstrakt,Bitkisel kaynaklı aktif ekstrakt,neutral,,,neutral,,,neutral,,,neutral,,,neutral,,,neutral,,,neutral,,
hydrolyzed jojoba protein,hydrolyzedjojobaprotein,"Rating: Good. Categories: Plant Extracts, Emollients",1.0,0.0,0.0,0.0,0.0,0.0,0.0,,,noxmoon,1,Botanical Extract,Bitkisel Ekstrakt,Bitkisel kaynaklı aktif ekstrakt,neutral,,,neutral,,,neutral,,,neutral,,,neutral,,,neutral,,,neutral,,
hydrolyzed silk,hydrolyzedsilk,"Rating: Good. Categories: Antioxidants, Slip Agents",0.0,0.0,0.0,1.0,0.0,0.0,0.0,,,noxmoon,18,Antioxidant,Antioksidan,Serbest radikallere karşı koruyucu antioksidan,neutral,,,neutral,,,neutral,,,neutral,,,neutral,,,neutral,,,neutral,,
hydrolyzed soy protein,hydrolyzedsoyprotein,"Rating: Best. Categories: Skin-Soothing, Antioxidants, Plant Extracts",1.0,0.0,0.0,1.0,2.0,0.0,0.0,,,noxmoon,132,Emollient,Yumuşatıcı (Emoliyan),Cildi yumuşatan ve pürüzsüzleştiren bileşen,neutral,,,neutral,,,neutral,,,neutral,,,beneficial,Hassas cilt için faydalı bileşen,Beneficial for sensitive skin,neutral,,,neutral,,
hydrolyzed vegetable protein,hydrolyzedvegetableprotein,"Rating: Good. Categories: Miscellaneous, Hydration",0.0,0.0,0.0,0.0,0.0,0.0,0.0,,,noxmoon,28,Skincare Ingredient,Cilt Bakım Bileşeni,Cilt bakım bileşeni,neutral,,,neutral,,,neutral,,,neutral,,,neutral,,,neutral,,,neutral,,
hydrolyzed wheat protein,hydrolyzedwheatprotein,"Rating: Good. Categories: Plant Extracts, Film-Forming/Holding Agents, Texture Enhancer",0.0,0.0,0.0,0.0,0.0,0.0,0.0,,,noxmoon,145,Botanical Extract,Bitkisel Ekstrakt,Bitkisel kaynaklı aktif ekstrakt,neutral,,,neutral,,,neutral,,,neutral,,,neutral,,,neutral,,,neutral,,
hydroquinone,hydroquinone,"Rating: Best. Categories: Skin-Restoring, Antioxidants",2.0,0.0,0.0,1.0,1.0,0.0,0.0,,,noxmoon,1,Emollient,Yumuşatıcı (Emoliyan),Cildi yumuşatan ve pürüzsüzleştiren bileşen,beneficial,Kuru cilt için faydalı bileşen,Beneficial for dry skin,neutral,,,neutral,,,neutral,,,neutral,,,neutral,,,neutral,,
hydroxyethyl acrylate/sodium acryloyl dimethyl taurate copolymer,hydroxyethylacrylatesodiumacryloyldimethyltauratecopolymer,"Rating: Good. Categories: Thickeners/Emulsifiers, Texture Enhancer",0.0,0.0,0.0,0.0,0.0,0.0,0.0,,,noxmoon,282,Skincare Ingredient,Cilt Bakım Bileşeni,Cilt bakım bileşeni,neutral,,,neutral,,,neutral,,,neutral,,,neutral,,,neutral,,,neutral,,
hydroxyethyl urea,hydroxyethylurea,"Rating: Good. Categories: Hydration, Skin-Replenishing",2.0,0.0,0.0,0.0,1.0,0.0,0.0,,,noxmoon,32,Skincare Ingredient,Cilt Bakım Bileşeni,Cilt bakım bileşeni,beneficial,Kuru cilt için faydalı bileşen,Beneficial for dry skin,neutral,,,neutral,,,neutral,,,neutral,,,neutral,,,neutral,,
hydroxyethylcellulose,hydroxyethylcellulose,"Rating: Good. Categories: Plant Extracts, Film-Forming/Holding Agents, Texture Enhancer, Thickeners/Emulsifiers",0.0,0.0,0.0,0.0,0.0,0.0,0.0,,,noxmoon,280,Botanical Extract,Bitkisel Ekstrakt,Bitkisel kaynaklı aktif ekstrakt,neutral,,,neutral,,,neutral,,,neutral,,,neutral,,,neutral,,,neutral,,
hydroxyethylpiperazine ethane sulfonic acid,hydroxyethylpiperazineethanesulfonicacid,Rating: Poor. Categories: Miscellaneous,0.0,0.0,0.0,0.0,-1.0,0.0,0.0,,,noxmoon,47,Skincare Ingredient,Cilt Bakım Bileşeni,Cilt bakım bileşeni,neutral,,,neutral,,,neutral,,,neutral,,,caution,"Hassas ciltte tahriş riski taşır, dikkatli kullanılmalı","Risk of irritation, use with caution",neutral,,,neutral,,
hydroxylated lecithin,hydroxylatedlecithin,Rating: Best. Categories: Emollients,1.0,0.0,0.0,0.0,0.0,0.0,0.0,,,noxmoon,10,Emollient,Yumuşatıcı (Emoliyan),Cildi yumuşatan ve pürüzsüzleştiren bileşen,neutral,,,neutral,,,neutral,,,neutral,,,neutral,,,neutral,,,neutral,,
hydroxypropyl cyclodextrin,hydroxypropylcyclodextrin,Rating: Good. Categories: Miscellaneous,0.0,0.0,0.0,0.0,0.0,0.0,0.0,,,noxmoon,55,Skincare Ingredient,Cilt Bakım Bileşeni,Cilt bakım bileşeni,neutral,,,neutral,,,neutral,,,neutral,,,neutral,,,neutral,,,neutral,,
hydroxypropyl guar,hydroxypropylguar,"Rating: Good. Categories: Plant Extracts, Thickeners/Emulsifiers",0.0,0.0,0.0,0.0,0.0,0.0,0.0,,,noxmoon,6,Botanical Extract,Bitkisel Ekstrakt,Bitkisel kaynaklı aktif ekstrakt,neutral,,,neutral,,,neutral,,,neutral,,,neutral,,,neutral,,,neutral,,
hydroxypropyl starch phosphate,hydroxypropylstarchphosphate,Rating: Good. Categories: Thickeners/Emulsifiers,0.0,0.0,0.0,0.0,0.0,0.0,0.0,,,noxmoon,43,Skincare Ingredient,Cilt Bakım Bileşeni,Cilt bakım bileşeni,neutral,,,neutral,,,neutral,,,neutral,,,neutral,,,neutral,,,neutral,,
hyssop,hyssop,"Rating: Average. Categories: Plant Extracts, Fragrance: Synthetic and Fragrant Plant Extracts, Sensitizing",-1.0,0.0,0.0,0.0,-4.0,0.0,0.0,,Sensitizing,noxmoon,0,Botanical Extract,Bitkisel Ekstrakt,Bitkisel kaynaklı aktif ekstrakt,caution,"Kurutucu etki yapabilir, nemlendiriciyle kullanılmalı",May have drying effects,neutral,,,neutral,,,neutral,,,caution,"Hassas ciltte tahriş riski taşır, dikkatli kullanılmalı","Risk of irritation, use with caution",neutral,,,neutral,,
idebenone,idebenone,Rating: Best. Categories: Antioxidants,0.0,0.0,0.0,1.0,0.0,0.0,0.0,,,noxmoon,0,Antioxidant,Antioksidan,Serbest radikallere karşı koruyucu antioksidan,neutral,,,neutral,,,neutral,,,neutral,,,neutral,,,neutral,,,neutral,,
imidazolidinyl urea,imidazolidinylurea,Rating: Average. Categories: Preservatives,0.0,0.0,0.0,0.0,0.0,0.0,0.0,,,noxmoon,116,Preservative,Koruyucu,Ürünün raf ömrünü uzatan koruyucu madde,neutral,,,neutral,,,neutral,,,neutral,,,neutral,,,neutral,,,neutral,,
inactive ingredient,inactiveingredient,Rating: Good. Categories: Miscellaneous,0.0,0.0,0.0,0.0,0.0,0.0,0.0,,,noxmoon,0,Skincare Ingredient,Cilt Bakım Bileşeni,Cilt bakım bileşeni,neutral,,,neutral,,,neutral,,,neutral,,,neutral,,,neutral,,,neutral,,
inositol,inositol,Rating: Best. Categories: Skin-Replenishing,2.0,0.0,0.0,0.0,1.0,0.0,0.0,,,noxmoon,47,Ceramide,Seramid,Cilt bariyerini güçlendiren bileşen,beneficial,Kuru cilt için faydalı bileşen,Beneficial for dry skin,neutral,,,neutral,,,neutral,,,neutral,,,neutral,,,neutral,,
iodopropynyl butylcarbamate,iodopropynylbutylcarbamate,Rating: Good. Categories: Preservatives,0.0,0.0,0.0,0.0,0.0,0.0,0.0,,,noxmoon,181,Preservative,Koruyucu,Ürünün raf ömrünü uzatan koruyucu madde,neutral,,,neutral,,,neutral,,,neutral,,,neutral,,,neutral,,,neutral,,
iron oxides,ironoxides,Rating: Good. Categories: Coloring Agents/Pigments,0.0,0.0,0.0,0.0,0.0,0.0,0.0,,,noxmoon,285,Skincare Ingredient,Cilt Bakım Bileşeni,Cilt bakım bileşeni,neutral,,,neutral,,,neutral,,,neutral,,,neutral,,,neutral,,,neutral,,
iron powder,ironpowder,Rating: Average. Categories: Absorbent,0.0,0.0,0.0,0.0,0.0,0.0,0.0,,,noxmoon,0,Mineral,Mineral,Mineral bazlı cilt bakım bileşeni,neutral,,,neutral,,,neutral,,,neutral,,,neutral,,,neutral,,,neutral,,
isoamyl cocoate,isoamylcocoate,"Rating: Good. Categories: Emollients, Skin-Softening",1.0,0.0,0.0,0.0,0.0,0.0,0.0,,,noxmoon,1,Emollient,Yumuşatıcı (Emoliyan),Cildi yumuşatan ve pürüzsüzleştiren bileşen,neutral,,,neutral,,,neutral,,,neutral,,,neutral,,,neutral,,,neutral,,
isoamyl laurate,isoamyllaurate,"Rating: Good. Categories: Emulsifiers, Skin-Softening",0.0,0.0,0.0,0.0,0.0,0.0,0.0,,,noxmoon,18,Skincare Ingredient,Cilt Bakım Bileşeni,Cilt bakım bileşeni,neutral,,,neutral,,,neutral,,,neutral,,,neutral,,,neutral,,,neutral,,
isobutyl acetate,isobutylacetate,Rating: Good. Categories: Miscellaneous,0.0,0.0,0.0,0.0,0.0,0.0,0.0,,,noxmoon,0,Skincare Ingredient,Cilt Bakım Bileşeni,Cilt bakım bileşeni,neutral,,,neutral,,,neutral,,,neutral,,,neutral,,,neutral,,,neutral,,
isobutylparaben,isobutylparaben,Rating: Good. Categories: Preservatives,0.0,0.0,0.0,0.0,0.0,0.0,0.0,,,noxmoon,331,Preservative,Koruyucu,Ürünün raf ömrünü uzatan koruyucu madde,neutral,,,neutral,,,neutral,,,neutral,,,neutral,,,neutral,,,neutral,,
isocetyl salicylate,isocetylsalicylate,Rating: Average. Categories: Miscellaneous,0.0,0.0,0.0,0.0,0.0,0.0,0.0,,,noxmoon,0,Skincare Ingredient,Cilt Bakım Bileşeni,Cilt bakım bileşeni,neutral,,,neutral,,,neutral,,,neutral,,,neutral,,,neutral,,,neutral,,
isododecane,isododecane,"Rating: Good. Categories: Miscellaneous, Texture Enhancer",0.0,0.0,0.0,0.0,0.0,0.0,0.0,,,noxmoon,153,Skincare Ingredient,Cilt Bakım Bileşeni,Cilt bakım bileşeni,neutral,,,neutral,,,neutral,,,neutral,,,neutral,,,neutral,,,neutral,,
isoflavone,isoflavone,"Rating: Best. Categories: Antioxidants, Plant Extracts",0.0,0.0,0.0,1.0,0.0,0.0,0.0,,,noxmoon,0,Antioxidant,Antioksidan,Serbest radikallere karşı koruyucu antioksidan,neutral,,,neutral,,,neutral,,,neutral,,,neutral,,,neutral,,,neutral,,
isohexadecane,isohexadecane,"Rating: Good. Categories: Thickeners/Emulsifiers, Cleansing Agents, Texture Enhancer",0.0,1.0,0.0,0.0,0.0,0.0,0.0,,,noxmoon,466,Skincare Ingredient,Cilt Bakım Bileşeni,Cilt bakım bileşeni,neutral,,,neutral,,,neutral,,,neutral,,,neutral,,,neutral,,,neutral,,
isononyl isononanoate,isononylisononanoate,Rating: Good. Categories: Emollients,1.0,0.0,0.0,0.0,0.0,0.0,0.0,,,noxmoon,222,Emollient,Yumuşatıcı (Emoliyan),Cildi yumuşatan ve pürüzsüzleştiren bileşen,neutral,,,neutral,,,neutral,,,neutral,,,neutral,,,neutral,,,neutral,,
isoparaffin,isoparaffin,"Rating: Good. Categories: Thickeners/Emulsifiers, Texture Enhancer",0.0,0.0,0.0,0.0,0.0,0.0,0.0,,,noxmoon,2,Skincare Ingredient,Cilt Bakım Bileşeni,Cilt bakım bileşeni,neutral,,,neutral,,,neutral,,,neutral,,,neutral,,,neutral,,,neutral,,
isopropyl alcohol,isopropylalcohol,Rating: Poor. Categories: Sensitizing,-1.0,0.0,0.0,0.0,-2.0,0.0,0.0,,Sensitizing,noxmoon,24,Skincare Ingredient,Cilt Bakım Bileşeni,Cilt bakım bileşeni,caution,"Kurutucu etki yapabilir, nemlendiriciyle kullanılmalı",May have drying effects,neutral,,,neutral,,,neutral,,,caution,"Hassas ciltte tahriş riski taşır, dikkatli kullanılmalı","Risk of irritation, use with caution",neutral,,,neutral,,
isopropyl isostearate,isopropylisostearate,Rating: Good. Categories: Emollients,1.0,0.0,0.0,0.0,0.0,0.0,0.0,,,noxmoon,64,Emollient,Yumuşatıcı (Emoliyan),Cildi yumuşatan ve pürüzsüzleştiren bileşen,neutral,,,neutral,,,neutral,,,neutral,,,neutral,,,neutral,,,neutral,,
isopropyl lanolate,isopropyllanolate,"Rating: Good. Categories: Thickeners/Emulsifiers, Texture Enhancer, Emollients",1.0,0.0,0.0,0.0,0.0,0.0,0.0,,,noxmoon,7,Skincare Ingredient,Cilt Bakım Bileşeni,Cilt bakım bileşeni,neutral,,,neutral,,,neutral,,,neutral,,,neutral,,,neutral,,,neutral,,
isopropyl myristate,isopropylmyristate,"Rating: Good. Categories: Texture Enhancer, Emollients",1.0,0.0,0.0,0.0,0.0,0.0,0.0,,,noxmoon,108,Skincare Ingredient,Cilt Bakım Bileşeni,Cilt bakım bileşeni,neutral,,,neutral,,,neutral,,,neutral,,,neutral,,,neutral,,,neutral,,
isopropyl palmitate,isopropylpalmitate,"Rating: Good. Categories: Emollients, Texture Enhancer",1.0,0.0,0.0,0.0,0.0,0.0,0.0,,,noxmoon,139,Emollient,Yumuşatıcı (Emoliyan),Cildi yumuşatan ve pürüzsüzleştiren bileşen,neutral,,,neutral,,,neutral,,,neutral,,,neutral,,,neutral,,,neutral,,
isopropyl titanium triisostearate,isopropyltitaniumtriisostearate,"Rating: Good. Categories: Emulsifiers, Texture Enhancer, Emollients",1.0,0.0,0.0,0.0,0.0,0.0,0.0,,,noxmoon,20,Skincare Ingredient,Cilt Bakım Bileşeni,Cilt bakım bileşeni,neutral,,,neutral,,,neutral,,,neutral,,,neutral,,,neutral,,,neutral,,
isopropyl titanium triisostearte/triethoxycaprylylsilane crosspolymer,isopropyltitaniumtriisosteartetriethoxycaprylylsilanecrosspolymer,"Rating: Good. Categories: Thickeners/Emulsifiers, Silicones, Texture Enhancer",1.0,0.0,0.0,1.0,0.0,0.0,0.0,,,noxmoon,0,Skincare Ingredient,Cilt Bakım Bileşeni,Cilt bakım bileşeni,neutral,,,neutral,,,neutral,,,neutral,,,neutral,,,neutral,,,neutral,,
isostearamide DEA,isostearamidedea,"Rating: Good. Categories: Thickeners/Emulsifiers, Texture Enhancer, Cleansing Agents",0.0,1.0,0.0,0.0,0.0,0.0,0.0,,,noxmoon,0,Skincare Ingredient,Cilt Bakım Bileşeni,Cilt bakım bileşeni,neutral,,,neutral,,,neutral,,,neutral,,,neutral,,,neutral,,,neutral,,
isostearic acid,isostearicacid,"Rating: Good. Categories: Thickeners/Emulsifiers, Texture Enhancer",0.0,0.0,0.0,0.0,0.0,0.0,0.0,,,noxmoon,87,Skincare Ingredient,Cilt Bakım Bileşeni,Cilt bakım bileşeni,neutral,,,neutral,,,neutral,,,neutral,,,neutral,,,neutral,,,neutral,,
ivy extract,ivyextract,"Rating: Poor. Categories: Plant Extracts, Sensitizing",-1.0,0.0,0.0,0.0,-2.0,0.0,0.0,,Sensitizing,noxmoon,2,Botanical Extract,Bitkisel Ekstrakt,Bitkisel kaynaklı aktif ekstrakt,caution,"Kurutucu etki yapabilir, nemlendiriciyle kullanılmalı",May have drying effects,neutral,,,neutral,,,neutral,,,caution,"Hassas ciltte tahriş riski taşır, dikkatli kullanılmalı","Risk of irritation, use with caution",neutral,,,neutral,,
jasmine oil,jasmineoil,"Rating: Poor. Categories: Plant Extracts, Sensitizing, Fragrance: Synthetic and Fragrant Plant Extracts",-1.0,0.0,0.0,0.0,-4.0,0.0,0.0,,Sensitizing,noxmoon,3,Botanical Extract,Bitkisel Ekstrakt,Bitkisel kaynaklı aktif ekstrakt,caution,"Kurutucu etki yapabilir, nemlendiriciyle kullanılmalı",May have drying effects,neutral,,,neutral,,,neutral,,,caution,"Hassas ciltte tahriş riski taşır, dikkatli kullanılmalı","Risk of irritation, use with caution",neutral,,,neutral,,
jojoba butter,jojobabutter,"Rating: Best. Categories: Antioxidants, Emollients, Plant Extracts",1.0,0.0,0.0,1.0,0.0,0.0,0.0,,,noxmoon,3,Antioxidant,Antioksidan,Serbest radikallere karşı koruyucu antioksidan,neutral,,,neutral,,,neutral,,,neutral,,,neutral,,,neutral,,,neutral,,
jojoba esters,jojobaesters,"Rating: Best. Categories: Plant Extracts, Emollients",1.0,0.0,0.0,0.0,0.0,0.0,0.0,,,noxmoon,174,Botanical Extract,Bitkisel Ekstrakt,Bitkisel kaynaklı aktif ekstrakt,neutral,,,neutral,,,neutral,,,neutral,,,neutral,,,neutral,,,neutral,,
jojoba wax,jojobawax,"Rating: Best. Categories: Plant Extracts, Skin-Replenishing, Emollients",3.0,0.0,0.0,0.0,1.0,0.0,0.0,,,noxmoon,0,Botanical Extract,Bitkisel Ekstrakt,Bitkisel kaynaklı aktif ekstrakt,beneficial,Kuru cilt için faydalı bileşen,Beneficial for dry skin,neutral,,,neutral,,,neutral,,,neutral,,,neutral,,,neutral,,
jonquil extract,jonquilextract,"Rating: Poor. Categories: Plant Extracts, Sensitizing, Fragrance: Synthetic and Fragrant Plant Extracts",-1.0,0.0,0.0,0.0,-4.0,0.0,0.0,,Sensitizing,noxmoon,0,Botanical Extract,Bitkisel Ekstrakt,Bitkisel kaynaklı aktif ekstrakt,caution,"Kurutucu etki yapabilir, nemlendiriciyle kullanılmalı",May have drying effects,neutral,,,neutral,,,neutral,,,caution,"Hassas ciltte tahriş riski taşır, dikkatli kullanılmalı","Risk of irritation, use with caution",neutral,,,neutral,,
jujube fruit extract,jujubefruitextract,"Rating: Good. Categories: Skin-Soothing, Plant Extracts, Antioxidants",1.0,0.0,0.0,1.0,2.0,0.0,0.0,,,noxmoon,4,Emollient,Yumuşatıcı (Emoliyan),Cildi yumuşatan ve pürüzsüzleştiren bileşen,neutral,,,neutral,,,neutral,,,neutral,,,beneficial,Hassas cilt için faydalı bileşen,Beneficial for sensitive skin,neutral,,,neutral,,
juniper berry,juniperberry,"Rating: Poor. Categories: Skin-Soothing, Plant Extracts, Sensitizing",0.0,0.0,0.0,0.0,-1.0,0.0,0.0,,Sensitizing,noxmoon,0,Emollient,Yumuşatıcı (Emoliyan),Cildi yumuşatan ve pürüzsüzleştiren bileşen,neutral,,,neutral,,,neutral,,,neutral,,,caution,"Hassas ciltte tahriş riski taşır, dikkatli kullanılmalı","Risk of irritation, use with caution",neutral,,,neutral,,
kaolin,kaolin,Rating: Good. Categories: Absorbent,0.0,0.0,0.0,0.0,0.0,0.0,0.0,,,noxmoon,192,Mineral,Mineral,Mineral bazlı cilt bakım bileşeni,neutral,,,neutral,,,neutral,,,neutral,,,neutral,,,neutral,,,neutral,,
kava-kava extract,kavakavaextract,"Rating: Poor. Categories: Skin-Soothing, Plant Extracts, Sensitizing",0.0,0.0,0.0,0.0,-1.0,0.0,0.0,,Sensitizing,noxmoon,0,Emollient,Yumuşatıcı (Emoliyan),Cildi yumuşatan ve pürüzsüzleştiren bileşen,neutral,,,neutral,,,neutral,,,neutral,,,caution,"Hassas ciltte tahriş riski taşır, dikkatli kullanılmalı","Risk of irritation, use with caution",neutral,,,neutral,,
kawa extract,kawaextract,"Rating: Poor. Categories: Skin-Soothing, Plant Extracts, Sensitizing",0.0,0.0,0.0,0.0,-1.0,0.0,0.0,,Sensitizing,noxmoon,0,Emollient,Yumuşatıcı (Emoliyan),Cildi yumuşatan ve pürüzsüzleştiren bileşen,neutral,,,neutral,,,neutral,,,neutral,,,caution,"Hassas ciltte tahriş riski taşır, dikkatli kullanılmalı","Risk of irritation, use with caution",neutral,,,neutral,,
kelp extract,kelpextract,"Rating: Good. Categories: Antioxidants, Thickeners/Emulsifiers, Emollients, Plant Extracts",1.0,0.0,0.0,1.0,0.0,0.0,0.0,,,noxmoon,0,Antioxidant,Antioksidan,Serbest radikallere karşı koruyucu antioksidan,neutral,,,neutral,,,neutral,,,neutral,,,neutral,,,neutral,,,neutral,,
kiwi fruit extract,kiwifruitextract,"Rating: Best. Categories: Antioxidants, Plant Extracts",0.0,0.0,0.0,1.0,0.0,0.0,0.0,,,noxmoon,0,Antioxidant,Antioksidan,Serbest radikallere karşı koruyucu antioksidan,neutral,,,neutral,,,neutral,,,neutral,,,neutral,,,neutral,,,neutral,,
kojic dipalmitate,kojicdipalmitate,Rating: Good. Categories: Antioxidants,0.0,0.0,0.0,1.0,0.0,0.0,0.0,,,noxmoon,3,Antioxidant,Antioksidan,Serbest radikallere karşı koruyucu antioksidan,neutral,,,neutral,,,neutral,,,neutral,,,neutral,,,neutral,,,neutral,,
kola nut,kolanut,"Rating: Average. Categories: Plant Extracts, Sensitizing",-1.0,0.0,0.0,0.0,-2.0,0.0,0.0,,Sensitizing,noxmoon,0,Botanical Extract,Bitkisel Ekstrakt,Bitkisel kaynaklı aktif ekstrakt,caution,"Kurutucu etki yapabilir, nemlendiriciyle kullanılmalı",May have drying effects,neutral,,,neutral,,,neutral,,,caution,"Hassas ciltte tahriş riski taşır, dikkatli kullanılmalı","Risk of irritation, use with caution",neutral,,,neutral,,
kudzu root,kudzuroot,"Rating: Best. Categories: Antioxidants, Plant Extracts",0.0,0.0,0.0,1.0,0.0,0.0,0.0,,,noxmoon,0,Antioxidant,Antioksidan,Serbest radikallere karşı koruyucu antioksidan,neutral,,,neutral,,,neutral,,,neutral,,,neutral,,,neutral,,,neutral,,
kukui nut oil,kukuinutoil,"Rating: Best. Categories: Plant Extracts, Emollients",1.0,0.0,0.0,0.0,0.0,0.0,0.0,,,noxmoon,4,Botanical Extract,Bitkisel Ekstrakt,Bitkisel kaynaklı aktif ekstrakt,neutral,,,neutral,,,neutral,,,neutral,,,neutral,,,neutral,,,neutral,,
lactobionate,lactobionate,Rating: Good. Categories: Skin-Replenishing,2.0,0.0,0.0,0.0,1.0,0.0,0.0,,,noxmoon,0,Ceramide,Seramid,Cilt bariyerini güçlendiren bileşen,beneficial,Kuru cilt için faydalı bileşen,Beneficial for dry skin,neutral,,,neutral,,,neutral,,,neutral,,,neutral,,,neutral,,
lactoperoxidase,lactoperoxidase,Rating: Best. Categories: Miscellaneous,0.0,0.0,0.0,0.0,0.0,0.0,0.0,,,noxmoon,31,Skincare Ingredient,Cilt Bakım Bileşeni,Cilt bakım bileşeni,neutral,,,neutral,,,neutral,,,neutral,,,neutral,,,neutral,,,neutral,,
lady's mantle extract,ladysmantleextract,"Rating: Poor. Categories: Plant Extracts, Miscellaneous",0.0,0.0,0.0,0.0,-1.0,0.0,0.0,,,noxmoon,0,Botanical Extract,Bitkisel Ekstrakt,Bitkisel kaynaklı aktif ekstrakt,neutral,,,neutral,,,neutral,,,neutral,,,caution,"Hassas ciltte tahriş riski taşır, dikkatli kullanılmalı","Risk of irritation, use with caution",neutral,,,neutral,,
lady's thistle (milk thistle) extract,ladysthistlemilkthistleextract,"Rating: Best. Categories: Antioxidants, Plant Extracts, Skin-Restoring",2.0,0.0,0.0,1.0,1.0,0.0,0.0,,,noxmoon,0,Antioxidant,Antioksidan,Serbest radikallere karşı koruyucu antioksidan,beneficial,Kuru cilt için faydalı bileşen,Beneficial for dry skin,neutral,,,neutral,,,neutral,,,neutral,,,neutral,,,neutral,,
lanolin,lanolin,"Rating: Good. Categories: Emollients, Skin-Replenishing",3.0,0.0,0.0,0.0,1.0,0.0,0.0,,,noxmoon,80,Emollient,Yumuşatıcı (Emoliyan),Cildi yumuşatan ve pürüzsüzleştiren bileşen,beneficial,Kuru cilt için faydalı bileşen,Beneficial for dry skin,neutral,,,neutral,,,neutral,,,neutral,,,neutral,,,neutral,,
lanolin alcohol,lanolinalcohol,"Rating: Good. Categories: Emollients, Skin-Replenishing",3.0,0.0,0.0,0.0,1.0,0.0,0.0,,,noxmoon,31,Emollient,Yumuşatıcı (Emoliyan),Cildi yumuşatan ve pürüzsüzleştiren bileşen,beneficial,Kuru cilt için faydalı bileşen,Beneficial for dry skin,neutral,,,neutral,,,neutral,,,neutral,,,neutral,,,neutral,,
lappa extract,lappaextract,"Rating: Good. Categories: Skin-Soothing, Plant Extracts, Antioxidants",1.0,0.0,0.0,1.0,2.0,0.0,0.0,,,noxmoon,0,Emollient,Yumuşatıcı (Emoliyan),Cildi yumuşatan ve pürüzsüzleştiren bileşen,neutral,,,neutral,,,neutral,,,neutral,,,beneficial,Hassas cilt için faydalı bileşen,Beneficial for sensitive skin,neutral,,,neutral,,
lauramphocarboxyglycinate,lauramphocarboxyglycinate,Rating: Good. Categories: Cleansing Agents,0.0,1.0,0.0,0.0,0.0,0.0,0.0,,,noxmoon,0,Surfactant,Yüzey Aktif Madde,Temizleme işlevi gören yüzey aktif madde,neutral,,,neutral,,,neutral,,,neutral,,,neutral,,,neutral,,,neutral,,
laurdimonium hydroxypropyl hydrolyzed soy protein,laurdimoniumhydroxypropylhydrolyzedsoyprotein,Rating: Good. Categories: Miscellaneous,0.0,0.0,0.0,0.0,0.0,0.0,0.0,,,noxmoon,8,Skincare Ingredient,Cilt Bakım Bileşeni,Cilt bakım bileşeni,neutral,,,neutral,,,neutral,,,neutral,,,neutral,,,neutral,,,neutral,,
laurdimonium hydroxypropyl hydrolyzed wheat protein,laurdimoniumhydroxypropylhydrolyzedwheatprotein,Rating: Good. Categories: Miscellaneous,0.0,0.0,0.0,0.0,0.0,0.0,0.0,,,noxmoon,0,Skincare Ingredient,Cilt Bakım Bileşeni,Cilt bakım bileşeni,neutral,,,neutral,,,neutral,,,neutral,,,neutral,,,neutral,,,neutral,,
laureth-23,laureth23,"Rating: Good. Categories: Thickeners/Emulsifiers, Cleansing Agents, Texture Enhancer",0.0,1.0,0.0,0.0,0.0,0.0,0.0,,,noxmoon,39,Skincare Ingredient,Cilt Bakım Bileşeni,Cilt bakım bileşeni,neutral,,,neutral,,,neutral,,,neutral,,,neutral,,,neutral,,,neutral,,
laureth-4,laureth4,"Rating: Good. Categories: Thickeners/Emulsifiers, Texture Enhancer, Cleansing Agents",0.0,1.0,0.0,0.0,0.0,0.0,0.0,,,noxmoon,74,Skincare Ingredient,Cilt Bakım Bileşeni,Cilt bakım bileşeni,neutral,,,neutral,,,neutral,,,neutral,,,neutral,,,neutral,,,neutral,,
laureth-7,laureth7,"Rating: Good. Categories: Thickeners/Emulsifiers, Cleansing Agents",0.0,1.0,0.0,0.0,0.0,0.0,0.0,,,noxmoon,392,Skincare Ingredient,Cilt Bakım Bileşeni,Cilt bakım bileşeni,neutral,,,neutral,,,neutral,,,neutral,,,neutral,,,neutral,,,neutral,,
laureths,laureths,Rating: Good. Categories: Cleansing Agents,0.0,1.0,0.0,0.0,0.0,0.0,0.0,,,noxmoon,0,Surfactant,Yüzey Aktif Madde,Temizleme işlevi gören yüzey aktif madde,neutral,,,neutral,,,neutral,,,neutral,,,neutral,,,neutral,,,neutral,,
lauric acid,lauricacid,"Rating: Best. Categories: Skin-Replenishing, Cleansing Agents",2.0,1.0,0.0,0.0,1.0,0.0,0.0,,,noxmoon,84,Ceramide,Seramid,Cilt bariyerini güçlendiren bileşen,beneficial,Kuru cilt için faydalı bileşen,Beneficial for dry skin,neutral,,,neutral,,,neutral,,,neutral,,,neutral,,,neutral,,
lauroyl lysine,lauroyllysine,Rating: Good. Categories: Miscellaneous,0.0,0.0,0.0,0.0,0.0,0.0,0.0,,,noxmoon,39,Skincare Ingredient,Cilt Bakım Bileşeni,Cilt bakım bileşeni,neutral,,,neutral,,,neutral,,,neutral,,,neutral,,,neutral,,,neutral,,
lauryl PEG-9 polydimethylsiloxyethyl dimethicone,laurylpeg9polydimethylsiloxyethyldimethicone,"Rating: Good. Categories: Emulsifiers, Miscellaneous, Texture Enhancer, Thickeners/Emulsifiers",0.0,0.0,0.0,0.0,0.0,0.0,0.0,,,noxmoon,63,Silicone,Silikon,Cildi pürüzsüzleştiren silikon bazlı bileşen,neutral,,,neutral,,,neutral,,,neutral,,,neutral,,,neutral,,,neutral,,
lauryl alcohol,laurylalcohol,Rating: Good. Categories: Cleansing Agents,0.0,1.0,0.0,0.0,0.0,0.0,0.0,,,noxmoon,24,Surfactant,Yüzey Aktif Madde,Temizleme işlevi gören yüzey aktif madde,neutral,,,neutral,,,neutral,,,neutral,,,neutral,,,neutral,,,neutral,,
lauryl glucoside,laurylglucoside,Rating: Good. Categories: Cleansing Agents,0.0,1.0,0.0,0.0,0.0,0.0,0.0,,,noxmoon,83,Surfactant,Yüzey Aktif Madde,Temizleme işlevi gören yüzey aktif madde,neutral,,,neutral,,,neutral,,,neutral,,,neutral,,,neutral,,,neutral,,
lauryl lactate,lauryllactate,"Rating: Good. Categories: Fragrance: Synthetic and Fragrant Plant Extracts, Emollients",1.0,0.0,0.0,0.0,-2.0,0.0,0.0,,,noxmoon,23,Fragrance,Parfüm / Koku,Ürüne koku veren parfüm bileşeni,neutral,,,neutral,,,neutral,,,neutral,,,caution,"Hassas ciltte tahriş riski taşır, dikkatli kullanılmalı","Risk of irritation, use with caution",neutral,,,neutral,,
lauryl laurate,lauryllaurate,"Rating: Best. Categories: Emollients, Texture Enhancer",1.0,0.0,0.0,0.0,0.0,0.0,0.0,,,noxmoon,13,Emollient,Yumuşatıcı (Emoliyan),Cildi yumuşatan ve pürüzsüzleştiren bileşen,neutral,,,neutral,,,neutral,,,neutral,,,neutral,,,neutral,,,neutral,,
lavandin oil,lavandinoil,"Rating: Poor. Categories: Plant Extracts, Sensitizing, Fragrance: Synthetic and Fragrant Plant Extracts",-1.0,0.0,0.0,0.0,-4.0,0.0,0.0,,Sensitizing,noxmoon,2,Botanical Extract,Bitkisel Ekstrakt,Bitkisel kaynaklı aktif ekstrakt,caution,"Kurutucu etki yapabilir, nemlendiriciyle kullanılmalı",May have drying effects,neutral,,,neutral,,,neutral,,,caution,"Hassas ciltte tahriş riski taşır, dikkatli kullanılmalı","Risk of irritation, use with caution",neutral,,,neutral,,
lavender extract and oil,lavenderextractandoil,"Rating: Poor. Categories: Plant Extracts, Sensitizing, Fragrance: Synthetic and Fragrant Plant Extracts",-1.0,0.0,0.0,0.0,-4.0,0.0,0.0,,Sensitizing,noxmoon,0,Botanical Extract,Bitkisel Ekstrakt,Bitkisel kaynaklı aktif ekstrakt,caution,"Kurutucu etki yapabilir, nemlendiriciyle kullanılmalı",May have drying effects,neutral,,,neutral,,,neutral,,,caution,"Hassas ciltte tahriş riski taşır, dikkatli kullanılmalı","Risk of irritation, use with caution",neutral,,,neutral,,
lemon,lemon,"Rating: Poor. Categories: Plant Extracts, Fragrance: Synthetic and Fragrant Plant Extracts, Sensitizing",-1.0,0.0,0.0,0.0,-4.0,0.0,0.0,,Sensitizing,noxmoon,5,Botanical Extract,Bitkisel Ekstrakt,Bitkisel kaynaklı aktif ekstrakt,caution,"Kurutucu etki yapabilir, nemlendiriciyle kullanılmalı",May have drying effects,neutral,,,neutral,,,neutral,,,caution,"Hassas ciltte tahriş riski taşır, dikkatli kullanılmalı","Risk of irritation, use with caution",neutral,,,neutral,,
lemon balm,lemonbalm,"Rating: Poor. Categories: Plant Extracts, Sensitizing, Fragrance: Synthetic and Fragrant Plant Extracts",-1.0,0.0,0.0,0.0,-4.0,0.0,0.0,,Sensitizing,noxmoon,0,Botanical Extract,Bitkisel Ekstrakt,Bitkisel kaynaklı aktif ekstrakt,caution,"Kurutucu etki yapabilir, nemlendiriciyle kullanılmalı",May have drying effects,neutral,,,neutral,,,neutral,,,caution,"Hassas ciltte tahriş riski taşır, dikkatli kullanılmalı","Risk of irritation, use with caution",neutral,,,neutral,,
lemon juice,lemonjuice,"Rating: Poor. Categories: Antioxidants, Sensitizing",-1.0,0.0,0.0,1.0,-2.0,0.0,0.0,,Sensitizing,noxmoon,0,Antioxidant,Antioksidan,Serbest radikallere karşı koruyucu antioksidan,caution,"Kurutucu etki yapabilir, nemlendiriciyle kullanılmalı",May have drying effects,neutral,,,neutral,,,neutral,,,caution,"Hassas ciltte tahriş riski taşır, dikkatli kullanılmalı","Risk of irritation, use with caution",neutral,,,neutral,,
lemon oil,lemonoil,"Rating: Poor. Categories: Plant Extracts, Fragrance: Synthetic and Fragrant Plant Extracts, Sensitizing",-1.0,0.0,0.0,0.0,-4.0,0.0,0.0,,Sensitizing,noxmoon,3,Botanical Extract,Bitkisel Ekstrakt,Bitkisel kaynaklı aktif ekstrakt,caution,"Kurutucu etki yapabilir, nemlendiriciyle kullanılmalı",May have drying effects,neutral,,,neutral,,,neutral,,,caution,"Hassas ciltte tahriş riski taşır, dikkatli kullanılmalı","Risk of irritation, use with caution",neutral,,,neutral,,
lemongrass extract,lemongrassextract,"Rating: Poor. Categories: Plant Extracts, Fragrance: Synthetic and Fragrant Plant Extracts, Sensitizing",-1.0,0.0,0.0,0.0,-4.0,0.0,0.0,,Sensitizing,noxmoon,3,Botanical Extract,Bitkisel Ekstrakt,Bitkisel kaynaklı aktif ekstrakt,caution,"Kurutucu etki yapabilir, nemlendiriciyle kullanılmalı",May have drying effects,neutral,,,neutral,,,neutral,,,caution,"Hassas ciltte tahriş riski taşır, dikkatli kullanılmalı","Risk of irritation, use with caution",neutral,,,neutral,,
lemongrass oil,lemongrassoil,"Rating: Poor. Categories: Plant Extracts, Fragrance: Synthetic and Fragrant Plant Extracts, Sensitizing",-1.0,0.0,0.0,0.0,-4.0,0.0,0.0,,Sensitizing,noxmoon,0,Botanical Extract,Bitkisel Ekstrakt,Bitkisel kaynaklı aktif ekstrakt,caution,"Kurutucu etki yapabilir, nemlendiriciyle kullanılmalı",May have drying effects,neutral,,,neutral,,,neutral,,,caution,"Hassas ciltte tahriş riski taşır, dikkatli kullanılmalı","Risk of irritation, use with caution",neutral,,,neutral,,
lentil fruit extract,lentilfruitextract,"Rating: Good. Categories: Antioxidants, Plant Extracts, Skin-Softening",0.0,0.0,0.0,1.0,0.0,0.0,0.0,,,noxmoon,2,Antioxidant,Antioksidan,Serbest radikallere karşı koruyucu antioksidan,neutral,,,neutral,,,neutral,,,neutral,,,neutral,,,neutral,,,neutral,,
leuconostoc/radish root ferment filtrate,leuconostocradishrootfermentfiltrate,"Rating: Good. Categories: Plant Extracts, Preservatives",0.0,0.0,0.0,0.0,0.0,0.0,0.0,,,noxmoon,88,Botanical Extract,Bitkisel Ekstrakt,Bitkisel kaynaklı aktif ekstrakt,neutral,,,neutral,,,neutral,,,neutral,,,neutral,,,neutral,,,neutral,,
licorice root,licoriceroot,"Rating: Best. Categories: Skin-Soothing, Plant Extracts",1.0,0.0,0.0,0.0,2.0,0.0,0.0,,,noxmoon,1,Emollient,Yumuşatıcı (Emoliyan),Cildi yumuşatan ve pürüzsüzleştiren bileşen,neutral,,,neutral,,,neutral,,,neutral,,,beneficial,Hassas cilt için faydalı bileşen,Beneficial for sensitive skin,neutral,,,neutral,,
lime oil and extract,limeoilandextract,"Rating: Poor. Categories: Plant Extracts, Sensitizing, Fragrance: Synthetic and Fragrant Plant Extracts",-1.0,0.0,0.0,0.0,-4.0,0.0,0.0,,Sensitizing,noxmoon,0,Botanical Extract,Bitkisel Ekstrakt,Bitkisel kaynaklı aktif ekstrakt,caution,"Kurutucu etki yapabilir, nemlendiriciyle kullanılmalı",May have drying effects,neutral,,,neutral,,,neutral,,,caution,"Hassas ciltte tahriş riski taşır, dikkatli kullanılmalı","Risk of irritation, use with caution",neutral,,,neutral,,
limonene,limonene,"Rating: Poor. Categories: Fragrance: Synthetic and Fragrant Plant Extracts, Sensitizing",-1.0,0.0,0.0,0.0,-4.0,0.0,0.0,,Sensitizing,noxmoon,913,Fragrance,Parfüm / Koku,Ürüne koku veren parfüm bileşeni,caution,"Kurutucu etki yapabilir, nemlendiriciyle kullanılmalı",May have drying effects,neutral,,,neutral,,,neutral,,,caution,"Hassas ciltte tahriş riski taşır, dikkatli kullanılmalı","Risk of irritation, use with caution",neutral,,,neutral,,
linalool,linalool,"Rating: Poor. Categories: Fragrance: Synthetic and Fragrant Plant Extracts, Sensitizing",-1.0,0.0,0.0,0.0,-4.0,0.0,0.0,,Sensitizing,noxmoon,968,Fragrance,Parfüm / Koku,Ürüne koku veren parfüm bileşeni,caution,"Kurutucu etki yapabilir, nemlendiriciyle kullanılmalı",May have drying effects,neutral,,,neutral,,,neutral,,,caution,"Hassas ciltte tahriş riski taşır, dikkatli kullanılmalı","Risk of irritation, use with caution",neutral,,,neutral,,
linden flower extract,lindenflowerextract,"Rating: Best. Categories: Antioxidants, Plant Extracts",0.0,0.0,0.0,1.0,0.0,0.0,0.0,,,noxmoon,0,Antioxidant,Antioksidan,Serbest radikallere karşı koruyucu antioksidan,neutral,,,neutral,,,neutral,,,neutral,,,neutral,,,neutral,,,neutral,,
linseed oil,linseedoil,Rating: Best. Categories: Plant Extracts,0.0,0.0,0.0,0.0,0.0,0.0,0.0,,,noxmoon,0,Botanical Extract,Bitkisel Ekstrakt,Bitkisel kaynaklı aktif ekstrakt,neutral,,,neutral,,,neutral,,,neutral,,,neutral,,,neutral,,,neutral,,
lipid,lipid,"Rating: Best. Categories: Thickeners/Emulsifiers, Emollients, Skin-Replenishing",3.0,0.0,0.0,0.0,1.0,0.0,0.0,,,noxmoon,0,Skincare Ingredient,Cilt Bakım Bileşeni,Cilt bakım bileşeni,beneficial,Kuru cilt için faydalı bileşen,Beneficial for dry skin,neutral,,,neutral,,,neutral,,,neutral,,,neutral,,,neutral,,
liposomes,liposomes,Rating: Good. Categories: Miscellaneous,0.0,0.0,0.0,0.0,0.0,0.0,0.0,,,noxmoon,0,Skincare Ingredient,Cilt Bakım Bileşeni,Cilt bakım bileşeni,neutral,,,neutral,,,neutral,,,neutral,,,neutral,,,neutral,,,neutral,,
lithium magnesium sodium silicate,lithiummagnesiumsodiumsilicate,"Rating: Good. Categories: Thickeners/Emulsifiers, Texture Enhancer, Absorbent",0.0,0.0,0.0,0.0,0.0,0.0,0.0,,,noxmoon,9,Skincare Ingredient,Cilt Bakım Bileşeni,Cilt bakım bileşeni,neutral,,,neutral,,,neutral,,,neutral,,,neutral,,,neutral,,,neutral,,
locust bean,locustbean,"Rating: Good. Categories: Plant Extracts, Texture Enhancer, Thickeners/Emulsifiers, Film-Forming/Holding Agents",0.0,0.0,0.0,0.0,0.0,0.0,0.0,,,noxmoon,0,Botanical Extract,Bitkisel Ekstrakt,Bitkisel kaynaklı aktif ekstrakt,neutral,,,neutral,,,neutral,,,neutral,,,neutral,,,neutral,,,neutral,,
loquat extract,loquatextract,"Rating: Best. Categories: Antioxidants, Plant Extracts",0.0,0.0,0.0,1.0,0.0,0.0,0.0,,,noxmoon,0,Antioxidant,Antioksidan,Serbest radikallere karşı koruyucu antioksidan,neutral,,,neutral,,,neutral,,,neutral,,,neutral,,,neutral,,,neutral,,
lotus seed extract,lotusseedextract,"Rating: Best. Categories: Skin-Soothing, Antioxidants, Plant Extracts",1.0,0.0,0.0,1.0,2.0,0.0,0.0,,,noxmoon,0,Emollient,Yumuşatıcı (Emoliyan),Cildi yumuşatan ve pürüzsüzleştiren bileşen,neutral,,,neutral,,,neutral,,,neutral,,,beneficial,Hassas cilt için faydalı bileşen,Beneficial for sensitive skin,neutral,,,neutral,,
lovage root extract,lovagerootextract,"Rating: Poor. Categories: Plant Extracts, Sensitizing",-1.0,0.0,0.0,0.0,-2.0,0.0,0.0,,Sensitizing,noxmoon,0,Botanical Extract,Bitkisel Ekstrakt,Bitkisel kaynaklı aktif ekstrakt,caution,"Kurutucu etki yapabilir, nemlendiriciyle kullanılmalı",May have drying effects,neutral,,,neutral,,,neutral,,,caution,"Hassas ciltte tahriş riski taşır, dikkatli kullanılmalı","Risk of irritation, use with caution",neutral,,,neutral,,
lupine,lupine,"Rating: Good. Categories: Antioxidants, Plant Extracts, Emollients",1.0,0.0,0.0,1.0,0.0,0.0,0.0,,,noxmoon,0,Antioxidant,Antioksidan,Serbest radikallere karşı koruyucu antioksidan,neutral,,,neutral,,,neutral,,,neutral,,,neutral,,,neutral,,,neutral,,
lupine oil,lupineoil,"Rating: Average. Categories: Antioxidants, Emollients, Plant Extracts",1.0,0.0,0.0,1.0,0.0,0.0,0.0,,,noxmoon,0,Antioxidant,Antioksidan,Serbest radikallere karşı koruyucu antioksidan,neutral,,,neutral,,,neutral,,,neutral,,,neutral,,,neutral,,,neutral,,
lutein,lutein,Rating: Best. Categories: Antioxidants,0.0,0.0,0.0,1.0,0.0,0.0,0.0,,,noxmoon,0,Antioxidant,Antioksidan,Serbest radikallere karşı koruyucu antioksidan,neutral,,,neutral,,,neutral,,,neutral,,,neutral,,,neutral,,,neutral,,
lycopene,lycopene,Rating: Best. Categories: Antioxidants,0.0,0.0,0.0,1.0,0.0,0.0,0.0,,,noxmoon,6,Antioxidant,Antioksidan,Serbest radikallere karşı koruyucu antioksidan,neutral,,,neutral,,,neutral,,,neutral,,,neutral,,,neutral,,,neutral,,
lye,lye,"Rating: Poor. Categories: Cleansing Agents, Sensitizing",-1.0,1.0,0.0,0.0,-2.0,0.0,0.0,,Sensitizing,noxmoon,0,Surfactant,Yüzey Aktif Madde,Temizleme işlevi gören yüzey aktif madde,caution,"Kurutucu etki yapabilir, nemlendiriciyle kullanılmalı",May have drying effects,neutral,,,neutral,,,neutral,,,caution,"Hassas ciltte tahriş riski taşır, dikkatli kullanılmalı","Risk of irritation, use with caution",neutral,,,neutral,,
macadamia nut oil,macadamianutoil,"Rating: Good. Categories: Plant Extracts, Emollients",1.0,0.0,0.0,0.0,0.0,0.0,0.0,,,noxmoon,3,Botanical Extract,Bitkisel Ekstrakt,Bitkisel kaynaklı aktif ekstrakt,neutral,,,neutral,,,neutral,,,neutral,,,neutral,,,neutral,,,neutral,,
madecassoside,madecassoside,"Rating: Best. Categories: Antioxidants, Plant Extracts",0.0,0.0,0.0,1.0,0.0,0.0,0.0,,,noxmoon,13,Antioxidant,Antioksidan,Serbest radikallere karşı koruyucu antioksidan,neutral,,,neutral,,,neutral,,,neutral,,,neutral,,,neutral,,,neutral,,
magnesium,magnesium,Rating: Good. Categories: Absorbent,0.0,0.0,0.0,0.0,0.0,0.0,0.0,,,noxmoon,1,Mineral,Mineral,Mineral bazlı cilt bakım bileşeni,neutral,,,neutral,,,neutral,,,neutral,,,neutral,,,neutral,,,neutral,,
magnesium aluminum silicate,magnesiumaluminumsilicate,Rating: Good. Categories: Thickeners/Emulsifiers,0.0,0.0,0.0,0.0,0.0,0.0,0.0,,,noxmoon,237,Skincare Ingredient,Cilt Bakım Bileşeni,Cilt bakım bileşeni,neutral,,,neutral,,,neutral,,,neutral,,,neutral,,,neutral,,,neutral,,
magnesium ascorbyl palmitate,magnesiumascorbylpalmitate,"Rating: Good. Categories: Antioxidants, Vitamins",0.0,0.0,0.0,1.0,0.0,0.0,0.0,,,noxmoon,0,Antioxidant,Antioksidan,Serbest radikallere karşı koruyucu antioksidan,neutral,,,neutral,,,neutral,,,neutral,,,neutral,,,neutral,,,neutral,,
magnesium aspartate,magnesiumaspartate,"Rating: Good. Categories: Skin-Softening, Hydration",0.0,0.0,0.0,0.0,0.0,0.0,0.0,,,noxmoon,99,Skincare Ingredient,Cilt Bakım Bileşeni,Cilt bakım bileşeni,neutral,,,neutral,,,neutral,,,neutral,,,neutral,,,neutral,,,neutral,,
magnesium carbonate,magnesiumcarbonate,Rating: Good. Categories: Absorbent,0.0,0.0,0.0,0.0,0.0,0.0,0.0,,,noxmoon,6,Mineral,Mineral,Mineral bazlı cilt bakım bileşeni,neutral,,,neutral,,,neutral,,,neutral,,,neutral,,,neutral,,,neutral,,
magnesium hydroxide,magnesiumhydroxide,"Rating: Good. Categories: Absorbent, Miscellaneous",0.0,0.0,0.0,0.0,0.0,0.0,0.0,,,noxmoon,0,Mineral,Mineral,Mineral bazlı cilt bakım bileşeni,neutral,,,neutral,,,neutral,,,neutral,,,neutral,,,neutral,,,neutral,,
magnesium laureth sulfate,magnesiumlaurethsulfate,Rating: Good. Categories: Cleansing Agents,0.0,1.0,0.0,0.0,0.0,0.0,0.0,,,noxmoon,2,Surfactant,Yüzey Aktif Madde,Temizleme işlevi gören yüzey aktif madde,neutral,,,neutral,,,neutral,,,neutral,,,neutral,,,neutral,,,neutral,,
magnesium oleth sulfate,magnesiumolethsulfate,Rating: Good. Categories: Cleansing Agents,0.0,1.0,0.0,0.0,0.0,0.0,0.0,,,noxmoon,2,Surfactant,Yüzey Aktif Madde,Temizleme işlevi gören yüzey aktif madde,neutral,,,neutral,,,neutral,,,neutral,,,neutral,,,neutral,,,neutral,,
magnesium stearate,magnesiumstearate,"Rating: Good. Categories: Thickeners/Emulsifiers, Texture Enhancer",0.0,0.0,0.0,0.0,0.0,0.0,0.0,,,noxmoon,13,Skincare Ingredient,Cilt Bakım Bileşeni,Cilt bakım bileşeni,neutral,,,neutral,,,neutral,,,neutral,,,neutral,,,neutral,,,neutral,,
malic acid,malicacid,Rating: Best. Categories: Exfoliant,0.0,0.0,0.0,0.0,0.0,0.0,0.0,,,noxmoon,40,Skincare Ingredient,Cilt Bakım Bileşeni,Cilt bakım bileşeni,neutral,,,neutral,,,neutral,,,neutral,,,neutral,,,neutral,,,neutral,,
mallow,mallow,"Rating: Best. Categories: Skin-Soothing, Texture Enhancer, Plant Extracts",1.0,0.0,0.0,0.0,2.0,0.0,0.0,,,noxmoon,0,Emollient,Yumuşatıcı (Emoliyan),Cildi yumuşatan ve pürüzsüzleştiren bileşen,neutral,,,neutral,,,neutral,,,neutral,,,beneficial,Hassas cilt için faydalı bileşen,Beneficial for sensitive skin,neutral,,,neutral,,
maltodextrin,maltodextrin,"Rating: Good. Categories: Thickeners, Film-Forming Agents, Absorbent",0.0,0.0,0.0,0.0,0.0,0.0,0.0,,,noxmoon,206,Skincare Ingredient,Cilt Bakım Bileşeni,Cilt bakım bileşeni,neutral,,,neutral,,,neutral,,,neutral,,,neutral,,,neutral,,,neutral,,
maltooligosyl glucoside,maltooligosylglucoside,"Rating: Good. Categories: Hydration, Film-Forming Agents, Emulsifiers, Film-Forming/Holding Agents, Texture Enhancer",0.0,0.0,0.0,0.0,0.0,0.0,0.0,,,noxmoon,10,Skincare Ingredient,Cilt Bakım Bileşeni,Cilt bakım bileşeni,neutral,,,neutral,,,neutral,,,neutral,,,neutral,,,neutral,,,neutral,,
malvaceae extract,malvaceaeextract,Rating: Average. Categories: Plant Extracts,0.0,0.0,0.0,0.0,0.0,0.0,0.0,,,noxmoon,0,Botanical Extract,Bitkisel Ekstrakt,Bitkisel kaynaklı aktif ekstrakt,neutral,,,neutral,,,neutral,,,neutral,,,neutral,,,neutral,,,neutral,,
mandarin orange oil or extract,mandarinorangeoilorextract,"Rating: Poor. Categories: Plant Extracts, Sensitizing, Fragrance: Synthetic and Fragrant Plant Extracts",-1.0,0.0,0.0,0.0,-4.0,0.0,0.0,,Sensitizing,noxmoon,0,Botanical Extract,Bitkisel Ekstrakt,Bitkisel kaynaklı aktif ekstrakt,caution,"Kurutucu etki yapabilir, nemlendiriciyle kullanılmalı",May have drying effects,neutral,,,neutral,,,neutral,,,caution,"Hassas ciltte tahriş riski taşır, dikkatli kullanılmalı","Risk of irritation, use with caution",neutral,,,neutral,,
manganese gluconate,manganesegluconate,Rating: Average. Categories: Antioxidants,0.0,0.0,0.0,1.0,0.0,0.0,0.0,,,noxmoon,25,Antioxidant,Antioksidan,Serbest radikallere karşı koruyucu antioksidan,neutral,,,neutral,,,neutral,,,neutral,,,neutral,,,neutral,,,neutral,,
manganese violet,manganeseviolet,Rating: Good. Categories: Coloring Agents/Pigments,0.0,0.0,0.0,0.0,0.0,0.0,0.0,,,noxmoon,11,Skincare Ingredient,Cilt Bakım Bileşeni,Cilt bakım bileşeni,neutral,,,neutral,,,neutral,,,neutral,,,neutral,,,neutral,,,neutral,,
manuka oil,manukaoil,"Rating: Good. Categories: Plant Extracts, Antioxidants",0.0,0.0,0.0,1.0,0.0,0.0,0.0,,,noxmoon,0,Botanical Extract,Bitkisel Ekstrakt,Bitkisel kaynaklı aktif ekstrakt,neutral,,,neutral,,,neutral,,,neutral,,,neutral,,,neutral,,,neutral,,
marigold,marigold,"Rating: Good. Categories: Skin-Soothing, Antioxidants, Plant Extracts",1.0,0.0,0.0,1.0,2.0,0.0,0.0,,,noxmoon,1,Emollient,Yumuşatıcı (Emoliyan),Cildi yumuşatan ve pürüzsüzleştiren bileşen,neutral,,,neutral,,,neutral,,,neutral,,,beneficial,Hassas cilt için faydalı bileşen,Beneficial for sensitive skin,neutral,,,neutral,,
marionberry,marionberry,"Rating: Good. Categories: Antioxidants, Plant Extracts",0.0,0.0,0.0,1.0,0.0,0.0,0.0,,,noxmoon,0,Antioxidant,Antioksidan,Serbest radikallere karşı koruyucu antioksidan,neutral,,,neutral,,,neutral,,,neutral,,,neutral,,,neutral,,,neutral,,
marjoram,marjoram,"Rating: Poor. Categories: Plant Extracts, Fragrance: Synthetic and Fragrant Plant Extracts, Sensitizing",-1.0,0.0,0.0,0.0,-4.0,0.0,0.0,,Sensitizing,noxmoon,0,Botanical Extract,Bitkisel Ekstrakt,Bitkisel kaynaklı aktif ekstrakt,caution,"Kurutucu etki yapabilir, nemlendiriciyle kullanılmalı",May have drying effects,neutral,,,neutral,,,neutral,,,caution,"Hassas ciltte tahriş riski taşır, dikkatli kullanılmalı","Risk of irritation, use with caution",neutral,,,neutral,,
marshmallow,marshmallow,"Rating: Best. Categories: Skin-Soothing, Plant Extracts, Texture Enhancer",1.0,0.0,0.0,0.0,2.0,0.0,0.0,,,noxmoon,0,Emollient,Yumuşatıcı (Emoliyan),Cildi yumuşatan ve pürüzsüzleştiren bileşen,neutral,,,neutral,,,neutral,,,neutral,,,beneficial,Hassas cilt için faydalı bileşen,Beneficial for sensitive skin,neutral,,,neutral,,
mate extract,mateextract,"Rating: Best. Categories: Skin-Soothing, Antioxidants, Plant Extracts",1.0,0.0,0.0,1.0,2.0,0.0,0.0,,,noxmoon,0,Emollient,Yumuşatıcı (Emoliyan),Cildi yumuşatan ve pürüzsüzleştiren bileşen,neutral,,,neutral,,,neutral,,,neutral,,,beneficial,Hassas cilt için faydalı bileşen,Beneficial for sensitive skin,neutral,,,neutral,,
matricaria oil,matricariaoil,"Rating: Best. Categories: Antioxidants, Plant Extracts",0.0,0.0,0.0,1.0,0.0,0.0,0.0,,,noxmoon,1,Antioxidant,Antioksidan,Serbest radikallere karşı koruyucu antioksidan,neutral,,,neutral,,,neutral,,,neutral,,,neutral,,,neutral,,,neutral,,
meadowsweet extract,meadowsweetextract,"Rating: Best. Categories: Skin-Soothing, Plant Extracts",1.0,0.0,0.0,0.0,2.0,0.0,0.0,,,noxmoon,1,Emollient,Yumuşatıcı (Emoliyan),Cildi yumuşatan ve pürüzsüzleştiren bileşen,neutral,,,neutral,,,neutral,,,neutral,,,beneficial,Hassas cilt için faydalı bileşen,Beneficial for sensitive skin,neutral,,,neutral,,
melibiose,melibiose,Rating: Good. Categories: Skin-Replenishing,2.0,0.0,0.0,0.0,1.0,0.0,0.0,,,noxmoon,2,Ceramide,Seramid,Cilt bariyerini güçlendiren bileşen,beneficial,Kuru cilt için faydalı bileşen,Beneficial for dry skin,neutral,,,neutral,,,neutral,,,neutral,,,neutral,,,neutral,,
menthol,menthol,"Rating: Poor. Categories: Plant Extracts, Fragrance: Synthetic and Fragrant Plant Extracts, Sensitizing",-1.0,0.0,0.0,0.0,-4.0,0.0,0.0,,Sensitizing,noxmoon,194,Botanical Extract,Bitkisel Ekstrakt,Bitkisel kaynaklı aktif ekstrakt,caution,"Kurutucu etki yapabilir, nemlendiriciyle kullanılmalı",May have drying effects,neutral,,,neutral,,,neutral,,,caution,"Hassas ciltte tahriş riski taşır, dikkatli kullanılmalı","Risk of irritation, use with caution",neutral,,,neutral,,
menthone,menthone,"Rating: Poor. Categories: Plant Extracts, Sensitizing, Fragrance: Synthetic and Fragrant Plant Extracts",-1.0,0.0,0.0,0.0,-4.0,0.0,0.0,,Sensitizing,noxmoon,0,Botanical Extract,Bitkisel Ekstrakt,Bitkisel kaynaklı aktif ekstrakt,caution,"Kurutucu etki yapabilir, nemlendiriciyle kullanılmalı",May have drying effects,neutral,,,neutral,,,neutral,,,caution,"Hassas ciltte tahriş riski taşır, dikkatli kullanılmalı","Risk of irritation, use with caution",neutral,,,neutral,,
menthoxypropanediol,menthoxypropanediol,"Rating: Poor. Categories: Fragrance: Synthetic and Fragrant Plant Extracts, Sensitizing",-1.0,0.0,0.0,0.0,-4.0,0.0,0.0,,Sensitizing,noxmoon,46,Fragrance,Parfüm / Koku,Ürüne koku veren parfüm bileşeni,caution,"Kurutucu etki yapabilir, nemlendiriciyle kullanılmalı",May have drying effects,neutral,,,neutral,,,neutral,,,caution,"Hassas ciltte tahriş riski taşır, dikkatli kullanılmalı","Risk of irritation, use with caution",neutral,,,neutral,,
menthyl anthranilate,menthylanthranilate,Rating: Best. Categories: Sunscreen Actives,0.0,0.0,0.0,0.0,0.0,0.0,0.0,,,noxmoon,0,Skincare Ingredient,Cilt Bakım Bileşeni,Cilt bakım bileşeni,neutral,,,neutral,,,neutral,,,neutral,,,neutral,,,neutral,,,neutral,,
menthyl lactate,menthyllactate,"Rating: Poor. Categories: Fragrance: Synthetic and Fragrant Plant Extracts, Sensitizing",-1.0,0.0,0.0,0.0,-4.0,0.0,0.0,,Sensitizing,noxmoon,76,Fragrance,Parfüm / Koku,Ürüne koku veren parfüm bileşeni,caution,"Kurutucu etki yapabilir, nemlendiriciyle kullanılmalı",May have drying effects,neutral,,,neutral,,,neutral,,,caution,"Hassas ciltte tahriş riski taşır, dikkatli kullanılmalı","Risk of irritation, use with caution",neutral,,,neutral,,
meradmiate,meradmiate,Rating: Best. Categories: Sunscreen Actives,0.0,0.0,0.0,0.0,0.0,0.0,0.0,,,noxmoon,0,Skincare Ingredient,Cilt Bakım Bileşeni,Cilt bakım bileşeni,neutral,,,neutral,,,neutral,,,neutral,,,neutral,,,neutral,,,neutral,,
methanol,methanol,Rating: Poor. Categories: Sensitizing,-1.0,0.0,0.0,0.0,-2.0,0.0,0.0,,Sensitizing,noxmoon,0,Skincare Ingredient,Cilt Bakım Bileşeni,Cilt bakım bileşeni,caution,"Kurutucu etki yapabilir, nemlendiriciyle kullanılmalı",May have drying effects,neutral,,,neutral,,,neutral,,,caution,"Hassas ciltte tahriş riski taşır, dikkatli kullanılmalı","Risk of irritation, use with caution",neutral,,,neutral,,
methicone,methicone,"Rating: Good. Categories: Silicones, Emollients, Slip Agents",2.0,0.0,0.0,1.0,0.0,0.0,0.0,,,noxmoon,36,Silicone,Silikon,Cildi pürüzsüzleştiren silikon bazlı bileşen,beneficial,Kuru cilt için faydalı bileşen,Beneficial for dry skin,neutral,,,neutral,,,neutral,,,neutral,,,neutral,,,neutral,,
methionine,methionine,"Rating: Good. Categories: Antioxidants, Skin-Replenishing",2.0,0.0,0.0,1.0,1.0,0.0,0.0,,,noxmoon,10,Antioxidant,Antioksidan,Serbest radikallere karşı koruyucu antioksidan,beneficial,Kuru cilt için faydalı bileşen,Beneficial for dry skin,neutral,,,neutral,,,neutral,,,neutral,,,neutral,,,neutral,,
methyl gluceth-20,methylgluceth20,Rating: Good. Categories: Skin-Softening,0.0,0.0,0.0,0.0,0.0,0.0,0.0,,,noxmoon,132,Skincare Ingredient,Cilt Bakım Bileşeni,Cilt bakım bileşeni,neutral,,,neutral,,,neutral,,,neutral,,,neutral,,,neutral,,,neutral,,
methyl gluceth-20 benzoate,methylgluceth20benzoate,"Rating: Good. Categories: Texture Enhancer, Emollients",1.0,0.0,0.0,0.0,0.0,0.0,0.0,,,noxmoon,1,Skincare Ingredient,Cilt Bakım Bileşeni,Cilt bakım bileşeni,neutral,,,neutral,,,neutral,,,neutral,,,neutral,,,neutral,,,neutral,,
methyl glucose sesquistearate,methylglucosesesquistearate,"Rating: Good. Categories: Emollients, Skin-Softening",1.0,0.0,0.0,0.0,0.0,0.0,0.0,,,noxmoon,56,Emollient,Yumuşatıcı (Emoliyan),Cildi yumuşatan ve pürüzsüzleştiren bileşen,neutral,,,neutral,,,neutral,,,neutral,,,neutral,,,neutral,,,neutral,,
methyl trimethicone,methyltrimethicone,"Rating: Good. Categories: Silicones, Slip Agents, Emollients",2.0,0.0,0.0,1.0,0.0,0.0,0.0,,,noxmoon,64,Silicone,Silikon,Cildi pürüzsüzleştiren silikon bazlı bileşen,beneficial,Kuru cilt için faydalı bileşen,Beneficial for dry skin,neutral,,,neutral,,,neutral,,,neutral,,,neutral,,,neutral,,
methylchloroisothiazolinone,methylchloroisothiazolinone,"Rating: Poor. Categories: Preservatives, Sensitizing",-1.0,0.0,0.0,0.0,-2.0,0.0,0.0,,Sensitizing,noxmoon,89,Preservative,Koruyucu,Ürünün raf ömrünü uzatan koruyucu madde,caution,"Kurutucu etki yapabilir, nemlendiriciyle kullanılmalı",May have drying effects,neutral,,,neutral,,,neutral,,,caution,"Hassas ciltte tahriş riski taşır, dikkatli kullanılmalı","Risk of irritation, use with caution",neutral,,,neutral,,
methyldibromo glutaronitrile,methyldibromoglutaronitrile,Rating: Poor. Categories: Preservatives,0.0,0.0,0.0,0.0,-1.0,0.0,0.0,,,noxmoon,1,Preservative,Koruyucu,Ürünün raf ömrünü uzatan koruyucu madde,neutral,,,neutral,,,neutral,,,neutral,,,caution,"Hassas ciltte tahriş riski taşır, dikkatli kullanılmalı","Risk of irritation, use with caution",neutral,,,neutral,,
methyldihydrojasmonate,methyldihydrojasmonate,Rating: Poor. Categories: Fragrance: Synthetic and Fragrant Plant Extracts,0.0,0.0,0.0,0.0,-2.0,0.0,0.0,,,noxmoon,55,Fragrance,Parfüm / Koku,Ürüne koku veren parfüm bileşeni,neutral,,,neutral,,,neutral,,,neutral,,,caution,"Hassas ciltte tahriş riski taşır, dikkatli kullanılmalı","Risk of irritation, use with caution",neutral,,,neutral,,
methylglucoside phosphate,methylglucosidephosphate,Rating: Good. Categories: Skin-Softening,0.0,0.0,0.0,0.0,0.0,0.0,0.0,,,noxmoon,9,Skincare Ingredient,Cilt Bakım Bileşeni,Cilt bakım bileşeni,neutral,,,neutral,,,neutral,,,neutral,,,neutral,,,neutral,,,neutral,,
methylisothiazolinone,methylisothiazolinone,"Rating: Poor. Categories: Preservatives, Sensitizing",-1.0,0.0,0.0,0.0,-2.0,0.0,0.0,,Sensitizing,noxmoon,216,Preservative,Koruyucu,Ürünün raf ömrünü uzatan koruyucu madde,caution,"Kurutucu etki yapabilir, nemlendiriciyle kullanılmalı",May have drying effects,neutral,,,neutral,,,neutral,,,caution,"Hassas ciltte tahriş riski taşır, dikkatli kullanılmalı","Risk of irritation, use with caution",neutral,,,neutral,,
methylparaben,methylparaben,Rating: Good. Categories: Preservatives,0.0,0.0,0.0,0.0,0.0,0.0,0.0,,,noxmoon,1405,Preservative,Koruyucu,Ürünün raf ömrünü uzatan koruyucu madde,neutral,,,neutral,,,neutral,,,neutral,,,neutral,,,neutral,,,neutral,,
methylpropanediol,methylpropanediol,"Rating: Good. Categories: Miscellaneous, Hydration",0.0,0.0,0.0,0.0,0.0,0.0,0.0,,,noxmoon,35,Skincare Ingredient,Cilt Bakım Bileşeni,Cilt bakım bileşeni,neutral,,,neutral,,,neutral,,,neutral,,,neutral,,,neutral,,,neutral,,
methylsilanol PEG-7 glyceryl cocoate,methylsilanolpeg7glycerylcocoate,"Rating: Good. Categories: Silicones, Emollients, Texture Enhancer",2.0,0.0,0.0,1.0,0.0,0.0,0.0,,,noxmoon,0,Silicone,Silikon,Cildi pürüzsüzleştiren silikon bazlı bileşen,beneficial,Kuru cilt için faydalı bileşen,Beneficial for dry skin,neutral,,,neutral,,,neutral,,,neutral,,,neutral,,,neutral,,
methylsilanol mannuronate,methylsilanolmannuronate,"Rating: Good. Categories: Silicones, Emollients, Texture Enhancer",2.0,0.0,0.0,1.0,0.0,0.0,0.0,,,noxmoon,29,Silicone,Silikon,Cildi pürüzsüzleştiren silikon bazlı bileşen,beneficial,Kuru cilt için faydalı bileşen,Beneficial for dry skin,neutral,,,neutral,,,neutral,,,neutral,,,neutral,,,neutral,,
methylsufonylsulfate,methylsufonylsulfate,Rating: Good. Categories: Antioxidants,0.0,0.0,0.0,1.0,0.0,0.0,0.0,,,noxmoon,0,Antioxidant,Antioksidan,Serbest radikallere karşı koruyucu antioksidan,neutral,,,neutral,,,neutral,,,neutral,,,neutral,,,neutral,,,neutral,,
mica,mica,Rating: Good. Categories: Coloring Agents/Pigments,0.0,0.0,0.0,0.0,0.0,0.0,0.0,,,noxmoon,610,Skincare Ingredient,Cilt Bakım Bileşeni,Cilt bakım bileşeni,neutral,,,neutral,,,neutral,,,neutral,,,neutral,,,neutral,,,neutral,,
microcrystalline wax,microcrystallinewax,"Rating: Good. Categories: Thickeners/Emulsifiers, Texture Enhancer",0.0,0.0,0.0,0.0,0.0,0.0,0.0,,,noxmoon,80,Skincare Ingredient,Cilt Bakım Bileşeni,Cilt bakım bileşeni,neutral,,,neutral,,,neutral,,,neutral,,,neutral,,,neutral,,,neutral,,
milk protein,milkprotein,"Rating: Good. Categories: Emollients, Skin-Replenishing",3.0,0.0,0.0,0.0,1.0,0.0,0.0,,,noxmoon,7,Emollient,Yumuşatıcı (Emoliyan),Cildi yumuşatan ve pürüzsüzleştiren bileşen,beneficial,Kuru cilt için faydalı bileşen,Beneficial for dry skin,neutral,,,neutral,,,neutral,,,neutral,,,neutral,,,neutral,,
milk vetch root,milkvetchroot,"Rating: Good. Categories: Antioxidants, Plant Extracts",0.0,0.0,0.0,1.0,0.0,0.0,0.0,,,noxmoon,0,Antioxidant,Antioksidan,Serbest radikallere karşı koruyucu antioksidan,neutral,,,neutral,,,neutral,,,neutral,,,neutral,,,neutral,,,neutral,,
millet seed extract,milletseedextract,"Rating: Average. Categories: Plant Extracts, Skin-Softening",0.0,0.0,0.0,0.0,0.0,0.0,0.0,,,noxmoon,0,Botanical Extract,Bitkisel Ekstrakt,Bitkisel kaynaklı aktif ekstrakt,neutral,,,neutral,,,neutral,,,neutral,,,neutral,,,neutral,,,neutral,,
mimosa oil or extract,mimosaoilorextract,"Rating: Poor. Categories: Plant Extracts, Fragrance: Synthetic and Fragrant Plant Extracts",0.0,0.0,0.0,0.0,-2.0,0.0,0.0,,,noxmoon,0,Botanical Extract,Bitkisel Ekstrakt,Bitkisel kaynaklı aktif ekstrakt,neutral,,,neutral,,,neutral,,,neutral,,,caution,"Hassas ciltte tahriş riski taşır, dikkatli kullanılmalı","Risk of irritation, use with caution",neutral,,,neutral,,
mineral oil,mineraloil,Rating: Good. Categories: Emollients,1.0,0.0,0.0,0.0,0.0,0.0,0.0,,,noxmoon,122,Emollient,Yumuşatıcı (Emoliyan),Cildi yumuşatan ve pürüzsüzleştiren bileşen,neutral,,,neutral,,,neutral,,,neutral,,,neutral,,,neutral,,,neutral,,
mint,mint,"Rating: Poor. Categories: Plant Extracts, Sensitizing, Fragrance: Synthetic and Fragrant Plant Extracts",-1.0,0.0,0.0,0.0,-4.0,0.0,0.0,,Sensitizing,noxmoon,0,Botanical Extract,Bitkisel Ekstrakt,Bitkisel kaynaklı aktif ekstrakt,caution,"Kurutucu etki yapabilir, nemlendiriciyle kullanılmalı",May have drying effects,neutral,,,neutral,,,neutral,,,caution,"Hassas ciltte tahriş riski taşır, dikkatli kullanılmalı","Risk of irritation, use with caution",neutral,,,neutral,,
mixed fruit extracts,mixedfruitextracts,Rating: Good. Categories: Plant Extracts,0.0,0.0,0.0,0.0,0.0,0.0,0.0,,,noxmoon,0,Botanical Extract,Bitkisel Ekstrakt,Bitkisel kaynaklı aktif ekstrakt,neutral,,,neutral,,,neutral,,,neutral,,,neutral,,,neutral,,,neutral,,
montan wax,montanwax,Rating: Good. Categories: Texture Enhancer,0.0,0.0,0.0,0.0,0.0,0.0,0.0,,,noxmoon,0,Skincare Ingredient,Cilt Bakım Bileşeni,Cilt bakım bileşeni,neutral,,,neutral,,,neutral,,,neutral,,,neutral,,,neutral,,,neutral,,
montmorillonite,montmorillonite,Rating: Good. Categories: Absorbent,0.0,0.0,0.0,0.0,0.0,0.0,0.0,,,noxmoon,40,Mineral,Mineral,Mineral bazlı cilt bakım bileşeni,neutral,,,neutral,,,neutral,,,neutral,,,neutral,,,neutral,,,neutral,,
mucopolysaccharide,mucopolysaccharide,Rating: Best. Categories: Skin-Replenishing,2.0,0.0,0.0,0.0,1.0,0.0,0.0,,,noxmoon,0,Ceramide,Seramid,Cilt bariyerini güçlendiren bileşen,beneficial,Kuru cilt için faydalı bileşen,Beneficial for dry skin,neutral,,,neutral,,,neutral,,,neutral,,,neutral,,,neutral,,
mugwort extract,mugwortextract,Rating: Average. Categories: Plant Extracts,0.0,0.0,0.0,0.0,0.0,0.0,0.0,,,noxmoon,0,Botanical Extract,Bitkisel Ekstrakt,Bitkisel kaynaklı aktif ekstrakt,neutral,,,neutral,,,neutral,,,neutral,,,neutral,,,neutral,,,neutral,,
mulberry extract,mulberryextract,"Rating: Good. Categories: Plant Extracts, Antioxidants",0.0,0.0,0.0,1.0,0.0,0.0,0.0,,,noxmoon,0,Botanical Extract,Bitkisel Ekstrakt,Bitkisel kaynaklı aktif ekstrakt,neutral,,,neutral,,,neutral,,,neutral,,,neutral,,,neutral,,,neutral,,
murumuru seed butter,murumuruseedbutter,"Rating: Good. Categories: Emollients, Plant Extracts",1.0,0.0,0.0,0.0,0.0,0.0,0.0,,,noxmoon,0,Emollient,Yumuşatıcı (Emoliyan),Cildi yumuşatan ve pürüzsüzleştiren bileşen,neutral,,,neutral,,,neutral,,,neutral,,,neutral,,,neutral,,,neutral,,
myristic acid,myristicacid,Rating: Good. Categories: Cleansing Agents,0.0,1.0,0.0,0.0,0.0,0.0,0.0,,,noxmoon,83,Surfactant,Yüzey Aktif Madde,Temizleme işlevi gören yüzey aktif madde,neutral,,,neutral,,,neutral,,,neutral,,,neutral,,,neutral,,,neutral,,
myristoyl hexapeptide-16,myristoylhexapeptide16,Rating: Best. Categories: Skin-Restoring,2.0,0.0,0.0,0.0,1.0,0.0,0.0,,,noxmoon,0,Emollient,Yumuşatıcı (Emoliyan),Cildi yumuşatan ve pürüzsüzleştiren bileşen,beneficial,Kuru cilt için faydalı bileşen,Beneficial for dry skin,neutral,,,neutral,,,neutral,,,neutral,,,neutral,,,neutral,,
myristoyl pentapeptide-17,myristoylpentapeptide17,Rating: Best. Categories: Skin-Restoring,2.0,0.0,0.0,0.0,1.0,0.0,0.0,,,noxmoon,1,Emollient,Yumuşatıcı (Emoliyan),Cildi yumuşatan ve pürüzsüzleştiren bileşen,beneficial,Kuru cilt için faydalı bileşen,Beneficial for dry skin,neutral,,,neutral,,,neutral,,,neutral,,,neutral,,,neutral,,
myristoyl tripeptide-31,myristoyltripeptide31,Rating: Best. Categories: Skin-Restoring,2.0,0.0,0.0,0.0,1.0,0.0,0.0,,,noxmoon,0,Emollient,Yumuşatıcı (Emoliyan),Cildi yumuşatan ve pürüzsüzleştiren bileşen,beneficial,Kuru cilt için faydalı bileşen,Beneficial for dry skin,neutral,,,neutral,,,neutral,,,neutral,,,neutral,,,neutral,,
myristyl alcohol,myristylalcohol,"Rating: Good. Categories: Emollients, Thickeners/Emulsifiers",1.0,0.0,0.0,0.0,0.0,0.0,0.0,,,noxmoon,79,Emollient,Yumuşatıcı (Emoliyan),Cildi yumuşatan ve pürüzsüzleştiren bileşen,neutral,,,neutral,,,neutral,,,neutral,,,neutral,,,neutral,,,neutral,,
myristyl myristate,myristylmyristate,"Rating: Good. Categories: Texture Enhancer, Emollients",1.0,0.0,0.0,0.0,0.0,0.0,0.0,,,noxmoon,134,Skincare Ingredient,Cilt Bakım Bileşeni,Cilt bakım bileşeni,neutral,,,neutral,,,neutral,,,neutral,,,neutral,,,neutral,,,neutral,,
myristyl nicotinate,myristylnicotinate,Rating: Best. Categories: Miscellaneous,0.0,0.0,0.0,0.0,0.0,0.0,0.0,,,noxmoon,28,Skincare Ingredient,Cilt Bakım Bileşeni,Cilt bakım bileşeni,neutral,,,neutral,,,neutral,,,neutral,,,neutral,,,neutral,,,neutral,,
myrrh,myrrh,"Rating: Poor. Categories: Plant Extracts, Sensitizing, Fragrance: Synthetic and Fragrant Plant Extracts",-1.0,0.0,0.0,0.0,-4.0,0.0,0.0,,Sensitizing,noxmoon,0,Botanical Extract,Bitkisel Ekstrakt,Bitkisel kaynaklı aktif ekstrakt,caution,"Kurutucu etki yapabilir, nemlendiriciyle kullanılmalı",May have drying effects,neutral,,,neutral,,,neutral,,,caution,"Hassas ciltte tahriş riski taşır, dikkatli kullanılmalı","Risk of irritation, use with caution",neutral,,,neutral,,
myrtle extract,myrtleextract,"Rating: Poor. Categories: Plant Extracts, Sensitizing, Fragrance: Synthetic and Fragrant Plant Extracts",-1.0,0.0,0.0,0.0,-4.0,0.0,0.0,,Sensitizing,noxmoon,0,Botanical Extract,Bitkisel Ekstrakt,Bitkisel kaynaklı aktif ekstrakt,caution,"Kurutucu etki yapabilir, nemlendiriciyle kullanılmalı",May have drying effects,neutral,,,neutral,,,neutral,,,caution,"Hassas ciltte tahriş riski taşır, dikkatli kullanılmalı","Risk of irritation, use with caution",neutral,,,neutral,,
natto gum,nattogum,"Rating: Good. Categories: Antioxidants, Plant Extracts",0.0,0.0,0.0,1.0,0.0,0.0,0.0,,,noxmoon,12,Antioxidant,Antioksidan,Serbest radikallere karşı koruyucu antioksidan,neutral,,,neutral,,,neutral,,,neutral,,,neutral,,,neutral,,,neutral,,
natural moisturizing factor (NMF),naturalmoisturizingfactornmf,Rating: Best. Categories: Skin-Replenishing,2.0,0.0,0.0,0.0,1.0,0.0,0.0,,,noxmoon,0,Ceramide,Seramid,Cilt bariyerini güçlendiren bileşen,beneficial,Kuru cilt için faydalı bileşen,Beneficial for dry skin,neutral,,,neutral,,,neutral,,,neutral,,,neutral,,,neutral,,
neem extract,neemextract,"Rating: Best. Categories: Plant Extracts, Antioxidants",0.0,0.0,0.0,1.0,0.0,0.0,0.0,,,noxmoon,0,Botanical Extract,Bitkisel Ekstrakt,Bitkisel kaynaklı aktif ekstrakt,neutral,,,neutral,,,neutral,,,neutral,,,neutral,,,neutral,,,neutral,,
neem oil,neemoil,"Rating: Poor. Categories: Plant Extracts, Sensitizing",-1.0,0.0,0.0,0.0,-2.0,0.0,0.0,,Sensitizing,noxmoon,0,Botanical Extract,Bitkisel Ekstrakt,Bitkisel kaynaklı aktif ekstrakt,caution,"Kurutucu etki yapabilir, nemlendiriciyle kullanılmalı",May have drying effects,neutral,,,neutral,,,neutral,,,caution,"Hassas ciltte tahriş riski taşır, dikkatli kullanılmalı","Risk of irritation, use with caution",neutral,,,neutral,,
neopentyl glycol dicaprylate/dicaprate,neopentylglycoldicaprylatedicaprate,"Rating: Good. Categories: Texture Enhancer, Emollients",1.0,0.0,0.0,0.0,0.0,0.0,0.0,,,noxmoon,26,Skincare Ingredient,Cilt Bakım Bileşeni,Cilt bakım bileşeni,neutral,,,neutral,,,neutral,,,neutral,,,neutral,,,neutral,,,neutral,,
neopentyl glycol diheptanoate,neopentylglycoldiheptanoate,"Rating: Good. Categories: Texture Enhancer, Skin-Softening",0.0,0.0,0.0,0.0,0.0,0.0,0.0,,,noxmoon,73,Skincare Ingredient,Cilt Bakım Bileşeni,Cilt bakım bileşeni,neutral,,,neutral,,,neutral,,,neutral,,,neutral,,,neutral,,,neutral,,
neroli,neroli,"Rating: Poor. Categories: Plant Extracts, Sensitizing, Fragrance: Synthetic and Fragrant Plant Extracts",-1.0,0.0,0.0,0.0,-4.0,0.0,0.0,,Sensitizing,noxmoon,0,Botanical Extract,Bitkisel Ekstrakt,Bitkisel kaynaklı aktif ekstrakt,caution,"Kurutucu etki yapabilir, nemlendiriciyle kullanılmalı",May have drying effects,neutral,,,neutral,,,neutral,,,caution,"Hassas ciltte tahriş riski taşır, dikkatli kullanılmalı","Risk of irritation, use with caution",neutral,,,neutral,,
neroli oil,nerolioil,"Rating: Poor. Categories: Plant Extracts, Fragrance: Synthetic and Fragrant Plant Extracts, Sensitizing",-1.0,0.0,0.0,0.0,-4.0,0.0,0.0,,Sensitizing,noxmoon,1,Botanical Extract,Bitkisel Ekstrakt,Bitkisel kaynaklı aktif ekstrakt,caution,"Kurutucu etki yapabilir, nemlendiriciyle kullanılmalı",May have drying effects,neutral,,,neutral,,,neutral,,,caution,"Hassas ciltte tahriş riski taşır, dikkatli kullanılmalı","Risk of irritation, use with caution",neutral,,,neutral,,
nettle extract,nettleextract,"Rating: Average. Categories: Skin-Soothing, Plant Extracts",1.0,0.0,0.0,0.0,2.0,0.0,0.0,,,noxmoon,0,Emollient,Yumuşatıcı (Emoliyan),Cildi yumuşatan ve pürüzsüzleştiren bileşen,neutral,,,neutral,,,neutral,,,neutral,,,beneficial,Hassas cilt için faydalı bileşen,Beneficial for sensitive skin,neutral,,,neutral,,
niacin,niacin,"Rating: Best. Categories: Skin-Restoring, Vitamins",2.0,0.0,0.0,0.0,1.0,0.0,0.0,,,noxmoon,42,Emollient,Yumuşatıcı (Emoliyan),Cildi yumuşatan ve pürüzsüzleştiren bileşen,beneficial,Kuru cilt için faydalı bileşen,Beneficial for dry skin,neutral,,,neutral,,,neutral,,,neutral,,,neutral,,,neutral,,
niacinamide,niacinamide,"Rating: Best. Categories: Skin-Soothing, Skin-Restoring, Antioxidants, Vitamins",3.0,0.0,0.0,1.0,3.0,0.0,0.0,,,noxmoon,338,Niacinamide,Niasinamid (B3 Vitamini),Yağ dengeleyici ve gözenek sıkılaştırıcı B3 vitamini,beneficial,Kuru cilt için faydalı bileşen,Beneficial for dry skin,neutral,,,neutral,,,neutral,,,beneficial,Hassas cilt için faydalı bileşen,Beneficial for sensitive skin,neutral,,,neutral,,
nicotinamide,nicotinamide,"Rating: Best. Categories: Skin-Restoring, Vitamins",2.0,0.0,0.0,0.0,1.0,0.0,0.0,,,noxmoon,1,Emollient,Yumuşatıcı (Emoliyan),Cildi yumuşatan ve pürüzsüzleştiren bileşen,beneficial,Kuru cilt için faydalı bileşen,Beneficial for dry skin,neutral,,,neutral,,,neutral,,,neutral,,,neutral,,,neutral,,
nicotinic acid,nicotinicacid,"Rating: Best. Categories: Skin-Restoring, Vitamins",2.0,0.0,0.0,0.0,1.0,0.0,0.0,,,noxmoon,1,Emollient,Yumuşatıcı (Emoliyan),Cildi yumuşatan ve pürüzsüzleştiren bileşen,beneficial,Kuru cilt için faydalı bileşen,Beneficial for dry skin,neutral,,,neutral,,,neutral,,,neutral,,,neutral,,,neutral,,
noni juice,nonijuice,"Rating: Good. Categories: Skin-Soothing, Plant Extracts, Antioxidants",1.0,0.0,0.0,1.0,2.0,0.0,0.0,,,noxmoon,1,Emollient,Yumuşatıcı (Emoliyan),Cildi yumuşatan ve pürüzsüzleştiren bileşen,neutral,,,neutral,,,neutral,,,neutral,,,beneficial,Hassas cilt için faydalı bileşen,Beneficial for sensitive skin,neutral,,,neutral,,
nonoxynols,nonoxynols,Rating: Good. Categories: Cleansing Agents,0.0,1.0,0.0,0.0,0.0,0.0,0.0,,,noxmoon,0,Surfactant,Yüzey Aktif Madde,Temizleme işlevi gören yüzey aktif madde,neutral,,,neutral,,,neutral,,,neutral,,,neutral,,,neutral,,,neutral,,
nylon-12,nylon12,"Rating: Good. Categories: Texture Enhancer, Absorbent",0.0,0.0,0.0,0.0,0.0,0.0,0.0,,,noxmoon,160,Skincare Ingredient,Cilt Bakım Bileşeni,Cilt bakım bileşeni,neutral,,,neutral,,,neutral,,,neutral,,,neutral,,,neutral,,,neutral,,
o-cymen-5-ol,ocymen5ol,Rating: Good. Categories: Preservatives,0.0,0.0,0.0,0.0,0.0,0.0,0.0,,,noxmoon,16,Preservative,Koruyucu,Ürünün raf ömrünü uzatan koruyucu madde,neutral,,,neutral,,,neutral,,,neutral,,,neutral,,,neutral,,,neutral,,
oak root extract,oakrootextract,"Rating: Poor. Categories: Plant Extracts, Sensitizing, Antioxidants",-1.0,0.0,0.0,1.0,-2.0,0.0,0.0,,Sensitizing,noxmoon,2,Botanical Extract,Bitkisel Ekstrakt,Bitkisel kaynaklı aktif ekstrakt,caution,"Kurutucu etki yapabilir, nemlendiriciyle kullanılmalı",May have drying effects,neutral,,,neutral,,,neutral,,,caution,"Hassas ciltte tahriş riski taşır, dikkatli kullanılmalı","Risk of irritation, use with caution",neutral,,,neutral,,
oat beta-glucan,oatbetaglucan,"Rating: Best. Categories: Skin-Soothing, Antioxidants",1.0,0.0,0.0,1.0,2.0,0.0,0.0,,,noxmoon,3,Emollient,Yumuşatıcı (Emoliyan),Cildi yumuşatan ve pürüzsüzleştiren bileşen,neutral,,,neutral,,,neutral,,,neutral,,,beneficial,Hassas cilt için faydalı bileşen,Beneficial for sensitive skin,neutral,,,neutral,,
oat bran extract,oatbranextract,"Rating: Best. Categories: Skin-Soothing, Antioxidants, Plant Extracts",1.0,0.0,0.0,1.0,2.0,0.0,0.0,,,noxmoon,2,Emollient,Yumuşatıcı (Emoliyan),Cildi yumuşatan ve pürüzsüzleştiren bileşen,neutral,,,neutral,,,neutral,,,neutral,,,beneficial,Hassas cilt için faydalı bileşen,Beneficial for sensitive skin,neutral,,,neutral,,
oat kernel extract,oatkernelextract,"Rating: Best. Categories: Skin-Soothing, Plant Extracts",1.0,0.0,0.0,0.0,2.0,0.0,0.0,,,noxmoon,12,Emollient,Yumuşatıcı (Emoliyan),Cildi yumuşatan ve pürüzsüzleştiren bileşen,neutral,,,neutral,,,neutral,,,neutral,,,beneficial,Hassas cilt için faydalı bileşen,Beneficial for sensitive skin,neutral,,,neutral,,
oatmeal,oatmeal,"Rating: Best. Categories: Skin-Soothing, Plant Extracts",1.0,0.0,0.0,0.0,2.0,0.0,0.0,,,noxmoon,3,Emollient,Yumuşatıcı (Emoliyan),Cildi yumuşatan ve pürüzsüzleştiren bileşen,neutral,,,neutral,,,neutral,,,neutral,,,beneficial,Hassas cilt için faydalı bileşen,Beneficial for sensitive skin,neutral,,,neutral,,
octyl methoxycinnamate,octylmethoxycinnamate,Rating: Best. Categories: Sunscreen Actives,0.0,0.0,0.0,0.0,0.0,0.0,0.0,,,noxmoon,9,Skincare Ingredient,Cilt Bakım Bileşeni,Cilt bakım bileşeni,neutral,,,neutral,,,neutral,,,neutral,,,neutral,,,neutral,,,neutral,,
octyl palmitate,octylpalmitate,"Rating: Good. Categories: Texture Enhancer, Emollients",1.0,0.0,0.0,0.0,0.0,0.0,0.0,,,noxmoon,33,Skincare Ingredient,Cilt Bakım Bileşeni,Cilt bakım bileşeni,neutral,,,neutral,,,neutral,,,neutral,,,neutral,,,neutral,,,neutral,,
octyl salicylate,octylsalicylate,Rating: Best. Categories: Sunscreen Actives,0.0,0.0,0.0,0.0,0.0,0.0,0.0,,,noxmoon,2,Skincare Ingredient,Cilt Bakım Bileşeni,Cilt bakım bileşeni,neutral,,,neutral,,,neutral,,,neutral,,,neutral,,,neutral,,,neutral,,
octyl stearate,octylstearate,"Rating: Good. Categories: Texture Enhancer, Emollients",1.0,0.0,0.0,0.0,0.0,0.0,0.0,,,noxmoon,17,Skincare Ingredient,Cilt Bakım Bileşeni,Cilt bakım bileşeni,neutral,,,neutral,,,neutral,,,neutral,,,neutral,,,neutral,,,neutral,,
octyldodecanol,octyldodecanol,"Rating: Good. Categories: Texture Enhancer, Emollients",1.0,0.0,0.0,0.0,0.0,0.0,0.0,,,noxmoon,209,Skincare Ingredient,Cilt Bakım Bileşeni,Cilt bakım bileşeni,neutral,,,neutral,,,neutral,,,neutral,,,neutral,,,neutral,,,neutral,,
octyldodecyl myristate,octyldodecylmyristate,"Rating: Good. Categories: Texture Enhancer, Skin-Softening, Emollients",1.0,0.0,0.0,0.0,0.0,0.0,0.0,,,noxmoon,29,Skincare Ingredient,Cilt Bakım Bileşeni,Cilt bakım bileşeni,neutral,,,neutral,,,neutral,,,neutral,,,neutral,,,neutral,,,neutral,,
octyldodecyl neopentanoate,octyldodecylneopentanoate,"Rating: Good. Categories: Emollients, Skin-Softening",1.0,0.0,0.0,0.0,0.0,0.0,0.0,,,noxmoon,85,Emollient,Yumuşatıcı (Emoliyan),Cildi yumuşatan ve pürüzsüzleştiren bileşen,neutral,,,neutral,,,neutral,,,neutral,,,neutral,,,neutral,,,neutral,,
oleanolic acid,oleanolicacid,"Rating: Best. Categories: Skin-Soothing, Antioxidants",1.0,0.0,0.0,1.0,2.0,0.0,0.0,,,noxmoon,44,Emollient,Yumuşatıcı (Emoliyan),Cildi yumuşatan ve pürüzsüzleştiren bileşen,neutral,,,neutral,,,neutral,,,neutral,,,beneficial,Hassas cilt için faydalı bileşen,Beneficial for sensitive skin,neutral,,,neutral,,
oleic acid,oleicacid,"Rating: Good. Categories: Cleansing Agents, Texture Enhancer",0.0,1.0,0.0,0.0,0.0,0.0,0.0,,,noxmoon,49,Surfactant,Yüzey Aktif Madde,Temizleme işlevi gören yüzey aktif madde,neutral,,,neutral,,,neutral,,,neutral,,,neutral,,,neutral,,,neutral,,
oleth-10,oleth10,"Rating: Good. Categories: Texture Enhancer, Cleansing Agents",0.0,1.0,0.0,0.0,0.0,0.0,0.0,,,noxmoon,25,Skincare Ingredient,Cilt Bakım Bileşeni,Cilt bakım bileşeni,neutral,,,neutral,,,neutral,,,neutral,,,neutral,,,neutral,,,neutral,,
oleths,oleths,Rating: Good. Categories: Cleansing Agents,0.0,1.0,0.0,0.0,0.0,0.0,0.0,,,noxmoon,0,Surfactant,Yüzey Aktif Madde,Temizleme işlevi gören yüzey aktif madde,neutral,,,neutral,,,neutral,,,neutral,,,neutral,,,neutral,,,neutral,,
oleyl erucate,oleylerucate,Rating: Good. Categories: Skin-Softening,0.0,0.0,0.0,0.0,0.0,0.0,0.0,,,noxmoon,7,Skincare Ingredient,Cilt Bakım Bileşeni,Cilt bakım bileşeni,neutral,,,neutral,,,neutral,,,neutral,,,neutral,,,neutral,,,neutral,,
olibanum extract,olibanumextract,"Rating: Poor. Categories: Fragrance: Synthetic and Fragrant Plant Extracts, Sensitizing",-1.0,0.0,0.0,0.0,-4.0,0.0,0.0,,Sensitizing,noxmoon,0,Fragrance,Parfüm / Koku,Ürüne koku veren parfüm bileşeni,caution,"Kurutucu etki yapabilir, nemlendiriciyle kullanılmalı",May have drying effects,neutral,,,neutral,,,neutral,,,caution,"Hassas ciltte tahriş riski taşır, dikkatli kullanılmalı","Risk of irritation, use with caution",neutral,,,neutral,,
olive oil/olive fruit oil,oliveoilolivefruitoil,"Rating: Good. Categories: Antioxidants, Plant Extracts, Skin-Replenishing, Emollients",3.0,0.0,0.0,1.0,1.0,0.0,0.0,,,noxmoon,0,Antioxidant,Antioksidan,Serbest radikallere karşı koruyucu antioksidan,beneficial,Kuru cilt için faydalı bileşen,Beneficial for dry skin,neutral,,,neutral,,,neutral,,,neutral,,,neutral,,,neutral,,
orange blossom,orangeblossom,"Rating: Poor. Categories: Plant Extracts, Sensitizing, Fragrance: Synthetic and Fragrant Plant Extracts",-1.0,0.0,0.0,0.0,-4.0,0.0,0.0,,Sensitizing,noxmoon,0,Botanical Extract,Bitkisel Ekstrakt,Bitkisel kaynaklı aktif ekstrakt,caution,"Kurutucu etki yapabilir, nemlendiriciyle kullanılmalı",May have drying effects,neutral,,,neutral,,,neutral,,,caution,"Hassas ciltte tahriş riski taşır, dikkatli kullanılmalı","Risk of irritation, use with caution",neutral,,,neutral,,
orchid,orchid,"Rating: Poor. Categories: Plant Extracts, Fragrance: Synthetic and Fragrant Plant Extracts, Sensitizing",-1.0,0.0,0.0,0.0,-4.0,0.0,0.0,,Sensitizing,noxmoon,0,Botanical Extract,Bitkisel Ekstrakt,Bitkisel kaynaklı aktif ekstrakt,caution,"Kurutucu etki yapabilir, nemlendiriciyle kullanılmalı",May have drying effects,neutral,,,neutral,,,neutral,,,caution,"Hassas ciltte tahriş riski taşır, dikkatli kullanılmalı","Risk of irritation, use with caution",neutral,,,neutral,,
oregano,oregano,"Rating: Poor. Categories: Plant Extracts, Sensitizing, Fragrance: Synthetic and Fragrant Plant Extracts",-1.0,0.0,0.0,0.0,-4.0,0.0,0.0,,Sensitizing,noxmoon,0,Botanical Extract,Bitkisel Ekstrakt,Bitkisel kaynaklı aktif ekstrakt,caution,"Kurutucu etki yapabilir, nemlendiriciyle kullanılmalı",May have drying effects,neutral,,,neutral,,,neutral,,,caution,"Hassas ciltte tahriş riski taşır, dikkatli kullanılmalı","Risk of irritation, use with caution",neutral,,,neutral,,
orris root,orrisroot,"Rating: Poor. Categories: Plant Extracts, Sensitizing, Fragrance: Synthetic and Fragrant Plant Extracts",-1.0,0.0,0.0,0.0,-4.0,0.0,0.0,,Sensitizing,noxmoon,0,Botanical Extract,Bitkisel Ekstrakt,Bitkisel kaynaklı aktif ekstrakt,caution,"Kurutucu etki yapabilir, nemlendiriciyle kullanılmalı",May have drying effects,neutral,,,neutral,,,neutral,,,caution,"Hassas ciltte tahriş riski taşır, dikkatli kullanılmalı","Risk of irritation, use with caution",neutral,,,neutral,,
oryzanol,oryzanol,"Rating: Good. Categories: Antioxidants, Plant Extracts",0.0,0.0,0.0,1.0,0.0,0.0,0.0,,,noxmoon,42,Antioxidant,Antioksidan,Serbest radikallere karşı koruyucu antioksidan,neutral,,,neutral,,,neutral,,,neutral,,,neutral,,,neutral,,,neutral,,
oxidoreductase,oxidoreductase,Rating: Best. Categories: Antioxidants,0.0,0.0,0.0,1.0,0.0,0.0,0.0,,,noxmoon,0,Antioxidant,Antioksidan,Serbest radikallere karşı koruyucu antioksidan,neutral,,,neutral,,,neutral,,,neutral,,,neutral,,,neutral,,,neutral,,
oxybenzone,oxybenzone,Rating: Best. Categories: Sunscreen Actives,0.0,0.0,0.0,0.0,0.0,0.0,0.0,,,noxmoon,6,Skincare Ingredient,Cilt Bakım Bileşeni,Cilt bakım bileşeni,neutral,,,neutral,,,neutral,,,neutral,,,neutral,,,neutral,,,neutral,,
ozokerite,ozokerite,Rating: Good. Categories: Texture Enhancer,0.0,0.0,0.0,0.0,0.0,0.0,0.0,,,noxmoon,78,Skincare Ingredient,Cilt Bakım Bileşeni,Cilt bakım bileşeni,neutral,,,neutral,,,neutral,,,neutral,,,neutral,,,neutral,,,neutral,,
padimate O,padimateo,Rating: Average. Categories: Sunscreen Actives,0.0,0.0,0.0,0.0,0.0,0.0,0.0,,,noxmoon,1,Skincare Ingredient,Cilt Bakım Bileşeni,Cilt bakım bileşeni,neutral,,,neutral,,,neutral,,,neutral,,,neutral,,,neutral,,,neutral,,
palm kernel acid,palmkernelacid,"Rating: Good. Categories: Emollients, Cleansing Agents",1.0,1.0,0.0,0.0,0.0,0.0,0.0,,,noxmoon,6,Emollient,Yumuşatıcı (Emoliyan),Cildi yumuşatan ve pürüzsüzleştiren bileşen,neutral,,,neutral,,,neutral,,,neutral,,,neutral,,,neutral,,,neutral,,
palm oil,palmoil,"Rating: Best. Categories: Antioxidants, Skin-Replenishing, Emollients",3.0,0.0,0.0,1.0,1.0,0.0,0.0,,,noxmoon,16,Antioxidant,Antioksidan,Serbest radikallere karşı koruyucu antioksidan,beneficial,Kuru cilt için faydalı bileşen,Beneficial for dry skin,neutral,,,neutral,,,neutral,,,neutral,,,neutral,,,neutral,,
palmarosa oil,palmarosaoil,Rating: Poor. Categories: Plant Extracts,0.0,0.0,0.0,0.0,-1.0,0.0,0.0,,,noxmoon,0,Botanical Extract,Bitkisel Ekstrakt,Bitkisel kaynaklı aktif ekstrakt,neutral,,,neutral,,,neutral,,,neutral,,,caution,"Hassas ciltte tahriş riski taşır, dikkatli kullanılmalı","Risk of irritation, use with caution",neutral,,,neutral,,
palmitic acid,palmiticacid,"Rating: Good. Categories: Emollients, Skin-Replenishing, Cleansing Agents",3.0,1.0,0.0,0.0,1.0,0.0,0.0,,,noxmoon,219,Emollient,Yumuşatıcı (Emoliyan),Cildi yumuşatan ve pürüzsüzleştiren bileşen,beneficial,Kuru cilt için faydalı bileşen,Beneficial for dry skin,neutral,,,neutral,,,neutral,,,neutral,,,neutral,,,neutral,,
palmitoyl dipeptide-10,palmitoyldipeptide10,Rating: Best. Categories: Skin-Restoring,2.0,0.0,0.0,0.0,1.0,0.0,0.0,,,noxmoon,2,Emollient,Yumuşatıcı (Emoliyan),Cildi yumuşatan ve pürüzsüzleştiren bileşen,beneficial,Kuru cilt için faydalı bileşen,Beneficial for dry skin,neutral,,,neutral,,,neutral,,,neutral,,,neutral,,,neutral,,
palmitoyl hexapeptide-12,palmitoylhexapeptide12,Rating: Best. Categories: Skin-Restoring,2.0,0.0,0.0,0.0,1.0,0.0,0.0,,,noxmoon,30,Emollient,Yumuşatıcı (Emoliyan),Cildi yumuşatan ve pürüzsüzleştiren bileşen,beneficial,Kuru cilt için faydalı bileşen,Beneficial for dry skin,neutral,,,neutral,,,neutral,,,neutral,,,neutral,,,neutral,,
palmitoyl pentapeptide-4,palmitoylpentapeptide4,Rating: Best. Categories: Skin-Restoring,2.0,0.0,0.0,0.0,1.0,0.0,0.0,,,noxmoon,51,Emollient,Yumuşatıcı (Emoliyan),Cildi yumuşatan ve pürüzsüzleştiren bileşen,beneficial,Kuru cilt için faydalı bileşen,Beneficial for dry skin,neutral,,,neutral,,,neutral,,,neutral,,,neutral,,,neutral,,
palmitoyl tetrapeptide-7,palmitoyltetrapeptide7,Rating: Best. Categories: Skin-Restoring,2.0,0.0,0.0,0.0,1.0,0.0,0.0,,,noxmoon,303,Emollient,Yumuşatıcı (Emoliyan),Cildi yumuşatan ve pürüzsüzleştiren bileşen,beneficial,Kuru cilt için faydalı bileşen,Beneficial for dry skin,neutral,,,neutral,,,neutral,,,neutral,,,neutral,,,neutral,,
palmitoyl tripeptide-5,palmitoyltripeptide5,Rating: Best. Categories: Skin-Restoring,2.0,0.0,0.0,0.0,1.0,0.0,0.0,,,noxmoon,67,Emollient,Yumuşatıcı (Emoliyan),Cildi yumuşatan ve pürüzsüzleştiren bileşen,beneficial,Kuru cilt için faydalı bileşen,Beneficial for dry skin,neutral,,,neutral,,,neutral,,,neutral,,,neutral,,,neutral,,
palmitoyl tripeptide-8,palmitoyltripeptide8,Rating: Best. Categories: Skin-Restoring,2.0,0.0,0.0,0.0,1.0,0.0,0.0,,,noxmoon,9,Emollient,Yumuşatıcı (Emoliyan),Cildi yumuşatan ve pürüzsüzleştiren bileşen,beneficial,Kuru cilt için faydalı bileşen,Beneficial for dry skin,neutral,,,neutral,,,neutral,,,neutral,,,neutral,,,neutral,,
pansy extract,pansyextract,"Rating: Average. Categories: Skin-Soothing, Antioxidants, Plant Extracts",1.0,0.0,0.0,1.0,2.0,0.0,0.0,,,noxmoon,0,Emollient,Yumuşatıcı (Emoliyan),Cildi yumuşatan ve pürüzsüzleştiren bileşen,neutral,,,neutral,,,neutral,,,neutral,,,beneficial,Hassas cilt için faydalı bileşen,Beneficial for sensitive skin,neutral,,,neutral,,
pantethine,pantethine,Rating: Good. Categories: Vitamins,0.0,0.0,0.0,0.0,0.0,0.0,0.0,,,noxmoon,44,Antioxidant,Antioksidan,Serbest radikallere karşı koruyucu antioksidan,neutral,,,neutral,,,neutral,,,neutral,,,neutral,,,neutral,,,neutral,,
panthenol,panthenol,Rating: Best. Categories: Vitamins,0.0,0.0,0.0,0.0,0.0,0.0,0.0,,,noxmoon,859,Humectant,Nemlendirici (Humektan),Nemi çeken ve ciltte tutan nemlendirici,neutral,,,neutral,,,neutral,,,neutral,,,neutral,,,neutral,,,neutral,,
pantothenic acid,pantothenicacid,Rating: Best. Categories: Vitamins,0.0,0.0,0.0,0.0,0.0,0.0,0.0,,,noxmoon,18,Antioxidant,Antioksidan,Serbest radikallere karşı koruyucu antioksidan,neutral,,,neutral,,,neutral,,,neutral,,,neutral,,,neutral,,,neutral,,
papain,papain,"Rating: Poor. Categories: Plant Extracts, Exfoliant",0.0,0.0,0.0,0.0,-1.0,0.0,0.0,,,noxmoon,47,Botanical Extract,Bitkisel Ekstrakt,Bitkisel kaynaklı aktif ekstrakt,neutral,,,neutral,,,neutral,,,neutral,,,caution,"Hassas ciltte tahriş riski taşır, dikkatli kullanılmalı","Risk of irritation, use with caution",neutral,,,neutral,,
papaya extract,papayaextract,"Rating: Average. Categories: Plant Extracts, Exfoliant",0.0,0.0,0.0,0.0,0.0,0.0,0.0,,,noxmoon,1,Botanical Extract,Bitkisel Ekstrakt,Bitkisel kaynaklı aktif ekstrakt,neutral,,,neutral,,,neutral,,,neutral,,,neutral,,,neutral,,,neutral,,
para-aminobenzoic acid (PABA),paraaminobenzoicacidpaba,Rating: Poor. Categories: Sunscreen Actives,0.0,0.0,0.0,0.0,-1.0,0.0,0.0,,,noxmoon,0,Skincare Ingredient,Cilt Bakım Bileşeni,Cilt bakım bileşeni,neutral,,,neutral,,,neutral,,,neutral,,,caution,"Hassas ciltte tahriş riski taşır, dikkatli kullanılmalı","Risk of irritation, use with caution",neutral,,,neutral,,
parabens,parabens,Rating: Good. Categories: Preservatives,0.0,0.0,0.0,0.0,0.0,0.0,0.0,,,noxmoon,0,Preservative,Koruyucu,Ürünün raf ömrünü uzatan koruyucu madde,neutral,,,neutral,,,neutral,,,neutral,,,neutral,,,neutral,,,neutral,,
paraffin,paraffin,Rating: Good. Categories: Texture Enhancer,0.0,0.0,0.0,0.0,0.0,0.0,0.0,,,noxmoon,123,Skincare Ingredient,Cilt Bakım Bileşeni,Cilt bakım bileşeni,neutral,,,neutral,,,neutral,,,neutral,,,neutral,,,neutral,,,neutral,,
passion fruit extract,passionfruitextract,Rating: Good. Categories: Plant Extracts,0.0,0.0,0.0,0.0,0.0,0.0,0.0,,,noxmoon,0,Botanical Extract,Bitkisel Ekstrakt,Bitkisel kaynaklı aktif ekstrakt,neutral,,,neutral,,,neutral,,,neutral,,,neutral,,,neutral,,,neutral,,
patchouli,patchouli,"Rating: Poor. Categories: Plant Extracts, Fragrance: Synthetic and Fragrant Plant Extracts",0.0,0.0,0.0,0.0,-2.0,0.0,0.0,,,noxmoon,0,Botanical Extract,Bitkisel Ekstrakt,Bitkisel kaynaklı aktif ekstrakt,neutral,,,neutral,,,neutral,,,neutral,,,caution,"Hassas ciltte tahriş riski taşır, dikkatli kullanılmalı","Risk of irritation, use with caution",neutral,,,neutral,,
pawpaw extract,pawpawextract,"Rating: Average. Categories: Plant Extracts, Exfoliant",0.0,0.0,0.0,0.0,0.0,0.0,0.0,,,noxmoon,0,Botanical Extract,Bitkisel Ekstrakt,Bitkisel kaynaklı aktif ekstrakt,neutral,,,neutral,,,neutral,,,neutral,,,neutral,,,neutral,,,neutral,,
peanut oil,peanutoil,"Rating: Good. Categories: Plant Extracts, Emollients",1.0,0.0,0.0,0.0,0.0,0.0,0.0,,,noxmoon,12,Botanical Extract,Bitkisel Ekstrakt,Bitkisel kaynaklı aktif ekstrakt,neutral,,,neutral,,,neutral,,,neutral,,,neutral,,,neutral,,,neutral,,
pecan oil,pecanoil,"Rating: Good. Categories: Plant Extracts, Emollients",1.0,0.0,0.0,0.0,0.0,0.0,0.0,,,noxmoon,0,Botanical Extract,Bitkisel Ekstrakt,Bitkisel kaynaklı aktif ekstrakt,neutral,,,neutral,,,neutral,,,neutral,,,neutral,,,neutral,,,neutral,,
pectin,pectin,"Rating: Good. Categories: Plant Extracts, Texture Enhancer, Emollients",1.0,0.0,0.0,0.0,0.0,0.0,0.0,,,noxmoon,11,Botanical Extract,Bitkisel Ekstrakt,Bitkisel kaynaklı aktif ekstrakt,neutral,,,neutral,,,neutral,,,neutral,,,neutral,,,neutral,,,neutral,,
pellitory,pellitory,Rating: Poor. Categories: Plant Extracts,0.0,0.0,0.0,0.0,-1.0,0.0,0.0,,,noxmoon,0,Botanical Extract,Bitkisel Ekstrakt,Bitkisel kaynaklı aktif ekstrakt,neutral,,,neutral,,,neutral,,,neutral,,,caution,"Hassas ciltte tahriş riski taşır, dikkatli kullanılmalı","Risk of irritation, use with caution",neutral,,,neutral,,
pentadecalactone,pentadecalactone,Rating: Poor. Categories: Fragrance: Synthetic and Fragrant Plant Extracts,0.0,0.0,0.0,0.0,-2.0,0.0,0.0,,,noxmoon,3,Fragrance,Parfüm / Koku,Ürüne koku veren parfüm bileşeni,neutral,,,neutral,,,neutral,,,neutral,,,caution,"Hassas ciltte tahriş riski taşır, dikkatli kullanılmalı","Risk of irritation, use with caution",neutral,,,neutral,,
pentaerythrityl tetraisostearate,pentaerythrityltetraisostearate,Rating: Good. Categories: Texture Enhancer,0.0,0.0,0.0,0.0,0.0,0.0,0.0,,,noxmoon,34,Skincare Ingredient,Cilt Bakım Bileşeni,Cilt bakım bileşeni,neutral,,,neutral,,,neutral,,,neutral,,,neutral,,,neutral,,,neutral,,
pentaerythrityl tetraoctanoate,pentaerythrityltetraoctanoate,"Rating: Good. Categories: Texture Enhancer, Emollients",1.0,0.0,0.0,0.0,0.0,0.0,0.0,,,noxmoon,12,Skincare Ingredient,Cilt Bakım Bileşeni,Cilt bakım bileşeni,neutral,,,neutral,,,neutral,,,neutral,,,neutral,,,neutral,,,neutral,,
pentapeptides,pentapeptides,Rating: Best. Categories: Skin-Restoring,2.0,0.0,0.0,0.0,1.0,0.0,0.0,,,noxmoon,0,Emollient,Yumuşatıcı (Emoliyan),Cildi yumuşatan ve pürüzsüzleştiren bileşen,beneficial,Kuru cilt için faydalı bileşen,Beneficial for dry skin,neutral,,,neutral,,,neutral,,,neutral,,,neutral,,,neutral,,
pentasodium pentetate,pentasodiumpentetate,Rating: Good. Categories: Uncategorized,0.0,0.0,0.0,0.0,0.0,0.0,0.0,,,noxmoon,25,Skincare Ingredient,Cilt Bakım Bileşeni,Cilt bakım bileşeni,neutral,,,neutral,,,neutral,,,neutral,,,neutral,,,neutral,,,neutral,,
pentylene glycol,pentyleneglycol,Rating: Good. Categories: Texture Enhancer,0.0,0.0,0.0,0.0,0.0,0.0,0.0,,,noxmoon,664,Skincare Ingredient,Cilt Bakım Bileşeni,Cilt bakım bileşeni,neutral,,,neutral,,,neutral,,,neutral,,,neutral,,,neutral,,,neutral,,
peppermint,peppermint,"Rating: Poor. Categories: Plant Extracts, Fragrance: Synthetic and Fragrant Plant Extracts",0.0,0.0,0.0,0.0,-2.0,0.0,0.0,,,noxmoon,0,Botanical Extract,Bitkisel Ekstrakt,Bitkisel kaynaklı aktif ekstrakt,neutral,,,neutral,,,neutral,,,neutral,,,caution,"Hassas ciltte tahriş riski taşır, dikkatli kullanılmalı","Risk of irritation, use with caution",neutral,,,neutral,,
peptides,peptides,"Rating: Best. Categories: Skin-Soothing, Skin-Restoring",3.0,0.0,0.0,0.0,3.0,0.0,0.0,,,noxmoon,0,Emollient,Yumuşatıcı (Emoliyan),Cildi yumuşatan ve pürüzsüzleştiren bileşen,beneficial,Kuru cilt için faydalı bileşen,Beneficial for dry skin,neutral,,,neutral,,,neutral,,,beneficial,Hassas cilt için faydalı bileşen,Beneficial for sensitive skin,neutral,,,neutral,,
petitgrain mandarin,petitgrainmandarin,"Rating: Poor. Categories: Plant Extracts, Fragrance: Synthetic and Fragrant Plant Extracts",0.0,0.0,0.0,0.0,-2.0,0.0,0.0,,,noxmoon,0,Botanical Extract,Bitkisel Ekstrakt,Bitkisel kaynaklı aktif ekstrakt,neutral,,,neutral,,,neutral,,,neutral,,,caution,"Hassas ciltte tahriş riski taşır, dikkatli kullanılmalı","Risk of irritation, use with caution",neutral,,,neutral,,
petrolatum,petrolatum,"Rating: Good. Categories: Skin-Soothing, Emollients",2.0,0.0,0.0,0.0,2.0,0.0,0.0,,,noxmoon,249,Emollient,Yumuşatıcı (Emoliyan),Cildi yumuşatan ve pürüzsüzleştiren bileşen,beneficial,Kuru cilt için faydalı bileşen,Beneficial for dry skin,neutral,,,neutral,,,neutral,,,beneficial,Hassas cilt için faydalı bileşen,Beneficial for sensitive skin,neutral,,,neutral,,
phenoxyethanol,phenoxyethanol,Rating: Good. Categories: Preservatives,0.0,0.0,0.0,0.0,0.0,0.0,0.0,,,noxmoon,3510,Preservative,Koruyucu,Ürünün raf ömrünü uzatan koruyucu madde,neutral,,,neutral,,,neutral,,,neutral,,,neutral,,,neutral,,,neutral,,
phenoxyisopropanol,phenoxyisopropanol,Rating: Good. Categories: Preservatives,0.0,0.0,0.0,0.0,0.0,0.0,0.0,,,noxmoon,9,Preservative,Koruyucu,Ürünün raf ömrünü uzatan koruyucu madde,neutral,,,neutral,,,neutral,,,neutral,,,neutral,,,neutral,,,neutral,,
phenyl trimethicone,phenyltrimethicone,"Rating: Good. Categories: Silicones, Emollients",2.0,0.0,0.0,1.0,0.0,0.0,0.0,,,noxmoon,163,Silicone,Silikon,Cildi pürüzsüzleştiren silikon bazlı bileşen,beneficial,Kuru cilt için faydalı bileşen,Beneficial for dry skin,neutral,,,neutral,,,neutral,,,neutral,,,neutral,,,neutral,,
phenylalanine,phenylalanine,"Rating: Good. Categories: Antioxidants, Skin-Replenishing",2.0,0.0,0.0,1.0,1.0,0.0,0.0,,,noxmoon,15,Antioxidant,Antioksidan,Serbest radikallere karşı koruyucu antioksidan,beneficial,Kuru cilt için faydalı bileşen,Beneficial for dry skin,neutral,,,neutral,,,neutral,,,neutral,,,neutral,,,neutral,,
phenylethyl resorcinol,phenylethylresorcinol,Rating: Average. Categories: Antioxidants,0.0,0.0,0.0,1.0,0.0,0.0,0.0,,,noxmoon,18,Antioxidant,Antioksidan,Serbest radikallere karşı koruyucu antioksidan,neutral,,,neutral,,,neutral,,,neutral,,,neutral,,,neutral,,,neutral,,
phloretin,phloretin,"Rating: Best. Categories: Antioxidants, Plant Extracts",0.0,0.0,0.0,1.0,0.0,0.0,0.0,,,noxmoon,3,Antioxidant,Antioksidan,Serbest radikallere karşı koruyucu antioksidan,neutral,,,neutral,,,neutral,,,neutral,,,neutral,,,neutral,,,neutral,,
phosphatidylcholine,phosphatidylcholine,"Rating: Best. Categories: Skin-Restoring, Skin-Replenishing, Emollients",5.0,0.0,0.0,0.0,2.0,0.0,0.0,,,noxmoon,31,Emollient,Yumuşatıcı (Emoliyan),Cildi yumuşatan ve pürüzsüzleştiren bileşen,beneficial,Kuru cilt için faydalı bileşen,Beneficial for dry skin,neutral,,,neutral,,,neutral,,,beneficial,Hassas cilt için faydalı bileşen,Beneficial for sensitive skin,neutral,,,neutral,,
phosphatidylethanolamine,phosphatidylethanolamine,"Rating: Best. Categories: Emollients, Skin-Replenishing",3.0,0.0,0.0,0.0,1.0,0.0,0.0,,,noxmoon,0,Emollient,Yumuşatıcı (Emoliyan),Cildi yumuşatan ve pürüzsüzleştiren bileşen,beneficial,Kuru cilt için faydalı bileşen,Beneficial for dry skin,neutral,,,neutral,,,neutral,,,neutral,,,neutral,,,neutral,,
phospholipid,phospholipid,"Rating: Best. Categories: Emollients, Skin-Replenishing",3.0,0.0,0.0,0.0,1.0,0.0,0.0,,,noxmoon,0,Emollient,Yumuşatıcı (Emoliyan),Cildi yumuşatan ve pürüzsüzleştiren bileşen,beneficial,Kuru cilt için faydalı bileşen,Beneficial for dry skin,neutral,,,neutral,,,neutral,,,neutral,,,neutral,,,neutral,,
phosphoric acid,phosphoricacid,Rating: Good. Categories: Uncategorized,0.0,0.0,0.0,0.0,0.0,0.0,0.0,,,noxmoon,10,Skincare Ingredient,Cilt Bakım Bileşeni,Cilt bakım bileşeni,neutral,,,neutral,,,neutral,,,neutral,,,neutral,,,neutral,,,neutral,,
photosensitizer,photosensitizer,Rating: Poor. Categories: Uncategorized,0.0,0.0,0.0,0.0,-1.0,0.0,0.0,,,noxmoon,0,Skincare Ingredient,Cilt Bakım Bileşeni,Cilt bakım bileşeni,neutral,,,neutral,,,neutral,,,neutral,,,caution,"Hassas ciltte tahriş riski taşır, dikkatli kullanılmalı","Risk of irritation, use with caution",neutral,,,neutral,,
phthalates,phthalates,Rating: Average. Categories: Uncategorized,0.0,0.0,0.0,0.0,0.0,0.0,0.0,,,noxmoon,0,Skincare Ingredient,Cilt Bakım Bileşeni,Cilt bakım bileşeni,neutral,,,neutral,,,neutral,,,neutral,,,neutral,,,neutral,,,neutral,,
physalis angulata extract,physalisangulataextract,"Rating: Best. Categories: Antioxidants, Skin-Soothing, Plant Extracts",1.0,0.0,0.0,1.0,2.0,0.0,0.0,,,noxmoon,3,Antioxidant,Antioksidan,Serbest radikallere karşı koruyucu antioksidan,neutral,,,neutral,,,neutral,,,neutral,,,beneficial,Hassas cilt için faydalı bileşen,Beneficial for sensitive skin,neutral,,,neutral,,
phytantriol,phytantriol,Rating: Good. Categories: Uncategorized,0.0,0.0,0.0,0.0,0.0,0.0,0.0,,,noxmoon,28,Skincare Ingredient,Cilt Bakım Bileşeni,Cilt bakım bileşeni,neutral,,,neutral,,,neutral,,,neutral,,,neutral,,,neutral,,,neutral,,
phytonadione,phytonadione,Rating: Good. Categories: Vitamins,0.0,0.0,0.0,0.0,0.0,0.0,0.0,,,noxmoon,19,Antioxidant,Antioksidan,Serbest radikallere karşı koruyucu antioksidan,neutral,,,neutral,,,neutral,,,neutral,,,neutral,,,neutral,,,neutral,,
phytosterol,phytosterol,"Rating: Best. Categories: Emollients, Skin-Replenishing, Skin-Soothing",4.0,0.0,0.0,0.0,3.0,0.0,0.0,,,noxmoon,0,Emollient,Yumuşatıcı (Emoliyan),Cildi yumuşatan ve pürüzsüzleştiren bileşen,beneficial,Kuru cilt için faydalı bileşen,Beneficial for dry skin,neutral,,,neutral,,,neutral,,,beneficial,Hassas cilt için faydalı bileşen,Beneficial for sensitive skin,neutral,,,neutral,,
phytosteryl/octyldodecyl lauroyl glutamate,phytosteryloctyldodecyllauroylglutamate,Rating: Best. Categories: Emollients,1.0,0.0,0.0,0.0,0.0,0.0,0.0,,,noxmoon,17,Emollient,Yumuşatıcı (Emoliyan),Cildi yumuşatan ve pürüzsüzleştiren bileşen,neutral,,,neutral,,,neutral,,,neutral,,,neutral,,,neutral,,,neutral,,
pine oil,pineoil,"Rating: Poor. Categories: Plant Extracts, Fragrance: Synthetic and Fragrant Plant Extracts",0.0,0.0,0.0,0.0,-2.0,0.0,0.0,,,noxmoon,0,Botanical Extract,Bitkisel Ekstrakt,Bitkisel kaynaklı aktif ekstrakt,neutral,,,neutral,,,neutral,,,neutral,,,caution,"Hassas ciltte tahriş riski taşır, dikkatli kullanılmalı","Risk of irritation, use with caution",neutral,,,neutral,,
pineapple extract,pineappleextract,"Rating: Good. Categories: Plant Extracts, Exfoliant",0.0,0.0,0.0,0.0,0.0,0.0,0.0,,,noxmoon,0,Botanical Extract,Bitkisel Ekstrakt,Bitkisel kaynaklı aktif ekstrakt,neutral,,,neutral,,,neutral,,,neutral,,,neutral,,,neutral,,,neutral,,
pinecone extract,pineconeextract,Rating: Good. Categories: Antioxidants,0.0,0.0,0.0,1.0,0.0,0.0,0.0,,,noxmoon,0,Antioxidant,Antioksidan,Serbest radikallere karşı koruyucu antioksidan,neutral,,,neutral,,,neutral,,,neutral,,,neutral,,,neutral,,,neutral,,
pistachio seed oil,pistachioseedoil,"Rating: Good. Categories: Plant Extracts, Emollients",1.0,0.0,0.0,0.0,0.0,0.0,0.0,,,noxmoon,0,Botanical Extract,Bitkisel Ekstrakt,Bitkisel kaynaklı aktif ekstrakt,neutral,,,neutral,,,neutral,,,neutral,,,neutral,,,neutral,,,neutral,,
plasticizing agents,plasticizingagents,Rating: Average. Categories: Texture Enhancer,0.0,0.0,0.0,0.0,0.0,0.0,0.0,,,noxmoon,0,Skincare Ingredient,Cilt Bakım Bileşeni,Cilt bakım bileşeni,neutral,,,neutral,,,neutral,,,neutral,,,neutral,,,neutral,,,neutral,,
plum extract,plumextract,"Rating: Good. Categories: Antioxidants, Plant Extracts",0.0,0.0,0.0,1.0,0.0,0.0,0.0,,,noxmoon,0,Antioxidant,Antioksidan,Serbest radikallere karşı koruyucu antioksidan,neutral,,,neutral,,,neutral,,,neutral,,,neutral,,,neutral,,,neutral,,
plum seed oil,plumseedoil,"Rating: Best. Categories: Antioxidants, Plant Extracts, Emollients",1.0,0.0,0.0,1.0,0.0,0.0,0.0,,,noxmoon,0,Antioxidant,Antioksidan,Serbest radikallere karşı koruyucu antioksidan,neutral,,,neutral,,,neutral,,,neutral,,,neutral,,,neutral,,,neutral,,
poloxamer 184,poloxamer184,Rating: Good. Categories: Cleansing Agents,0.0,1.0,0.0,0.0,0.0,0.0,0.0,,,noxmoon,65,Surfactant,Yüzey Aktif Madde,Temizleme işlevi gören yüzey aktif madde,neutral,,,neutral,,,neutral,,,neutral,,,neutral,,,neutral,,,neutral,,
poloxamers,poloxamers,Rating: Good. Categories: Cleansing Agents,0.0,1.0,0.0,0.0,0.0,0.0,0.0,,,noxmoon,0,Surfactant,Yüzey Aktif Madde,Temizleme işlevi gören yüzey aktif madde,neutral,,,neutral,,,neutral,,,neutral,,,neutral,,,neutral,,,neutral,,
polyacrylamide,polyacrylamide,Rating: Good. Categories: Texture Enhancer,0.0,0.0,0.0,0.0,0.0,0.0,0.0,,,noxmoon,390,Skincare Ingredient,Cilt Bakım Bileşeni,Cilt bakım bileşeni,neutral,,,neutral,,,neutral,,,neutral,,,neutral,,,neutral,,,neutral,,
polyacrylate crosspolymer,polyacrylatecrosspolymer,"Rating: Good. Categories: Film-Forming Agents, Texture Enhancer",0.0,0.0,0.0,0.0,0.0,0.0,0.0,,,noxmoon,0,Skincare Ingredient,Cilt Bakım Bileşeni,Cilt bakım bileşeni,neutral,,,neutral,,,neutral,,,neutral,,,neutral,,,neutral,,,neutral,,
polyacrylate-17,polyacrylate17,Rating: Good. Categories: Texture Enhancer,0.0,0.0,0.0,0.0,0.0,0.0,0.0,,,noxmoon,3,Skincare Ingredient,Cilt Bakım Bileşeni,Cilt bakım bileşeni,neutral,,,neutral,,,neutral,,,neutral,,,neutral,,,neutral,,,neutral,,
polyaminopropyl biguanide,polyaminopropylbiguanide,Rating: Good. Categories: Preservatives,0.0,0.0,0.0,0.0,0.0,0.0,0.0,,,noxmoon,69,Preservative,Koruyucu,Ürünün raf ömrünü uzatan koruyucu madde,neutral,,,neutral,,,neutral,,,neutral,,,neutral,,,neutral,,,neutral,,
polybutene,polybutene,Rating: Good. Categories: Texture Enhancer,0.0,0.0,0.0,0.0,0.0,0.0,0.0,,,noxmoon,76,Skincare Ingredient,Cilt Bakım Bileşeni,Cilt bakım bileşeni,neutral,,,neutral,,,neutral,,,neutral,,,neutral,,,neutral,,,neutral,,
polyethylene,polyethylene,"Rating: Good. Categories: Thickeners/Emulsifiers, Emollients, Scrub Agents",1.0,0.0,0.0,0.0,0.0,0.0,0.0,,,noxmoon,358,Skincare Ingredient,Cilt Bakım Bileşeni,Cilt bakım bileşeni,neutral,,,neutral,,,neutral,,,neutral,,,neutral,,,neutral,,,neutral,,
polyethylene glycol,polyethyleneglycol,"Rating: Good. Categories: Texture Enhancer, Scrub Agents",0.0,0.0,0.0,0.0,0.0,0.0,0.0,,,noxmoon,3,Skincare Ingredient,Cilt Bakım Bileşeni,Cilt bakım bileşeni,neutral,,,neutral,,,neutral,,,neutral,,,neutral,,,neutral,,,neutral,,
polyglucuronic acid,polyglucuronicacid,Rating: Good. Categories: Texture Enhancer,0.0,0.0,0.0,0.0,0.0,0.0,0.0,,,noxmoon,6,Skincare Ingredient,Cilt Bakım Bileşeni,Cilt bakım bileşeni,neutral,,,neutral,,,neutral,,,neutral,,,neutral,,,neutral,,,neutral,,
polyglycerol monostearate,polyglycerolmonostearate,"Rating: Good. Categories: Texture Enhancer, Emollients",1.0,0.0,0.0,0.0,0.0,0.0,0.0,,,noxmoon,0,Skincare Ingredient,Cilt Bakım Bileşeni,Cilt bakım bileşeni,neutral,,,neutral,,,neutral,,,neutral,,,neutral,,,neutral,,,neutral,,
polyglyceryl 2 triisostearate,polyglyceryl2triisostearate,"Rating: Good. Categories: Texture Enhancer, Emollients",1.0,0.0,0.0,0.0,0.0,0.0,0.0,,,noxmoon,22,Skincare Ingredient,Cilt Bakım Bileşeni,Cilt bakım bileşeni,neutral,,,neutral,,,neutral,,,neutral,,,neutral,,,neutral,,,neutral,,
polyglyceryl methacrylate,polyglycerylmethacrylate,Rating: Good. Categories: Texture Enhancer,0.0,0.0,0.0,0.0,0.0,0.0,0.0,,,noxmoon,11,Skincare Ingredient,Cilt Bakım Bileşeni,Cilt bakım bileşeni,neutral,,,neutral,,,neutral,,,neutral,,,neutral,,,neutral,,,neutral,,
polyglyceryl-10 caprylate/caprate,polyglyceryl10caprylatecaprate,"Rating: Good. Categories: Cleansing Agents, Thickeners/Emulsifiers, Texture Enhancer",0.0,1.0,0.0,0.0,0.0,0.0,0.0,,,noxmoon,1,Surfactant,Yüzey Aktif Madde,Temizleme işlevi gören yüzey aktif madde,neutral,,,neutral,,,neutral,,,neutral,,,neutral,,,neutral,,,neutral,,
polyglyceryl-10 dioleate,polyglyceryl10dioleate,"Rating: Good. Categories: Emulsifiers, Hydration",0.0,0.0,0.0,0.0,0.0,0.0,0.0,,,noxmoon,5,Skincare Ingredient,Cilt Bakım Bileşeni,Cilt bakım bileşeni,neutral,,,neutral,,,neutral,,,neutral,,,neutral,,,neutral,,,neutral,,
polyglyceryl-10 laurate,polyglyceryl10laurate,"Rating: Good. Categories: Emulsifiers, Cleansing Agents, Skin-Softening",0.0,1.0,0.0,0.0,0.0,0.0,0.0,,,noxmoon,10,Skincare Ingredient,Cilt Bakım Bileşeni,Cilt bakım bileşeni,neutral,,,neutral,,,neutral,,,neutral,,,neutral,,,neutral,,,neutral,,
polyglyceryl-10 stearate,polyglyceryl10stearate,"Rating: Good. Categories: Cleansing Agents, Emollients, Emulsifiers",1.0,1.0,0.0,0.0,0.0,0.0,0.0,,,noxmoon,28,Surfactant,Yüzey Aktif Madde,Temizleme işlevi gören yüzey aktif madde,neutral,,,neutral,,,neutral,,,neutral,,,neutral,,,neutral,,,neutral,,
polyglyceryl-3 beeswax,polyglyceryl3beeswax,"Rating: Good. Categories: Texture Enhancer, Cleansing Agents",0.0,1.0,0.0,0.0,0.0,0.0,0.0,,,noxmoon,30,Skincare Ingredient,Cilt Bakım Bileşeni,Cilt bakım bileşeni,neutral,,,neutral,,,neutral,,,neutral,,,neutral,,,neutral,,,neutral,,
polyglyceryl-3 methylglucose distearate,polyglyceryl3methylglucosedistearate,"Rating: Good. Categories: Texture Enhancer, Emollients",1.0,0.0,0.0,0.0,0.0,0.0,0.0,,,noxmoon,36,Skincare Ingredient,Cilt Bakım Bileşeni,Cilt bakım bileşeni,neutral,,,neutral,,,neutral,,,neutral,,,neutral,,,neutral,,,neutral,,
polyglyceryl-3 rice branate,polyglyceryl3ricebranate,"Rating: Best. Categories: Emulsifiers, Cleansing Agents",0.0,1.0,0.0,0.0,0.0,0.0,0.0,,,noxmoon,0,Skincare Ingredient,Cilt Bakım Bileşeni,Cilt bakım bileşeni,neutral,,,neutral,,,neutral,,,neutral,,,neutral,,,neutral,,,neutral,,
polyglyceryl-4 isostearate,polyglyceryl4isostearate,"Rating: Good. Categories: Cleansing Agents, Emollients",1.0,1.0,0.0,0.0,0.0,0.0,0.0,,,noxmoon,39,Surfactant,Yüzey Aktif Madde,Temizleme işlevi gören yüzey aktif madde,neutral,,,neutral,,,neutral,,,neutral,,,neutral,,,neutral,,,neutral,,
polyglyceryl-6 isostearate,polyglyceryl6isostearate,Rating: Good. Categories: Emollients,1.0,0.0,0.0,0.0,0.0,0.0,0.0,,,noxmoon,1,Emollient,Yumuşatıcı (Emoliyan),Cildi yumuşatan ve pürüzsüzleştiren bileşen,neutral,,,neutral,,,neutral,,,neutral,,,neutral,,,neutral,,,neutral,,
polyhydroxy acid,polyhydroxyacid,Rating: Best. Categories: Exfoliant,0.0,0.0,0.0,0.0,0.0,0.0,0.0,,,noxmoon,0,Skincare Ingredient,Cilt Bakım Bileşeni,Cilt bakım bileşeni,neutral,,,neutral,,,neutral,,,neutral,,,neutral,,,neutral,,,neutral,,
polyhydroxystearic acid,polyhydroxystearicacid,Rating: Good. Categories: Uncategorized,0.0,0.0,0.0,0.0,0.0,0.0,0.0,,,noxmoon,99,Skincare Ingredient,Cilt Bakım Bileşeni,Cilt bakım bileşeni,neutral,,,neutral,,,neutral,,,neutral,,,neutral,,,neutral,,,neutral,,
polyisobutene,polyisobutene,Rating: Good. Categories: Texture Enhancer,0.0,0.0,0.0,0.0,0.0,0.0,0.0,,,noxmoon,86,Skincare Ingredient,Cilt Bakım Bileşeni,Cilt bakım bileşeni,neutral,,,neutral,,,neutral,,,neutral,,,neutral,,,neutral,,,neutral,,
polymer,polymer,Rating: Good. Categories: Uncategorized,0.0,0.0,0.0,0.0,0.0,0.0,0.0,,,noxmoon,0,Skincare Ingredient,Cilt Bakım Bileşeni,Cilt bakım bileşeni,neutral,,,neutral,,,neutral,,,neutral,,,neutral,,,neutral,,,neutral,,
polymethylsilsesquioxane,polymethylsilsesquioxane,"Rating: Good. Categories: Silicones, Emollients, Texture Enhancer",2.0,0.0,0.0,1.0,0.0,0.0,0.0,,,noxmoon,188,Silicone,Silikon,Cildi pürüzsüzleştiren silikon bazlı bileşen,beneficial,Kuru cilt için faydalı bileşen,Beneficial for dry skin,neutral,,,neutral,,,neutral,,,neutral,,,neutral,,,neutral,,
polypropylene glycol,polypropyleneglycol,Rating: Good. Categories: Uncategorized,0.0,0.0,0.0,0.0,0.0,0.0,0.0,,,noxmoon,0,Skincare Ingredient,Cilt Bakım Bileşeni,Cilt bakım bileşeni,neutral,,,neutral,,,neutral,,,neutral,,,neutral,,,neutral,,,neutral,,
polyquaternium-10,polyquaternium10,Rating: Good. Categories: Texture Enhancer,0.0,0.0,0.0,0.0,0.0,0.0,0.0,,,noxmoon,51,Skincare Ingredient,Cilt Bakım Bileşeni,Cilt bakım bileşeni,neutral,,,neutral,,,neutral,,,neutral,,,neutral,,,neutral,,,neutral,,
polyquaterniums,polyquaterniums,Rating: Good. Categories: Texture Enhancer,0.0,0.0,0.0,0.0,0.0,0.0,0.0,,,noxmoon,0,Skincare Ingredient,Cilt Bakım Bileşeni,Cilt bakım bileşeni,neutral,,,neutral,,,neutral,,,neutral,,,neutral,,,neutral,,,neutral,,
polysaccharide,polysaccharide,"Rating: Best. Categories: Antioxidants, Skin-Replenishing",2.0,0.0,0.0,1.0,1.0,0.0,0.0,,,noxmoon,2,Antioxidant,Antioksidan,Serbest radikallere karşı koruyucu antioksidan,beneficial,Kuru cilt için faydalı bileşen,Beneficial for dry skin,neutral,,,neutral,,,neutral,,,neutral,,,neutral,,,neutral,,
polysilicone-11,polysilicone11,"Rating: Good. Categories: Silicones, Texture Enhancer",1.0,0.0,0.0,1.0,0.0,0.0,0.0,,,noxmoon,261,Silicone,Silikon,Cildi pürüzsüzleştiren silikon bazlı bileşen,neutral,,,neutral,,,neutral,,,neutral,,,neutral,,,neutral,,,neutral,,
polysorbate 20,polysorbate20,Rating: Good. Categories: Cleansing Agents,0.0,1.0,0.0,0.0,0.0,0.0,0.0,,,noxmoon,844,Surfactant,Yüzey Aktif Madde,Temizleme işlevi gören yüzey aktif madde,neutral,,,neutral,,,neutral,,,neutral,,,neutral,,,neutral,,,neutral,,
polysorbate 60,polysorbate60,Rating: Good. Categories: Cleansing Agents,0.0,1.0,0.0,0.0,0.0,0.0,0.0,,,noxmoon,448,Surfactant,Yüzey Aktif Madde,Temizleme işlevi gören yüzey aktif madde,neutral,,,neutral,,,neutral,,,neutral,,,neutral,,,neutral,,,neutral,,
polysorbate 80,polysorbate80,Rating: Good. Categories: Cleansing Agents,0.0,1.0,0.0,0.0,0.0,0.0,0.0,,,noxmoon,300,Surfactant,Yüzey Aktif Madde,Temizleme işlevi gören yüzey aktif madde,neutral,,,neutral,,,neutral,,,neutral,,,neutral,,,neutral,,,neutral,,
polysorbates,polysorbates,Rating: Good. Categories: Cleansing Agents,0.0,1.0,0.0,0.0,0.0,0.0,0.0,,,noxmoon,0,Surfactant,Yüzey Aktif Madde,Temizleme işlevi gören yüzey aktif madde,neutral,,,neutral,,,neutral,,,neutral,,,neutral,,,neutral,,,neutral,,
polyvinyl alcohol,polyvinylalcohol,Rating: Average. Categories: Texture Enhancer,0.0,0.0,0.0,0.0,0.0,0.0,0.0,,,noxmoon,50,Skincare Ingredient,Cilt Bakım Bileşeni,Cilt bakım bileşeni,neutral,,,neutral,,,neutral,,,neutral,,,neutral,,,neutral,,,neutral,,
polyvinylpyrrolidone,polyvinylpyrrolidone,Rating: Good. Categories: Texture Enhancer,0.0,0.0,0.0,0.0,0.0,0.0,0.0,,,noxmoon,1,Skincare Ingredient,Cilt Bakım Bileşeni,Cilt bakım bileşeni,neutral,,,neutral,,,neutral,,,neutral,,,neutral,,,neutral,,,neutral,,
pomegranate extract,pomegranateextract,"Rating: Best. Categories: Antioxidants, Plant Extracts",0.0,0.0,0.0,1.0,0.0,0.0,0.0,,,noxmoon,1,Antioxidant,Antioksidan,Serbest radikallere karşı koruyucu antioksidan,neutral,,,neutral,,,neutral,,,neutral,,,neutral,,,neutral,,,neutral,,
potassium,potassium,"Rating: Good. Categories: Plant Extracts, Absorbent",0.0,0.0,0.0,0.0,0.0,0.0,0.0,,,noxmoon,0,Botanical Extract,Bitkisel Ekstrakt,Bitkisel kaynaklı aktif ekstrakt,neutral,,,neutral,,,neutral,,,neutral,,,neutral,,,neutral,,,neutral,,
potassium ascorbyl tocopheryl phosphate,potassiumascorbyltocopherylphosphate,"Rating: Best. Categories: Antioxidants, Vitamins",0.0,0.0,0.0,1.0,0.0,0.0,0.0,,,noxmoon,11,Antioxidant,Antioksidan,Serbest radikallere karşı koruyucu antioksidan,neutral,,,neutral,,,neutral,,,neutral,,,neutral,,,neutral,,,neutral,,
potassium cetyl phosphate,potassiumcetylphosphate,Rating: Good. Categories: Cleansing Agents,0.0,1.0,0.0,0.0,0.0,0.0,0.0,,,noxmoon,227,Surfactant,Yüzey Aktif Madde,Temizleme işlevi gören yüzey aktif madde,neutral,,,neutral,,,neutral,,,neutral,,,neutral,,,neutral,,,neutral,,
potassium citrate,potassiumcitrate,Rating: Good. Categories: Miscellaneous,0.0,0.0,0.0,0.0,0.0,0.0,0.0,,,noxmoon,25,Skincare Ingredient,Cilt Bakım Bileşeni,Cilt bakım bileşeni,neutral,,,neutral,,,neutral,,,neutral,,,neutral,,,neutral,,,neutral,,
potassium hydroxide,potassiumhydroxide,Rating: Average. Categories: Cleansing Agents,0.0,1.0,0.0,0.0,0.0,0.0,0.0,,,noxmoon,335,Surfactant,Yüzey Aktif Madde,Temizleme işlevi gören yüzey aktif madde,neutral,,,neutral,,,neutral,,,neutral,,,neutral,,,neutral,,,neutral,,
potassium myristate,potassiummyristate,Rating: Average. Categories: Cleansing Agents,0.0,1.0,0.0,0.0,0.0,0.0,0.0,,,noxmoon,30,Surfactant,Yüzey Aktif Madde,Temizleme işlevi gören yüzey aktif madde,neutral,,,neutral,,,neutral,,,neutral,,,neutral,,,neutral,,,neutral,,
potassium phosphate,potassiumphosphate,Rating: Good. Categories: Uncategorized,0.0,0.0,0.0,0.0,0.0,0.0,0.0,,,noxmoon,50,Skincare Ingredient,Cilt Bakım Bileşeni,Cilt bakım bileşeni,neutral,,,neutral,,,neutral,,,neutral,,,neutral,,,neutral,,,neutral,,
potassium sorbate,potassiumsorbate,Rating: Good. Categories: Preservatives,0.0,0.0,0.0,0.0,0.0,0.0,0.0,,,noxmoon,933,Preservative,Koruyucu,Ürünün raf ömrünü uzatan koruyucu madde,neutral,,,neutral,,,neutral,,,neutral,,,neutral,,,neutral,,,neutral,,
preservatives,preservatives,Rating: Good. Categories: Preservatives,0.0,0.0,0.0,0.0,0.0,0.0,0.0,,,noxmoon,0,Preservative,Koruyucu,Ürünün raf ömrünü uzatan koruyucu madde,neutral,,,neutral,,,neutral,,,neutral,,,neutral,,,neutral,,,neutral,,
propanediol,propanediol,Rating: Good. Categories: Uncategorized,0.0,0.0,0.0,0.0,0.0,0.0,0.0,,,noxmoon,436,Skincare Ingredient,Cilt Bakım Bileşeni,Cilt bakım bileşeni,neutral,,,neutral,,,neutral,,,neutral,,,neutral,,,neutral,,,neutral,,
propolis,propolis,"Rating: Good. Categories: Skin-Soothing, Antioxidants",1.0,0.0,0.0,1.0,2.0,0.0,0.0,,,noxmoon,1,Emollient,Yumuşatıcı (Emoliyan),Cildi yumuşatan ve pürüzsüzleştiren bileşen,neutral,,,neutral,,,neutral,,,neutral,,,beneficial,Hassas cilt için faydalı bileşen,Beneficial for sensitive skin,neutral,,,neutral,,
propyl gallate,propylgallate,Rating: Best. Categories: Antioxidants,0.0,0.0,0.0,1.0,0.0,0.0,0.0,,,noxmoon,39,Antioxidant,Antioksidan,Serbest radikallere karşı koruyucu antioksidan,neutral,,,neutral,,,neutral,,,neutral,,,neutral,,,neutral,,,neutral,,
propylene carbonate,propylenecarbonate,Rating: Good. Categories: Texture Enhancer,0.0,0.0,0.0,0.0,0.0,0.0,0.0,,,noxmoon,87,Skincare Ingredient,Cilt Bakım Bileşeni,Cilt bakım bileşeni,neutral,,,neutral,,,neutral,,,neutral,,,neutral,,,neutral,,,neutral,,
propylene glycol,propyleneglycol,Rating: Good. Categories: Texture Enhancer,0.0,0.0,0.0,0.0,0.0,0.0,0.0,,,noxmoon,1188,Skincare Ingredient,Cilt Bakım Bileşeni,Cilt bakım bileşeni,neutral,,,neutral,,,neutral,,,neutral,,,neutral,,,neutral,,,neutral,,
propylene glycol dicaprylate/dicaprate,propyleneglycoldicaprylatedicaprate,Rating: Good. Categories: Uncategorized,0.0,0.0,0.0,0.0,0.0,0.0,0.0,,,noxmoon,42,Skincare Ingredient,Cilt Bakım Bileşeni,Cilt bakım bileşeni,neutral,,,neutral,,,neutral,,,neutral,,,neutral,,,neutral,,,neutral,,
propylene glycol isostearate,propyleneglycolisostearate,"Rating: Good. Categories: Texture Enhancer, Emollients",1.0,0.0,0.0,0.0,0.0,0.0,0.0,,,noxmoon,0,Skincare Ingredient,Cilt Bakım Bileşeni,Cilt bakım bileşeni,neutral,,,neutral,,,neutral,,,neutral,,,neutral,,,neutral,,,neutral,,
propylene glycol laurate,propyleneglycollaurate,Rating: Good. Categories: Emollients,1.0,0.0,0.0,0.0,0.0,0.0,0.0,,,noxmoon,10,Emollient,Yumuşatıcı (Emoliyan),Cildi yumuşatan ve pürüzsüzleştiren bileşen,neutral,,,neutral,,,neutral,,,neutral,,,neutral,,,neutral,,,neutral,,
propylene glycol stearate,propyleneglycolstearate,Rating: Good. Categories: Texture Enhancer,0.0,0.0,0.0,0.0,0.0,0.0,0.0,,,noxmoon,23,Skincare Ingredient,Cilt Bakım Bileşeni,Cilt bakım bileşeni,neutral,,,neutral,,,neutral,,,neutral,,,neutral,,,neutral,,,neutral,,
propylparaben,propylparaben,Rating: Good. Categories: Preservatives,0.0,0.0,0.0,0.0,0.0,0.0,0.0,,,noxmoon,1007,Preservative,Koruyucu,Ürünün raf ömrünü uzatan koruyucu madde,neutral,,,neutral,,,neutral,,,neutral,,,neutral,,,neutral,,,neutral,,
pullulan,pullulan,"Rating: Good. Categories: Antioxidants, Texture Enhancer",0.0,0.0,0.0,1.0,0.0,0.0,0.0,,,noxmoon,55,Antioxidant,Antioksidan,Serbest radikallere karşı koruyucu antioksidan,neutral,,,neutral,,,neutral,,,neutral,,,neutral,,,neutral,,,neutral,,
pumpkin,pumpkin,"Rating: Best. Categories: Antioxidants, Plant Extracts",0.0,0.0,0.0,1.0,0.0,0.0,0.0,,,noxmoon,0,Antioxidant,Antioksidan,Serbest radikallere karşı koruyucu antioksidan,neutral,,,neutral,,,neutral,,,neutral,,,neutral,,,neutral,,,neutral,,
pumpkin seed extract,pumpkinseedextract,"Rating: Best. Categories: Antioxidants, Skin-Replenishing, Texture Enhancer, Emollients",3.0,0.0,0.0,1.0,1.0,0.0,0.0,,,noxmoon,0,Antioxidant,Antioksidan,Serbest radikallere karşı koruyucu antioksidan,beneficial,Kuru cilt için faydalı bileşen,Beneficial for dry skin,neutral,,,neutral,,,neutral,,,neutral,,,neutral,,,neutral,,
purified water,purifiedwater,Rating: Good. Categories: Uncategorized,0.0,0.0,0.0,0.0,0.0,0.0,0.0,,,noxmoon,133,Skincare Ingredient,Cilt Bakım Bileşeni,Cilt bakım bileşeni,neutral,,,neutral,,,neutral,,,neutral,,,neutral,,,neutral,,,neutral,,
pycnogenol,pycnogenol,"Rating: Good. Categories: Antioxidants, Plant Extracts",0.0,0.0,0.0,1.0,0.0,0.0,0.0,,,noxmoon,0,Antioxidant,Antioksidan,Serbest radikallere karşı koruyucu antioksidan,neutral,,,neutral,,,neutral,,,neutral,,,neutral,,,neutral,,,neutral,,
pyridoxine hydrochloride (HCL),pyridoxinehydrochloridehcl,"Rating: Good. Categories: Antioxidants, Vitamins",0.0,0.0,0.0,1.0,0.0,0.0,0.0,,,noxmoon,0,Antioxidant,Antioksidan,Serbest radikallere karşı koruyucu antioksidan,neutral,,,neutral,,,neutral,,,neutral,,,neutral,,,neutral,,,neutral,,
quaternium ammonium compounds,quaterniumammoniumcompounds,Rating: Good. Categories: Uncategorized,0.0,0.0,0.0,0.0,0.0,0.0,0.0,,,noxmoon,0,Skincare Ingredient,Cilt Bakım Bileşeni,Cilt bakım bileşeni,neutral,,,neutral,,,neutral,,,neutral,,,neutral,,,neutral,,,neutral,,
quaternium-15,quaternium15,Rating: Average. Categories: Preservatives,0.0,0.0,0.0,0.0,0.0,0.0,0.0,,,noxmoon,30,Preservative,Koruyucu,Ürünün raf ömrünü uzatan koruyucu madde,neutral,,,neutral,,,neutral,,,neutral,,,neutral,,,neutral,,,neutral,,
quaternium-18 hectorite,quaternium18hectorite,Rating: Good. Categories: Texture Enhancer,0.0,0.0,0.0,0.0,0.0,0.0,0.0,,,noxmoon,7,Skincare Ingredient,Cilt Bakım Bileşeni,Cilt bakım bileşeni,neutral,,,neutral,,,neutral,,,neutral,,,neutral,,,neutral,,,neutral,,
quercus,quercus,Rating: Poor. Categories: Plant Extracts,0.0,0.0,0.0,0.0,-1.0,0.0,0.0,,,noxmoon,0,Botanical Extract,Bitkisel Ekstrakt,Bitkisel kaynaklı aktif ekstrakt,neutral,,,neutral,,,neutral,,,neutral,,,caution,"Hassas ciltte tahriş riski taşır, dikkatli kullanılmalı","Risk of irritation, use with caution",neutral,,,neutral,,
quillaja extract,quillajaextract,Rating: Good. Categories: Plant Extracts,0.0,0.0,0.0,0.0,0.0,0.0,0.0,,,noxmoon,0,Botanical Extract,Bitkisel Ekstrakt,Bitkisel kaynaklı aktif ekstrakt,neutral,,,neutral,,,neutral,,,neutral,,,neutral,,,neutral,,,neutral,,
quince seed,quinceseed,"Rating: Poor. Categories: Plant Extracts, Texture Enhancer",0.0,0.0,0.0,0.0,-1.0,0.0,0.0,,,noxmoon,0,Botanical Extract,Bitkisel Ekstrakt,Bitkisel kaynaklı aktif ekstrakt,neutral,,,neutral,,,neutral,,,neutral,,,caution,"Hassas ciltte tahriş riski taşır, dikkatli kullanılmalı","Risk of irritation, use with caution",neutral,,,neutral,,
quinoa oil,quinoaoil,"Rating: Good. Categories: Plant Extracts, Emollients",1.0,0.0,0.0,0.0,0.0,0.0,0.0,,,noxmoon,0,Botanical Extract,Bitkisel Ekstrakt,Bitkisel kaynaklı aktif ekstrakt,neutral,,,neutral,,,neutral,,,neutral,,,neutral,,,neutral,,,neutral,,
rapeseed oil,rapeseedoil,"Rating: Best. Categories: Antioxidants, Emollients, Plant Extracts",1.0,0.0,0.0,1.0,0.0,0.0,0.0,,,noxmoon,0,Antioxidant,Antioksidan,Serbest radikallere karşı koruyucu antioksidan,neutral,,,neutral,,,neutral,,,neutral,,,neutral,,,neutral,,,neutral,,
raspberry seed extract,raspberryseedextract,"Rating: Good. Categories: Antioxidants, Plant Extracts",0.0,0.0,0.0,1.0,0.0,0.0,0.0,,,noxmoon,0,Antioxidant,Antioksidan,Serbest radikallere karşı koruyucu antioksidan,neutral,,,neutral,,,neutral,,,neutral,,,neutral,,,neutral,,,neutral,,
raspberry seed oil,raspberryseedoil,"Rating: Good. Categories: Antioxidants, Plant Extracts",0.0,0.0,0.0,1.0,0.0,0.0,0.0,,,noxmoon,0,Antioxidant,Antioksidan,Serbest radikallere karşı koruyucu antioksidan,neutral,,,neutral,,,neutral,,,neutral,,,neutral,,,neutral,,,neutral,,
red 27 lake,red27lake,Rating: Good. Categories: Coloring Agents/Pigments,0.0,0.0,0.0,0.0,0.0,0.0,0.0,,,noxmoon,11,Skincare Ingredient,Cilt Bakım Bileşeni,Cilt bakım bileşeni,neutral,,,neutral,,,neutral,,,neutral,,,neutral,,,neutral,,,neutral,,
red 33,red33,Rating: Good. Categories: Coloring Agents/Pigments,0.0,0.0,0.0,0.0,0.0,0.0,0.0,,,noxmoon,75,Skincare Ingredient,Cilt Bakım Bileşeni,Cilt bakım bileşeni,neutral,,,neutral,,,neutral,,,neutral,,,neutral,,,neutral,,,neutral,,
red 6 lake,red6lake,Rating: Good. Categories: Coloring Agents/Pigments,0.0,0.0,0.0,0.0,0.0,0.0,0.0,,,noxmoon,5,Skincare Ingredient,Cilt Bakım Bileşeni,Cilt bakım bileşeni,neutral,,,neutral,,,neutral,,,neutral,,,neutral,,,neutral,,,neutral,,
red clover,redclover,"Rating: Good. Categories: Skin-Soothing, Antioxidants, Plant Extracts",1.0,0.0,0.0,1.0,2.0,0.0,0.0,,,noxmoon,0,Emollient,Yumuşatıcı (Emoliyan),Cildi yumuşatan ve pürüzsüzleştiren bileşen,neutral,,,neutral,,,neutral,,,neutral,,,beneficial,Hassas cilt için faydalı bileşen,Beneficial for sensitive skin,neutral,,,neutral,,
red raspberry extract,redraspberryextract,"Rating: Good. Categories: Antioxidants, Plant Extracts",0.0,0.0,0.0,1.0,0.0,0.0,0.0,,,noxmoon,0,Antioxidant,Antioksidan,Serbest radikallere karşı koruyucu antioksidan,neutral,,,neutral,,,neutral,,,neutral,,,neutral,,,neutral,,,neutral,,
reducing agent,reducingagent,Rating: Good. Categories: Cleansing Agents,0.0,1.0,0.0,0.0,0.0,0.0,0.0,,,noxmoon,0,Surfactant,Yüzey Aktif Madde,Temizleme işlevi gören yüzey aktif madde,neutral,,,neutral,,,neutral,,,neutral,,,neutral,,,neutral,,,neutral,,
retinyl ascorbate,retinylascorbate,"Rating: Best. Categories: Antioxidants, Vitamins",0.0,0.0,0.0,1.0,0.0,0.0,0.0,,,noxmoon,0,Antioxidant,Antioksidan,Serbest radikallere karşı koruyucu antioksidan,neutral,,,neutral,,,neutral,,,neutral,,,neutral,,,neutral,,,neutral,,
riboflavin,riboflavin,Rating: Average. Categories: Vitamins,0.0,0.0,0.0,0.0,0.0,0.0,0.0,,,noxmoon,15,Antioxidant,Antioksidan,Serbest radikallere karşı koruyucu antioksidan,neutral,,,neutral,,,neutral,,,neutral,,,neutral,,,neutral,,,neutral,,
rice bran oil,ricebranoil,"Rating: Good. Categories: Plant Extracts, Emollients",1.0,0.0,0.0,0.0,0.0,0.0,0.0,,,noxmoon,13,Botanical Extract,Bitkisel Ekstrakt,Bitkisel kaynaklı aktif ekstrakt,neutral,,,neutral,,,neutral,,,neutral,,,neutral,,,neutral,,,neutral,,
rice oil,riceoil,"Rating: Good. Categories: Plant Extracts, Emollients",1.0,0.0,0.0,0.0,0.0,0.0,0.0,,,noxmoon,1,Botanical Extract,Bitkisel Ekstrakt,Bitkisel kaynaklı aktif ekstrakt,neutral,,,neutral,,,neutral,,,neutral,,,neutral,,,neutral,,,neutral,,
rice starch,ricestarch,"Rating: Good. Categories: Plant Extracts, Absorbent",0.0,0.0,0.0,0.0,0.0,0.0,0.0,,,noxmoon,2,Botanical Extract,Bitkisel Ekstrakt,Bitkisel kaynaklı aktif ekstrakt,neutral,,,neutral,,,neutral,,,neutral,,,neutral,,,neutral,,,neutral,,
ricinoleate,ricinoleate,Rating: Good. Categories: Texture Enhancer,0.0,0.0,0.0,0.0,0.0,0.0,0.0,,,noxmoon,0,Skincare Ingredient,Cilt Bakım Bileşeni,Cilt bakım bileşeni,neutral,,,neutral,,,neutral,,,neutral,,,neutral,,,neutral,,,neutral,,
rose flower,roseflower,"Rating: Poor. Categories: Plant Extracts, Fragrance: Synthetic and Fragrant Plant Extracts",0.0,0.0,0.0,0.0,-2.0,0.0,0.0,,,noxmoon,0,Botanical Extract,Bitkisel Ekstrakt,Bitkisel kaynaklı aktif ekstrakt,neutral,,,neutral,,,neutral,,,neutral,,,caution,"Hassas ciltte tahriş riski taşır, dikkatli kullanılmalı","Risk of irritation, use with caution",neutral,,,neutral,,
rose flower oil,rosefloweroil,"Rating: Poor. Categories: Plant Extracts, Fragrance: Synthetic and Fragrant Plant Extracts, Sensitizing",-1.0,0.0,0.0,0.0,-4.0,0.0,0.0,,Sensitizing,noxmoon,5,Botanical Extract,Bitkisel Ekstrakt,Bitkisel kaynaklı aktif ekstrakt,caution,"Kurutucu etki yapabilir, nemlendiriciyle kullanılmalı",May have drying effects,neutral,,,neutral,,,neutral,,,caution,"Hassas ciltte tahriş riski taşır, dikkatli kullanılmalı","Risk of irritation, use with caution",neutral,,,neutral,,
rose hip,rosehip,"Rating: Good. Categories: Antioxidants, Plant Extracts, Emollients",1.0,0.0,0.0,1.0,0.0,0.0,0.0,,,noxmoon,0,Antioxidant,Antioksidan,Serbest radikallere karşı koruyucu antioksidan,neutral,,,neutral,,,neutral,,,neutral,,,neutral,,,neutral,,,neutral,,
rose hip oil,rosehipoil,"Rating: Good. Categories: Antioxidants, Plant Extracts, Emollients",1.0,0.0,0.0,1.0,0.0,0.0,0.0,,,noxmoon,3,Antioxidant,Antioksidan,Serbest radikallere karşı koruyucu antioksidan,neutral,,,neutral,,,neutral,,,neutral,,,neutral,,,neutral,,,neutral,,
rose oil,roseoil,"Rating: Poor. Categories: Plant Extracts, Fragrance: Synthetic and Fragrant Plant Extracts",0.0,0.0,0.0,0.0,-2.0,0.0,0.0,,,noxmoon,3,Botanical Extract,Bitkisel Ekstrakt,Bitkisel kaynaklı aktif ekstrakt,neutral,,,neutral,,,neutral,,,neutral,,,caution,"Hassas ciltte tahriş riski taşır, dikkatli kullanılmalı","Risk of irritation, use with caution",neutral,,,neutral,,
rosemary extract,rosemaryextract,"Rating: Good. Categories: Plant Extracts, Fragrance: Synthetic and Fragrant Plant Extracts, Antioxidants",0.0,0.0,0.0,1.0,-2.0,0.0,0.0,,,noxmoon,26,Botanical Extract,Bitkisel Ekstrakt,Bitkisel kaynaklı aktif ekstrakt,neutral,,,neutral,,,neutral,,,neutral,,,caution,"Hassas ciltte tahriş riski taşır, dikkatli kullanılmalı","Risk of irritation, use with caution",neutral,,,neutral,,
rosemary oil,rosemaryoil,"Rating: Poor. Categories: Antioxidants, Plant Extracts, Fragrance: Synthetic and Fragrant Plant Extracts",0.0,0.0,0.0,1.0,-2.0,0.0,0.0,,,noxmoon,1,Antioxidant,Antioksidan,Serbest radikallere karşı koruyucu antioksidan,neutral,,,neutral,,,neutral,,,neutral,,,caution,"Hassas ciltte tahriş riski taşır, dikkatli kullanılmalı","Risk of irritation, use with caution",neutral,,,neutral,,
rosewood oil,rosewoodoil,"Rating: Poor. Categories: Plant Extracts, Fragrance: Synthetic and Fragrant Plant Extracts",0.0,0.0,0.0,0.0,-2.0,0.0,0.0,,,noxmoon,0,Botanical Extract,Bitkisel Ekstrakt,Bitkisel kaynaklı aktif ekstrakt,neutral,,,neutral,,,neutral,,,neutral,,,caution,"Hassas ciltte tahriş riski taşır, dikkatli kullanılmalı","Risk of irritation, use with caution",neutral,,,neutral,,
royal jelly,royaljelly,Rating: Average. Categories: Uncategorized,0.0,0.0,0.0,0.0,0.0,0.0,0.0,,,noxmoon,18,Skincare Ingredient,Cilt Bakım Bileşeni,Cilt bakım bileşeni,neutral,,,neutral,,,neutral,,,neutral,,,neutral,,,neutral,,,neutral,,
rutin,rutin,"Rating: Best. Categories: Antioxidants, Emollients",1.0,0.0,0.0,1.0,0.0,0.0,0.0,,,noxmoon,4,Antioxidant,Antioksidan,Serbest radikallere karşı koruyucu antioksidan,neutral,,,neutral,,,neutral,,,neutral,,,neutral,,,neutral,,,neutral,,
saccharide isomerate,saccharideisomerate,"Rating: Good. Categories: Emollients, Skin-Replenishing",3.0,0.0,0.0,0.0,1.0,0.0,0.0,,,noxmoon,133,Emollient,Yumuşatıcı (Emoliyan),Cildi yumuşatan ve pürüzsüzleştiren bileşen,beneficial,Kuru cilt için faydalı bileşen,Beneficial for dry skin,neutral,,,neutral,,,neutral,,,neutral,,,neutral,,,neutral,,
saccharides,saccharides,Rating: Best. Categories: Skin-Replenishing,2.0,0.0,0.0,0.0,1.0,0.0,0.0,,,noxmoon,0,Ceramide,Seramid,Cilt bariyerini güçlendiren bileşen,beneficial,Kuru cilt için faydalı bileşen,Beneficial for dry skin,neutral,,,neutral,,,neutral,,,neutral,,,neutral,,,neutral,,
saccharomyces selenium ferment,saccharomycesseleniumferment,Rating: Good. Categories: Antioxidants,0.0,0.0,0.0,1.0,0.0,0.0,0.0,,,noxmoon,0,Antioxidant,Antioksidan,Serbest radikallere karşı koruyucu antioksidan,neutral,,,neutral,,,neutral,,,neutral,,,neutral,,,neutral,,,neutral,,
sage extract,sageextract,"Rating: Average. Categories: Plant Extracts, Sensitizing",-1.0,0.0,0.0,0.0,-2.0,0.0,0.0,,Sensitizing,noxmoon,3,Botanical Extract,Bitkisel Ekstrakt,Bitkisel kaynaklı aktif ekstrakt,caution,"Kurutucu etki yapabilir, nemlendiriciyle kullanılmalı",May have drying effects,neutral,,,neutral,,,neutral,,,caution,"Hassas ciltte tahriş riski taşır, dikkatli kullanılmalı","Risk of irritation, use with caution",neutral,,,neutral,,
salicin,salicin,"Rating: Good. Categories: Skin-Soothing, Plant Extracts",1.0,0.0,0.0,0.0,2.0,0.0,0.0,,,noxmoon,3,Emollient,Yumuşatıcı (Emoliyan),Cildi yumuşatan ve pürüzsüzleştiren bileşen,neutral,,,neutral,,,neutral,,,neutral,,,beneficial,Hassas cilt için faydalı bileşen,Beneficial for sensitive skin,neutral,,,neutral,,
sandalwood oil,sandalwoodoil,"Rating: Poor. Categories: Plant Extracts, Fragrance: Synthetic and Fragrant Plant Extracts, Sensitizing",-1.0,0.0,0.0,0.0,-4.0,0.0,0.0,,Sensitizing,noxmoon,7,Botanical Extract,Bitkisel Ekstrakt,Bitkisel kaynaklı aktif ekstrakt,caution,"Kurutucu etki yapabilir, nemlendiriciyle kullanılmalı",May have drying effects,neutral,,,neutral,,,neutral,,,caution,"Hassas ciltte tahriş riski taşır, dikkatli kullanılmalı","Risk of irritation, use with caution",neutral,,,neutral,,
saponin,saponin,"Rating: Good. Categories: Skin-Soothing, Plant Extracts, Antioxidants",1.0,0.0,0.0,1.0,2.0,0.0,0.0,,,noxmoon,0,Emollient,Yumuşatıcı (Emoliyan),Cildi yumuşatan ve pürüzsüzleştiren bileşen,neutral,,,neutral,,,neutral,,,neutral,,,beneficial,Hassas cilt için faydalı bileşen,Beneficial for sensitive skin,neutral,,,neutral,,
sarcosine,sarcosine,Rating: Good. Categories: Hydration,0.0,0.0,0.0,0.0,0.0,0.0,0.0,,,noxmoon,38,Skincare Ingredient,Cilt Bakım Bileşeni,Cilt bakım bileşeni,neutral,,,neutral,,,neutral,,,neutral,,,neutral,,,neutral,,,neutral,,
sausurrea oil,sausurreaoil,"Rating: Poor. Categories: Plant Extracts, Sensitizing, Fragrance: Synthetic and Fragrant Plant Extracts",-1.0,0.0,0.0,0.0,-4.0,0.0,0.0,,Sensitizing,noxmoon,0,Botanical Extract,Bitkisel Ekstrakt,Bitkisel kaynaklı aktif ekstrakt,caution,"Kurutucu etki yapabilir, nemlendiriciyle kullanılmalı",May have drying effects,neutral,,,neutral,,,neutral,,,caution,"Hassas ciltte tahriş riski taşır, dikkatli kullanılmalı","Risk of irritation, use with caution",neutral,,,neutral,,
sclareolide,sclareolide,"Rating: Poor. Categories: Plant Extracts, Fragrance: Synthetic and Fragrant Plant Extracts",0.0,0.0,0.0,0.0,-2.0,0.0,0.0,,,noxmoon,5,Botanical Extract,Bitkisel Ekstrakt,Bitkisel kaynaklı aktif ekstrakt,neutral,,,neutral,,,neutral,,,neutral,,,caution,"Hassas ciltte tahriş riski taşır, dikkatli kullanılmalı","Risk of irritation, use with caution",neutral,,,neutral,,
sclerotium gum,sclerotiumgum,Rating: Good. Categories: Thickeners/Emulsifiers,0.0,0.0,0.0,0.0,0.0,0.0,0.0,,,noxmoon,124,Skincare Ingredient,Cilt Bakım Bileşeni,Cilt bakım bileşeni,neutral,,,neutral,,,neutral,,,neutral,,,neutral,,,neutral,,,neutral,,
sea buckthorn,seabuckthorn,"Rating: Good. Categories: Antioxidants, Plant Extracts",0.0,0.0,0.0,1.0,0.0,0.0,0.0,,,noxmoon,0,Antioxidant,Antioksidan,Serbest radikallere karşı koruyucu antioksidan,neutral,,,neutral,,,neutral,,,neutral,,,neutral,,,neutral,,,neutral,,
sea salt,seasalt,"Rating: Average. Categories: Scrub Agents, Sensitizing",-1.0,0.0,0.0,0.0,-2.0,0.0,0.0,,Sensitizing,noxmoon,10,Skincare Ingredient,Cilt Bakım Bileşeni,Cilt bakım bileşeni,caution,"Kurutucu etki yapabilir, nemlendiriciyle kullanılmalı",May have drying effects,neutral,,,neutral,,,neutral,,,caution,"Hassas ciltte tahriş riski taşır, dikkatli kullanılmalı","Risk of irritation, use with caution",neutral,,,neutral,,
sea whip extract,seawhipextract,Rating: Best. Categories: Skin-Soothing,1.0,0.0,0.0,0.0,2.0,0.0,0.0,,,noxmoon,70,Emollient,Yumuşatıcı (Emoliyan),Cildi yumuşatan ve pürüzsüzleştiren bileşen,neutral,,,neutral,,,neutral,,,neutral,,,beneficial,Hassas cilt için faydalı bileşen,Beneficial for sensitive skin,neutral,,,neutral,,
seaweed,seaweed,"Rating: Good. Categories: Antioxidants, Plant Extracts, Thickeners/Emulsifiers, Emollients",1.0,0.0,0.0,1.0,0.0,0.0,0.0,,,noxmoon,0,Antioxidant,Antioksidan,Serbest radikallere karşı koruyucu antioksidan,neutral,,,neutral,,,neutral,,,neutral,,,neutral,,,neutral,,,neutral,,
sebacic acid,sebacicacid,Rating: Good. Categories: Miscellaneous,0.0,0.0,0.0,0.0,0.0,0.0,0.0,,,noxmoon,7,Skincare Ingredient,Cilt Bakım Bileşeni,Cilt bakım bileşeni,neutral,,,neutral,,,neutral,,,neutral,,,neutral,,,neutral,,,neutral,,
selenium,selenium,Rating: Best. Categories: Antioxidants,0.0,0.0,0.0,1.0,0.0,0.0,0.0,,,noxmoon,0,Antioxidant,Antioksidan,Serbest radikallere karşı koruyucu antioksidan,neutral,,,neutral,,,neutral,,,neutral,,,neutral,,,neutral,,,neutral,,
sericin,sericin,"Rating: Good. Categories: Antioxidants, Plant Extracts",0.0,0.0,0.0,1.0,0.0,0.0,0.0,,,noxmoon,3,Antioxidant,Antioksidan,Serbest radikallere karşı koruyucu antioksidan,neutral,,,neutral,,,neutral,,,neutral,,,neutral,,,neutral,,,neutral,,
sesame oil,sesameoil,"Rating: Good. Categories: Plant Extracts, Emollients",1.0,0.0,0.0,0.0,0.0,0.0,0.0,,,noxmoon,7,Botanical Extract,Bitkisel Ekstrakt,Bitkisel kaynaklı aktif ekstrakt,neutral,,,neutral,,,neutral,,,neutral,,,neutral,,,neutral,,,neutral,,
sesquioleate,sesquioleate,"Rating: Good. Categories: Thickeners/Emulsifiers, Emollients",1.0,0.0,0.0,0.0,0.0,0.0,0.0,,,noxmoon,0,Skincare Ingredient,Cilt Bakım Bileşeni,Cilt bakım bileşeni,neutral,,,neutral,,,neutral,,,neutral,,,neutral,,,neutral,,,neutral,,
silanetriol,silanetriol,Rating: Good. Categories: Uncategorized,0.0,0.0,0.0,0.0,0.0,0.0,0.0,,,noxmoon,23,Skincare Ingredient,Cilt Bakım Bileşeni,Cilt bakım bileşeni,neutral,,,neutral,,,neutral,,,neutral,,,neutral,,,neutral,,,neutral,,
silica,silica,"Rating: Good. Categories: Thickeners/Emulsifiers, Absorbent",0.0,0.0,0.0,0.0,0.0,0.0,0.0,,,noxmoon,899,Skincare Ingredient,Cilt Bakım Bileşeni,Cilt bakım bileşeni,neutral,,,neutral,,,neutral,,,neutral,,,neutral,,,neutral,,,neutral,,
silica dimethyl silylate,silicadimethylsilylate,"Rating: Good. Categories: Silicones, Slip Agents",1.0,0.0,0.0,1.0,0.0,0.0,0.0,,,noxmoon,87,Silicone,Silikon,Cildi pürüzsüzleştiren silikon bazlı bileşen,neutral,,,neutral,,,neutral,,,neutral,,,neutral,,,neutral,,,neutral,,
silicate,silicate,"Rating: Good. Categories: Thickeners/Emulsifiers, Absorbent",0.0,0.0,0.0,0.0,0.0,0.0,0.0,,,noxmoon,3,Skincare Ingredient,Cilt Bakım Bileşeni,Cilt bakım bileşeni,neutral,,,neutral,,,neutral,,,neutral,,,neutral,,,neutral,,,neutral,,
silicone,silicone,"Rating: Good. Categories: Silicones, Slip Agents, Emollients",2.0,0.0,0.0,1.0,0.0,0.0,0.0,,,noxmoon,1,Silicone,Silikon,Cildi pürüzsüzleştiren silikon bazlı bileşen,beneficial,Kuru cilt için faydalı bileşen,Beneficial for dry skin,neutral,,,neutral,,,neutral,,,neutral,,,neutral,,,neutral,,
silk,silk,Rating: Good. Categories: Antioxidants,0.0,0.0,0.0,1.0,0.0,0.0,0.0,,,noxmoon,0,Antioxidant,Antioksidan,Serbest radikallere karşı koruyucu antioksidan,neutral,,,neutral,,,neutral,,,neutral,,,neutral,,,neutral,,,neutral,,
silk powder,silkpowder,"Rating: Good. Categories: Absorbent, Slip Agents",0.0,0.0,0.0,0.0,0.0,0.0,0.0,,,noxmoon,5,Mineral,Mineral,Mineral bazlı cilt bakım bileşeni,neutral,,,neutral,,,neutral,,,neutral,,,neutral,,,neutral,,,neutral,,
siloxane,siloxane,"Rating: Good. Categories: Silicones, Slip Agents, Emollients",2.0,0.0,0.0,1.0,0.0,0.0,0.0,,,noxmoon,1,Silicone,Silikon,Cildi pürüzsüzleştiren silikon bazlı bileşen,beneficial,Kuru cilt için faydalı bileşen,Beneficial for dry skin,neutral,,,neutral,,,neutral,,,neutral,,,neutral,,,neutral,,
silt,silt,Rating: Good. Categories: Absorbent,0.0,0.0,0.0,0.0,0.0,0.0,0.0,,,noxmoon,7,Mineral,Mineral,Mineral bazlı cilt bakım bileşeni,neutral,,,neutral,,,neutral,,,neutral,,,neutral,,,neutral,,,neutral,,
silver,silver,Rating: Poor. Categories: Sensitizing,-1.0,0.0,0.0,0.0,-2.0,0.0,0.0,,Sensitizing,noxmoon,5,Skincare Ingredient,Cilt Bakım Bileşeni,Cilt bakım bileşeni,caution,"Kurutucu etki yapabilir, nemlendiriciyle kullanılmalı",May have drying effects,neutral,,,neutral,,,neutral,,,caution,"Hassas ciltte tahriş riski taşır, dikkatli kullanılmalı","Risk of irritation, use with caution",neutral,,,neutral,,
silver chloride,silverchloride,Rating: Average. Categories: Sensitizing,-1.0,0.0,0.0,0.0,-2.0,0.0,0.0,,Sensitizing,noxmoon,0,Skincare Ingredient,Cilt Bakım Bileşeni,Cilt bakım bileşeni,caution,"Kurutucu etki yapabilir, nemlendiriciyle kullanılmalı",May have drying effects,neutral,,,neutral,,,neutral,,,caution,"Hassas ciltte tahriş riski taşır, dikkatli kullanılmalı","Risk of irritation, use with caution",neutral,,,neutral,,
silver tip white tea leaf extract,silvertipwhitetealeafextract,"Rating: Best. Categories: Skin-Soothing, Plant Extracts, Antioxidants",1.0,0.0,0.0,1.0,2.0,0.0,0.0,,,noxmoon,0,Emollient,Yumuşatıcı (Emoliyan),Cildi yumuşatan ve pürüzsüzleştiren bileşen,neutral,,,neutral,,,neutral,,,neutral,,,beneficial,Hassas cilt için faydalı bileşen,Beneficial for sensitive skin,neutral,,,neutral,,
simethicone,simethicone,"Rating: Good. Categories: Silicones, Slip Agents",1.0,0.0,0.0,1.0,0.0,0.0,0.0,,,noxmoon,39,Silicone,Silikon,Cildi pürüzsüzleştiren silikon bazlı bileşen,neutral,,,neutral,,,neutral,,,neutral,,,neutral,,,neutral,,,neutral,,
skin-replenishing ingredients,skinreplenishingingredients,Rating: Best. Categories: Skin-Replenishing,2.0,0.0,0.0,0.0,1.0,0.0,0.0,,,noxmoon,0,Ceramide,Seramid,Cilt bariyerini güçlendiren bileşen,beneficial,Kuru cilt için faydalı bileşen,Beneficial for dry skin,neutral,,,neutral,,,neutral,,,neutral,,,neutral,,,neutral,,
skin-restoring ingredients,skinrestoringingredients,"Rating: Best. Categories: Antioxidants, Skin-Restoring",2.0,0.0,0.0,1.0,1.0,0.0,0.0,,,noxmoon,0,Antioxidant,Antioksidan,Serbest radikallere karşı koruyucu antioksidan,beneficial,Kuru cilt için faydalı bileşen,Beneficial for dry skin,neutral,,,neutral,,,neutral,,,neutral,,,neutral,,,neutral,,
skullcap extract,skullcapextract,"Rating: Good. Categories: Skin-Soothing, Antioxidants, Plant Extracts",1.0,0.0,0.0,1.0,2.0,0.0,0.0,,,noxmoon,0,Emollient,Yumuşatıcı (Emoliyan),Cildi yumuşatan ve pürüzsüzleştiren bileşen,neutral,,,neutral,,,neutral,,,neutral,,,beneficial,Hassas cilt için faydalı bileşen,Beneficial for sensitive skin,neutral,,,neutral,,
slip agent,slipagent,Rating: Good. Categories: Slip Agents,0.0,0.0,0.0,0.0,0.0,0.0,0.0,,,noxmoon,0,Skincare Ingredient,Cilt Bakım Bileşeni,Cilt bakım bileşeni,neutral,,,neutral,,,neutral,,,neutral,,,neutral,,,neutral,,,neutral,,
slippery elm bark,slipperyelmbark,"Rating: Good. Categories: Skin-Soothing, Plant Extracts",1.0,0.0,0.0,0.0,2.0,0.0,0.0,,,noxmoon,0,Emollient,Yumuşatıcı (Emoliyan),Cildi yumuşatan ve pürüzsüzleştiren bileşen,neutral,,,neutral,,,neutral,,,neutral,,,beneficial,Hassas cilt için faydalı bileşen,Beneficial for sensitive skin,neutral,,,neutral,,
soap,soap,"Rating: Poor. Categories: Cleansing Agents, Sensitizing",-1.0,1.0,0.0,0.0,-2.0,0.0,0.0,,Sensitizing,noxmoon,0,Surfactant,Yüzey Aktif Madde,Temizleme işlevi gören yüzey aktif madde,caution,"Kurutucu etki yapabilir, nemlendiriciyle kullanılmalı",May have drying effects,neutral,,,neutral,,,neutral,,,caution,"Hassas ciltte tahriş riski taşır, dikkatli kullanılmalı","Risk of irritation, use with caution",neutral,,,neutral,,
soapberry extract,soapberryextract,"Rating: Good. Categories: Skin-Soothing, Antioxidants, Plant Extracts",1.0,0.0,0.0,1.0,2.0,0.0,0.0,,,noxmoon,0,Emollient,Yumuşatıcı (Emoliyan),Cildi yumuşatan ve pürüzsüzleştiren bileşen,neutral,,,neutral,,,neutral,,,neutral,,,beneficial,Hassas cilt için faydalı bileşen,Beneficial for sensitive skin,neutral,,,neutral,,
soapwort,soapwort,"Rating: Good. Categories: Plant Extracts, Cleansing Agents",0.0,1.0,0.0,0.0,0.0,0.0,0.0,,,noxmoon,5,Botanical Extract,Bitkisel Ekstrakt,Bitkisel kaynaklı aktif ekstrakt,neutral,,,neutral,,,neutral,,,neutral,,,neutral,,,neutral,,,neutral,,
sodium C14-16 olefin sulfonate,sodiumc1416olefinsulfonate,"Rating: Poor. Categories: Cleansing Agents, Sensitizing",-1.0,1.0,0.0,0.0,-2.0,0.0,0.0,,Sensitizing,noxmoon,56,Surfactant,Yüzey Aktif Madde,Temizleme işlevi gören yüzey aktif madde,caution,"Kurutucu etki yapabilir, nemlendiriciyle kullanılmalı",May have drying effects,neutral,,,neutral,,,neutral,,,caution,"Hassas ciltte tahriş riski taşır, dikkatli kullanılmalı","Risk of irritation, use with caution",neutral,,,neutral,,
sodium PCA,sodiumpca,Rating: Best. Categories: Skin-Replenishing,2.0,0.0,0.0,0.0,1.0,0.0,0.0,,,noxmoon,486,Ceramide,Seramid,Cilt bariyerini güçlendiren bileşen,beneficial,Kuru cilt için faydalı bileşen,Beneficial for dry skin,neutral,,,neutral,,,neutral,,,neutral,,,neutral,,,neutral,,
sodium PEG-7 olive oil carboxylate,sodiumpeg7oliveoilcarboxylate,"Rating: Good. Categories: Cleansing Agents, Emollients",1.0,1.0,0.0,0.0,0.0,0.0,0.0,,,noxmoon,15,Surfactant,Yüzey Aktif Madde,Temizleme işlevi gören yüzey aktif madde,neutral,,,neutral,,,neutral,,,neutral,,,neutral,,,neutral,,,neutral,,
sodium acetate,sodiumacetate,Rating: Good. Categories: Uncategorized,0.0,0.0,0.0,0.0,0.0,0.0,0.0,,,noxmoon,6,Skincare Ingredient,Cilt Bakım Bileşeni,Cilt bakım bileşeni,neutral,,,neutral,,,neutral,,,neutral,,,neutral,,,neutral,,,neutral,,
sodium acrylate/acryloydimethyl taurate copolymer,sodiumacrylateacryloydimethyltauratecopolymer,Rating: Good. Categories: Thickeners/Emulsifiers,0.0,0.0,0.0,0.0,0.0,0.0,0.0,,,noxmoon,0,Skincare Ingredient,Cilt Bakım Bileşeni,Cilt bakım bileşeni,neutral,,,neutral,,,neutral,,,neutral,,,neutral,,,neutral,,,neutral,,
sodium ascorbate,sodiumascorbate,"Rating: Best. Categories: Antioxidants, Vitamins",0.0,0.0,0.0,1.0,0.0,0.0,0.0,,,noxmoon,29,Antioxidant,Antioksidan,Serbest radikallere karşı koruyucu antioksidan,neutral,,,neutral,,,neutral,,,neutral,,,neutral,,,neutral,,,neutral,,
sodium benzoate,sodiumbenzoate,Rating: Good. Categories: Preservatives,0.0,0.0,0.0,0.0,0.0,0.0,0.0,,,noxmoon,832,Preservative,Koruyucu,Ürünün raf ömrünü uzatan koruyucu madde,neutral,,,neutral,,,neutral,,,neutral,,,neutral,,,neutral,,,neutral,,
sodium bicarbonate,sodiumbicarbonate,"Rating: Good. Categories: Miscellaneous, Scrub Agents",0.0,0.0,0.0,0.0,0.0,0.0,0.0,,,noxmoon,52,Skincare Ingredient,Cilt Bakım Bileşeni,Cilt bakım bileşeni,neutral,,,neutral,,,neutral,,,neutral,,,neutral,,,neutral,,,neutral,,
sodium bisulfite,sodiumbisulfite,Rating: Average. Categories: Sensitizing,-1.0,0.0,0.0,0.0,-2.0,0.0,0.0,,Sensitizing,noxmoon,25,Skincare Ingredient,Cilt Bakım Bileşeni,Cilt bakım bileşeni,caution,"Kurutucu etki yapabilir, nemlendiriciyle kullanılmalı",May have drying effects,neutral,,,neutral,,,neutral,,,caution,"Hassas ciltte tahriş riski taşır, dikkatli kullanılmalı","Risk of irritation, use with caution",neutral,,,neutral,,
sodium borate,sodiumborate,Rating: Poor. Categories: Sensitizing,-1.0,0.0,0.0,0.0,-2.0,0.0,0.0,,Sensitizing,noxmoon,33,Skincare Ingredient,Cilt Bakım Bileşeni,Cilt bakım bileşeni,caution,"Kurutucu etki yapabilir, nemlendiriciyle kullanılmalı",May have drying effects,neutral,,,neutral,,,neutral,,,caution,"Hassas ciltte tahriş riski taşır, dikkatli kullanılmalı","Risk of irritation, use with caution",neutral,,,neutral,,
sodium carbomer,sodiumcarbomer,Rating: Good. Categories: Film-Forming/Holding Agents,0.0,0.0,0.0,0.0,0.0,0.0,0.0,,,noxmoon,34,Skincare Ingredient,Cilt Bakım Bileşeni,Cilt bakım bileşeni,neutral,,,neutral,,,neutral,,,neutral,,,neutral,,,neutral,,,neutral,,
sodium carbonate,sodiumcarbonate,"Rating: Poor. Categories: Absorbent, Sensitizing",-1.0,0.0,0.0,0.0,-2.0,0.0,0.0,,Sensitizing,noxmoon,4,Mineral,Mineral,Mineral bazlı cilt bakım bileşeni,caution,"Kurutucu etki yapabilir, nemlendiriciyle kullanılmalı",May have drying effects,neutral,,,neutral,,,neutral,,,caution,"Hassas ciltte tahriş riski taşır, dikkatli kullanılmalı","Risk of irritation, use with caution",neutral,,,neutral,,
sodium carboxymethyl beta-glucan,sodiumcarboxymethylbetaglucan,Rating: Good. Categories: Thickeners/Emulsifiers,0.0,0.0,0.0,0.0,0.0,0.0,0.0,,,noxmoon,27,Skincare Ingredient,Cilt Bakım Bileşeni,Cilt bakım bileşeni,neutral,,,neutral,,,neutral,,,neutral,,,neutral,,,neutral,,,neutral,,
sodium cetearyl sulfate,sodiumcetearylsulfate,Rating: Good. Categories: Cleansing Agents,0.0,1.0,0.0,0.0,0.0,0.0,0.0,,,noxmoon,13,Surfactant,Yüzey Aktif Madde,Temizleme işlevi gören yüzey aktif madde,neutral,,,neutral,,,neutral,,,neutral,,,neutral,,,neutral,,,neutral,,
sodium chloride,sodiumchloride,Rating: Good. Categories: Scrub Agents,0.0,0.0,0.0,0.0,0.0,0.0,0.0,,,noxmoon,539,Skincare Ingredient,Cilt Bakım Bileşeni,Cilt bakım bileşeni,neutral,,,neutral,,,neutral,,,neutral,,,neutral,,,neutral,,,neutral,,
sodium chondroitin sulfate,sodiumchondroitinsulfate,Rating: Best. Categories: Skin-Replenishing,2.0,0.0,0.0,0.0,1.0,0.0,0.0,,,noxmoon,33,Ceramide,Seramid,Cilt bariyerini güçlendiren bileşen,beneficial,Kuru cilt için faydalı bileşen,Beneficial for dry skin,neutral,,,neutral,,,neutral,,,neutral,,,neutral,,,neutral,,
sodium citrate,sodiumcitrate,"Rating: Good. Categories: Antioxidants, Preservatives",0.0,0.0,0.0,1.0,0.0,0.0,0.0,,,noxmoon,418,Antioxidant,Antioksidan,Serbest radikallere karşı koruyucu antioksidan,neutral,,,neutral,,,neutral,,,neutral,,,neutral,,,neutral,,,neutral,,
sodium cocoamphoacetate,sodiumcocoamphoacetate,Rating: Good. Categories: Cleansing Agents,0.0,1.0,0.0,0.0,0.0,0.0,0.0,,,noxmoon,26,Surfactant,Yüzey Aktif Madde,Temizleme işlevi gören yüzey aktif madde,neutral,,,neutral,,,neutral,,,neutral,,,neutral,,,neutral,,,neutral,,
sodium cocoate,sodiumcocoate,"Rating: Poor. Categories: Cleansing Agents, Sensitizing",-1.0,1.0,0.0,0.0,-2.0,0.0,0.0,,Sensitizing,noxmoon,12,Surfactant,Yüzey Aktif Madde,Temizleme işlevi gören yüzey aktif madde,caution,"Kurutucu etki yapabilir, nemlendiriciyle kullanılmalı",May have drying effects,neutral,,,neutral,,,neutral,,,caution,"Hassas ciltte tahriş riski taşır, dikkatli kullanılmalı","Risk of irritation, use with caution",neutral,,,neutral,,
sodium cocoyl amino acids,sodiumcocoylaminoacids,Rating: Good. Categories: Cleansing Agents,0.0,1.0,0.0,0.0,0.0,0.0,0.0,,,noxmoon,5,Surfactant,Yüzey Aktif Madde,Temizleme işlevi gören yüzey aktif madde,neutral,,,neutral,,,neutral,,,neutral,,,neutral,,,neutral,,,neutral,,
sodium cocoyl glutamate,sodiumcocoylglutamate,Rating: Good. Categories: Cleansing Agents,0.0,1.0,0.0,0.0,0.0,0.0,0.0,,,noxmoon,82,Surfactant,Yüzey Aktif Madde,Temizleme işlevi gören yüzey aktif madde,neutral,,,neutral,,,neutral,,,neutral,,,neutral,,,neutral,,,neutral,,
sodium cocoyl glycinate,sodiumcocoylglycinate,"Rating: Good. Categories: Cleansing Agents, Skin-Softening",0.0,1.0,0.0,0.0,0.0,0.0,0.0,,,noxmoon,13,Surfactant,Yüzey Aktif Madde,Temizleme işlevi gören yüzey aktif madde,neutral,,,neutral,,,neutral,,,neutral,,,neutral,,,neutral,,,neutral,,
sodium cocoyl isethionate,sodiumcocoylisethionate,Rating: Good. Categories: Cleansing Agents,0.0,1.0,0.0,0.0,0.0,0.0,0.0,,,noxmoon,92,Surfactant,Yüzey Aktif Madde,Temizleme işlevi gören yüzey aktif madde,neutral,,,neutral,,,neutral,,,neutral,,,neutral,,,neutral,,,neutral,,
sodium dehydroacetate,sodiumdehydroacetate,Rating: Good. Categories: Preservatives,0.0,0.0,0.0,0.0,0.0,0.0,0.0,,,noxmoon,170,Preservative,Koruyucu,Ürünün raf ömrünü uzatan koruyucu madde,neutral,,,neutral,,,neutral,,,neutral,,,neutral,,,neutral,,,neutral,,
sodium dilauramidoglutamide lysine,sodiumdilauramidoglutamidelysine,"Rating: Good. Categories: Emulsifiers, Skin-Replenishing",2.0,0.0,0.0,0.0,1.0,0.0,0.0,,,noxmoon,12,Skincare Ingredient,Cilt Bakım Bileşeni,Cilt bakım bileşeni,beneficial,Kuru cilt için faydalı bileşen,Beneficial for dry skin,neutral,,,neutral,,,neutral,,,neutral,,,neutral,,,neutral,,
sodium gluconate,sodiumgluconate,"Rating: Good. Categories: Skin-Softening, Miscellaneous",0.0,0.0,0.0,0.0,0.0,0.0,0.0,,,noxmoon,43,Skincare Ingredient,Cilt Bakım Bileşeni,Cilt bakım bileşeni,neutral,,,neutral,,,neutral,,,neutral,,,neutral,,,neutral,,,neutral,,
sodium hexametaphosphate,sodiumhexametaphosphate,"Rating: Good. Categories: Thickeners/Emulsifiers, Preservatives, Cleansing Agents",0.0,1.0,0.0,0.0,0.0,0.0,0.0,,,noxmoon,12,Skincare Ingredient,Cilt Bakım Bileşeni,Cilt bakım bileşeni,neutral,,,neutral,,,neutral,,,neutral,,,neutral,,,neutral,,,neutral,,
sodium hyaluronate,sodiumhyaluronate,"Rating: Best. Categories: Skin-Replenishing, Antioxidants, Skin-Restoring",4.0,0.0,0.0,1.0,2.0,0.0,0.0,,,noxmoon,1411,Ceramide,Seramid,Cilt bariyerini güçlendiren bileşen,beneficial,Kuru cilt için faydalı bileşen,Beneficial for dry skin,neutral,,,neutral,,,neutral,,,beneficial,Hassas cilt için faydalı bileşen,Beneficial for sensitive skin,neutral,,,neutral,,
sodium hyaluronate crosspolymer,sodiumhyaluronatecrosspolymer,"Rating: Best. Categories: Skin-Replenishing, Film-Forming Agents, Film-Forming/Holding Agents",2.0,0.0,0.0,0.0,1.0,0.0,0.0,,,noxmoon,35,Ceramide,Seramid,Cilt bariyerini güçlendiren bileşen,beneficial,Kuru cilt için faydalı bileşen,Beneficial for dry skin,neutral,,,neutral,,,neutral,,,neutral,,,neutral,,,neutral,,
sodium hydroxide,sodiumhydroxide,"Rating: Average. Categories: Cleansing Agents, Sensitizing",-1.0,1.0,0.0,0.0,-2.0,0.0,0.0,,Sensitizing,noxmoon,1183,Surfactant,Yüzey Aktif Madde,Temizleme işlevi gören yüzey aktif madde,caution,"Kurutucu etki yapabilir, nemlendiriciyle kullanılmalı",May have drying effects,neutral,,,neutral,,,neutral,,,caution,"Hassas ciltte tahriş riski taşır, dikkatli kullanılmalı","Risk of irritation, use with caution",neutral,,,neutral,,
sodium hydroxymethylglycinate,sodiumhydroxymethylglycinate,"Rating: Good. Categories: Preservatives, Hydration",0.0,0.0,0.0,0.0,0.0,0.0,0.0,,,noxmoon,9,Preservative,Koruyucu,Ürünün raf ömrünü uzatan koruyucu madde,neutral,,,neutral,,,neutral,,,neutral,,,neutral,,,neutral,,,neutral,,
sodium lactobionate,sodiumlactobionate,Rating: Average. Categories: Preservatives,0.0,0.0,0.0,0.0,0.0,0.0,0.0,,,noxmoon,1,Preservative,Koruyucu,Ürünün raf ömrünü uzatan koruyucu madde,neutral,,,neutral,,,neutral,,,neutral,,,neutral,,,neutral,,,neutral,,
sodium laureth sulfate,sodiumlaurethsulfate,Rating: Good. Categories: Cleansing Agents,0.0,1.0,0.0,0.0,0.0,0.0,0.0,,,noxmoon,182,Surfactant,Yüzey Aktif Madde,Temizleme işlevi gören yüzey aktif madde,neutral,,,neutral,,,neutral,,,neutral,,,neutral,,,neutral,,,neutral,,
sodium laureth-13 carboxylate,sodiumlaureth13carboxylate,Rating: Good. Categories: Cleansing Agents,0.0,1.0,0.0,0.0,0.0,0.0,0.0,,,noxmoon,2,Surfactant,Yüzey Aktif Madde,Temizleme işlevi gören yüzey aktif madde,neutral,,,neutral,,,neutral,,,neutral,,,neutral,,,neutral,,,neutral,,
sodium lauroamphoacetate,sodiumlauroamphoacetate,Rating: Good. Categories: Cleansing Agents,0.0,1.0,0.0,0.0,0.0,0.0,0.0,,,noxmoon,36,Surfactant,Yüzey Aktif Madde,Temizleme işlevi gören yüzey aktif madde,neutral,,,neutral,,,neutral,,,neutral,,,neutral,,,neutral,,,neutral,,
sodium lauroyl lactylate,sodiumlauroyllactylate,"Rating: Good. Categories: Thickeners/Emulsifiers, Cleansing Agents",0.0,1.0,0.0,0.0,0.0,0.0,0.0,,,noxmoon,78,Skincare Ingredient,Cilt Bakım Bileşeni,Cilt bakım bileşeni,neutral,,,neutral,,,neutral,,,neutral,,,neutral,,,neutral,,,neutral,,
sodium lauroyl oat amino acids,sodiumlauroyloataminoacids,"Rating: Best. Categories: Cleansing Agents, Skin-Soothing",1.0,1.0,0.0,0.0,2.0,0.0,0.0,,,noxmoon,17,Surfactant,Yüzey Aktif Madde,Temizleme işlevi gören yüzey aktif madde,neutral,,,neutral,,,neutral,,,neutral,,,beneficial,Hassas cilt için faydalı bileşen,Beneficial for sensitive skin,neutral,,,neutral,,
sodium lauroyl sarcosinate,sodiumlauroylsarcosinate,Rating: Good. Categories: Cleansing Agents,0.0,1.0,0.0,0.0,0.0,0.0,0.0,,,noxmoon,48,Surfactant,Yüzey Aktif Madde,Temizleme işlevi gören yüzey aktif madde,neutral,,,neutral,,,neutral,,,neutral,,,neutral,,,neutral,,,neutral,,
sodium lauryl glucose carboxylate,sodiumlaurylglucosecarboxylate,Rating: Good. Categories: Cleansing Agents,0.0,1.0,0.0,0.0,0.0,0.0,0.0,,,noxmoon,5,Surfactant,Yüzey Aktif Madde,Temizleme işlevi gören yüzey aktif madde,neutral,,,neutral,,,neutral,,,neutral,,,neutral,,,neutral,,,neutral,,
sodium lauryl sulfate,sodiumlaurylsulfate,"Rating: Poor. Categories: Thickeners/Emulsifiers, Cleansing Agents, Sensitizing",-1.0,1.0,0.0,0.0,-2.0,0.0,0.0,,Sensitizing,noxmoon,72,Skincare Ingredient,Cilt Bakım Bileşeni,Cilt bakım bileşeni,caution,"Kurutucu etki yapabilir, nemlendiriciyle kullanılmalı",May have drying effects,neutral,,,neutral,,,neutral,,,caution,"Hassas ciltte tahriş riski taşır, dikkatli kullanılmalı","Risk of irritation, use with caution",neutral,,,neutral,,
sodium metabisulfite,sodiummetabisulfite,"Rating: Average. Categories: Antioxidants, Preservatives, Sensitizing",-1.0,0.0,0.0,1.0,-2.0,0.0,0.0,,Sensitizing,noxmoon,100,Antioxidant,Antioksidan,Serbest radikallere karşı koruyucu antioksidan,caution,"Kurutucu etki yapabilir, nemlendiriciyle kullanılmalı",May have drying effects,neutral,,,neutral,,,neutral,,,caution,"Hassas ciltte tahriş riski taşır, dikkatli kullanılmalı","Risk of irritation, use with caution",neutral,,,neutral,,
sodium methyl cocoyl taurate,sodiummethylcocoyltaurate,Rating: Good. Categories: Cleansing Agents,0.0,1.0,0.0,0.0,0.0,0.0,0.0,,,noxmoon,97,Surfactant,Yüzey Aktif Madde,Temizleme işlevi gören yüzey aktif madde,neutral,,,neutral,,,neutral,,,neutral,,,neutral,,,neutral,,,neutral,,
sodium methyl taurate,sodiummethyltaurate,Rating: Good. Categories: Cleansing Agents,0.0,1.0,0.0,0.0,0.0,0.0,0.0,,,noxmoon,0,Surfactant,Yüzey Aktif Madde,Temizleme işlevi gören yüzey aktif madde,neutral,,,neutral,,,neutral,,,neutral,,,neutral,,,neutral,,,neutral,,
sodium myreth sulfate,sodiummyrethsulfate,Rating: Good. Categories: Cleansing Agents,0.0,1.0,0.0,0.0,0.0,0.0,0.0,,,noxmoon,0,Surfactant,Yüzey Aktif Madde,Temizleme işlevi gören yüzey aktif madde,neutral,,,neutral,,,neutral,,,neutral,,,neutral,,,neutral,,,neutral,,
sodium palm kernelate,sodiumpalmkernelate,Rating: Poor. Categories: Cleansing Agents,0.0,1.0,0.0,0.0,-1.0,0.0,0.0,,,noxmoon,13,Surfactant,Yüzey Aktif Madde,Temizleme işlevi gören yüzey aktif madde,neutral,,,neutral,,,neutral,,,neutral,,,caution,"Hassas ciltte tahriş riski taşır, dikkatli kullanılmalı","Risk of irritation, use with caution",neutral,,,neutral,,
sodium palmate,sodiumpalmate,Rating: Poor. Categories: Cleansing Agents,0.0,1.0,0.0,0.0,-1.0,0.0,0.0,,,noxmoon,12,Surfactant,Yüzey Aktif Madde,Temizleme işlevi gören yüzey aktif madde,neutral,,,neutral,,,neutral,,,neutral,,,caution,"Hassas ciltte tahriş riski taşır, dikkatli kullanılmalı","Risk of irritation, use with caution",neutral,,,neutral,,
sodium phytate,sodiumphytate,Rating: Good. Categories: Miscellaneous,0.0,0.0,0.0,0.0,0.0,0.0,0.0,,,noxmoon,82,Skincare Ingredient,Cilt Bakım Bileşeni,Cilt bakım bileşeni,neutral,,,neutral,,,neutral,,,neutral,,,neutral,,,neutral,,,neutral,,
sodium polyacrylate,sodiumpolyacrylate,"Rating: Good. Categories: Thickeners/Emulsifiers, Film-Forming/Holding Agents, Emollients, Absorbent",1.0,0.0,0.0,0.0,0.0,0.0,0.0,,,noxmoon,252,Skincare Ingredient,Cilt Bakım Bileşeni,Cilt bakım bileşeni,neutral,,,neutral,,,neutral,,,neutral,,,neutral,,,neutral,,,neutral,,
sodium salicylate,sodiumsalicylate,Rating: Average. Categories: Miscellaneous,0.0,0.0,0.0,0.0,0.0,0.0,0.0,,,noxmoon,31,Skincare Ingredient,Cilt Bakım Bileşeni,Cilt bakım bileşeni,neutral,,,neutral,,,neutral,,,neutral,,,neutral,,,neutral,,,neutral,,
sodium silicate,sodiumsilicate,Rating: Poor. Categories: Sensitizing,-1.0,0.0,0.0,0.0,-2.0,0.0,0.0,,Sensitizing,noxmoon,3,Skincare Ingredient,Cilt Bakım Bileşeni,Cilt bakım bileşeni,caution,"Kurutucu etki yapabilir, nemlendiriciyle kullanılmalı",May have drying effects,neutral,,,neutral,,,neutral,,,caution,"Hassas ciltte tahriş riski taşır, dikkatli kullanılmalı","Risk of irritation, use with caution",neutral,,,neutral,,
sodium stearoyl lactylate,sodiumstearoyllactylate,"Rating: Good. Categories: Emulsifiers, Texture Enhancer",0.0,0.0,0.0,0.0,0.0,0.0,0.0,,,noxmoon,48,Skincare Ingredient,Cilt Bakım Bileşeni,Cilt bakım bileşeni,neutral,,,neutral,,,neutral,,,neutral,,,neutral,,,neutral,,,neutral,,
sodium sulfite,sodiumsulfite,"Rating: Average. Categories: Preservatives, Sensitizing",-1.0,0.0,0.0,0.0,-2.0,0.0,0.0,,Sensitizing,noxmoon,31,Preservative,Koruyucu,Ürünün raf ömrünü uzatan koruyucu madde,caution,"Kurutucu etki yapabilir, nemlendiriciyle kullanılmalı",May have drying effects,neutral,,,neutral,,,neutral,,,caution,"Hassas ciltte tahriş riski taşır, dikkatli kullanılmalı","Risk of irritation, use with caution",neutral,,,neutral,,
sodium tallowate,sodiumtallowate,"Rating: Poor. Categories: Miscellaneous, Cleansing Agents",0.0,1.0,0.0,0.0,-1.0,0.0,0.0,,,noxmoon,11,Skincare Ingredient,Cilt Bakım Bileşeni,Cilt bakım bileşeni,neutral,,,neutral,,,neutral,,,neutral,,,caution,"Hassas ciltte tahriş riski taşır, dikkatli kullanılmalı","Risk of irritation, use with caution",neutral,,,neutral,,
sodium thioglycolate,sodiumthioglycolate,Rating: Poor. Categories: Sensitizing,-1.0,0.0,0.0,0.0,-2.0,0.0,0.0,,Sensitizing,noxmoon,0,Skincare Ingredient,Cilt Bakım Bileşeni,Cilt bakım bileşeni,caution,"Kurutucu etki yapabilir, nemlendiriciyle kullanılmalı",May have drying effects,neutral,,,neutral,,,neutral,,,caution,"Hassas ciltte tahriş riski taşır, dikkatli kullanılmalı","Risk of irritation, use with caution",neutral,,,neutral,,
sodium trideceth sulfate,sodiumtridecethsulfate,Rating: Good. Categories: Cleansing Agents,0.0,1.0,0.0,0.0,0.0,0.0,0.0,,,noxmoon,41,Surfactant,Yüzey Aktif Madde,Temizleme işlevi gören yüzey aktif madde,neutral,,,neutral,,,neutral,,,neutral,,,neutral,,,neutral,,,neutral,,
solvent,solvent,Rating: Good. Categories: Miscellaneous,0.0,0.0,0.0,0.0,0.0,0.0,0.0,,,noxmoon,0,Skincare Ingredient,Cilt Bakım Bileşeni,Cilt bakım bileşeni,neutral,,,neutral,,,neutral,,,neutral,,,neutral,,,neutral,,,neutral,,
soothing agent,soothingagent,Rating: Best. Categories: Skin-Soothing,1.0,0.0,0.0,0.0,2.0,0.0,0.0,,,noxmoon,0,Emollient,Yumuşatıcı (Emoliyan),Cildi yumuşatan ve pürüzsüzleştiren bileşen,neutral,,,neutral,,,neutral,,,neutral,,,beneficial,Hassas cilt için faydalı bileşen,Beneficial for sensitive skin,neutral,,,neutral,,
sorbeth-230 tetraoleate,sorbeth230tetraoleate,"Rating: Good. Categories: Cleansing Agents, Emulsifiers, Thickeners/Emulsifiers",0.0,1.0,0.0,0.0,0.0,0.0,0.0,,,noxmoon,0,Surfactant,Yüzey Aktif Madde,Temizleme işlevi gören yüzey aktif madde,neutral,,,neutral,,,neutral,,,neutral,,,neutral,,,neutral,,,neutral,,
sorbic acid,sorbicacid,Rating: Good. Categories: Preservatives,0.0,0.0,0.0,0.0,0.0,0.0,0.0,,,noxmoon,250,Preservative,Koruyucu,Ürünün raf ömrünü uzatan koruyucu madde,neutral,,,neutral,,,neutral,,,neutral,,,neutral,,,neutral,,,neutral,,
sorbitan laurate,sorbitanlaurate,"Rating: Good. Categories: Cleansing Agents, Emulsifiers",0.0,1.0,0.0,0.0,0.0,0.0,0.0,,,noxmoon,46,Surfactant,Yüzey Aktif Madde,Temizleme işlevi gören yüzey aktif madde,neutral,,,neutral,,,neutral,,,neutral,,,neutral,,,neutral,,,neutral,,
sorbitan oleate,sorbitanoleate,"Rating: Good. Categories: Thickeners/Emulsifiers, Cleansing Agents",0.0,1.0,0.0,0.0,0.0,0.0,0.0,,,noxmoon,70,Skincare Ingredient,Cilt Bakım Bileşeni,Cilt bakım bileşeni,neutral,,,neutral,,,neutral,,,neutral,,,neutral,,,neutral,,,neutral,,
sorbitan olivate,sorbitanolivate,"Rating: Good. Categories: Cleansing Agents, Emulsifiers",0.0,1.0,0.0,0.0,0.0,0.0,0.0,,,noxmoon,125,Surfactant,Yüzey Aktif Madde,Temizleme işlevi gören yüzey aktif madde,neutral,,,neutral,,,neutral,,,neutral,,,neutral,,,neutral,,,neutral,,
sorbitan sesquioleate,sorbitansesquioleate,Rating: Good. Categories: Thickeners/Emulsifiers,0.0,0.0,0.0,0.0,0.0,0.0,0.0,,,noxmoon,24,Skincare Ingredient,Cilt Bakım Bileşeni,Cilt bakım bileşeni,neutral,,,neutral,,,neutral,,,neutral,,,neutral,,,neutral,,,neutral,,
sorbitan stearate,sorbitanstearate,Rating: Good. Categories: Thickeners/Emulsifiers,0.0,0.0,0.0,0.0,0.0,0.0,0.0,,,noxmoon,186,Skincare Ingredient,Cilt Bakım Bileşeni,Cilt bakım bileşeni,neutral,,,neutral,,,neutral,,,neutral,,,neutral,,,neutral,,,neutral,,
sorbitol,sorbitol,"Rating: Good. Categories: Thickeners/Emulsifiers, Hydration, Slip Agents",0.0,0.0,0.0,0.0,0.0,0.0,0.0,,,noxmoon,452,Skincare Ingredient,Cilt Bakım Bileşeni,Cilt bakım bileşeni,neutral,,,neutral,,,neutral,,,neutral,,,neutral,,,neutral,,,neutral,,
soy extract,soyextract,"Rating: Best. Categories: Skin-Soothing, Plant Extracts, Antioxidants",1.0,0.0,0.0,1.0,2.0,0.0,0.0,,,noxmoon,0,Emollient,Yumuşatıcı (Emoliyan),Cildi yumuşatan ve pürüzsüzleştiren bileşen,neutral,,,neutral,,,neutral,,,neutral,,,beneficial,Hassas cilt için faydalı bileşen,Beneficial for sensitive skin,neutral,,,neutral,,
soy isoflavones,soyisoflavones,"Rating: Best. Categories: Skin-Soothing, Plant Extracts, Antioxidants",1.0,0.0,0.0,1.0,2.0,0.0,0.0,,,noxmoon,25,Emollient,Yumuşatıcı (Emoliyan),Cildi yumuşatan ve pürüzsüzleştiren bileşen,neutral,,,neutral,,,neutral,,,neutral,,,beneficial,Hassas cilt için faydalı bileşen,Beneficial for sensitive skin,neutral,,,neutral,,
soy oil,soyoil,"Rating: Best. Categories: Skin-Soothing, Antioxidants, Plant Extracts, Emollients",2.0,0.0,0.0,1.0,2.0,0.0,0.0,,,noxmoon,0,Emollient,Yumuşatıcı (Emoliyan),Cildi yumuşatan ve pürüzsüzleştiren bileşen,beneficial,Kuru cilt için faydalı bileşen,Beneficial for dry skin,neutral,,,neutral,,,neutral,,,beneficial,Hassas cilt için faydalı bileşen,Beneficial for sensitive skin,neutral,,,neutral,,
spearmint oil,spearmintoil,"Rating: Poor. Categories: Plant Extracts, Sensitizing, Fragrance: Synthetic and Fragrant Plant Extracts",-1.0,0.0,0.0,0.0,-4.0,0.0,0.0,,Sensitizing,noxmoon,0,Botanical Extract,Bitkisel Ekstrakt,Bitkisel kaynaklı aktif ekstrakt,caution,"Kurutucu etki yapabilir, nemlendiriciyle kullanılmalı",May have drying effects,neutral,,,neutral,,,neutral,,,caution,"Hassas ciltte tahriş riski taşır, dikkatli kullanılmalı","Risk of irritation, use with caution",neutral,,,neutral,,
sphingolipids,sphingolipids,"Rating: Best. Categories: Skin-Restoring, Skin-Replenishing",4.0,0.0,0.0,0.0,2.0,0.0,0.0,,,noxmoon,15,Emollient,Yumuşatıcı (Emoliyan),Cildi yumuşatan ve pürüzsüzleştiren bileşen,beneficial,Kuru cilt için faydalı bileşen,Beneficial for dry skin,neutral,,,neutral,,,neutral,,,beneficial,Hassas cilt için faydalı bileşen,Beneficial for sensitive skin,neutral,,,neutral,,
spirulina,spirulina,"Rating: Good. Categories: Antioxidants, Thickeners/Emulsifiers, Plant Extracts, Emollients",1.0,0.0,0.0,1.0,0.0,0.0,0.0,,,noxmoon,0,Antioxidant,Antioksidan,Serbest radikallere karşı koruyucu antioksidan,neutral,,,neutral,,,neutral,,,neutral,,,neutral,,,neutral,,,neutral,,
squalene,squalene,"Rating: Best. Categories: Antioxidants, Skin-Replenishing, Emollients",3.0,0.0,0.0,1.0,1.0,0.0,0.0,,,noxmoon,53,Antioxidant,Antioksidan,Serbest radikallere karşı koruyucu antioksidan,beneficial,Kuru cilt için faydalı bileşen,Beneficial for dry skin,neutral,,,neutral,,,neutral,,,neutral,,,neutral,,,neutral,,
star anise,staranise,"Rating: Poor. Categories: Antioxidants, Sensitizing, Fragrance: Synthetic and Fragrant Plant Extracts",-1.0,0.0,0.0,1.0,-4.0,0.0,0.0,,Sensitizing,noxmoon,0,Antioxidant,Antioksidan,Serbest radikallere karşı koruyucu antioksidan,caution,"Kurutucu etki yapabilir, nemlendiriciyle kullanılmalı",May have drying effects,neutral,,,neutral,,,neutral,,,caution,"Hassas ciltte tahriş riski taşır, dikkatli kullanılmalı","Risk of irritation, use with caution",neutral,,,neutral,,
steapyrium chloride,steapyriumchloride,Rating: Good. Categories: Miscellaneous,0.0,0.0,0.0,0.0,0.0,0.0,0.0,,,noxmoon,2,Skincare Ingredient,Cilt Bakım Bileşeni,Cilt bakım bileşeni,neutral,,,neutral,,,neutral,,,neutral,,,neutral,,,neutral,,,neutral,,
stearalkonium chloride,stearalkoniumchloride,Rating: Good. Categories: Miscellaneous,0.0,0.0,0.0,0.0,0.0,0.0,0.0,,,noxmoon,0,Skincare Ingredient,Cilt Bakım Bileşeni,Cilt bakım bileşeni,neutral,,,neutral,,,neutral,,,neutral,,,neutral,,,neutral,,,neutral,,
stearalkonium hectorite,stearalkoniumhectorite,Rating: Good. Categories: Miscellaneous,0.0,0.0,0.0,0.0,0.0,0.0,0.0,,,noxmoon,32,Skincare Ingredient,Cilt Bakım Bileşeni,Cilt bakım bileşeni,neutral,,,neutral,,,neutral,,,neutral,,,neutral,,,neutral,,,neutral,,
stearates,stearates,"Rating: Good. Categories: Thickeners/Emulsifiers, Emollients, Skin-Replenishing",3.0,0.0,0.0,0.0,1.0,0.0,0.0,,,noxmoon,0,Skincare Ingredient,Cilt Bakım Bileşeni,Cilt bakım bileşeni,beneficial,Kuru cilt için faydalı bileşen,Beneficial for dry skin,neutral,,,neutral,,,neutral,,,neutral,,,neutral,,,neutral,,
steareth-20,steareth20,Rating: Good. Categories: Cleansing Agents,0.0,1.0,0.0,0.0,0.0,0.0,0.0,,,noxmoon,239,Surfactant,Yüzey Aktif Madde,Temizleme işlevi gören yüzey aktif madde,neutral,,,neutral,,,neutral,,,neutral,,,neutral,,,neutral,,,neutral,,
stearic acid,stearicacid,"Rating: Good. Categories: Thickeners/Emulsifiers, Emollients, Skin-Replenishing",3.0,0.0,0.0,0.0,1.0,0.0,0.0,,,noxmoon,917,Skincare Ingredient,Cilt Bakım Bileşeni,Cilt bakım bileşeni,beneficial,Kuru cilt için faydalı bileşen,Beneficial for dry skin,neutral,,,neutral,,,neutral,,,neutral,,,neutral,,,neutral,,
stearyl alcohol,stearylalcohol,"Rating: Good. Categories: Thickeners/Emulsifiers, Emollients",1.0,0.0,0.0,0.0,0.0,0.0,0.0,,,noxmoon,503,Skincare Ingredient,Cilt Bakım Bileşeni,Cilt bakım bileşeni,neutral,,,neutral,,,neutral,,,neutral,,,neutral,,,neutral,,,neutral,,
stearyl dimethicone,stearyldimethicone,"Rating: Good. Categories: Silicones, Slip Agents",1.0,0.0,0.0,1.0,0.0,0.0,0.0,,,noxmoon,27,Silicone,Silikon,Cildi pürüzsüzleştiren silikon bazlı bileşen,neutral,,,neutral,,,neutral,,,neutral,,,neutral,,,neutral,,,neutral,,
stearyl glycyrrhetinate,stearylglycyrrhetinate,"Rating: Best. Categories: Skin-Soothing, Plant Extracts",1.0,0.0,0.0,0.0,2.0,0.0,0.0,,,noxmoon,40,Emollient,Yumuşatıcı (Emoliyan),Cildi yumuşatan ve pürüzsüzleştiren bileşen,neutral,,,neutral,,,neutral,,,neutral,,,beneficial,Hassas cilt için faydalı bileşen,Beneficial for sensitive skin,neutral,,,neutral,,
stearyl methicone,stearylmethicone,"Rating: Good. Categories: Silicones, Emollients, Slip Agents",2.0,0.0,0.0,1.0,0.0,0.0,0.0,,,noxmoon,0,Silicone,Silikon,Cildi pürüzsüzleştiren silikon bazlı bileşen,beneficial,Kuru cilt için faydalı bileşen,Beneficial for dry skin,neutral,,,neutral,,,neutral,,,neutral,,,neutral,,,neutral,,
stearyl stearate,stearylstearate,"Rating: Good. Categories: Emollients, Texture Enhancer",1.0,0.0,0.0,0.0,0.0,0.0,0.0,,,noxmoon,5,Emollient,Yumuşatıcı (Emoliyan),Cildi yumuşatan ve pürüzsüzleştiren bileşen,neutral,,,neutral,,,neutral,,,neutral,,,neutral,,,neutral,,,neutral,,
styrax benzoin,styraxbenzoin,Rating: Poor. Categories: Preservatives,0.0,0.0,0.0,0.0,-1.0,0.0,0.0,,,noxmoon,3,Preservative,Koruyucu,Ürünün raf ömrünü uzatan koruyucu madde,neutral,,,neutral,,,neutral,,,neutral,,,caution,"Hassas ciltte tahriş riski taşır, dikkatli kullanılmalı","Risk of irritation, use with caution",neutral,,,neutral,,
styrene/acrylates copolymer,styreneacrylatescopolymer,Rating: Good. Categories: Film-Forming/Holding Agents,0.0,0.0,0.0,0.0,0.0,0.0,0.0,,,noxmoon,132,Skincare Ingredient,Cilt Bakım Bileşeni,Cilt bakım bileşeni,neutral,,,neutral,,,neutral,,,neutral,,,neutral,,,neutral,,,neutral,,
sucrose,sucrose,"Rating: Good. Categories: Skin-Replenishing, Hydration",2.0,0.0,0.0,0.0,1.0,0.0,0.0,,,noxmoon,257,Ceramide,Seramid,Cilt bariyerini güçlendiren bileşen,beneficial,Kuru cilt için faydalı bileşen,Beneficial for dry skin,neutral,,,neutral,,,neutral,,,neutral,,,neutral,,,neutral,,
sucrose stearate,sucrosestearate,"Rating: Good. Categories: Cleansing Agents, Emollients, Emulsifiers",1.0,1.0,0.0,0.0,0.0,0.0,0.0,,,noxmoon,80,Surfactant,Yüzey Aktif Madde,Temizleme işlevi gören yüzey aktif madde,neutral,,,neutral,,,neutral,,,neutral,,,neutral,,,neutral,,,neutral,,
sulfates,sulfates,Rating: Good. Categories: Cleansing Agents,0.0,1.0,0.0,0.0,0.0,0.0,0.0,,,noxmoon,0,Surfactant,Yüzey Aktif Madde,Temizleme işlevi gören yüzey aktif madde,neutral,,,neutral,,,neutral,,,neutral,,,neutral,,,neutral,,,neutral,,
sun protection factor,sunprotectionfactor,Rating: Best. Categories: Miscellaneous,0.0,0.0,0.0,0.0,0.0,0.0,0.0,,,noxmoon,0,Skincare Ingredient,Cilt Bakım Bileşeni,Cilt bakım bileşeni,neutral,,,neutral,,,neutral,,,neutral,,,neutral,,,neutral,,,neutral,,
sunflower seed oil,sunflowerseedoil,"Rating: Best. Categories: Plant Extracts, Emollients",1.0,0.0,0.0,0.0,0.0,0.0,0.0,,,noxmoon,36,Botanical Extract,Bitkisel Ekstrakt,Bitkisel kaynaklı aktif ekstrakt,neutral,,,neutral,,,neutral,,,neutral,,,neutral,,,neutral,,,neutral,,
surfactant,surfactant,Rating: Good. Categories: Cleansing Agents,0.0,1.0,0.0,0.0,0.0,0.0,0.0,,,noxmoon,0,Surfactant,Yüzey Aktif Madde,Temizleme işlevi gören yüzey aktif madde,neutral,,,neutral,,,neutral,,,neutral,,,neutral,,,neutral,,,neutral,,
sweet almond,sweetalmond,"Rating: Good. Categories: Emollients, Plant Extracts",1.0,0.0,0.0,0.0,0.0,0.0,0.0,,,noxmoon,0,Emollient,Yumuşatıcı (Emoliyan),Cildi yumuşatan ve pürüzsüzleştiren bileşen,neutral,,,neutral,,,neutral,,,neutral,,,neutral,,,neutral,,,neutral,,
synthetic beeswax,syntheticbeeswax,"Rating: Good. Categories: Thickeners/Emulsifiers, Emollients",1.0,0.0,0.0,0.0,0.0,0.0,0.0,,,noxmoon,26,Skincare Ingredient,Cilt Bakım Bileşeni,Cilt bakım bileşeni,neutral,,,neutral,,,neutral,,,neutral,,,neutral,,,neutral,,,neutral,,
synthetic wax,syntheticwax,"Rating: Good. Categories: Miscellaneous, Texture Enhancer",0.0,0.0,0.0,0.0,0.0,0.0,0.0,,,noxmoon,57,Skincare Ingredient,Cilt Bakım Bileşeni,Cilt bakım bileşeni,neutral,,,neutral,,,neutral,,,neutral,,,neutral,,,neutral,,,neutral,,
talc,talc,Rating: Good. Categories: Miscellaneous,0.0,0.0,0.0,0.0,0.0,0.0,0.0,,,noxmoon,84,Skincare Ingredient,Cilt Bakım Bileşeni,Cilt bakım bileşeni,neutral,,,neutral,,,neutral,,,neutral,,,neutral,,,neutral,,,neutral,,
tallow,tallow,Rating: Poor. Categories: Miscellaneous,0.0,0.0,0.0,0.0,-1.0,0.0,0.0,,,noxmoon,0,Skincare Ingredient,Cilt Bakım Bileşeni,Cilt bakım bileşeni,neutral,,,neutral,,,neutral,,,neutral,,,caution,"Hassas ciltte tahriş riski taşır, dikkatli kullanılmalı","Risk of irritation, use with caution",neutral,,,neutral,,
tamanu oil,tamanuoil,"Rating: Good. Categories: Skin-Soothing, Hydration, Plant Extracts",1.0,0.0,0.0,0.0,2.0,0.0,0.0,,,noxmoon,0,Emollient,Yumuşatıcı (Emoliyan),Cildi yumuşatan ve pürüzsüzleştiren bileşen,neutral,,,neutral,,,neutral,,,neutral,,,beneficial,Hassas cilt için faydalı bileşen,Beneficial for sensitive skin,neutral,,,neutral,,
tangerine oil,tangerineoil,"Rating: Poor. Categories: Plant Extracts, Fragrance: Synthetic and Fragrant Plant Extracts, Sensitizing",-1.0,0.0,0.0,0.0,-4.0,0.0,0.0,,Sensitizing,noxmoon,0,Botanical Extract,Bitkisel Ekstrakt,Bitkisel kaynaklı aktif ekstrakt,caution,"Kurutucu etki yapabilir, nemlendiriciyle kullanılmalı",May have drying effects,neutral,,,neutral,,,neutral,,,caution,"Hassas ciltte tahriş riski taşır, dikkatli kullanılmalı","Risk of irritation, use with caution",neutral,,,neutral,,
tannic acid,tannicacid,Rating: Best. Categories: Antioxidants,0.0,0.0,0.0,1.0,0.0,0.0,0.0,,,noxmoon,1,Antioxidant,Antioksidan,Serbest radikallere karşı koruyucu antioksidan,neutral,,,neutral,,,neutral,,,neutral,,,neutral,,,neutral,,,neutral,,
tapioca starch,tapiocastarch,"Rating: Good. Categories: Thickeners, Texture Enhancer",0.0,0.0,0.0,0.0,0.0,0.0,0.0,,,noxmoon,51,Skincare Ingredient,Cilt Bakım Bileşeni,Cilt bakım bileşeni,neutral,,,neutral,,,neutral,,,neutral,,,neutral,,,neutral,,,neutral,,
terephthalylidene dicamphor sulfonic acid,terephthalylidenedicamphorsulfonicacid,Rating: Best. Categories: Sunscreen Actives,0.0,0.0,0.0,0.0,0.0,0.0,0.0,,,noxmoon,0,Skincare Ingredient,Cilt Bakım Bileşeni,Cilt bakım bileşeni,neutral,,,neutral,,,neutral,,,neutral,,,neutral,,,neutral,,,neutral,,
tetradibutyl pentaerithrityl hydroxyhydrocinnamate,tetradibutylpentaerithritylhydroxyhydrocinnamate,Rating: Good. Categories: Antioxidants,0.0,0.0,0.0,1.0,0.0,0.0,0.0,,,noxmoon,6,Antioxidant,Antioksidan,Serbest radikallere karşı koruyucu antioksidan,neutral,,,neutral,,,neutral,,,neutral,,,neutral,,,neutral,,,neutral,,
tetrahydrobisdemethoxycurcumin,tetrahydrobisdemethoxycurcumin,"Rating: Best. Categories: Skin-Soothing, Antioxidants, Plant Extracts",1.0,0.0,0.0,1.0,2.0,0.0,0.0,,,noxmoon,0,Emollient,Yumuşatıcı (Emoliyan),Cildi yumuşatan ve pürüzsüzleştiren bileşen,neutral,,,neutral,,,neutral,,,neutral,,,beneficial,Hassas cilt için faydalı bileşen,Beneficial for sensitive skin,neutral,,,neutral,,
tetrahydrobisdemethoxydiferuloylmethane,tetrahydrobisdemethoxydiferuloylmethane,Rating: Best. Categories: Antioxidants,0.0,0.0,0.0,1.0,0.0,0.0,0.0,,,noxmoon,4,Antioxidant,Antioksidan,Serbest radikallere karşı koruyucu antioksidan,neutral,,,neutral,,,neutral,,,neutral,,,neutral,,,neutral,,,neutral,,
tetrahydrodemethoxycurcumin,tetrahydrodemethoxycurcumin,"Rating: Best. Categories: Skin-Soothing, Plant Extracts, Antioxidants",1.0,0.0,0.0,1.0,2.0,0.0,0.0,,,noxmoon,0,Emollient,Yumuşatıcı (Emoliyan),Cildi yumuşatan ve pürüzsüzleştiren bileşen,neutral,,,neutral,,,neutral,,,neutral,,,beneficial,Hassas cilt için faydalı bileşen,Beneficial for sensitive skin,neutral,,,neutral,,
tetrahydrodemethoxydiferuloylmethane,tetrahydrodemethoxydiferuloylmethane,"Rating: Best. Categories: Skin-Soothing, Antioxidants",1.0,0.0,0.0,1.0,2.0,0.0,0.0,,,noxmoon,6,Emollient,Yumuşatıcı (Emoliyan),Cildi yumuşatan ve pürüzsüzleştiren bileşen,neutral,,,neutral,,,neutral,,,neutral,,,beneficial,Hassas cilt için faydalı bileşen,Beneficial for sensitive skin,neutral,,,neutral,,
tetrahydrodiferuloylmethane,tetrahydrodiferuloylmethane,"Rating: Best. Categories: Skin-Soothing, Antioxidants",1.0,0.0,0.0,1.0,2.0,0.0,0.0,,,noxmoon,13,Emollient,Yumuşatıcı (Emoliyan),Cildi yumuşatan ve pürüzsüzleştiren bileşen,neutral,,,neutral,,,neutral,,,neutral,,,beneficial,Hassas cilt için faydalı bileşen,Beneficial for sensitive skin,neutral,,,neutral,,
tetrahydromethoxycurcumin,tetrahydromethoxycurcumin,"Rating: Best. Categories: Skin-Soothing, Antioxidants",1.0,0.0,0.0,1.0,2.0,0.0,0.0,,,noxmoon,0,Emollient,Yumuşatıcı (Emoliyan),Cildi yumuşatan ve pürüzsüzleştiren bileşen,neutral,,,neutral,,,neutral,,,neutral,,,beneficial,Hassas cilt için faydalı bileşen,Beneficial for sensitive skin,neutral,,,neutral,,
tetrahydroxypropyl ethylenediamine,tetrahydroxypropylethylenediamine,Rating: Good. Categories: Miscellaneous,0.0,0.0,0.0,0.0,0.0,0.0,0.0,,,noxmoon,20,Skincare Ingredient,Cilt Bakım Bileşeni,Cilt bakım bileşeni,neutral,,,neutral,,,neutral,,,neutral,,,neutral,,,neutral,,,neutral,,
tetrapeptide-30,tetrapeptide30,Rating: Best. Categories: Skin-Restoring,2.0,0.0,0.0,0.0,1.0,0.0,0.0,,,noxmoon,3,Emollient,Yumuşatıcı (Emoliyan),Cildi yumuşatan ve pürüzsüzleştiren bileşen,beneficial,Kuru cilt için faydalı bileşen,Beneficial for dry skin,neutral,,,neutral,,,neutral,,,neutral,,,neutral,,,neutral,,
tetrasodium EDTA,tetrasodiumedta,Rating: Good. Categories: Miscellaneous,0.0,0.0,0.0,0.0,0.0,0.0,0.0,,,noxmoon,495,Skincare Ingredient,Cilt Bakım Bileşeni,Cilt bakım bileşeni,neutral,,,neutral,,,neutral,,,neutral,,,neutral,,,neutral,,,neutral,,
tetrasodium etidronate,tetrasodiumetidronate,Rating: Good. Categories: Miscellaneous,0.0,0.0,0.0,0.0,0.0,0.0,0.0,,,noxmoon,29,Skincare Ingredient,Cilt Bakım Bileşeni,Cilt bakım bileşeni,neutral,,,neutral,,,neutral,,,neutral,,,neutral,,,neutral,,,neutral,,
tetrasodium glutamate diacetate,tetrasodiumglutamatediacetate,Rating: Good. Categories: Miscellaneous,0.0,0.0,0.0,0.0,0.0,0.0,0.0,,,noxmoon,25,Skincare Ingredient,Cilt Bakım Bileşeni,Cilt bakım bileşeni,neutral,,,neutral,,,neutral,,,neutral,,,neutral,,,neutral,,,neutral,,
thiamine HCL,thiaminehcl,Rating: Good. Categories: Vitamins,0.0,0.0,0.0,0.0,0.0,0.0,0.0,,,noxmoon,5,Antioxidant,Antioksidan,Serbest radikallere karşı koruyucu antioksidan,neutral,,,neutral,,,neutral,,,neutral,,,neutral,,,neutral,,,neutral,,
thickening agent,thickeningagent,Rating: Good. Categories: Thickeners/Emulsifiers,0.0,0.0,0.0,0.0,0.0,0.0,0.0,,,noxmoon,0,Skincare Ingredient,Cilt Bakım Bileşeni,Cilt bakım bileşeni,neutral,,,neutral,,,neutral,,,neutral,,,neutral,,,neutral,,,neutral,,
thioctic acid,thiocticacid,Rating: Best. Categories: Antioxidants,0.0,0.0,0.0,1.0,0.0,0.0,0.0,,,noxmoon,51,Antioxidant,Antioksidan,Serbest radikallere karşı koruyucu antioksidan,neutral,,,neutral,,,neutral,,,neutral,,,neutral,,,neutral,,,neutral,,
thiodipropionic acid,thiodipropionicacid,Rating: Average. Categories: Antioxidants,0.0,0.0,0.0,1.0,0.0,0.0,0.0,,,noxmoon,40,Antioxidant,Antioksidan,Serbest radikallere karşı koruyucu antioksidan,neutral,,,neutral,,,neutral,,,neutral,,,neutral,,,neutral,,,neutral,,
thiotaurine,thiotaurine,"Rating: Good. Categories: Antioxidants, Skin-Replenishing",2.0,0.0,0.0,1.0,1.0,0.0,0.0,,,noxmoon,6,Antioxidant,Antioksidan,Serbest radikallere karşı koruyucu antioksidan,beneficial,Kuru cilt için faydalı bileşen,Beneficial for dry skin,neutral,,,neutral,,,neutral,,,neutral,,,neutral,,,neutral,,
thyme extract,thymeextract,"Rating: Average. Categories: Antioxidants, Sensitizing, Plant Extracts",-1.0,0.0,0.0,1.0,-2.0,0.0,0.0,,Sensitizing,noxmoon,2,Antioxidant,Antioksidan,Serbest radikallere karşı koruyucu antioksidan,caution,"Kurutucu etki yapabilir, nemlendiriciyle kullanılmalı",May have drying effects,neutral,,,neutral,,,neutral,,,caution,"Hassas ciltte tahriş riski taşır, dikkatli kullanılmalı","Risk of irritation, use with caution",neutral,,,neutral,,
thyme oil,thymeoil,"Rating: Poor. Categories: Antioxidants, Plant Extracts, Sensitizing",-1.0,0.0,0.0,1.0,-2.0,0.0,0.0,,Sensitizing,noxmoon,0,Antioxidant,Antioksidan,Serbest radikallere karşı koruyucu antioksidan,caution,"Kurutucu etki yapabilir, nemlendiriciyle kullanılmalı",May have drying effects,neutral,,,neutral,,,neutral,,,caution,"Hassas ciltte tahriş riski taşır, dikkatli kullanılmalı","Risk of irritation, use with caution",neutral,,,neutral,,
thymus hydrolysate,thymushydrolysate,"Rating: Average. Categories: Miscellaneous, Hydration",0.0,0.0,0.0,0.0,0.0,0.0,0.0,,,noxmoon,0,Skincare Ingredient,Cilt Bakım Bileşeni,Cilt bakım bileşeni,neutral,,,neutral,,,neutral,,,neutral,,,neutral,,,neutral,,,neutral,,
titanium dioxide,titaniumdioxide,"Rating: Best. Categories: Sunscreen Actives, Coloring Agents/Pigments, Thickeners/Emulsifiers",0.0,0.0,0.0,0.0,0.0,0.0,0.0,,,noxmoon,765,Skincare Ingredient,Cilt Bakım Bileşeni,Cilt bakım bileşeni,neutral,,,neutral,,,neutral,,,neutral,,,neutral,,,neutral,,,neutral,,
tocopherol,tocopherol,"Rating: Best. Categories: Antioxidants, Vitamins",0.0,0.0,0.0,1.0,0.0,0.0,0.0,,,noxmoon,1227,Antioxidant,Antioksidan,Serbest radikallere karşı koruyucu antioksidan,neutral,,,neutral,,,neutral,,,neutral,,,neutral,,,neutral,,,neutral,,
tocopherol acetate,tocopherolacetate,"Rating: Best. Categories: Antioxidants, Vitamins",0.0,0.0,0.0,1.0,0.0,0.0,0.0,,,noxmoon,54,Antioxidant,Antioksidan,Serbest radikallere karşı koruyucu antioksidan,neutral,,,neutral,,,neutral,,,neutral,,,neutral,,,neutral,,,neutral,,
tocopheryl acetate,tocopherylacetate,"Rating: Best. Categories: Antioxidants, Vitamins",0.0,0.0,0.0,1.0,0.0,0.0,0.0,,,noxmoon,1798,Antioxidant,Antioksidan,Serbest radikallere karşı koruyucu antioksidan,neutral,,,neutral,,,neutral,,,neutral,,,neutral,,,neutral,,,neutral,,
tocopheryl lineolate,tocopheryllineolate,"Rating: Best. Categories: Antioxidants, Vitamins",0.0,0.0,0.0,1.0,0.0,0.0,0.0,,,noxmoon,0,Antioxidant,Antioksidan,Serbest radikallere karşı koruyucu antioksidan,neutral,,,neutral,,,neutral,,,neutral,,,neutral,,,neutral,,,neutral,,
tocotrienols,tocotrienols,"Rating: Best. Categories: Antioxidants, Vitamins",0.0,0.0,0.0,1.0,0.0,0.0,0.0,,,noxmoon,74,Antioxidant,Antioksidan,Serbest radikallere karşı koruyucu antioksidan,neutral,,,neutral,,,neutral,,,neutral,,,neutral,,,neutral,,,neutral,,
tomato extract,tomatoextract,"Rating: Average. Categories: Antioxidants, Sensitizing, Plant Extracts",-1.0,0.0,0.0,1.0,-2.0,0.0,0.0,,Sensitizing,noxmoon,0,Antioxidant,Antioksidan,Serbest radikallere karşı koruyucu antioksidan,caution,"Kurutucu etki yapabilir, nemlendiriciyle kullanılmalı",May have drying effects,neutral,,,neutral,,,neutral,,,caution,"Hassas ciltte tahriş riski taşır, dikkatli kullanılmalı","Risk of irritation, use with caution",neutral,,,neutral,,
tormentil extract,tormentilextract,"Rating: Poor. Categories: Plant Extracts, Sensitizing",-1.0,0.0,0.0,0.0,-2.0,0.0,0.0,,Sensitizing,noxmoon,0,Botanical Extract,Bitkisel Ekstrakt,Bitkisel kaynaklı aktif ekstrakt,caution,"Kurutucu etki yapabilir, nemlendiriciyle kullanılmalı",May have drying effects,neutral,,,neutral,,,neutral,,,caution,"Hassas ciltte tahriş riski taşır, dikkatli kullanılmalı","Risk of irritation, use with caution",neutral,,,neutral,,
tragacanth,tragacanth,"Rating: Good. Categories: Thickeners/Emulsifiers, Texture Enhancer",0.0,0.0,0.0,0.0,0.0,0.0,0.0,,,noxmoon,0,Skincare Ingredient,Cilt Bakım Bileşeni,Cilt bakım bileşeni,neutral,,,neutral,,,neutral,,,neutral,,,neutral,,,neutral,,,neutral,,
tremella fuciformis sporocarp extract,tremellafuciformissporocarpextract,"Rating: Best. Categories: Antioxidants, Plant Extracts",0.0,0.0,0.0,1.0,0.0,0.0,0.0,,,noxmoon,9,Antioxidant,Antioksidan,Serbest radikallere karşı koruyucu antioksidan,neutral,,,neutral,,,neutral,,,neutral,,,neutral,,,neutral,,,neutral,,
tribehenin,tribehenin,"Rating: Good. Categories: Thickeners/Emulsifiers, Skin-Replenishing, Emollients",3.0,0.0,0.0,0.0,1.0,0.0,0.0,,,noxmoon,91,Skincare Ingredient,Cilt Bakım Bileşeni,Cilt bakım bileşeni,beneficial,Kuru cilt için faydalı bileşen,Beneficial for dry skin,neutral,,,neutral,,,neutral,,,neutral,,,neutral,,,neutral,,
tribehenin PEG-20 esters,tribeheninpeg20esters,"Rating: Good. Categories: Emulsifiers, Cleansing Agents, Emollients",1.0,1.0,0.0,0.0,0.0,0.0,0.0,,,noxmoon,5,Skincare Ingredient,Cilt Bakım Bileşeni,Cilt bakım bileşeni,neutral,,,neutral,,,neutral,,,neutral,,,neutral,,,neutral,,,neutral,,
tricaprylin,tricaprylin,Rating: Good. Categories: Emollients,1.0,0.0,0.0,0.0,0.0,0.0,0.0,,,noxmoon,16,Emollient,Yumuşatıcı (Emoliyan),Cildi yumuşatan ve pürüzsüzleştiren bileşen,neutral,,,neutral,,,neutral,,,neutral,,,neutral,,,neutral,,,neutral,,
trideceth-12,trideceth12,"Rating: Good. Categories: Cleansing Agents, Emulsifiers",0.0,1.0,0.0,0.0,0.0,0.0,0.0,,,noxmoon,4,Surfactant,Yüzey Aktif Madde,Temizleme işlevi gören yüzey aktif madde,neutral,,,neutral,,,neutral,,,neutral,,,neutral,,,neutral,,,neutral,,
trideceth-6,trideceth6,Rating: Good. Categories: Emulsifiers,0.0,0.0,0.0,0.0,0.0,0.0,0.0,,,noxmoon,54,Skincare Ingredient,Cilt Bakım Bileşeni,Cilt bakım bileşeni,neutral,,,neutral,,,neutral,,,neutral,,,neutral,,,neutral,,,neutral,,
tridecyl salicylate,tridecylsalicylate,Rating: Good. Categories: Miscellaneous,0.0,0.0,0.0,0.0,0.0,0.0,0.0,,,noxmoon,7,Skincare Ingredient,Cilt Bakım Bileşeni,Cilt bakım bileşeni,neutral,,,neutral,,,neutral,,,neutral,,,neutral,,,neutral,,,neutral,,
tridecyl stearate,tridecylstearate,"Rating: Good. Categories: Thickeners/Emulsifiers, Emollients",1.0,0.0,0.0,0.0,0.0,0.0,0.0,,,noxmoon,28,Skincare Ingredient,Cilt Bakım Bileşeni,Cilt bakım bileşeni,neutral,,,neutral,,,neutral,,,neutral,,,neutral,,,neutral,,,neutral,,
tridecyl trimellitate,tridecyltrimellitate,"Rating: Good. Categories: Thickeners/Emulsifiers, Texture Enhancer, Hydration, Skin-Softening",0.0,0.0,0.0,0.0,0.0,0.0,0.0,,,noxmoon,33,Skincare Ingredient,Cilt Bakım Bileşeni,Cilt bakım bileşeni,neutral,,,neutral,,,neutral,,,neutral,,,neutral,,,neutral,,,neutral,,
triethanolamine,triethanolamine,"Rating: Good. Categories: Miscellaneous, Emulsifiers",0.0,0.0,0.0,0.0,0.0,0.0,0.0,,,noxmoon,653,Skincare Ingredient,Cilt Bakım Bileşeni,Cilt bakım bileşeni,neutral,,,neutral,,,neutral,,,neutral,,,neutral,,,neutral,,,neutral,,
triethoxycaprylylsilane,triethoxycaprylylsilane,"Rating: Good. Categories: Silicones, Slip Agents",1.0,0.0,0.0,1.0,0.0,0.0,0.0,,,noxmoon,162,Silicone,Silikon,Cildi pürüzsüzleştiren silikon bazlı bileşen,neutral,,,neutral,,,neutral,,,neutral,,,neutral,,,neutral,,,neutral,,
triethoxycaprylylsilane crosspolymer,triethoxycaprylylsilanecrosspolymer,"Rating: Good. Categories: Silicones, Film-Forming/Holding Agents",1.0,0.0,0.0,1.0,0.0,0.0,0.0,,,noxmoon,0,Silicone,Silikon,Cildi pürüzsüzleştiren silikon bazlı bileşen,neutral,,,neutral,,,neutral,,,neutral,,,neutral,,,neutral,,,neutral,,
triethoxysilylethyl polydimethylsiloxyethyl hexyl dimethicone,triethoxysilylethylpolydimethylsiloxyethylhexyldimethicone,Rating: Good. Categories: Emollients,1.0,0.0,0.0,0.0,0.0,0.0,0.0,,,noxmoon,6,Silicone,Silikon,Cildi pürüzsüzleştiren silikon bazlı bileşen,neutral,,,neutral,,,neutral,,,neutral,,,neutral,,,neutral,,,neutral,,
triglyceride,triglyceride,"Rating: Good. Categories: Thickeners/Emulsifiers, Emollients",1.0,0.0,0.0,0.0,0.0,0.0,0.0,,,noxmoon,4,Skincare Ingredient,Cilt Bakım Bileşeni,Cilt bakım bileşeni,neutral,,,neutral,,,neutral,,,neutral,,,neutral,,,neutral,,,neutral,,
trigonella foenum-graecum seed extract,trigonellafoenumgraecumseedextract,"Rating: Average. Categories: Plant Extracts, Sensitizing, Thickeners/Emulsifiers",-1.0,0.0,0.0,0.0,-2.0,0.0,0.0,,Sensitizing,noxmoon,0,Botanical Extract,Bitkisel Ekstrakt,Bitkisel kaynaklı aktif ekstrakt,caution,"Kurutucu etki yapabilir, nemlendiriciyle kullanılmalı",May have drying effects,neutral,,,neutral,,,neutral,,,caution,"Hassas ciltte tahriş riski taşır, dikkatli kullanılmalı","Risk of irritation, use with caution",neutral,,,neutral,,
trihydroxystearin,trihydroxystearin,"Rating: Good. Categories: Thickeners/Emulsifiers, Emollients, Skin-Replenishing",3.0,0.0,0.0,0.0,1.0,0.0,0.0,,,noxmoon,10,Skincare Ingredient,Cilt Bakım Bileşeni,Cilt bakım bileşeni,beneficial,Kuru cilt için faydalı bileşen,Beneficial for dry skin,neutral,,,neutral,,,neutral,,,neutral,,,neutral,,,neutral,,
triisocetyl citrate,triisocetylcitrate,Rating: Good. Categories: Emollients,1.0,0.0,0.0,0.0,0.0,0.0,0.0,,,noxmoon,1,Emollient,Yumuşatıcı (Emoliyan),Cildi yumuşatan ve pürüzsüzleştiren bileşen,neutral,,,neutral,,,neutral,,,neutral,,,neutral,,,neutral,,,neutral,,
trilaurin,trilaurin,"Rating: Good. Categories: Thickeners/Emulsifiers, Emollients",1.0,0.0,0.0,0.0,0.0,0.0,0.0,,,noxmoon,2,Skincare Ingredient,Cilt Bakım Bileşeni,Cilt bakım bileşeni,neutral,,,neutral,,,neutral,,,neutral,,,neutral,,,neutral,,,neutral,,
trimethylsiloxyamodimethicone,trimethylsiloxyamodimethicone,"Rating: Best. Categories: Hydration, Texture Enhancer",0.0,0.0,0.0,0.0,0.0,0.0,0.0,,,noxmoon,0,Silicone,Silikon,Cildi pürüzsüzleştiren silikon bazlı bileşen,neutral,,,neutral,,,neutral,,,neutral,,,neutral,,,neutral,,,neutral,,
trimethylsiloxysilicate,trimethylsiloxysilicate,"Rating: Good. Categories: Silicones, Slip Agents, Skin-Softening, Emollients",2.0,0.0,0.0,1.0,0.0,0.0,0.0,,,noxmoon,63,Silicone,Silikon,Cildi pürüzsüzleştiren silikon bazlı bileşen,beneficial,Kuru cilt için faydalı bileşen,Beneficial for dry skin,neutral,,,neutral,,,neutral,,,neutral,,,neutral,,,neutral,,
trioclanolin,trioclanolin,Rating: Good. Categories: Miscellaneous,0.0,0.0,0.0,0.0,0.0,0.0,0.0,,,noxmoon,0,Skincare Ingredient,Cilt Bakım Bileşeni,Cilt bakım bileşeni,neutral,,,neutral,,,neutral,,,neutral,,,neutral,,,neutral,,,neutral,,
trioctanoin,trioctanoin,"Rating: Good. Categories: Thickeners/Emulsifiers, Emollients",1.0,0.0,0.0,0.0,0.0,0.0,0.0,,,noxmoon,3,Skincare Ingredient,Cilt Bakım Bileşeni,Cilt bakım bileşeni,neutral,,,neutral,,,neutral,,,neutral,,,neutral,,,neutral,,,neutral,,
trioctyldodecyl citrate,trioctyldodecylcitrate,"Rating: Good. Categories: Emollients, Skin-Softening",1.0,0.0,0.0,0.0,0.0,0.0,0.0,,,noxmoon,2,Emollient,Yumuşatıcı (Emoliyan),Cildi yumuşatan ve pürüzsüzleştiren bileşen,neutral,,,neutral,,,neutral,,,neutral,,,neutral,,,neutral,,,neutral,,
tripeptide-1,tripeptide1,Rating: Best. Categories: Skin-Restoring,2.0,0.0,0.0,0.0,1.0,0.0,0.0,,,noxmoon,23,Emollient,Yumuşatıcı (Emoliyan),Cildi yumuşatan ve pürüzsüzleştiren bileşen,beneficial,Kuru cilt için faydalı bileşen,Beneficial for dry skin,neutral,,,neutral,,,neutral,,,neutral,,,neutral,,,neutral,,
tripeptide-32,tripeptide32,Rating: Good. Categories: Skin-Restoring,2.0,0.0,0.0,0.0,1.0,0.0,0.0,,,noxmoon,6,Emollient,Yumuşatıcı (Emoliyan),Cildi yumuşatan ve pürüzsüzleştiren bileşen,beneficial,Kuru cilt için faydalı bileşen,Beneficial for dry skin,neutral,,,neutral,,,neutral,,,neutral,,,neutral,,,neutral,,
trisodium EDTA,trisodiumedta,Rating: Good. Categories: Miscellaneous,0.0,0.0,0.0,0.0,0.0,0.0,0.0,,,noxmoon,164,Skincare Ingredient,Cilt Bakım Bileşeni,Cilt bakım bileşeni,neutral,,,neutral,,,neutral,,,neutral,,,neutral,,,neutral,,,neutral,,
troxerutin,troxerutin,"Rating: Best. Categories: Antioxidants, Plant Extracts",0.0,0.0,0.0,1.0,0.0,0.0,0.0,,,noxmoon,2,Antioxidant,Antioksidan,Serbest radikallere karşı koruyucu antioksidan,neutral,,,neutral,,,neutral,,,neutral,,,neutral,,,neutral,,,neutral,,
tryptophan,tryptophan,"Rating: Good. Categories: Antioxidants, Skin-Replenishing",2.0,0.0,0.0,1.0,1.0,0.0,0.0,,,noxmoon,7,Antioxidant,Antioksidan,Serbest radikallere karşı koruyucu antioksidan,beneficial,Kuru cilt için faydalı bileşen,Beneficial for dry skin,neutral,,,neutral,,,neutral,,,neutral,,,neutral,,,neutral,,
turmeric,turmeric,"Rating: Good. Categories: Antioxidants, Skin-Soothing, Plant Extracts",1.0,0.0,0.0,1.0,2.0,0.0,0.0,,,noxmoon,0,Antioxidant,Antioksidan,Serbest radikallere karşı koruyucu antioksidan,neutral,,,neutral,,,neutral,,,neutral,,,beneficial,Hassas cilt için faydalı bileşen,Beneficial for sensitive skin,neutral,,,neutral,,
ubiquinone,ubiquinone,"Rating: Best. Categories: Skin-Soothing, Antioxidants",1.0,0.0,0.0,1.0,2.0,0.0,0.0,,,noxmoon,85,Emollient,Yumuşatıcı (Emoliyan),Cildi yumuşatan ve pürüzsüzleştiren bileşen,neutral,,,neutral,,,neutral,,,neutral,,,beneficial,Hassas cilt için faydalı bileşen,Beneficial for sensitive skin,neutral,,,neutral,,
ultramarines,ultramarines,Rating: Good. Categories: Coloring Agents/Pigments,0.0,0.0,0.0,0.0,0.0,0.0,0.0,,,noxmoon,29,Skincare Ingredient,Cilt Bakım Bileşeni,Cilt bakım bileşeni,neutral,,,neutral,,,neutral,,,neutral,,,neutral,,,neutral,,,neutral,,
verbena extract,verbenaextract,"Rating: Poor. Categories: Plant Extracts, Sensitizing, Fragrance: Synthetic and Fragrant Plant Extracts",-1.0,0.0,0.0,0.0,-4.0,0.0,0.0,,Sensitizing,noxmoon,0,Botanical Extract,Bitkisel Ekstrakt,Bitkisel kaynaklı aktif ekstrakt,caution,"Kurutucu etki yapabilir, nemlendiriciyle kullanılmalı",May have drying effects,neutral,,,neutral,,,neutral,,,caution,"Hassas ciltte tahriş riski taşır, dikkatli kullanılmalı","Risk of irritation, use with caution",neutral,,,neutral,,
vetiver oil or extract,vetiveroilorextract,"Rating: Poor. Categories: Plant Extracts, Sensitizing, Fragrance: Synthetic and Fragrant Plant Extracts",-1.0,0.0,0.0,0.0,-4.0,0.0,0.0,,Sensitizing,noxmoon,0,Botanical Extract,Bitkisel Ekstrakt,Bitkisel kaynaklı aktif ekstrakt,caution,"Kurutucu etki yapabilir, nemlendiriciyle kullanılmalı",May have drying effects,neutral,,,neutral,,,neutral,,,caution,"Hassas ciltte tahriş riski taşır, dikkatli kullanılmalı","Risk of irritation, use with caution",neutral,,,neutral,,
vinyl dimethicone/methicone silsesquioxane crosspolymer,vinyldimethiconemethiconesilsesquioxanecrosspolymer,"Rating: Good. Categories: Thickeners, Silicones, Texture Enhancer",1.0,0.0,0.0,1.0,0.0,0.0,0.0,,,noxmoon,56,Silicone,Silikon,Cildi pürüzsüzleştiren silikon bazlı bileşen,neutral,,,neutral,,,neutral,,,neutral,,,neutral,,,neutral,,,neutral,,
vitamin B1,vitaminb1,Rating: Good. Categories: Vitamins,0.0,0.0,0.0,0.0,0.0,0.0,0.0,,,noxmoon,0,Antioxidant,Antioksidan,Serbest radikallere karşı koruyucu antioksidan,neutral,,,neutral,,,neutral,,,neutral,,,neutral,,,neutral,,,neutral,,
vitamin B12,vitaminb12,Rating: Good. Categories: Vitamins,0.0,0.0,0.0,0.0,0.0,0.0,0.0,,,noxmoon,1,Antioxidant,Antioksidan,Serbest radikallere karşı koruyucu antioksidan,neutral,,,neutral,,,neutral,,,neutral,,,neutral,,,neutral,,,neutral,,
vitamin B2,vitaminb2,"Rating: Average. Categories: Sensitizing, Vitamins",-1.0,0.0,0.0,0.0,-2.0,0.0,0.0,,Sensitizing,noxmoon,0,Skincare Ingredient,Cilt Bakım Bileşeni,Cilt bakım bileşeni,caution,"Kurutucu etki yapabilir, nemlendiriciyle kullanılmalı",May have drying effects,neutral,,,neutral,,,neutral,,,caution,"Hassas ciltte tahriş riski taşır, dikkatli kullanılmalı","Risk of irritation, use with caution",neutral,,,neutral,,
vitamin B3,vitaminb3,"Rating: Best. Categories: Skin-Restoring, Vitamins, Hydration",2.0,0.0,0.0,0.0,1.0,0.0,0.0,,,noxmoon,0,Emollient,Yumuşatıcı (Emoliyan),Cildi yumuşatan ve pürüzsüzleştiren bileşen,beneficial,Kuru cilt için faydalı bileşen,Beneficial for dry skin,neutral,,,neutral,,,neutral,,,neutral,,,neutral,,,neutral,,
vitamin B6,vitaminb6,Rating: Average. Categories: Vitamins,0.0,0.0,0.0,0.0,0.0,0.0,0.0,,,noxmoon,0,Antioxidant,Antioksidan,Serbest radikallere karşı koruyucu antioksidan,neutral,,,neutral,,,neutral,,,neutral,,,neutral,,,neutral,,,neutral,,
vitamin D,vitamind,"Rating: Good. Categories: Antioxidants, Vitamins",0.0,0.0,0.0,1.0,0.0,0.0,0.0,,,noxmoon,2,Antioxidant,Antioksidan,Serbest radikallere karşı koruyucu antioksidan,neutral,,,neutral,,,neutral,,,neutral,,,neutral,,,neutral,,,neutral,,
vitamin F,vitaminf,"Rating: Best. Categories: Antioxidants, Skin-Replenishing, Vitamins, Emollients, Skin-Restoring, Hydration",5.0,0.0,0.0,1.0,2.0,0.0,0.0,,,noxmoon,0,Antioxidant,Antioksidan,Serbest radikallere karşı koruyucu antioksidan,beneficial,Kuru cilt için faydalı bileşen,Beneficial for dry skin,neutral,,,neutral,,,neutral,,,beneficial,Hassas cilt için faydalı bileşen,Beneficial for sensitive skin,neutral,,,neutral,,
vitamin H,vitaminh,Rating: Good. Categories: Vitamins,0.0,0.0,0.0,0.0,0.0,0.0,0.0,,,noxmoon,0,Antioxidant,Antioksidan,Serbest radikallere karşı koruyucu antioksidan,neutral,,,neutral,,,neutral,,,neutral,,,neutral,,,neutral,,,neutral,,
vitamin K,vitamink,Rating: Good. Categories: Vitamins,0.0,0.0,0.0,0.0,0.0,0.0,0.0,,,noxmoon,2,Antioxidant,Antioksidan,Serbest radikallere karşı koruyucu antioksidan,neutral,,,neutral,,,neutral,,,neutral,,,neutral,,,neutral,,,neutral,,
volatile oil,volatileoil,"Rating: Poor. Categories: Fragrance: Synthetic and Fragrant Plant Extracts, Sensitizing",-1.0,0.0,0.0,0.0,-4.0,0.0,0.0,,Sensitizing,noxmoon,0,Fragrance,Parfüm / Koku,Ürüne koku veren parfüm bileşeni,caution,"Kurutucu etki yapabilir, nemlendiriciyle kullanılmalı",May have drying effects,neutral,,,neutral,,,neutral,,,caution,"Hassas ciltte tahriş riski taşır, dikkatli kullanılmalı","Risk of irritation, use with caution",neutral,,,neutral,,
walnut extract,walnutextract,"Rating: Average. Categories: Antioxidants, Plant Extracts",0.0,0.0,0.0,1.0,0.0,0.0,0.0,,,noxmoon,0,Antioxidant,Antioksidan,Serbest radikallere karşı koruyucu antioksidan,neutral,,,neutral,,,neutral,,,neutral,,,neutral,,,neutral,,,neutral,,
walnut oil,walnutoil,"Rating: Good. Categories: Plant Extracts, Emollients",1.0,0.0,0.0,0.0,0.0,0.0,0.0,,,noxmoon,0,Botanical Extract,Bitkisel Ekstrakt,Bitkisel kaynaklı aktif ekstrakt,neutral,,,neutral,,,neutral,,,neutral,,,neutral,,,neutral,,,neutral,,
walnut shell powder,walnutshellpowder,Rating: Average. Categories: Scrub Agents,0.0,0.0,0.0,0.0,0.0,0.0,0.0,,,noxmoon,4,Skincare Ingredient,Cilt Bakım Bileşeni,Cilt bakım bileşeni,neutral,,,neutral,,,neutral,,,neutral,,,neutral,,,neutral,,,neutral,,
water,water,Rating: Good. Categories: Miscellaneous,0.0,0.0,0.0,0.0,0.0,0.0,0.0,,,noxmoon,3164,Skincare Ingredient,Cilt Bakım Bileşeni,Cilt bakım bileşeni,neutral,,,neutral,,,neutral,,,neutral,,,neutral,,,neutral,,,neutral,,
watercress extract,watercressextract,"Rating: Average. Categories: Antioxidants, Plant Extracts",0.0,0.0,0.0,1.0,0.0,0.0,0.0,,,noxmoon,0,Antioxidant,Antioksidan,Serbest radikallere karşı koruyucu antioksidan,neutral,,,neutral,,,neutral,,,neutral,,,neutral,,,neutral,,,neutral,,
watermelon fruit extract,watermelonfruitextract,"Rating: Best. Categories: Antioxidants, Plant Extracts",0.0,0.0,0.0,1.0,0.0,0.0,0.0,,,noxmoon,2,Antioxidant,Antioksidan,Serbest radikallere karşı koruyucu antioksidan,neutral,,,neutral,,,neutral,,,neutral,,,neutral,,,neutral,,,neutral,,
wheat amino acids,wheataminoacids,"Rating: Good. Categories: Miscellaneous, Hydration",0.0,0.0,0.0,0.0,0.0,0.0,0.0,,,noxmoon,6,Skincare Ingredient,Cilt Bakım Bileşeni,Cilt bakım bileşeni,neutral,,,neutral,,,neutral,,,neutral,,,neutral,,,neutral,,,neutral,,
wheat germ glycerides,wheatgermglycerides,"Rating: Good. Categories: Thickeners/Emulsifiers, Emollients, Texture Enhancer",1.0,0.0,0.0,0.0,0.0,0.0,0.0,,,noxmoon,2,Skincare Ingredient,Cilt Bakım Bileşeni,Cilt bakım bileşeni,neutral,,,neutral,,,neutral,,,neutral,,,neutral,,,neutral,,,neutral,,
wheat germ oil,wheatgermoil,"Rating: Good. Categories: Plant Extracts, Emollients",1.0,0.0,0.0,0.0,0.0,0.0,0.0,,,noxmoon,11,Botanical Extract,Bitkisel Ekstrakt,Bitkisel kaynaklı aktif ekstrakt,neutral,,,neutral,,,neutral,,,neutral,,,neutral,,,neutral,,,neutral,,
wheat protein,wheatprotein,Rating: Good. Categories: Skin-Replenishing,2.0,0.0,0.0,0.0,1.0,0.0,0.0,,,noxmoon,7,Ceramide,Seramid,Cilt bariyerini güçlendiren bileşen,beneficial,Kuru cilt için faydalı bileşen,Beneficial for dry skin,neutral,,,neutral,,,neutral,,,neutral,,,neutral,,,neutral,,
whey protein,wheyprotein,"Rating: Good. Categories: Miscellaneous, Skin-Softening",0.0,0.0,0.0,0.0,0.0,0.0,0.0,,,noxmoon,46,Skincare Ingredient,Cilt Bakım Bileşeni,Cilt bakım bileşeni,neutral,,,neutral,,,neutral,,,neutral,,,neutral,,,neutral,,,neutral,,
white nettle,whitenettle,"Rating: Average. Categories: Skin-Soothing, Plant Extracts, Sensitizing",0.0,0.0,0.0,0.0,0.0,0.0,0.0,,Sensitizing,noxmoon,0,Emollient,Yumuşatıcı (Emoliyan),Cildi yumuşatan ve pürüzsüzleştiren bileşen,neutral,,,neutral,,,neutral,,,neutral,,,neutral,,,neutral,,,neutral,,
white oak bark extract,whiteoakbarkextract,"Rating: Poor. Categories: Plant Extracts, Sensitizing",-1.0,0.0,0.0,0.0,-2.0,0.0,0.0,,Sensitizing,noxmoon,1,Botanical Extract,Bitkisel Ekstrakt,Bitkisel kaynaklı aktif ekstrakt,caution,"Kurutucu etki yapabilir, nemlendiriciyle kullanılmalı",May have drying effects,neutral,,,neutral,,,neutral,,,caution,"Hassas ciltte tahriş riski taşır, dikkatli kullanılmalı","Risk of irritation, use with caution",neutral,,,neutral,,
white tea leaf extract,whitetealeafextract,"Rating: Best. Categories: Antioxidants, Plant Extracts",0.0,0.0,0.0,1.0,0.0,0.0,0.0,,,noxmoon,0,Antioxidant,Antioksidan,Serbest radikallere karşı koruyucu antioksidan,neutral,,,neutral,,,neutral,,,neutral,,,neutral,,,neutral,,,neutral,,
white willow,whitewillow,"Rating: Good. Categories: Skin-Soothing, Plant Extracts",1.0,0.0,0.0,0.0,2.0,0.0,0.0,,,noxmoon,0,Emollient,Yumuşatıcı (Emoliyan),Cildi yumuşatan ve pürüzsüzleştiren bileşen,neutral,,,neutral,,,neutral,,,neutral,,,beneficial,Hassas cilt için faydalı bileşen,Beneficial for sensitive skin,neutral,,,neutral,,
wild ginger,wildginger,"Rating: Poor. Categories: Skin-Soothing, Sensitizing, Plant Extracts",0.0,0.0,0.0,0.0,-1.0,0.0,0.0,,Sensitizing,noxmoon,0,Emollient,Yumuşatıcı (Emoliyan),Cildi yumuşatan ve pürüzsüzleştiren bileşen,neutral,,,neutral,,,neutral,,,neutral,,,caution,"Hassas ciltte tahriş riski taşır, dikkatli kullanılmalı","Risk of irritation, use with caution",neutral,,,neutral,,
willow bark,willowbark,"Rating: Good. Categories: Skin-Soothing, Plant Extracts",1.0,0.0,0.0,0.0,2.0,0.0,0.0,,,noxmoon,0,Emollient,Yumuşatıcı (Emoliyan),Cildi yumuşatan ve pürüzsüzleştiren bileşen,neutral,,,neutral,,,neutral,,,neutral,,,beneficial,Hassas cilt için faydalı bileşen,Beneficial for sensitive skin,neutral,,,neutral,,
willow herb,willowherb,"Rating: Best. Categories: Skin-Soothing, Plant Extracts",1.0,0.0,0.0,0.0,2.0,0.0,0.0,,,noxmoon,0,Emollient,Yumuşatıcı (Emoliyan),Cildi yumuşatan ve pürüzsüzleştiren bileşen,neutral,,,neutral,,,neutral,,,neutral,,,beneficial,Hassas cilt için faydalı bileşen,Beneficial for sensitive skin,neutral,,,neutral,,
wintergreen oil,wintergreenoil,"Rating: Poor. Categories: Plant Extracts, Sensitizing",-1.0,0.0,0.0,0.0,-2.0,0.0,0.0,,Sensitizing,noxmoon,0,Botanical Extract,Bitkisel Ekstrakt,Bitkisel kaynaklı aktif ekstrakt,caution,"Kurutucu etki yapabilir, nemlendiriciyle kullanılmalı",May have drying effects,neutral,,,neutral,,,neutral,,,caution,"Hassas ciltte tahriş riski taşır, dikkatli kullanılmalı","Risk of irritation, use with caution",neutral,,,neutral,,
witch hazel,witchhazel,"Rating: Poor. Categories: Skin-Soothing, Plant Extracts, Antioxidants, Sensitizing",0.0,0.0,0.0,1.0,-1.0,0.0,0.0,,Sensitizing,noxmoon,4,Emollient,Yumuşatıcı (Emoliyan),Cildi yumuşatan ve pürüzsüzleştiren bileşen,neutral,,,neutral,,,neutral,,,neutral,,,caution,"Hassas ciltte tahriş riski taşır, dikkatli kullanılmalı","Risk of irritation, use with caution",neutral,,,neutral,,
xanthan gum,xanthangum,"Rating: Good. Categories: Thickeners/Emulsifiers, Texture Enhancer",0.0,0.0,0.0,0.0,0.0,0.0,0.0,,,noxmoon,1721,Skincare Ingredient,Cilt Bakım Bileşeni,Cilt bakım bileşeni,neutral,,,neutral,,,neutral,,,neutral,,,neutral,,,neutral,,,neutral,,
xanthophyll,xanthophyll,"Rating: Best. Categories: Antioxidants, Plant Extracts",0.0,0.0,0.0,1.0,0.0,0.0,0.0,,,noxmoon,2,Antioxidant,Antioksidan,Serbest radikallere karşı koruyucu antioksidan,neutral,,,neutral,,,neutral,,,neutral,,,neutral,,,neutral,,,neutral,,
xylitol,xylitol,"Rating: Good. Categories: Thickeners/Emulsifiers, Texture Enhancer, Slip Agents",0.0,0.0,0.0,0.0,0.0,0.0,0.0,,,noxmoon,160,Skincare Ingredient,Cilt Bakım Bileşeni,Cilt bakım bileşeni,neutral,,,neutral,,,neutral,,,neutral,,,neutral,,,neutral,,,neutral,,
xylitylglucoside,xylitylglucoside,Rating: Good. Categories: Hydration,0.0,0.0,0.0,0.0,0.0,0.0,0.0,,,noxmoon,48,Skincare Ingredient,Cilt Bakım Bileşeni,Cilt bakım bileşeni,neutral,,,neutral,,,neutral,,,neutral,,,neutral,,,neutral,,,neutral,,
xylose,xylose,"Rating: Good. Categories: Miscellaneous, Hydration",0.0,0.0,0.0,0.0,0.0,0.0,0.0,,,noxmoon,12,Skincare Ingredient,Cilt Bakım Bileşeni,Cilt bakım bileşeni,neutral,,,neutral,,,neutral,,,neutral,,,neutral,,,neutral,,,neutral,,
xymenynic acid,xymenynicacid,"Rating: Good. Categories: Miscellaneous, Skin-Softening",0.0,0.0,0.0,0.0,0.0,0.0,0.0,,,noxmoon,2,Skincare Ingredient,Cilt Bakım Bileşeni,Cilt bakım bileşeni,neutral,,,neutral,,,neutral,,,neutral,,,neutral,,,neutral,,,neutral,,
yarrow extract,yarrowextract,"Rating: Poor. Categories: Skin-Soothing, Sensitizing, Plant Extracts",0.0,0.0,0.0,0.0,-1.0,0.0,0.0,,Sensitizing,noxmoon,0,Emollient,Yumuşatıcı (Emoliyan),Cildi yumuşatan ve pürüzsüzleştiren bileşen,neutral,,,neutral,,,neutral,,,neutral,,,caution,"Hassas ciltte tahriş riski taşır, dikkatli kullanılmalı","Risk of irritation, use with caution",neutral,,,neutral,,
yeast,yeast,Rating: Good. Categories: Antioxidants,0.0,0.0,0.0,1.0,0.0,0.0,0.0,,,noxmoon,0,Antioxidant,Antioksidan,Serbest radikallere karşı koruyucu antioksidan,neutral,,,neutral,,,neutral,,,neutral,,,neutral,,,neutral,,,neutral,,
yeast extract,yeastextract,Rating: Good. Categories: Antioxidants,0.0,0.0,0.0,1.0,0.0,0.0,0.0,,,noxmoon,217,Antioxidant,Antioksidan,Serbest radikallere karşı koruyucu antioksidan,neutral,,,neutral,,,neutral,,,neutral,,,neutral,,,neutral,,,neutral,,
yellow 5,yellow5,Rating: Good. Categories: Coloring Agents/Pigments,0.0,0.0,0.0,0.0,0.0,0.0,0.0,,,noxmoon,231,Skincare Ingredient,Cilt Bakım Bileşeni,Cilt bakım bileşeni,neutral,,,neutral,,,neutral,,,neutral,,,neutral,,,neutral,,,neutral,,
yellow 6 lake,yellow6lake,Rating: Good. Categories: Coloring Agents/Pigments,0.0,0.0,0.0,0.0,0.0,0.0,0.0,,,noxmoon,10,Skincare Ingredient,Cilt Bakım Bileşeni,Cilt bakım bileşeni,neutral,,,neutral,,,neutral,,,neutral,,,neutral,,,neutral,,,neutral,,
ylang ylang,ylangylang,"Rating: Poor. Categories: Plant Extracts, Antioxidants, Fragrance: Synthetic and Fragrant Plant Extracts, Sensitizing",-1.0,0.0,0.0,1.0,-4.0,0.0,0.0,,Sensitizing,noxmoon,0,Botanical Extract,Bitkisel Ekstrakt,Bitkisel kaynaklı aktif ekstrakt,caution,"Kurutucu etki yapabilir, nemlendiriciyle kullanılmalı",May have drying effects,neutral,,,neutral,,,neutral,,,caution,"Hassas ciltte tahriş riski taşır, dikkatli kullanılmalı","Risk of irritation, use with caution",neutral,,,neutral,,
yogurt,yogurt,Rating: Average. Categories: Miscellaneous,0.0,0.0,0.0,0.0,0.0,0.0,0.0,,,noxmoon,1,Skincare Ingredient,Cilt Bakım Bileşeni,Cilt bakım bileşeni,neutral,,,neutral,,,neutral,,,neutral,,,neutral,,,neutral,,,neutral,,
yucca extract,yuccaextract,"Rating: Average. Categories: Skin-Soothing, Plant Extracts, Sensitizing, Antioxidants",0.0,0.0,0.0,1.0,0.0,0.0,0.0,,Sensitizing,noxmoon,0,Emollient,Yumuşatıcı (Emoliyan),Cildi yumuşatan ve pürüzsüzleştiren bileşen,neutral,,,neutral,,,neutral,,,neutral,,,neutral,,,neutral,,,neutral,,
zinc carbonate,zinccarbonate,"Rating: Poor. Categories: Miscellaneous, Sensitizing",-1.0,0.0,0.0,0.0,-2.0,0.0,0.0,,Sensitizing,noxmoon,6,Skincare Ingredient,Cilt Bakım Bileşeni,Cilt bakım bileşeni,caution,"Kurutucu etki yapabilir, nemlendiriciyle kullanılmalı",May have drying effects,neutral,,,neutral,,,neutral,,,caution,"Hassas ciltte tahriş riski taşır, dikkatli kullanılmalı","Risk of irritation, use with caution",neutral,,,neutral,,
zinc oxide,zincoxide,"Rating: Best. Categories: Skin-Soothing, Coloring Agents/Pigments, Antioxidants, Thickeners/Emulsifiers",1.0,0.0,0.0,1.0,2.0,0.0,0.0,,,noxmoon,60,Emollient,Yumuşatıcı (Emoliyan),Cildi yumuşatan ve pürüzsüzleştiren bileşen,neutral,,,neutral,,,neutral,,,neutral,,,beneficial,Hassas cilt için faydalı bileşen,Beneficial for sensitive skin,neutral,,,neutral,,
zinc stearate,zincstearate,"Rating: Good. Categories: Thickeners/Emulsifiers, Coloring Agents/Pigments, Slip Agents, Texture Enhancer",0.0,0.0,0.0,0.0,0.0,0.0,0.0,,,noxmoon,6,Skincare Ingredient,Cilt Bakım Bileşeni,Cilt bakım bileşeni,neutral,,,neutral,,,neutral,,,neutral,,,neutral,,,neutral,,,neutral,,
